{"name": "PDI_Line5_3976496980_20211130033526.txt", "Timestamp": "2021-11-30T03:35:02.8731422+08:00", "TxnID": "3c49057e-4268-4f35-a1bc-f62f121d47db", "Line": "SEWC-Lines\\Line5", "Machine": "Line5\\ST1_X4 S", "ProductionStartedData": [{"ConveyorLanePosition": "2", "ConveyorStopperPosition": "1", "Pcb": {"BarcodeReaderPosition": "0", "BoardSide": "1", "IndividualGUID": "0661a715-cd6b-44d4-9b91-449a14c29b58", "LineJobGUID": "3a5e1e40-f5b9-457f-8e3c-d7ab63795644", "Path": "STAB\\A5E50302021lt01", "PcbIndividualID": "4348", "RecipePath": "Line5\\Smart_CPU_L5_702SAF\\A5E50302021lt01", "Barcode": "", "OrderNumber": null}, "ProcessingAreaPosition": "2", "SetupPath": "Line5\\Smart_CPU_L5_702SAF", "StationTime": "2021-11-30T03:33:30.7540000+08:00", "TimeStampSinceStationStarted": "117191.919816"}], "BoardPositionsList": {"BoardPositions": [{"ActualPosition": {"Angle": "-29", "X": "458273", "Y": "17316", "Z": "-5000"}, "FiducialPositions": {"FiducialRecognitionResult": []}, "NominalPosition": {"Angle": "0", "X": "458251", "Y": "15618", "Z": "-5000"}}]}, "ProgressDataList": {"ProductionProgressData": {"BoardContext": {"BoardPanels": {"BoardPanel": [{"Id": "2", "PanelPath": "A5E50302021lt01/A1"}, {"Id": "3", "PanelPath": "A5E50302021lt01/B1"}]}}, "ComponentIndividuals": {"ComponentIndividual": [{"HeadSegmentId": "985091", "Measures": {"MeasureList": [{"CameraIndividualId": "3023", "MeasurementResult": "0", "PhiDeviation": "-425821", "TimeStampSinceStationStarted": "117210.236671", "VisionDumpPath": "C:\\Sirio\\Work\\SvDumpFiles\\PartCameraDumps\\JID_302347558_OID_43480391_SEG_15_BE-Bibliothek.A5E00257456_R117200719.svdmp", "XDeviation": "-60209", "YDeviation": "14040"}]}, "Pick": {"ActualPickPosition": {"Angle": "180000", "X": "877", "Y": "-51018"}, "MeasuredComponentHeight": "777418", "NominalPickPosition": {"Angle": "180000", "X": "897", "Y": "-50896"}, "PickupLocationId": "84", "Result": "0", "TimeStampSinceStationStarted": "117209.997661", "VacuumAbsolute": "-711", "VacuumRelative": "-711", "ZEndPosition": "9341500", "ZTargetPosition": "9290868"}, "Place": {"ActualPlacePosition": {"Angle": "-179986", "X": "101914", "Y": "18373"}, "AirkissPressure": "100", "BoardPanelId": "2", "HoldingCircuitPressure": "-686", "NominalPlacePosition": {"Angle": "180000", "X": "101870", "Y": "18980"}, "ReferenceDesignator": "C501_0603_KOND_KER_V", "Result": "0", "TimeStampSinceStationStarted": "117212.091541", "VacuumAbsolute": "-726", "VacuumRelative": "47", "ZEndPosition": "10211000", "ZTargetPosition": "10200342"}, "ElectricalMeasurement": null, "Dip": null}, {"HeadSegmentId": "1050627", "Measures": {"MeasureList": [{"CameraIndividualId": "3023", "MeasurementResult": "0", "PhiDeviation": "-833364", "TimeStampSinceStationStarted": "117210.270113", "VisionDumpPath": "C:\\Sirio\\Work\\SvDumpFiles\\PartCameraDumps\\JID_302347559_OID_43480392_SEG_16_BE-Bibliothek.A5E00257456_R117200770.svdmp", "XDeviation": "65042", "YDeviation": "22460"}]}, "Pick": {"ActualPickPosition": {"Angle": "180000", "X": "877", "Y": "-51018"}, "MeasuredComponentHeight": "772747", "NominalPickPosition": {"Angle": "180000", "X": "897", "Y": "-50896"}, "PickupLocationId": "84", "Result": "0", "TimeStampSinceStationStarted": "117210.048884", "VacuumAbsolute": "-714", "VacuumRelative": "-714", "ZEndPosition": "9337500", "ZTargetPosition": "9308026"}, "Place": {"ActualPlacePosition": {"Angle": "-179986", "X": "222458", "Y": "18403"}, "AirkissPressure": "101", "BoardPanelId": "3", "HoldingCircuitPressure": "-699", "NominalPlacePosition": {"Angle": "180000", "X": "222370", "Y": "18980"}, "ReferenceDesignator": "C501_0603_KOND_KER_V", "Result": "0", "TimeStampSinceStationStarted": "117212.218063", "VacuumAbsolute": "-733", "VacuumRelative": "54", "ZEndPosition": "10238000", "ZTargetPosition": "10204167"}, "ElectricalMeasurement": null, "Dip": null}]}, "HeadContext": {"HeadSegments": {"HeadSegment": [{"GantryId": "3", "Head": "1", "HeadName": "C&P 20 P 4xxx", "Id": "985091", "NozzleTypeId": "4004", "SegmentNumber": "15"}, {"GantryId": "3", "Head": "1", "HeadName": "C&P 20 P 4xxx", "Id": "1050627", "NozzleTypeId": "4004", "SegmentNumber": "16"}]}}, "SetupContext": {"PickupLocations": {"PickupLocation": [{"Division": "1", "FeederId": "08KL-K806307", "FeederType": "264", "Id": "84", "Level": "0", "Location": "3", "StartTrackNumber": "10", "SubLocation": "1", "Tower": "0", "PackagingUid": "M05307987"}]}}}}, "ProductionEndedData": {"StationTime": "2021-11-30T03:33:51.1410000+08:00", "TimeStampSinceStationStarted": "117212.306883"}}