{"name": "PDI_Line5_4288986759_20211130104148.txt", "Timestamp": "2021-11-30T10:41:23.3666675+08:00", "TxnID": "5f5746cf-e1c7-44b0-b289-05814c7d5145", "Line": "SEWC-Lines\\Line5", "Machine": "Line5\\ST3_X3 S", "ProductionStartedData": [{"ConveyorLanePosition": "2", "ConveyorStopperPosition": "1", "Pcb": {"BarcodeReaderPosition": "0", "BoardSide": "1", "IndividualGUID": "5a913099-2f8b-496c-a475-d471484930f2", "LineJobGUID": "fead7f33-0866-4d90-8540-e9f27c9d6bcf", "Path": "STAB\\A5E50302021bt01", "PcbIndividualID": "42876", "RecipePath": "Line5\\Smart_CPU_L5_702SAF\\A5E50302021bt01", "Barcode": "", "OrderNumber": null}, "ProcessingAreaPosition": "2", "SetupPath": "Line5\\Smart_CPU_L5_702SAF", "StationTime": "2021-11-30T10:38:59.4330000+08:00", "TimeStampSinceStationStarted": "1296450.655095"}], "BoardPositionsList": {"BoardPositions": [{"ActualPosition": {"Angle": "13", "X": "458521", "Y": "16603", "Z": "-5000"}, "FiducialPositions": {"FiducialRecognitionResult": []}, "NominalPosition": {"Angle": "0", "X": "458392", "Y": "16359", "Z": "-5000"}}]}, "ProgressDataList": {"ProductionProgressData": {"BoardContext": {"BoardPanels": {"BoardPanel": [{"Id": "2", "PanelPath": "A5E50302021bt01/A1"}, {"Id": "3", "PanelPath": "A5E50302021bt01/B1"}]}}, "ComponentIndividuals": {"ComponentIndividual": [{"HeadSegmentId": "66819", "Measures": {"MeasureList": [{"CameraIndividualId": "3033", "MeasurementResult": "0", "PhiDeviation": "-74889", "TimeStampSinceStationStarted": "1296452.684152", "VisionDumpPath": "C:\\Sirio\\Work\\SvDumpFiles\\PartCameraDumps\\JID_303388018_OID_428760024_SEG_1_BE-Bibliothek.A5E00701727_R1296448615.svdmp", "XDeviation": "-104883", "YDeviation": "26104"}]}, "Pick": {"ActualPickPosition": {"Angle": "180000", "X": "15250", "Y": "-70500"}, "MeasuredComponentHeight": "0", "NominalPickPosition": {"Angle": "180000", "X": "15365", "Y": "-70272"}, "PickupLocationId": "260", "Result": "0", "TimeStampSinceStationStarted": "1296451.948865", "VacuumAbsolute": "-831", "VacuumRelative": "-831", "ZEndPosition": "47641000", "ZTargetPosition": "47650558"}, "Place": {"ActualPlacePosition": {"Angle": "0", "X": "89682", "Y": "141628"}, "AirkissPressure": "72", "BoardPanelId": "3", "HoldingCircuitPressure": "2147483647", "NominalPlacePosition": {"Angle": "0", "X": "89680", "Y": "141630"}, "ReferenceDesignator": "C2207_CAPA_2_22_KOND", "Result": "0", "TimeStampSinceStationStarted": "1296453.144871", "VacuumAbsolute": "-860", "VacuumRelative": "102", "ZEndPosition": "37291500", "ZTargetPosition": "37287676"}, "ElectricalMeasurement": null, "Dip": null}, {"HeadSegmentId": "132355", "Measures": {"MeasureList": [{"CameraIndividualId": "3033", "MeasurementResult": "0", "PhiDeviation": "-472416", "TimeStampSinceStationStarted": "1296452.824714", "VisionDumpPath": "C:\\Sirio\\Work\\SvDumpFiles\\PartCameraDumps\\JID_303388019_OID_428760025_SEG_2_BE-Bibliothek.A5E01059015_R1296448794.svdmp", "XDeviation": "3007", "YDeviation": "-743207"}]}, "Pick": {"ActualPickPosition": {"Angle": "0", "X": "17950", "Y": "-70500"}, "MeasuredComponentHeight": "0", "NominalPickPosition": {"Angle": "0", "X": "18275", "Y": "-70448"}, "PickupLocationId": "259", "Result": "0", "TimeStampSinceStationStarted": "1296452.12791", "VacuumAbsolute": "-829", "VacuumRelative": "-829", "ZEndPosition": "48997500", "ZTargetPosition": "49001844"}, "Place": {"ActualPlacePosition": {"Angle": "180000", "X": "145423", "Y": "139448"}, "AirkissPressure": "78", "BoardPanelId": "2", "HoldingCircuitPressure": "2147483647", "NominalPlacePosition": {"Angle": "180000", "X": "145424", "Y": "139450"}, "ReferenceDesignator": "X201_CONN_14_STECK_R", "Result": "0", "TimeStampSinceStationStarted": "1296453.355058", "VacuumAbsolute": "-834", "VacuumRelative": "103", "ZEndPosition": "29553500", "ZTargetPosition": "29616760"}, "ElectricalMeasurement": null, "Dip": null}, {"HeadSegmentId": "66819", "Measures": {"MeasureList": [{"CameraIndividualId": "3033", "MeasurementResult": "0", "PhiDeviation": "-2874429", "TimeStampSinceStationStarted": "1296454.56627", "VisionDumpPath": "C:\\Sirio\\Work\\SvDumpFiles\\PartCameraDumps\\JID_303388020_OID_428760026_SEG_1_BE-Bibliothek.A5E00701727_R1296450513.svdmp", "XDeviation": "29504", "YDeviation": "-38116"}]}, "Pick": {"ActualPickPosition": {"Angle": "180000", "X": "15250", "Y": "-70500"}, "MeasuredComponentHeight": "0", "NominalPickPosition": {"Angle": "180000", "X": "15371", "Y": "-70273"}, "PickupLocationId": "260", "Result": "0", "TimeStampSinceStationStarted": "1296453.846867", "VacuumAbsolute": "-830", "VacuumRelative": "-830", "ZEndPosition": "47661000", "ZTargetPosition": "47648168"}, "Place": {"ActualPlacePosition": {"Angle": "0", "X": "102581", "Y": "141628"}, "AirkissPressure": "76", "BoardPanelId": "3", "HoldingCircuitPressure": "2147483647", "NominalPlacePosition": {"Angle": "0", "X": "102580", "Y": "141630"}, "ReferenceDesignator": "C2208_CAPA_2_22_KOND", "Result": "0", "TimeStampSinceStationStarted": "1296455.027615", "VacuumAbsolute": "-856", "VacuumRelative": "102", "ZEndPosition": "37275500", "ZTargetPosition": "37261618"}, "ElectricalMeasurement": null, "Dip": null}, {"HeadSegmentId": "132355", "Measures": {"MeasureList": [{"CameraIndividualId": "3033", "MeasurementResult": "0", "PhiDeviation": "-397311", "TimeStampSinceStationStarted": "1296454.706686", "VisionDumpPath": "C:\\Sirio\\Work\\SvDumpFiles\\PartCameraDumps\\JID_303388021_OID_428760027_SEG_2_BE-Bibliothek.A5E01059015_R1296450679.svdmp", "XDeviation": "-49709", "YDeviation": "197"}]}, "Pick": {"ActualPickPosition": {"Angle": "0", "X": "17950", "Y": "-70500"}, "MeasuredComponentHeight": "0", "NominalPickPosition": {"Angle": "0", "X": "18275", "Y": "-70486"}, "PickupLocationId": "259", "Result": "0", "TimeStampSinceStationStarted": "1296454.012811", "VacuumAbsolute": "-835", "VacuumRelative": "-835", "ZEndPosition": "49066500", "ZTargetPosition": "49000758"}, "Place": {"ActualPlacePosition": {"Angle": "180000", "X": "24928", "Y": "139448"}, "AirkissPressure": "72", "BoardPanelId": "3", "HoldingCircuitPressure": "2147483647", "NominalPlacePosition": {"Angle": "180000", "X": "24924", "Y": "139450"}, "ReferenceDesignator": "X201_CONN_14_STECK_R", "Result": "0", "TimeStampSinceStationStarted": "1296455.338122", "VacuumAbsolute": "-838", "VacuumRelative": "104", "ZEndPosition": "29745500", "ZTargetPosition": "29740724"}, "ElectricalMeasurement": null, "Dip": null}, {"HeadSegmentId": "132355", "Measures": {"MeasureList": [{"CameraIndividualId": "3033", "MeasurementResult": "0", "PhiDeviation": "-195752", "TimeStampSinceStationStarted": "1296457.574312", "VisionDumpPath": "C:\\Sirio\\Work\\SvDumpFiles\\PartCameraDumps\\JID_303388022_OID_428760028_SEG_2_BE-Bibliothek.A5E30235063_R1296452717.svdmp", "XDeviation": "184065", "YDeviation": "-2798401"}]}, "Pick": {"ActualPickPosition": {"Angle": "-90000", "X": "-116500", "Y": "-58500"}, "MeasuredComponentHeight": "0", "NominalPickPosition": {"Angle": "-90000", "X": "-116500", "Y": "-58500"}, "PickupLocationId": "253", "Result": "0", "TimeStampSinceStationStarted": "1296456.051804", "VacuumAbsolute": "-840", "VacuumRelative": "-840", "ZEndPosition": "48401000", "ZTargetPosition": "48406033"}, "Place": {"ActualPlacePosition": {"Angle": "0", "X": "169817", "Y": "46282"}, "AirkissPressure": "75", "BoardPanelId": "2", "HoldingCircuitPressure": "2147483647", "NominalPlacePosition": {"Angle": "0", "X": "169819", "Y": "46280"}, "ReferenceDesignator": "D1_BGA_372_IC_ASIC_S", "Result": "0", "TimeStampSinceStationStarted": "1296458.008797", "VacuumAbsolute": "-842", "VacuumRelative": "104", "ZEndPosition": "48051500", "ZTargetPosition": "48063362"}, "ElectricalMeasurement": null, "Dip": null}, {"HeadSegmentId": "66819", "Measures": {"MeasureList": [{"CameraIndividualId": "3033", "MeasurementResult": "0", "PhiDeviation": "622065", "TimeStampSinceStationStarted": "1296457.716519", "VisionDumpPath": "C:\\Sirio\\Work\\SvDumpFiles\\PartCameraDumps\\JID_303388023_OID_428760029_SEG_1_BE-Bibliothek.A5E00210763_R1296453649.svdmp", "XDeviation": "-149464", "YDeviation": "-78894"}]}, "Pick": {"ActualPickPosition": {"Angle": "180000", "X": "15250", "Y": "-70500"}, "MeasuredComponentHeight": "0", "NominalPickPosition": {"Angle": "180000", "X": "15228", "Y": "-70537"}, "PickupLocationId": "256", "Result": "0", "TimeStampSinceStationStarted": "1296456.983262", "VacuumAbsolute": "-823", "VacuumRelative": "-823", "ZEndPosition": "47827500", "ZTargetPosition": "47807372"}, "Place": {"ActualPlacePosition": {"Angle": "90000", "X": "82382", "Y": "33333"}, "AirkissPressure": "74", "BoardPanelId": "3", "HoldingCircuitPressure": "2147483647", "NominalPlacePosition": {"Angle": "90000", "X": "82380", "Y": "33330"}, "ReferenceDesignator": "C1618_CAP_2_KOND_EL_", "Result": "0", "TimeStampSinceStationStarted": "1296458.248384", "VacuumAbsolute": "-824", "VacuumRelative": "96", "ZEndPosition": "37380000", "ZTargetPosition": "37390941"}, "ElectricalMeasurement": null, "Dip": null}, {"HeadSegmentId": "132355", "Measures": {"MeasureList": [{"CameraIndividualId": "3033", "MeasurementResult": "0", "PhiDeviation": "-28187", "TimeStampSinceStationStarted": "1296460.382227", "VisionDumpPath": "C:\\Sirio\\Work\\SvDumpFiles\\PartCameraDumps\\JID_303388024_OID_428760030_SEG_2_BE-Bibliothek.A5E30235063_R1296455513.svdmp", "XDeviation": "257417", "YDeviation": "-2669440"}]}, "Pick": {"ActualPickPosition": {"Angle": "-90000", "X": "-91000", "Y": "-58500"}, "MeasuredComponentHeight": "0", "NominalPickPosition": {"Angle": "-90000", "X": "-91000", "Y": "-58500"}, "PickupLocationId": "253", "Result": "0", "TimeStampSinceStationStarted": "1296458.847222", "VacuumAbsolute": "-842", "VacuumRelative": "-842", "ZEndPosition": "48583500", "ZTargetPosition": "48404775"}, "Place": {"ActualPlacePosition": {"Angle": "0", "X": "49322", "Y": "46282"}, "AirkissPressure": "74", "BoardPanelId": "3", "HoldingCircuitPressure": "2147483647", "NominalPlacePosition": {"Angle": "0", "X": "49319", "Y": "46280"}, "ReferenceDesignator": "D1_BGA_372_IC_ASIC_S", "Result": "0", "TimeStampSinceStationStarted": "1296460.823071", "VacuumAbsolute": "-843", "VacuumRelative": "105", "ZEndPosition": "47966500", "ZTargetPosition": "47967033"}, "ElectricalMeasurement": null, "Dip": null}, {"HeadSegmentId": "66819", "Measures": {"MeasureList": [{"CameraIndividualId": "3033", "MeasurementResult": "0", "PhiDeviation": "392482", "TimeStampSinceStationStarted": "1296460.524287", "VisionDumpPath": "C:\\Sirio\\Work\\SvDumpFiles\\PartCameraDumps\\JID_303388025_OID_428760031_SEG_1_BE-Bibliothek.A5E00210763_R1296456466.svdmp", "XDeviation": "-64532", "YDeviation": "27651"}]}, "Pick": {"ActualPickPosition": {"Angle": "180000", "X": "15250", "Y": "-70500"}, "MeasuredComponentHeight": "0", "NominalPickPosition": {"Angle": "180000", "X": "15235", "Y": "-70533"}, "PickupLocationId": "256", "Result": "0", "TimeStampSinceStationStarted": "1296459.799675", "VacuumAbsolute": "-784", "VacuumRelative": "-784", "ZEndPosition": "47885000", "ZTargetPosition": "47812404"}, "Place": {"ActualPlacePosition": {"Angle": "90000", "X": "202876", "Y": "33333"}, "AirkissPressure": "71", "BoardPanelId": "2", "HoldingCircuitPressure": "2147483647", "NominalPlacePosition": {"Angle": "90000", "X": "202880", "Y": "33330"}, "ReferenceDesignator": "C1618_CAP_2_KOND_EL_", "Result": "0", "TimeStampSinceStationStarted": "1296461.180919", "VacuumAbsolute": "-785", "VacuumRelative": "89", "ZEndPosition": "37525500", "ZTargetPosition": "37595552"}, "ElectricalMeasurement": null, "Dip": null}, {"HeadSegmentId": "66819", "Measures": {"MeasureList": [{"CameraIndividualId": "3033", "MeasurementResult": "0", "PhiDeviation": "215880", "TimeStampSinceStationStarted": "1296463.33661", "VisionDumpPath": "C:\\Sirio\\Work\\SvDumpFiles\\PartCameraDumps\\JID_303388026_OID_428760033_SEG_1_BE-Bibliothek.A5E00701727_R1296459331.svdmp", "XDeviation": "-72636", "YDeviation": "75599"}]}, "Pick": {"ActualPickPosition": {"Angle": "180000", "X": "15250", "Y": "-70500"}, "MeasuredComponentHeight": "0", "NominalPickPosition": {"Angle": "180000", "X": "15369", "Y": "-70271"}, "PickupLocationId": "260", "Result": "0", "TimeStampSinceStationStarted": "1296462.665014", "VacuumAbsolute": "-828", "VacuumRelative": "-828", "ZEndPosition": "47643000", "ZTargetPosition": "47651376"}, "Place": {"ActualPlacePosition": {"Angle": "0", "X": "223076", "Y": "141628"}, "AirkissPressure": "73", "BoardPanelId": "2", "HoldingCircuitPressure": "2147483647", "NominalPlacePosition": {"Angle": "0", "X": "223080", "Y": "141630"}, "ReferenceDesignator": "C2208_CAPA_2_22_KOND", "Result": "0", "TimeStampSinceStationStarted": "1296463.734431", "VacuumAbsolute": "-854", "VacuumRelative": "101", "ZEndPosition": "37425500", "ZTargetPosition": "37451622"}, "ElectricalMeasurement": null, "Dip": null}, {"HeadSegmentId": "132355", "Measures": {"MeasureList": [{"CameraIndividualId": "3033", "MeasurementResult": "0", "PhiDeviation": "-1419285", "TimeStampSinceStationStarted": "1296463.476065", "VisionDumpPath": "C:\\Sirio\\Work\\SvDumpFiles\\PartCameraDumps\\JID_303388027_OID_428760032_SEG_2_BE-Bibliothek.A5E30242702_R1296459540.svdmp", "XDeviation": "-119864", "YDeviation": "-210543"}]}, "Pick": {"ActualPickPosition": {"Angle": "0", "X": "15250", "Y": "-70500"}, "MeasuredComponentHeight": "0", "NominalPickPosition": {"Angle": "0", "X": "15348", "Y": "-70539"}, "PickupLocationId": "261", "Result": "0", "TimeStampSinceStationStarted": "1296462.874094", "VacuumAbsolute": "-785", "VacuumRelative": "-785", "ZEndPosition": "48004500", "ZTargetPosition": "48007741"}, "Place": {"ActualPlacePosition": {"Angle": "0", "X": "20424", "Y": "59682"}, "AirkissPressure": "23", "BoardPanelId": "3", "HoldingCircuitPressure": "2147483647", "NominalPlacePosition": {"Angle": "0", "X": "20419", "Y": "59680"}, "ReferenceDesignator": "Z400_SOP_16_NETZWERK", "Result": "0", "TimeStampSinceStationStarted": "1296464.09339", "VacuumAbsolute": "-791", "VacuumRelative": "95", "ZEndPosition": "42638500", "ZTargetPosition": "42692146"}, "ElectricalMeasurement": null, "Dip": null}, {"HeadSegmentId": "132355", "Measures": {"MeasureList": [{"CameraIndividualId": "3033", "MeasurementResult": "0", "PhiDeviation": "-875562", "TimeStampSinceStationStarted": "1296465.802745", "VisionDumpPath": "C:\\Sirio\\Work\\SvDumpFiles\\PartCameraDumps\\JID_303388028_OID_428760034_SEG_2_BE-Bibliothek.A5E30242702_R1296461606.svdmp", "XDeviation": "-113378", "YDeviation": "-5034"}]}, "Pick": {"ActualPickPosition": {"Angle": "0", "X": "15250", "Y": "-70500"}, "MeasuredComponentHeight": "0", "NominalPickPosition": {"Angle": "0", "X": "15342", "Y": "-70549"}, "PickupLocationId": "261", "Result": "0", "TimeStampSinceStationStarted": "1296464.940639", "VacuumAbsolute": "-801", "VacuumRelative": "-801", "ZEndPosition": "47981500", "ZTargetPosition": "48006931"}, "Place": {"ActualPlacePosition": {"Angle": "0", "X": "140918", "Y": "59682"}, "AirkissPressure": "23", "BoardPanelId": "2", "HoldingCircuitPressure": "2147483647", "NominalPlacePosition": {"Angle": "0", "X": "140919", "Y": "59680"}, "ReferenceDesignator": "Z400_SOP_16_NETZWERK", "Result": "0", "TimeStampSinceStationStarted": "1296466.232786", "VacuumAbsolute": "-806", "VacuumRelative": "98", "ZEndPosition": "42561000", "ZTargetPosition": "42668883"}, "ElectricalMeasurement": null, "Dip": null}, {"HeadSegmentId": "66819", "Measures": {"MeasureList": [{"CameraIndividualId": "3033", "MeasurementResult": "0", "PhiDeviation": "840773", "TimeStampSinceStationStarted": "1296465.944947", "VisionDumpPath": "C:\\Sirio\\Work\\SvDumpFiles\\PartCameraDumps\\JID_303388029_OID_428760035_SEG_1_BE-Bibliothek.A5E00210763_R1296461870.svdmp", "XDeviation": "140358", "YDeviation": "189155"}]}, "Pick": {"ActualPickPosition": {"Angle": "180000", "X": "15250", "Y": "-70500"}, "MeasuredComponentHeight": "0", "NominalPickPosition": {"Angle": "180000", "X": "15239", "Y": "-70534"}, "PickupLocationId": "256", "Result": "0", "TimeStampSinceStationStarted": "1296465.204804", "VacuumAbsolute": "-843", "VacuumRelative": "-843", "ZEndPosition": "47855000", "ZTargetPosition": "47830553"}, "Place": {"ActualPlacePosition": {"Angle": "180000", "X": "89932", "Y": "80731"}, "AirkissPressure": "77", "BoardPanelId": "3", "HoldingCircuitPressure": "2147483647", "NominalPlacePosition": {"Angle": "180000", "X": "89930", "Y": "80730"}, "ReferenceDesignator": "C1405_CAP_2_KOND_EL_", "Result": "0", "TimeStampSinceStationStarted": "1296466.470008", "VacuumAbsolute": "-844", "VacuumRelative": "100", "ZEndPosition": "37209000", "ZTargetPosition": "37149463"}, "ElectricalMeasurement": null, "Dip": null}, {"HeadSegmentId": "132355", "Measures": {"MeasureList": [{"CameraIndividualId": "3033", "MeasurementResult": "0", "PhiDeviation": "-969421", "TimeStampSinceStationStarted": "1296467.926906", "VisionDumpPath": "C:\\Sirio\\Work\\SvDumpFiles\\PartCameraDumps\\JID_303388030_OID_428760036_SEG_2_BE-Bibliothek.A5E01649509_R1296463691.svdmp", "XDeviation": "-28668", "YDeviation": "-59244"}]}, "Pick": {"ActualPickPosition": {"Angle": "-90000", "X": "8000", "Y": "-51500"}, "MeasuredComponentHeight": "0", "NominalPickPosition": {"Angle": "-90000", "X": "8320", "Y": "-51472"}, "PickupLocationId": "258", "Result": "0", "TimeStampSinceStationStarted": "1296467.024969", "VacuumAbsolute": "-773", "VacuumRelative": "-773", "ZEndPosition": "47148000", "ZTargetPosition": "47157845"}, "Place": {"ActualPlacePosition": {"Angle": "180000", "X": "224475", "Y": "67132"}, "AirkissPressure": "72", "BoardPanelId": "2", "HoldingCircuitPressure": "2147483647", "NominalPlacePosition": {"Angle": "180000", "X": "224480", "Y": "67130"}, "ReferenceDesignator": "V701_DPAK/TO252_TRAN", "Result": "0", "TimeStampSinceStationStarted": "1296468.352252", "VacuumAbsolute": "-810", "VacuumRelative": "99", "ZEndPosition": "45341500", "ZTargetPosition": "45335584"}, "ElectricalMeasurement": null, "Dip": null}, {"HeadSegmentId": "66819", "Measures": {"MeasureList": [{"CameraIndividualId": "3033", "MeasurementResult": "0", "PhiDeviation": "337989", "TimeStampSinceStationStarted": "1296468.066927", "VisionDumpPath": "C:\\Sirio\\Work\\SvDumpFiles\\PartCameraDumps\\JID_303388031_OID_428760037_SEG_1_BE-Bibliothek.A5E00210763_R1296464003.svdmp", "XDeviation": "-160786", "YDeviation": "-263362"}]}, "Pick": {"ActualPickPosition": {"Angle": "180000", "X": "15250", "Y": "-70500"}, "MeasuredComponentHeight": "0", "NominalPickPosition": {"Angle": "180000", "X": "15232", "Y": "-70544"}, "PickupLocationId": "256", "Result": "0", "TimeStampSinceStationStarted": "1296467.337213", "VacuumAbsolute": "-784", "VacuumRelative": "-784", "ZEndPosition": "47826500", "ZTargetPosition": "47836665"}, "Place": {"ActualPlacePosition": {"Angle": "180000", "X": "210426", "Y": "80731"}, "AirkissPressure": "72", "BoardPanelId": "2", "HoldingCircuitPressure": "2147483647", "NominalPlacePosition": {"Angle": "180000", "X": "210430", "Y": "80730"}, "ReferenceDesignator": "C1405_CAP_2_KOND_EL_", "Result": "0", "TimeStampSinceStationStarted": "1296468.645115", "VacuumAbsolute": "-786", "VacuumRelative": "89", "ZEndPosition": "37265000", "ZTargetPosition": "37253747"}, "ElectricalMeasurement": null, "Dip": null}, {"HeadSegmentId": "66819", "Measures": {"MeasureList": [{"CameraIndividualId": "3033", "MeasurementResult": "0", "PhiDeviation": "598173", "TimeStampSinceStationStarted": "1296469.786934", "VisionDumpPath": "C:\\Sirio\\Work\\SvDumpFiles\\PartCameraDumps\\JID_303388032_OID_428760038_SEG_1_BE-Bibliothek.A5E00701727_R1296465870.svdmp", "XDeviation": "-79039", "YDeviation": "-56457"}]}, "Pick": {"ActualPickPosition": {"Angle": "180000", "X": "15250", "Y": "-70500"}, "MeasuredComponentHeight": "0", "NominalPickPosition": {"Angle": "180000", "X": "15373", "Y": "-70275"}, "PickupLocationId": "260", "Result": "0", "TimeStampSinceStationStarted": "1296469.204107", "VacuumAbsolute": "-831", "VacuumRelative": "-831", "ZEndPosition": "47651500", "ZTargetPosition": "47649282"}, "Place": {"ActualPlacePosition": {"Angle": "0", "X": "210176", "Y": "141628"}, "AirkissPressure": "77", "BoardPanelId": "2", "HoldingCircuitPressure": "2147483647", "NominalPlacePosition": {"Angle": "0", "X": "210180", "Y": "141630"}, "ReferenceDesignator": "C2207_CAPA_2_22_KOND", "Result": "0", "TimeStampSinceStationStarted": "1296470.182775", "VacuumAbsolute": "-856", "VacuumRelative": "102", "ZEndPosition": "37381000", "ZTargetPosition": "37405036"}, "ElectricalMeasurement": null, "Dip": null}, {"HeadSegmentId": "132355", "Measures": {"MeasureList": [{"CameraIndividualId": "3033", "MeasurementResult": "0", "PhiDeviation": "-331755", "TimeStampSinceStationStarted": "1296469.926505", "VisionDumpPath": "C:\\Sirio\\Work\\SvDumpFiles\\PartCameraDumps\\JID_303388033_OID_428760039_SEG_2_BE-Bibliothek.A5E01649509_R1296466032.svdmp", "XDeviation": "2905", "YDeviation": "-14904"}]}, "Pick": {"ActualPickPosition": {"Angle": "-90000", "X": "8000", "Y": "-51500"}, "MeasuredComponentHeight": "0", "NominalPickPosition": {"Angle": "-90000", "X": "8317", "Y": "-51471"}, "PickupLocationId": "258", "Result": "0", "TimeStampSinceStationStarted": "1296469.366633", "VacuumAbsolute": "-773", "VacuumRelative": "-773", "ZEndPosition": "47166000", "ZTargetPosition": "47155384"}, "Place": {"ActualPlacePosition": {"Angle": "180000", "X": "103981", "Y": "67132"}, "AirkissPressure": "75", "BoardPanelId": "3", "HoldingCircuitPressure": "2147483647", "NominalPlacePosition": {"Angle": "180000", "X": "103980", "Y": "67130"}, "ReferenceDesignator": "V701_DPAK/TO252_TRAN", "Result": "0", "TimeStampSinceStationStarted": "1296470.501999", "VacuumAbsolute": "-807", "VacuumRelative": "98", "ZEndPosition": "45116000", "ZTargetPosition": "45102615"}, "ElectricalMeasurement": null, "Dip": null}, {"HeadSegmentId": "132355", "Measures": {"MeasureList": [{"CameraIndividualId": "3033", "MeasurementResult": "0", "PhiDeviation": "19753", "TimeStampSinceStationStarted": "1296472.064073", "VisionDumpPath": "C:\\Sirio\\Work\\SvDumpFiles\\PartCameraDumps\\JID_303388034_OID_428760040_SEG_2_BE-Bibliothek.A5E32357002_R1296467747.svdmp", "XDeviation": "89158", "YDeviation": "530694"}]}, "Pick": {"ActualPickPosition": {"Angle": "0", "X": "30150", "Y": "-72740"}, "MeasuredComponentHeight": "0", "NominalPickPosition": {"Angle": "0", "X": "30236", "Y": "-72423"}, "PickupLocationId": "257", "Result": "0", "TimeStampSinceStationStarted": "1296471.081369", "VacuumAbsolute": "-803", "VacuumRelative": "-803", "ZEndPosition": "47101500", "ZTargetPosition": "47126399"}, "Place": {"ActualPlacePosition": {"Angle": "180000", "X": "98586", "Y": "160177"}, "AirkissPressure": "72", "BoardPanelId": "3", "HoldingCircuitPressure": "2147483647", "NominalPlacePosition": {"Angle": "180000", "X": "98585", "Y": "160180"}, "ReferenceDesignator": "X202_CONN_28_STECK_R", "Result": "0", "TimeStampSinceStationStarted": "1296472.54717", "VacuumAbsolute": "-805", "VacuumRelative": "98", "ZEndPosition": "28975500", "ZTargetPosition": "28978223"}, "ElectricalMeasurement": null, "Dip": null}, {"HeadSegmentId": "132355", "Measures": {"MeasureList": [{"CameraIndividualId": "3033", "MeasurementResult": "0", "PhiDeviation": "-350620", "TimeStampSinceStationStarted": "1296474.088024", "VisionDumpPath": "C:\\Sirio\\Work\\SvDumpFiles\\PartCameraDumps\\JID_303388035_OID_428760041_SEG_2_BE-Bibliothek.A5E32357002_R1296469771.svdmp", "XDeviation": "24469", "YDeviation": "254675"}]}, "Pick": {"ActualPickPosition": {"Angle": "0", "X": "30150", "Y": "-72740"}, "MeasuredComponentHeight": "0", "NominalPickPosition": {"Angle": "0", "X": "30240", "Y": "-72396"}, "PickupLocationId": "257", "Result": "0", "TimeStampSinceStationStarted": "1296473.104646", "VacuumAbsolute": "-790", "VacuumRelative": "-790", "ZEndPosition": "47144000", "ZTargetPosition": "47120174"}, "Place": {"ActualPlacePosition": {"Angle": "180000", "X": "219081", "Y": "160177"}, "AirkissPressure": "71", "BoardPanelId": "2", "HoldingCircuitPressure": "2147483647", "NominalPlacePosition": {"Angle": "180000", "X": "219085", "Y": "160180"}, "ReferenceDesignator": "X202_CONN_28_STECK_R", "Result": "0", "TimeStampSinceStationStarted": "1296474.573388", "VacuumAbsolute": "-793", "VacuumRelative": "96", "ZEndPosition": "29144000", "ZTargetPosition": "29135825"}, "ElectricalMeasurement": null, "Dip": null}]}, "HeadContext": {"HeadSegments": {"HeadSegment": [{"GantryId": "3", "Head": "1", "HeadName": "Twin Head 5xx", "Id": "66819", "NozzleTypeId": "517", "SegmentNumber": "1"}, {"GantryId": "3", "Head": "1", "HeadName": "Twin Head 5xx", "Id": "132355", "NozzleTypeId": "573", "SegmentNumber": "2"}]}}, "SetupContext": {"PickupLocations": {"PickupLocation": [{"Division": "1", "FeederId": "", "FeederType": "34", "Id": "253", "Level": "5", "Location": "2", "StartTrackNumber": "1", "SubLocation": "2", "Tower": "1", "PackagingUid": ""}, {"Division": "1", "FeederId": "24FAUE900235", "FeederType": "280", "Id": "256", "Level": "0", "Location": "3", "StartTrackNumber": "4", "SubLocation": "1", "Tower": "0", "PackagingUid": "M05256972"}, {"Division": "1", "FeederId": "56FAUEN00199", "FeederType": "312", "Id": "257", "Level": "0", "Location": "3", "StartTrackNumber": "7", "SubLocation": "1", "Tower": "0", "PackagingUid": "M04854788"}, {"Division": "1", "FeederId": "17ATMH805118", "FeederType": "273", "Id": "258", "Level": "0", "Location": "3", "StartTrackNumber": "13", "SubLocation": "1", "Tower": "0", "PackagingUid": "M05206518"}, {"Division": "1", "FeederId": "32FAUEN00039", "FeederType": "288", "Id": "259", "Level": "0", "Location": "3", "StartTrackNumber": "15", "SubLocation": "1", "Tower": "0", "PackagingUid": "M05323151"}, {"Division": "1", "FeederId": "24FAUE600582", "FeederType": "280", "Id": "260", "Level": "0", "Location": "3", "StartTrackNumber": "19", "SubLocation": "1", "Tower": "0", "PackagingUid": "M05187765"}, {"Division": "1", "FeederId": "24FAUF700689", "FeederType": "280", "Id": "261", "Level": "0", "Location": "3", "StartTrackNumber": "22", "SubLocation": "1", "Tower": "0", "PackagingUid": "M05014339"}]}}}}, "ProductionEndedData": {"StationTime": "2021-11-30T10:39:23.8130000+08:00", "TimeStampSinceStationStarted": "1296475.035153"}}