{"name": "PDI_Line5_4212407530_20211130060357.txt", "Timestamp": "2021-11-30T06:03:30.6209553+08:00", "TxnID": "b197f283-cfa3-46f7-b813-8b9accc8d1ac", "Line": "SEWC-Lines\\Line5", "Machine": "Line5\\ST3_X3 S", "ProductionStartedData": [{"ConveyorLanePosition": "1", "ConveyorStopperPosition": "1", "Pcb": {"BarcodeReaderPosition": "0", "BoardSide": "1", "IndividualGUID": "3e696e15-146c-4f87-b085-0cb443e2692f", "LineJobGUID": "6988db80-5e00-4bf6-9fe9-d6c95f7592d7", "Path": "STAB\\A5E50302021bt01", "PcbIndividualID": "43409", "RecipePath": "Line5\\Smart_CPU_L5_702SAF\\A5E50302021bt01", "Barcode": "", "OrderNumber": null}, "ProcessingAreaPosition": "2", "SetupPath": "Line5\\Smart_CPU_L5_702SAF", "StationTime": "2021-11-30T06:01:06.9330000+08:00", "TimeStampSinceStationStarted": "1279778.239259"}], "BoardPositionsList": {"BoardPositions": [{"ActualPosition": {"Angle": "3", "X": "457494", "Y": "-232578", "Z": "-5000"}, "FiducialPositions": {"FiducialRecognitionResult": []}, "NominalPosition": {"Angle": "0", "X": "457820", "Y": "-233646", "Z": "-5000"}}]}, "ProgressDataList": {"ProductionProgressData": {"BoardContext": {"BoardPanels": {"BoardPanel": [{"Id": "2", "PanelPath": "A5E50302021bt01/A1"}, {"Id": "3", "PanelPath": "A5E50302021bt01/B1"}]}}, "ComponentIndividuals": {"ComponentIndividual": [{"HeadSegmentId": "66819", "Measures": {"MeasureList": [{"CameraIndividualId": "3033", "MeasurementResult": "0", "PhiDeviation": "-64954", "TimeStampSinceStationStarted": "1279780.454531", "VisionDumpPath": "C:\\Sirio\\Work\\SvDumpFiles\\PartCameraDumps\\JID_303379731_OID_434090024_SEG_1_BE-Bibliothek.A5E32357002_R1279775990.svdmp", "XDeviation": "-7010", "YDeviation": "-146262"}]}, "Pick": {"ActualPickPosition": {"Angle": "0", "X": "30226", "Y": "-70584"}, "MeasuredComponentHeight": "0", "NominalPickPosition": {"Angle": "0", "X": "30227", "Y": "-70580"}, "PickupLocationId": "257", "Result": "0", "TimeStampSinceStationStarted": "1279779.408745", "VacuumAbsolute": "-850", "VacuumRelative": "-850", "ZEndPosition": "48990000", "ZTargetPosition": "48384522"}, "Place": {"ActualPlacePosition": {"Angle": "180000", "X": "98584", "Y": "160183"}, "AirkissPressure": "74", "BoardPanelId": "3", "HoldingCircuitPressure": "2147483647", "NominalPlacePosition": {"Angle": "180000", "X": "98585", "Y": "160180"}, "ReferenceDesignator": "X202_CONN_28_STECK_R", "Result": "0", "TimeStampSinceStationStarted": "1279781.090429", "VacuumAbsolute": "-855", "VacuumRelative": "102", "ZEndPosition": "30787500", "ZTargetPosition": "30866298"}, "ElectricalMeasurement": null, "Dip": null}, {"HeadSegmentId": "66819", "Measures": {"MeasureList": [{"CameraIndividualId": "3033", "MeasurementResult": "0", "PhiDeviation": "33126", "TimeStampSinceStationStarted": "1279782.769845", "VisionDumpPath": "C:\\Sirio\\Work\\SvDumpFiles\\PartCameraDumps\\JID_303379732_OID_434090025_SEG_1_BE-Bibliothek.A5E32357002_R1279778341.svdmp", "XDeviation": "74732", "YDeviation": "813468"}]}, "Pick": {"ActualPickPosition": {"Angle": "0", "X": "30226", "Y": "-70584"}, "MeasuredComponentHeight": "0", "NominalPickPosition": {"Angle": "0", "X": "30227", "Y": "-70587"}, "PickupLocationId": "257", "Result": "0", "TimeStampSinceStationStarted": "1279781.758502", "VacuumAbsolute": "-830", "VacuumRelative": "-830", "ZEndPosition": "48867000", "ZTargetPosition": "48535891"}, "Place": {"ActualPlacePosition": {"Angle": "180000", "X": "219089", "Y": "160183"}, "AirkissPressure": "73", "BoardPanelId": "2", "HoldingCircuitPressure": "2147483647", "NominalPlacePosition": {"Angle": "180000", "X": "219085", "Y": "160180"}, "ReferenceDesignator": "X202_CONN_28_STECK_R", "Result": "0", "TimeStampSinceStationStarted": "1279783.406692", "VacuumAbsolute": "-846", "VacuumRelative": "100", "ZEndPosition": "31003500", "ZTargetPosition": "31057117"}, "ElectricalMeasurement": null, "Dip": null}, {"HeadSegmentId": "132355", "Measures": {"MeasureList": [{"CameraIndividualId": "3033", "MeasurementResult": "0", "PhiDeviation": "-490942", "TimeStampSinceStationStarted": "1279784.860925", "VisionDumpPath": "C:\\Sirio\\Work\\SvDumpFiles\\PartCameraDumps\\JID_303379733_OID_434090026_SEG_2_BE-Bibliothek.A5E00701727_R1279780660.svdmp", "XDeviation": "45810", "YDeviation": "107564"}]}, "Pick": {"ActualPickPosition": {"Angle": "180000", "X": "15250", "Y": "-70500"}, "MeasuredComponentHeight": "0", "NominalPickPosition": {"Angle": "-180000", "X": "15319", "Y": "-70325"}, "PickupLocationId": "260", "Result": "0", "TimeStampSinceStationStarted": "1279784.078835", "VacuumAbsolute": "-818", "VacuumRelative": "-818", "ZEndPosition": "47714000", "ZTargetPosition": "47715836"}, "Place": {"ActualPlacePosition": {"Angle": "0", "X": "102579", "Y": "141632"}, "AirkissPressure": "71", "BoardPanelId": "3", "HoldingCircuitPressure": "2147483647", "NominalPlacePosition": {"Angle": "0", "X": "102580", "Y": "141630"}, "ReferenceDesignator": "C2208_CAPA_2_22_KOND", "Result": "0", "TimeStampSinceStationStarted": "1279785.423188", "VacuumAbsolute": "-832", "VacuumRelative": "103", "ZEndPosition": "37214000", "ZTargetPosition": "37227315"}, "ElectricalMeasurement": null, "Dip": null}, {"HeadSegmentId": "66819", "Measures": {"MeasureList": [{"CameraIndividualId": "3033", "MeasurementResult": "0", "PhiDeviation": "-477320", "TimeStampSinceStationStarted": "1279785.001631", "VisionDumpPath": "C:\\Sirio\\Work\\SvDumpFiles\\PartCameraDumps\\JID_303379734_OID_434090027_SEG_1_BE-Bibliothek.A5E01059015_R1279780892.svdmp", "XDeviation": "-104406", "YDeviation": "194177"}]}, "Pick": {"ActualPickPosition": {"Angle": "0", "X": "17950", "Y": "-70500"}, "MeasuredComponentHeight": "0", "NominalPickPosition": {"Angle": "0", "X": "18378", "Y": "-70455"}, "PickupLocationId": "259", "Result": "0", "TimeStampSinceStationStarted": "1279784.311047", "VacuumAbsolute": "-850", "VacuumRelative": "-850", "ZEndPosition": "48940000", "ZTargetPosition": "49012974"}, "Place": {"ActualPlacePosition": {"Angle": "180000", "X": "24919", "Y": "139452"}, "AirkissPressure": "75", "BoardPanelId": "3", "HoldingCircuitPressure": "2147483647", "NominalPlacePosition": {"Angle": "180000", "X": "24924", "Y": "139450"}, "ReferenceDesignator": "X201_CONN_14_STECK_R", "Result": "0", "TimeStampSinceStationStarted": "1279785.615346", "VacuumAbsolute": "-855", "VacuumRelative": "102", "ZEndPosition": "29675000", "ZTargetPosition": "29695107"}, "ElectricalMeasurement": null, "Dip": null}, {"HeadSegmentId": "132355", "Measures": {"MeasureList": [{"CameraIndividualId": "3033", "MeasurementResult": "0", "PhiDeviation": "-871918", "TimeStampSinceStationStarted": "1279786.958765", "VisionDumpPath": "C:\\Sirio\\Work\\SvDumpFiles\\PartCameraDumps\\JID_303379735_OID_434090028_SEG_2_BE-Bibliothek.A5E00701727_R1279782807.svdmp", "XDeviation": "-22388", "YDeviation": "288752"}]}, "Pick": {"ActualPickPosition": {"Angle": "180000", "X": "15250", "Y": "-70500"}, "MeasuredComponentHeight": "0", "NominalPickPosition": {"Angle": "-180000", "X": "15317", "Y": "-70331"}, "PickupLocationId": "260", "Result": "0", "TimeStampSinceStationStarted": "1279786.224443", "VacuumAbsolute": "-808", "VacuumRelative": "-808", "ZEndPosition": "47658500", "ZTargetPosition": "47715377"}, "Place": {"ActualPlacePosition": {"Angle": "0", "X": "210184", "Y": "141632"}, "AirkissPressure": "75", "BoardPanelId": "2", "HoldingCircuitPressure": "2147483647", "NominalPlacePosition": {"Angle": "0", "X": "210180", "Y": "141630"}, "ReferenceDesignator": "C2207_CAPA_2_22_KOND", "Result": "0", "TimeStampSinceStationStarted": "1279787.521109", "VacuumAbsolute": "-818", "VacuumRelative": "100", "ZEndPosition": "37386500", "ZTargetPosition": "37412805"}, "ElectricalMeasurement": null, "Dip": null}, {"HeadSegmentId": "66819", "Measures": {"MeasureList": [{"CameraIndividualId": "3033", "MeasurementResult": "0", "PhiDeviation": "509249", "TimeStampSinceStationStarted": "1279787.099741", "VisionDumpPath": "C:\\Sirio\\Work\\SvDumpFiles\\PartCameraDumps\\JID_303379736_OID_434090029_SEG_1_BE-Bibliothek.A5E01059015_R1279783012.svdmp", "XDeviation": "-115685", "YDeviation": "-25031"}]}, "Pick": {"ActualPickPosition": {"Angle": "0", "X": "17950", "Y": "-70500"}, "MeasuredComponentHeight": "0", "NominalPickPosition": {"Angle": "0", "X": "18373", "Y": "-70446"}, "PickupLocationId": "259", "Result": "0", "TimeStampSinceStationStarted": "1279786.430122", "VacuumAbsolute": "-852", "VacuumRelative": "-852", "ZEndPosition": "48895000", "ZTargetPosition": "48994730"}, "Place": {"ActualPlacePosition": {"Angle": "180000", "X": "145425", "Y": "139452"}, "AirkissPressure": "75", "BoardPanelId": "2", "HoldingCircuitPressure": "2147483647", "NominalPlacePosition": {"Angle": "180000", "X": "145424", "Y": "139450"}, "ReferenceDesignator": "X201_CONN_14_STECK_R", "Result": "0", "TimeStampSinceStationStarted": "1279787.711492", "VacuumAbsolute": "-855", "VacuumRelative": "102", "ZEndPosition": "29559500", "ZTargetPosition": "29598251"}, "ElectricalMeasurement": null, "Dip": null}, {"HeadSegmentId": "66819", "Measures": {"MeasureList": [{"CameraIndividualId": "3033", "MeasurementResult": "0", "PhiDeviation": "-59370", "TimeStampSinceStationStarted": "1279789.947513", "VisionDumpPath": "C:\\Sirio\\Work\\SvDumpFiles\\PartCameraDumps\\JID_303379737_OID_434090030_SEG_1_BE-Bibliothek.A5E30235063_R1279784986.svdmp", "XDeviation": "250475", "YDeviation": "-2637547"}]}, "Pick": {"ActualPickPosition": {"Angle": "-90000", "X": "-91000", "Y": "-80500"}, "MeasuredComponentHeight": "0", "NominalPickPosition": {"Angle": "-90000", "X": "-91000", "Y": "-80500"}, "PickupLocationId": "253", "Result": "0", "TimeStampSinceStationStarted": "1279788.40464", "VacuumAbsolute": "-856", "VacuumRelative": "-856", "ZEndPosition": "48359500", "ZTargetPosition": "48302771"}, "Place": {"ActualPlacePosition": {"Angle": "0", "X": "49315", "Y": "46277"}, "AirkissPressure": "75", "BoardPanelId": "3", "HoldingCircuitPressure": "2147483647", "NominalPlacePosition": {"Angle": "0", "X": "49319", "Y": "46280"}, "ReferenceDesignator": "D1_BGA_372_IC_ASIC_S", "Result": "0", "TimeStampSinceStationStarted": "1279790.48208", "VacuumAbsolute": "-856", "VacuumRelative": "102", "ZEndPosition": "47807000", "ZTargetPosition": "47832689"}, "ElectricalMeasurement": null, "Dip": null}, {"HeadSegmentId": "132355", "Measures": {"MeasureList": [{"CameraIndividualId": "3033", "MeasurementResult": "0", "PhiDeviation": "-455443", "TimeStampSinceStationStarted": "1279790.089897", "VisionDumpPath": "C:\\Sirio\\Work\\SvDumpFiles\\PartCameraDumps\\JID_303379738_OID_434090031_SEG_2_BE-Bibliothek.A5E00210763_R1279785939.svdmp", "XDeviation": "20863", "YDeviation": "-132148"}]}, "Pick": {"ActualPickPosition": {"Angle": "180000", "X": "15250", "Y": "-70500"}, "MeasuredComponentHeight": "0", "NominalPickPosition": {"Angle": "-180000", "X": "15140", "Y": "-70704"}, "PickupLocationId": "256", "Result": "0", "TimeStampSinceStationStarted": "1279789.356519", "VacuumAbsolute": "-799", "VacuumRelative": "-799", "ZEndPosition": "47804500", "ZTargetPosition": "47760387"}, "Place": {"ActualPlacePosition": {"Angle": "90000", "X": "82378", "Y": "33327"}, "AirkissPressure": "72", "BoardPanelId": "3", "HoldingCircuitPressure": "2147483647", "NominalPlacePosition": {"Angle": "90000", "X": "82380", "Y": "33330"}, "ReferenceDesignator": "C1618_CAP_2_KOND_EL_", "Result": "0", "TimeStampSinceStationStarted": "1279790.741334", "VacuumAbsolute": "-799", "VacuumRelative": "97", "ZEndPosition": "37204000", "ZTargetPosition": "37223624"}, "ElectricalMeasurement": null, "Dip": null}, {"HeadSegmentId": "66819", "Measures": {"MeasureList": [{"CameraIndividualId": "3033", "MeasurementResult": "0", "PhiDeviation": "-119895", "TimeStampSinceStationStarted": "1279792.769572", "VisionDumpPath": "C:\\Sirio\\Work\\SvDumpFiles\\PartCameraDumps\\JID_303379739_OID_434090032_SEG_1_BE-Bibliothek.A5E30235063_R1279787814.svdmp", "XDeviation": "249700", "YDeviation": "-2776377"}]}, "Pick": {"ActualPickPosition": {"Angle": "-90000", "X": "-116500", "Y": "-80500"}, "MeasuredComponentHeight": "0", "NominalPickPosition": {"Angle": "-90000", "X": "-116500", "Y": "-80500"}, "PickupLocationId": "253", "Result": "0", "TimeStampSinceStationStarted": "1279791.232487", "VacuumAbsolute": "-856", "VacuumRelative": "-856", "ZEndPosition": "48251000", "ZTargetPosition": "48316954"}, "Place": {"ActualPlacePosition": {"Angle": "0", "X": "169821", "Y": "46277"}, "AirkissPressure": "75", "BoardPanelId": "2", "HoldingCircuitPressure": "2147483647", "NominalPlacePosition": {"Angle": "0", "X": "169819", "Y": "46280"}, "ReferenceDesignator": "D1_BGA_372_IC_ASIC_S", "Result": "0", "TimeStampSinceStationStarted": "1279793.303838", "VacuumAbsolute": "-858", "VacuumRelative": "102", "ZEndPosition": "47843500", "ZTargetPosition": "47871600"}, "ElectricalMeasurement": null, "Dip": null}, {"HeadSegmentId": "132355", "Measures": {"MeasureList": [{"CameraIndividualId": "3033", "MeasurementResult": "0", "PhiDeviation": "-903961", "TimeStampSinceStationStarted": "1279792.911951", "VisionDumpPath": "C:\\Sirio\\Work\\SvDumpFiles\\PartCameraDumps\\JID_303379740_OID_434090033_SEG_2_BE-Bibliothek.A5E00210763_R1279788761.svdmp", "XDeviation": "-119243", "YDeviation": "-134865"}]}, "Pick": {"ActualPickPosition": {"Angle": "180000", "X": "15250", "Y": "-70500"}, "MeasuredComponentHeight": "0", "NominalPickPosition": {"Angle": "-180000", "X": "15139", "Y": "-70697"}, "PickupLocationId": "256", "Result": "0", "TimeStampSinceStationStarted": "1279792.178294", "VacuumAbsolute": "-790", "VacuumRelative": "-790", "ZEndPosition": "47837500", "ZTargetPosition": "47771415"}, "Place": {"ActualPlacePosition": {"Angle": "90000", "X": "202884", "Y": "33327"}, "AirkissPressure": "72", "BoardPanelId": "2", "HoldingCircuitPressure": "2147483647", "NominalPlacePosition": {"Angle": "90000", "X": "202880", "Y": "33330"}, "ReferenceDesignator": "C1618_CAP_2_KOND_EL_", "Result": "0", "TimeStampSinceStationStarted": "1279793.548349", "VacuumAbsolute": "-791", "VacuumRelative": "95", "ZEndPosition": "37362500", "ZTargetPosition": "37351237"}, "ElectricalMeasurement": null, "Dip": null}, {"HeadSegmentId": "66819", "Measures": {"MeasureList": [{"CameraIndividualId": "3033", "MeasurementResult": "0", "PhiDeviation": "308352", "TimeStampSinceStationStarted": "1279796.058095", "VisionDumpPath": "C:\\Sirio\\Work\\SvDumpFiles\\PartCameraDumps\\JID_303379741_OID_434090034_SEG_1_BE-Bibliothek.A5E30242702_R1279791867.svdmp", "XDeviation": "55865", "YDeviation": "-75548"}]}, "Pick": {"ActualPickPosition": {"Angle": "0", "X": "15250", "Y": "-70500"}, "MeasuredComponentHeight": "0", "NominalPickPosition": {"Angle": "0", "X": "15289", "Y": "-70440"}, "PickupLocationId": "261", "Result": "0", "TimeStampSinceStationStarted": "1279795.284483", "VacuumAbsolute": "-789", "VacuumRelative": "-789", "ZEndPosition": "48022000", "ZTargetPosition": "47990875"}, "Place": {"ActualPlacePosition": {"Angle": "0", "X": "20414", "Y": "59678"}, "AirkissPressure": "21", "BoardPanelId": "3", "HoldingCircuitPressure": "2147483647", "NominalPlacePosition": {"Angle": "0", "X": "20419", "Y": "59680"}, "ReferenceDesignator": "Z400_SOP_16_NETZWERK", "Result": "0", "TimeStampSinceStationStarted": "1279796.500155", "VacuumAbsolute": "-804", "VacuumRelative": "92", "ZEndPosition": "42467000", "ZTargetPosition": "42280998"}, "ElectricalMeasurement": null, "Dip": null}, {"HeadSegmentId": "132355", "Measures": {"MeasureList": [{"CameraIndividualId": "3033", "MeasurementResult": "0", "PhiDeviation": "-2181158", "TimeStampSinceStationStarted": "1279795.919309", "VisionDumpPath": "C:\\Sirio\\Work\\SvDumpFiles\\PartCameraDumps\\JID_303379742_OID_434090035_SEG_2_BE-Bibliothek.A5E00701727_R1279792044.svdmp", "XDeviation": "168247", "YDeviation": "76424"}]}, "Pick": {"ActualPickPosition": {"Angle": "180000", "X": "15250", "Y": "-70500"}, "MeasuredComponentHeight": "0", "NominalPickPosition": {"Angle": "-180000", "X": "15318", "Y": "-70345"}, "PickupLocationId": "260", "Result": "0", "TimeStampSinceStationStarted": "1279795.462351", "VacuumAbsolute": "-821", "VacuumRelative": "-821", "ZEndPosition": "47709000", "ZTargetPosition": "47701158"}, "Place": {"ActualPlacePosition": {"Angle": "0", "X": "89678", "Y": "141632"}, "AirkissPressure": "73", "BoardPanelId": "3", "HoldingCircuitPressure": "2147483647", "NominalPlacePosition": {"Angle": "0", "X": "89680", "Y": "141630"}, "ReferenceDesignator": "C2207_CAPA_2_22_KOND", "Result": "0", "TimeStampSinceStationStarted": "1279796.828202", "VacuumAbsolute": "-835", "VacuumRelative": "103", "ZEndPosition": "37238500", "ZTargetPosition": "37250528"}, "ElectricalMeasurement": null, "Dip": null}, {"HeadSegmentId": "66819", "Measures": {"MeasureList": [{"CameraIndividualId": "3033", "MeasurementResult": "0", "PhiDeviation": "-437110", "TimeStampSinceStationStarted": "1279798.052721", "VisionDumpPath": "C:\\Sirio\\Work\\SvDumpFiles\\PartCameraDumps\\JID_303379743_OID_434090036_SEG_1_BE-Bibliothek.A5E30242702_R1279794015.svdmp", "XDeviation": "11103", "YDeviation": "12769"}]}, "Pick": {"ActualPickPosition": {"Angle": "0", "X": "15250", "Y": "-70500"}, "MeasuredComponentHeight": "0", "NominalPickPosition": {"Angle": "0", "X": "15291", "Y": "-70444"}, "PickupLocationId": "261", "Result": "0", "TimeStampSinceStationStarted": "1279797.433275", "VacuumAbsolute": "-796", "VacuumRelative": "-796", "ZEndPosition": "48063500", "ZTargetPosition": "47998656"}, "Place": {"ActualPlacePosition": {"Angle": "0", "X": "140920", "Y": "59678"}, "AirkissPressure": "24", "BoardPanelId": "2", "HoldingCircuitPressure": "2147483647", "NominalPlacePosition": {"Angle": "0", "X": "140919", "Y": "59680"}, "ReferenceDesignator": "Z400_SOP_16_NETZWERK", "Result": "0", "TimeStampSinceStationStarted": "1279798.5827", "VacuumAbsolute": "-813", "VacuumRelative": "94", "ZEndPosition": "42482500", "ZTargetPosition": "42160994"}, "ElectricalMeasurement": null, "Dip": null}, {"HeadSegmentId": "132355", "Measures": {"MeasureList": [{"CameraIndividualId": "3033", "MeasurementResult": "0", "PhiDeviation": "-165421", "TimeStampSinceStationStarted": "1279798.19535", "VisionDumpPath": "C:\\Sirio\\Work\\SvDumpFiles\\PartCameraDumps\\JID_303379744_OID_434090037_SEG_2_BE-Bibliothek.A5E00701727_R1279794178.svdmp", "XDeviation": "-41382", "YDeviation": "-52545"}]}, "Pick": {"ActualPickPosition": {"Angle": "180000", "X": "15250", "Y": "-70500"}, "MeasuredComponentHeight": "0", "NominalPickPosition": {"Angle": "-180000", "X": "15310", "Y": "-70349"}, "PickupLocationId": "260", "Result": "0", "TimeStampSinceStationStarted": "1279797.596308", "VacuumAbsolute": "-813", "VacuumRelative": "-813", "ZEndPosition": "47728000", "ZTargetPosition": "47703118"}, "Place": {"ActualPlacePosition": {"Angle": "0", "X": "223085", "Y": "141632"}, "AirkissPressure": "74", "BoardPanelId": "2", "HoldingCircuitPressure": "2147483647", "NominalPlacePosition": {"Angle": "0", "X": "223080", "Y": "141630"}, "ReferenceDesignator": "C2208_CAPA_2_22_KOND", "Result": "0", "TimeStampSinceStationStarted": "1279798.921357", "VacuumAbsolute": "-825", "VacuumRelative": "101", "ZEndPosition": "37455000", "ZTargetPosition": "37453418"}, "ElectricalMeasurement": null, "Dip": null}, {"HeadSegmentId": "66819", "Measures": {"MeasureList": [{"CameraIndividualId": "3033", "MeasurementResult": "0", "PhiDeviation": "-270529", "TimeStampSinceStationStarted": "1279800.332213", "VisionDumpPath": "C:\\Sirio\\Work\\SvDumpFiles\\PartCameraDumps\\JID_303379745_OID_434090038_SEG_1_BE-Bibliothek.A5E01649509_R1279796093.svdmp", "XDeviation": "-2714", "YDeviation": "-26980"}]}, "Pick": {"ActualPickPosition": {"Angle": "-90000", "X": "8000", "Y": "-51500"}, "MeasuredComponentHeight": "0", "NominalPickPosition": {"Angle": "-90000", "X": "8261", "Y": "-51489"}, "PickupLocationId": "258", "Result": "0", "TimeStampSinceStationStarted": "1279799.511408", "VacuumAbsolute": "-756", "VacuumRelative": "-756", "ZEndPosition": "47126000", "ZTargetPosition": "47128297"}, "Place": {"ActualPlacePosition": {"Angle": "180000", "X": "103979", "Y": "67128"}, "AirkissPressure": "76", "BoardPanelId": "3", "HoldingCircuitPressure": "2147483647", "NominalPlacePosition": {"Angle": "180000", "X": "103980", "Y": "67130"}, "ReferenceDesignator": "V701_DPAK/TO252_TRAN", "Result": "0", "TimeStampSinceStationStarted": "1279800.857207", "VacuumAbsolute": "-817", "VacuumRelative": "94", "ZEndPosition": "44923000", "ZTargetPosition": "44949377"}, "ElectricalMeasurement": null, "Dip": null}, {"HeadSegmentId": "132355", "Measures": {"MeasureList": [{"CameraIndividualId": "3033", "MeasurementResult": "0", "PhiDeviation": "-1279389", "TimeStampSinceStationStarted": "1279800.472608", "VisionDumpPath": "C:\\Sirio\\Work\\SvDumpFiles\\PartCameraDumps\\JID_303379746_OID_434090039_SEG_2_BE-Bibliothek.A5E00210763_R1279796329.svdmp", "XDeviation": "69122", "YDeviation": "-68677"}]}, "Pick": {"ActualPickPosition": {"Angle": "180000", "X": "15250", "Y": "-70500"}, "MeasuredComponentHeight": "0", "NominalPickPosition": {"Angle": "-180000", "X": "15145", "Y": "-70691"}, "PickupLocationId": "256", "Result": "0", "TimeStampSinceStationStarted": "1279799.746331", "VacuumAbsolute": "-783", "VacuumRelative": "-783", "ZEndPosition": "47740000", "ZTargetPosition": "47787936"}, "Place": {"ActualPlacePosition": {"Angle": "180000", "X": "89928", "Y": "80729"}, "AirkissPressure": "71", "BoardPanelId": "3", "HoldingCircuitPressure": "2147483647", "NominalPlacePosition": {"Angle": "180000", "X": "89930", "Y": "80730"}, "ReferenceDesignator": "C1405_CAP_2_KOND_EL_", "Result": "0", "TimeStampSinceStationStarted": "1279801.172032", "VacuumAbsolute": "-783", "VacuumRelative": "94", "ZEndPosition": "36917000", "ZTargetPosition": "36954270"}, "ElectricalMeasurement": null, "Dip": null}, {"HeadSegmentId": "66819", "Measures": {"MeasureList": [{"CameraIndividualId": "3033", "MeasurementResult": "0", "PhiDeviation": "180249", "TimeStampSinceStationStarted": "1279802.600097", "VisionDumpPath": "C:\\Sirio\\Work\\SvDumpFiles\\PartCameraDumps\\JID_303379747_OID_434090040_SEG_1_BE-Bibliothek.A5E01649509_R1279798383.svdmp", "XDeviation": "5793", "YDeviation": "9547"}]}, "Pick": {"ActualPickPosition": {"Angle": "-90000", "X": "8000", "Y": "-51500"}, "MeasuredComponentHeight": "0", "NominalPickPosition": {"Angle": "-90000", "X": "8260", "Y": "-51489"}, "PickupLocationId": "258", "Result": "0", "TimeStampSinceStationStarted": "1279801.801402", "VacuumAbsolute": "-756", "VacuumRelative": "-756", "ZEndPosition": "47124000", "ZTargetPosition": "47127723"}, "Place": {"ActualPlacePosition": {"Angle": "180000", "X": "224485", "Y": "67128"}, "AirkissPressure": "71", "BoardPanelId": "2", "HoldingCircuitPressure": "2147483647", "NominalPlacePosition": {"Angle": "180000", "X": "224480", "Y": "67130"}, "ReferenceDesignator": "V701_DPAK/TO252_TRAN", "Result": "0", "TimeStampSinceStationStarted": "1279803.125059", "VacuumAbsolute": "-815", "VacuumRelative": "94", "ZEndPosition": "45128500", "ZTargetPosition": "45162009"}, "ElectricalMeasurement": null, "Dip": null}, {"HeadSegmentId": "132355", "Measures": {"MeasureList": [{"CameraIndividualId": "3033", "MeasurementResult": "0", "PhiDeviation": "-1209626", "TimeStampSinceStationStarted": "1279802.740294", "VisionDumpPath": "C:\\Sirio\\Work\\SvDumpFiles\\PartCameraDumps\\JID_303379748_OID_434090041_SEG_2_BE-Bibliothek.A5E00210763_R1279798593.svdmp", "XDeviation": "107954", "YDeviation": "-14823"}]}, "Pick": {"ActualPickPosition": {"Angle": "180000", "X": "15250", "Y": "-70500"}, "MeasuredComponentHeight": "0", "NominalPickPosition": {"Angle": "-180000", "X": "15142", "Y": "-70687"}, "PickupLocationId": "256", "Result": "0", "TimeStampSinceStationStarted": "1279802.011226", "VacuumAbsolute": "-794", "VacuumRelative": "-794", "ZEndPosition": "47796500", "ZTargetPosition": "47775952"}, "Place": {"ActualPlacePosition": {"Angle": "180000", "X": "210434", "Y": "80729"}, "AirkissPressure": "72", "BoardPanelId": "2", "HoldingCircuitPressure": "2147483647", "NominalPlacePosition": {"Angle": "180000", "X": "210430", "Y": "80730"}, "ReferenceDesignator": "C1405_CAP_2_KOND_EL_", "Result": "0", "TimeStampSinceStationStarted": "1279803.4307", "VacuumAbsolute": "-794", "VacuumRelative": "96", "ZEndPosition": "37150500", "ZTargetPosition": "37154704"}, "ElectricalMeasurement": null, "Dip": null}]}, "HeadContext": {"HeadSegments": {"HeadSegment": [{"GantryId": "3", "Head": "1", "HeadName": "Twin Head 5xx", "Id": "66819", "NozzleTypeId": "573", "SegmentNumber": "1"}, {"GantryId": "3", "Head": "1", "HeadName": "Twin Head 5xx", "Id": "132355", "NozzleTypeId": "517", "SegmentNumber": "2"}]}}, "SetupContext": {"PickupLocations": {"PickupLocation": [{"Division": "1", "FeederId": "", "FeederType": "34", "Id": "253", "Level": "5", "Location": "2", "StartTrackNumber": "1", "SubLocation": "2", "Tower": "1", "PackagingUid": ""}, {"Division": "1", "FeederId": "24FAUE900235", "FeederType": "280", "Id": "256", "Level": "0", "Location": "3", "StartTrackNumber": "4", "SubLocation": "1", "Tower": "0", "PackagingUid": "M05314331"}, {"Division": "1", "FeederId": "56FAUEN00199", "FeederType": "312", "Id": "257", "Level": "0", "Location": "3", "StartTrackNumber": "7", "SubLocation": "1", "Tower": "0", "PackagingUid": "M04854768"}, {"Division": "1", "FeederId": "17ATMH805118", "FeederType": "273", "Id": "258", "Level": "0", "Location": "3", "StartTrackNumber": "13", "SubLocation": "1", "Tower": "0", "PackagingUid": "M05206518"}, {"Division": "1", "FeederId": "32FAUEN00039", "FeederType": "288", "Id": "259", "Level": "0", "Location": "3", "StartTrackNumber": "15", "SubLocation": "1", "Tower": "0", "PackagingUid": "M05323282"}, {"Division": "1", "FeederId": "24FAUE600582", "FeederType": "280", "Id": "260", "Level": "0", "Location": "3", "StartTrackNumber": "19", "SubLocation": "1", "Tower": "0", "PackagingUid": "M05187815"}, {"Division": "1", "FeederId": "24FAUF700689", "FeederType": "280", "Id": "261", "Level": "0", "Location": "3", "StartTrackNumber": "22", "SubLocation": "1", "Tower": "0", "PackagingUid": "M05014338"}]}}}}, "ProductionEndedData": {"StationTime": "2021-11-30T06:01:32.5270000+08:00", "TimeStampSinceStationStarted": "1279803.832451"}}