{"name": "PDI_Line5_4250843840_20211130094754.txt", "Timestamp": "2021-11-30T09:47:26.8425127+08:00", "TxnID": "d9bbd017-c40f-40f1-850b-55e68f9b60fb", "Line": "SEWC-Lines\\Line5", "Machine": "Line5\\ST3_X3 S", "ProductionStartedData": [{"ConveyorLanePosition": "1", "ConveyorStopperPosition": "1", "Pcb": {"BarcodeReaderPosition": "0", "BoardSide": "1", "IndividualGUID": "1cea012b-84e0-4067-b809-13015b03e2d2", "LineJobGUID": "fead7f33-0866-4d90-8540-e9f27c9d6bcf", "Path": "STAB\\A5E50302021bt01", "PcbIndividualID": "43773", "RecipePath": "Line5\\Smart_CPU_L5_702SAF\\A5E50302021bt01", "Barcode": "", "OrderNumber": null}, "ProcessingAreaPosition": "1", "SetupPath": "Line5\\Smart_CPU_L5_702SAF", "StationTime": "2021-11-30T09:45:03.2130000+08:00", "TimeStampSinceStationStarted": "1293214.451673"}], "BoardPositionsList": {"BoardPositions": [{"ActualPosition": {"Angle": "-13", "X": "-528605", "Y": "-232909", "Z": "-5000"}, "FiducialPositions": {"FiducialRecognitionResult": [{"ActualPosition": {"Angle": "-35", "X": "5912", "Y": "10461", "Z": null}, "CameraIndividualId": "4034", "FiducialFunction": "0", "GantryId": "4", "MeasurementResult": "0", "NominalPosition": {"Angle": "0", "X": "6480", "Y": "10530", "Z": null}, "Path": "A5E50302021bt01/1/02/1", "StationTime": "2021-11-30T09:45:05.1830000+08:00", "TimeStampSinceStationStarted": "1293216.421991"}, {"ActualPosition": {"Angle": "-16", "X": "241295", "Y": "191903", "Z": null}, "CameraIndividualId": "4034", "FiducialFunction": "0", "GantryId": "4", "MeasurementResult": "0", "NominalPosition": {"Angle": "0", "X": "241830", "Y": "192030", "Z": null}, "Path": "A5E50302021bt01/1/01/1", "StationTime": "2021-11-30T09:45:05.1830000+08:00", "TimeStampSinceStationStarted": "1293216.421991"}]}, "NominalPosition": {"Angle": "0", "X": "-528032", "Y": "-232838", "Z": "-5000"}}]}, "ProgressDataList": {"ProductionProgressData": {"BoardContext": {"BoardPanels": {"BoardPanel": [{"Id": "2", "PanelPath": "A5E50302021bt01/A1"}, {"Id": "3", "PanelPath": "A5E50302021bt01/B1"}]}}, "ComponentIndividuals": {"ComponentIndividual": [{"HeadSegmentId": "66049", "Measures": {"MeasureList": [{"CameraIndividualId": "1033", "MeasurementResult": "0", "PhiDeviation": "-67397", "TimeStampSinceStationStarted": "1293217.109905", "VisionDumpPath": "C:\\Sirio\\Work\\SvDumpFiles\\PartCameraDumps\\JID_103383940_OID_437730000_SEG_1_BE-Bibliothek.A5E01114436_R1293212600.svdmp", "XDeviation": "56286", "YDeviation": "39104"}]}, "Pick": {"ActualPickPosition": {"Angle": "180000", "X": "17950", "Y": "-70500"}, "MeasuredComponentHeight": "0", "NominalPickPosition": {"Angle": "180000", "X": "18037", "Y": "-70852"}, "PickupLocationId": "238", "Result": "0", "TimeStampSinceStationStarted": "1293215.950674", "VacuumAbsolute": "-781", "VacuumRelative": "-781", "ZEndPosition": "43450500", "ZTargetPosition": "43473424"}, "Place": {"ActualPlacePosition": {"Angle": "-180000", "X": "100449", "Y": "171752"}, "AirkissPressure": "73", "BoardPanelId": "3", "HoldingCircuitPressure": "2147483647", "NominalPlacePosition": {"Angle": "180000", "X": "100457", "Y": "171753"}, "ReferenceDesignator": "X605_CONN_8_STECK_RC", "Result": "0", "TimeStampSinceStationStarted": "1293217.594564", "VacuumAbsolute": "-821", "VacuumRelative": "101", "ZEndPosition": "40168000", "ZTargetPosition": "40179962"}, "ElectricalMeasurement": null, "Dip": null}, {"HeadSegmentId": "131585", "Measures": {"MeasureList": [{"CameraIndividualId": "1033", "MeasurementResult": "0", "PhiDeviation": "-875530", "TimeStampSinceStationStarted": "1293217.274399", "VisionDumpPath": "C:\\Sirio\\Work\\SvDumpFiles\\PartCameraDumps\\JID_103383941_OID_437730001_SEG_2_BE-Bibliothek.A5E00189819_R1293212874.svdmp", "XDeviation": "-130159", "YDeviation": "-65881"}]}, "Pick": {"ActualPickPosition": {"Angle": "0", "X": "15250", "Y": "-70500"}, "MeasuredComponentHeight": "0", "NominalPickPosition": {"Angle": "0", "X": "15099", "Y": "-70424"}, "PickupLocationId": "242", "Result": "0", "TimeStampSinceStationStarted": "1293216.223848", "VacuumAbsolute": "-835", "VacuumRelative": "-835", "ZEndPosition": "47356500", "ZTargetPosition": "47389653"}, "Place": {"ActualPlacePosition": {"Angle": "0", "X": "73574", "Y": "151030"}, "AirkissPressure": "71", "BoardPanelId": "3", "HoldingCircuitPressure": "2147483647", "NominalPlacePosition": {"Angle": "0", "X": "73580", "Y": "151030"}, "ReferenceDesignator": "T2200_EX120_TRAFO_SC", "Result": "0", "TimeStampSinceStationStarted": "1293217.76081", "VacuumAbsolute": "-835", "VacuumRelative": "98", "ZEndPosition": "41362000", "ZTargetPosition": "41391289"}, "ElectricalMeasurement": null, "Dip": null}, {"HeadSegmentId": "133124", "Measures": {"MeasureList": [{"CameraIndividualId": "4033", "MeasurementResult": "0", "PhiDeviation": "-312658", "TimeStampSinceStationStarted": "1293218.195099", "VisionDumpPath": "C:\\Sirio\\Work\\SvDumpFiles\\PartCameraDumps\\JID_403366785_OID_437730002_SEG_2_BE-Bibliothek.A5E44859639_R1293213887.svdmp", "XDeviation": "59654", "YDeviation": "-21601"}]}, "Pick": {"ActualPickPosition": {"Angle": "0", "X": "6000", "Y": "-49500"}, "MeasuredComponentHeight": "0", "NominalPickPosition": {"Angle": "0", "X": "5995", "Y": "-49477"}, "PickupLocationId": "280", "Result": "0", "TimeStampSinceStationStarted": "1293217.237564", "VacuumAbsolute": "-853", "VacuumRelative": "-853", "ZEndPosition": "46275500", "ZTargetPosition": "46269370"}, "Place": {"ActualPlacePosition": {"Angle": "-180000", "X": "22583", "Y": "162628"}, "AirkissPressure": "76", "BoardPanelId": "3", "HoldingCircuitPressure": "2147483647", "NominalPlacePosition": {"Angle": "180000", "X": "22580", "Y": "162630"}, "ReferenceDesignator": "U1700_SOP_8/SOIC_8_O", "Result": "0", "TimeStampSinceStationStarted": "1293218.751727", "VacuumAbsolute": "-854", "VacuumRelative": "99", "ZEndPosition": "43834500", "ZTargetPosition": "43839084"}, "ElectricalMeasurement": null, "Dip": null}, {"HeadSegmentId": "67588", "Measures": {"MeasureList": [{"CameraIndividualId": "4033", "MeasurementResult": "0", "PhiDeviation": "-113312", "TimeStampSinceStationStarted": "1293218.407229", "VisionDumpPath": "C:\\Sirio\\Work\\SvDumpFiles\\PartCameraDumps\\JID_403366786_OID_437730003_SEG_1_BE-Bibliothek.A5E45275537_R1293214206.svdmp", "XDeviation": "187427", "YDeviation": "42623"}]}, "Pick": {"ActualPickPosition": {"Angle": "0", "X": "17470", "Y": "-70910"}, "MeasuredComponentHeight": "0", "NominalPickPosition": {"Angle": "0", "X": "17937", "Y": "-70923"}, "PickupLocationId": "271", "Result": "0", "TimeStampSinceStationStarted": "1293217.556109", "VacuumAbsolute": "-800", "VacuumRelative": "-800", "ZEndPosition": "47110500", "ZTargetPosition": "47076864"}, "Place": {"ActualPlacePosition": {"Angle": "-180000", "X": "51777", "Y": "74121"}, "AirkissPressure": "74", "BoardPanelId": "3", "HoldingCircuitPressure": "2147483647", "NominalPlacePosition": {"Angle": "180000", "X": "51775", "Y": "74120"}, "ReferenceDesignator": "X601_CONN_16_STECK_R", "Result": "0", "TimeStampSinceStationStarted": "1293219.07361", "VacuumAbsolute": "-817", "VacuumRelative": "90", "ZEndPosition": "39048000", "ZTargetPosition": "39042216"}, "ElectricalMeasurement": null, "Dip": null}, {"HeadSegmentId": "66049", "Measures": {"MeasureList": [{"CameraIndividualId": "1033", "MeasurementResult": "0", "PhiDeviation": "-146785", "TimeStampSinceStationStarted": "1293219.532433", "VisionDumpPath": "C:\\Sirio\\Work\\SvDumpFiles\\PartCameraDumps\\JID_103383942_OID_437730004_SEG_1_BE-Bibliothek.A5E01114436_R1293215007.svdmp", "XDeviation": "-29862", "YDeviation": "8053"}]}, "Pick": {"ActualPickPosition": {"Angle": "180000", "X": "17950", "Y": "-70500"}, "MeasuredComponentHeight": "0", "NominalPickPosition": {"Angle": "180000", "X": "18034", "Y": "-70854"}, "PickupLocationId": "238", "Result": "0", "TimeStampSinceStationStarted": "1293218.357354", "VacuumAbsolute": "-782", "VacuumRelative": "-782", "ZEndPosition": "43456500", "ZTargetPosition": "43467693"}, "Place": {"ActualPlacePosition": {"Angle": "-180000", "X": "220939", "Y": "171752"}, "AirkissPressure": "71", "BoardPanelId": "2", "HoldingCircuitPressure": "2147483647", "NominalPlacePosition": {"Angle": "180000", "X": "220957", "Y": "171753"}, "ReferenceDesignator": "X605_CONN_8_STECK_RC", "Result": "0", "TimeStampSinceStationStarted": "1293219.918615", "VacuumAbsolute": "-822", "VacuumRelative": "101", "ZEndPosition": "40411500", "ZTargetPosition": "40451991"}, "ElectricalMeasurement": null, "Dip": null}, {"HeadSegmentId": "131585", "Measures": {"MeasureList": [{"CameraIndividualId": "1033", "MeasurementResult": "0", "PhiDeviation": "-2414004", "TimeStampSinceStationStarted": "1293219.674277", "VisionDumpPath": "C:\\Sirio\\Work\\SvDumpFiles\\PartCameraDumps\\JID_103383943_OID_437730005_SEG_2_BE-Bibliothek.A5E00701727_R1293215303.svdmp", "XDeviation": "-24832", "YDeviation": "-32586"}]}, "Pick": {"ActualPickPosition": {"Angle": "180000", "X": "15250", "Y": "-70500"}, "MeasuredComponentHeight": "0", "NominalPickPosition": {"Angle": "180000", "X": "15281", "Y": "-70369"}, "PickupLocationId": "240", "Result": "0", "TimeStampSinceStationStarted": "1293218.653425", "VacuumAbsolute": "-821", "VacuumRelative": "-821", "ZEndPosition": "47052000", "ZTargetPosition": "47054086"}, "Place": {"ActualPlacePosition": {"Angle": "0", "X": "88573", "Y": "151130"}, "AirkissPressure": "79", "BoardPanelId": "3", "HoldingCircuitPressure": "2147483647", "NominalPlacePosition": {"Angle": "0", "X": "88580", "Y": "151130"}, "ReferenceDesignator": "C2209_CAPA_2_22_KOND", "Result": "0", "TimeStampSinceStationStarted": "1293220.105266", "VacuumAbsolute": "-836", "VacuumRelative": "98", "ZEndPosition": "36836500", "ZTargetPosition": "36822359"}, "ElectricalMeasurement": null, "Dip": null}, {"HeadSegmentId": "133124", "Measures": {"MeasureList": [{"CameraIndividualId": "4033", "MeasurementResult": "0", "PhiDeviation": "129091", "TimeStampSinceStationStarted": "1293220.651952", "VisionDumpPath": "C:\\Sirio\\Work\\SvDumpFiles\\PartCameraDumps\\JID_403366787_OID_437730006_SEG_2_BE-Bibliothek.A5E44859639_R1293216384.svdmp", "XDeviation": "-111529", "YDeviation": "13305"}]}, "Pick": {"ActualPickPosition": {"Angle": "0", "X": "6000", "Y": "-49500"}, "MeasuredComponentHeight": "0", "NominalPickPosition": {"Angle": "0", "X": "5998", "Y": "-49478"}, "PickupLocationId": "280", "Result": "0", "TimeStampSinceStationStarted": "1293219.734463", "VacuumAbsolute": "-854", "VacuumRelative": "-854", "ZEndPosition": "46272000", "ZTargetPosition": "46270903"}, "Place": {"ActualPlacePosition": {"Angle": "-180000", "X": "157479", "Y": "162628"}, "AirkissPressure": "76", "BoardPanelId": "2", "HoldingCircuitPressure": "2147483647", "NominalPlacePosition": {"Angle": "180000", "X": "157480", "Y": "162630"}, "ReferenceDesignator": "U1800_SOP_8/SOIC_8_O", "Result": "0", "TimeStampSinceStationStarted": "1293221.208766", "VacuumAbsolute": "-854", "VacuumRelative": "99", "ZEndPosition": "43699000", "ZTargetPosition": "43707063"}, "ElectricalMeasurement": null, "Dip": null}, {"HeadSegmentId": "67588", "Measures": {"MeasureList": [{"CameraIndividualId": "4033", "MeasurementResult": "0", "PhiDeviation": "-159320", "TimeStampSinceStationStarted": "1293220.864236", "VisionDumpPath": "C:\\Sirio\\Work\\SvDumpFiles\\PartCameraDumps\\JID_403366788_OID_437730007_SEG_1_BE-Bibliothek.A5E45275537_R1293216704.svdmp", "XDeviation": "-202898", "YDeviation": "28222"}]}, "Pick": {"ActualPickPosition": {"Angle": "0", "X": "17470", "Y": "-70910"}, "MeasuredComponentHeight": "0", "NominalPickPosition": {"Angle": "0", "X": "17947", "Y": "-70921"}, "PickupLocationId": "271", "Result": "0", "TimeStampSinceStationStarted": "1293220.054552", "VacuumAbsolute": "-813", "VacuumRelative": "-813", "ZEndPosition": "47097500", "ZTargetPosition": "47085273"}, "Place": {"ActualPlacePosition": {"Angle": "-180000", "X": "172274", "Y": "74121"}, "AirkissPressure": "76", "BoardPanelId": "2", "HoldingCircuitPressure": "2147483647", "NominalPlacePosition": {"Angle": "180000", "X": "172275", "Y": "74120"}, "ReferenceDesignator": "X601_CONN_16_STECK_R", "Result": "0", "TimeStampSinceStationStarted": "1293221.546393", "VacuumAbsolute": "-836", "VacuumRelative": "95", "ZEndPosition": "39162000", "ZTargetPosition": "39188262"}, "ElectricalMeasurement": null, "Dip": null}, {"HeadSegmentId": "66049", "Measures": {"MeasureList": [{"CameraIndividualId": "1033", "MeasurementResult": "0", "PhiDeviation": "-1052850", "TimeStampSinceStationStarted": "1293222.805723", "VisionDumpPath": "C:\\Sirio\\Work\\SvDumpFiles\\PartCameraDumps\\JID_103383944_OID_437730008_SEG_1_BE-Bibliothek.A5E00701727_R1293218729.svdmp", "XDeviation": "-49405", "YDeviation": "73345"}]}, "Pick": {"ActualPickPosition": {"Angle": "180000", "X": "15250", "Y": "-70500"}, "MeasuredComponentHeight": "0", "NominalPickPosition": {"Angle": "180000", "X": "15282", "Y": "-70368"}, "PickupLocationId": "240", "Result": "0", "TimeStampSinceStationStarted": "1293222.079591", "VacuumAbsolute": "-805", "VacuumRelative": "-805", "ZEndPosition": "47012000", "ZTargetPosition": "47016565"}, "Place": {"ActualPlacePosition": {"Angle": "0", "X": "209064", "Y": "151130"}, "AirkissPressure": "76", "BoardPanelId": "2", "HoldingCircuitPressure": "2147483647", "NominalPlacePosition": {"Angle": "0", "X": "209080", "Y": "151130"}, "ReferenceDesignator": "C2209_CAPA_2_22_KOND", "Result": "0", "TimeStampSinceStationStarted": "1293223.196408", "VacuumAbsolute": "-822", "VacuumRelative": "101", "ZEndPosition": "37062500", "ZTargetPosition": "37079038"}, "ElectricalMeasurement": null, "Dip": null}, {"HeadSegmentId": "131585", "Measures": {"MeasureList": [{"CameraIndividualId": "1033", "MeasurementResult": "0", "PhiDeviation": "-1735060", "TimeStampSinceStationStarted": "1293222.945272", "VisionDumpPath": "C:\\Sirio\\Work\\SvDumpFiles\\PartCameraDumps\\JID_103383945_OID_437730009_SEG_2_BE-Bibliothek.A5E00701727_R1293218998.svdmp", "XDeviation": "-31981", "YDeviation": "54276"}]}, "Pick": {"ActualPickPosition": {"Angle": "180000", "X": "15250", "Y": "-70500"}, "MeasuredComponentHeight": "0", "NominalPickPosition": {"Angle": "180000", "X": "15282", "Y": "-70368"}, "PickupLocationId": "240", "Result": "0", "TimeStampSinceStationStarted": "1293222.348262", "VacuumAbsolute": "-818", "VacuumRelative": "-818", "ZEndPosition": "47060000", "ZTargetPosition": "47053565"}, "Place": {"ActualPlacePosition": {"Angle": "0", "X": "102572", "Y": "151130"}, "AirkissPressure": "76", "BoardPanelId": "3", "HoldingCircuitPressure": "2147483647", "NominalPlacePosition": {"Angle": "0", "X": "102580", "Y": "151130"}, "ReferenceDesignator": "C2206_CAPA_2_22_KOND", "Result": "0", "TimeStampSinceStationStarted": "1293223.370103", "VacuumAbsolute": "-831", "VacuumRelative": "98", "ZEndPosition": "36784500", "ZTargetPosition": "36780797"}, "ElectricalMeasurement": null, "Dip": null}, {"HeadSegmentId": "133124", "Measures": {"MeasureList": [{"CameraIndividualId": "4033", "MeasurementResult": "0", "PhiDeviation": "779000", "TimeStampSinceStationStarted": "1293223.383946", "VisionDumpPath": "C:\\Sirio\\Work\\SvDumpFiles\\PartCameraDumps\\JID_403366789_OID_437730010_SEG_2_BE-Bibliothek.A5E44859639_R1293218863.svdmp", "XDeviation": "-45686", "YDeviation": "-83"}]}, "Pick": {"ActualPickPosition": {"Angle": "0", "X": "6000", "Y": "-49500"}, "MeasuredComponentHeight": "0", "NominalPickPosition": {"Angle": "0", "X": "5992", "Y": "-49478"}, "PickupLocationId": "280", "Result": "0", "TimeStampSinceStationStarted": "1293222.212768", "VacuumAbsolute": "-854", "VacuumRelative": "-854", "ZEndPosition": "46284000", "ZTargetPosition": "46271177"}, "Place": {"ActualPlacePosition": {"Angle": "-180000", "X": "34646", "Y": "25853"}, "AirkissPressure": "72", "BoardPanelId": "3", "HoldingCircuitPressure": "2147483647", "NominalPlacePosition": {"Angle": "180000", "X": "34643", "Y": "25851"}, "ReferenceDesignator": "U500_SOP_8/SOIC_8_OP", "Result": "0", "TimeStampSinceStationStarted": "1293224.209727", "VacuumAbsolute": "-854", "VacuumRelative": "99", "ZEndPosition": "43755500", "ZTargetPosition": "43736754"}, "ElectricalMeasurement": null, "Dip": null}, {"HeadSegmentId": "67588", "Measures": {"MeasureList": [{"CameraIndividualId": "4033", "MeasurementResult": "0", "PhiDeviation": "-772466", "TimeStampSinceStationStarted": "1293223.676095", "VisionDumpPath": "C:\\Sirio\\Work\\SvDumpFiles\\PartCameraDumps\\JID_403366790_OID_437730011_SEG_1_BE-Bibliothek.A5E30248076_R1293219123.svdmp", "XDeviation": "-705348", "YDeviation": "-817138"}]}, "Pick": {"ActualPickPosition": {"Angle": "180000", "X": "17020", "Y": "-69475"}, "MeasuredComponentHeight": "0", "NominalPickPosition": {"Angle": "180000", "X": "17020", "Y": "-69475"}, "PickupLocationId": "267", "Result": "0", "TimeStampSinceStationStarted": "1293222.473015", "VacuumAbsolute": "-823", "VacuumRelative": "-823", "ZEndPosition": "47224500", "ZTargetPosition": "47257592"}, "Place": {"ActualPlacePosition": {"Angle": "-180000", "X": "103251", "Y": "30532"}, "AirkissPressure": "72", "BoardPanelId": "3", "HoldingCircuitPressure": "2147483647", "NominalPlacePosition": {"Angle": "180000", "X": "103250", "Y": "30530"}, "ReferenceDesignator": "X802_CONN_8_38_SONST", "Result": "0", "TimeStampSinceStationStarted": "1293224.481279", "VacuumAbsolute": "-824", "VacuumRelative": "92", "ZEndPosition": "33041000", "ZTargetPosition": "33033556"}, "ElectricalMeasurement": null, "Dip": null}, {"HeadSegmentId": "66049", "Measures": {"MeasureList": [{"CameraIndividualId": "1033", "MeasurementResult": "0", "PhiDeviation": "469834", "TimeStampSinceStationStarted": "1293225.876788", "VisionDumpPath": "C:\\Sirio\\Work\\SvDumpFiles\\PartCameraDumps\\JID_103383946_OID_437730013_SEG_1_BE-Bibliothek.A5E00701727_R1293221476.svdmp", "XDeviation": "-19175", "YDeviation": "75373"}]}, "Pick": {"ActualPickPosition": {"Angle": "180000", "X": "15250", "Y": "-70500"}, "MeasuredComponentHeight": "0", "NominalPickPosition": {"Angle": "180000", "X": "15286", "Y": "-70374"}, "PickupLocationId": "240", "Result": "0", "TimeStampSinceStationStarted": "1293224.826856", "VacuumAbsolute": "-808", "VacuumRelative": "-808", "ZEndPosition": "47002500", "ZTargetPosition": "47017318"}, "Place": {"ActualPlacePosition": {"Angle": "0", "X": "223063", "Y": "151130"}, "AirkissPressure": "76", "BoardPanelId": "2", "HoldingCircuitPressure": "2147483647", "NominalPlacePosition": {"Angle": "0", "X": "223080", "Y": "151130"}, "ReferenceDesignator": "C2206_CAPA_2_22_KOND", "Result": "0", "TimeStampSinceStationStarted": "1293226.513161", "VacuumAbsolute": "-824", "VacuumRelative": "102", "ZEndPosition": "37078500", "ZTargetPosition": "37134599"}, "ElectricalMeasurement": null, "Dip": null}, {"HeadSegmentId": "131585", "Measures": {"MeasureList": [{"CameraIndividualId": "1033", "MeasurementResult": "0", "PhiDeviation": "-135165", "TimeStampSinceStationStarted": "1293226.096787", "VisionDumpPath": "C:\\Sirio\\Work\\SvDumpFiles\\PartCameraDumps\\JID_103383947_OID_437730012_SEG_2_BE-Bibliothek.A5E02285215_R1293221746.svdmp", "XDeviation": "38155", "YDeviation": "288420"}]}, "Pick": {"ActualPickPosition": {"Angle": "180000", "X": "23950", "Y": "-70500"}, "MeasuredComponentHeight": "0", "NominalPickPosition": {"Angle": "180000", "X": "23950", "Y": "-70500"}, "PickupLocationId": "241", "Result": "0", "TimeStampSinceStationStarted": "1293225.096524", "VacuumAbsolute": "-862", "VacuumRelative": "-862", "ZEndPosition": "48529000", "ZTargetPosition": "48433590"}, "Place": {"ActualPlacePosition": {"Angle": "-89999", "X": "18440", "Y": "22906"}, "AirkissPressure": "73", "BoardPanelId": "3", "HoldingCircuitPressure": "2147483647", "NominalPlacePosition": {"Angle": "-90000", "X": "18439", "Y": "22900"}, "ReferenceDesignator": "X501_CONN_DSUB_9_STE", "Result": "0", "TimeStampSinceStationStarted": "1293226.870377", "VacuumAbsolute": "-862", "VacuumRelative": "103", "ZEndPosition": "36401000", "ZTargetPosition": "36328502"}, "ElectricalMeasurement": null, "Dip": null}, {"HeadSegmentId": "133124", "Measures": {"MeasureList": [{"CameraIndividualId": "4033", "MeasurementResult": "0", "PhiDeviation": "51677", "TimeStampSinceStationStarted": "1293226.543408", "VisionDumpPath": "C:\\Sirio\\Work\\SvDumpFiles\\PartCameraDumps\\JID_403366791_OID_437730014_SEG_2_BE-Bibliothek.A5E44859639_R1293221958.svdmp", "XDeviation": "31833", "YDeviation": "62427"}]}, "Pick": {"ActualPickPosition": {"Angle": "0", "X": "6000", "Y": "-49500"}, "MeasuredComponentHeight": "0", "NominalPickPosition": {"Angle": "0", "X": "5990", "Y": "-49478"}, "PickupLocationId": "280", "Result": "0", "TimeStampSinceStationStarted": "1293225.308341", "VacuumAbsolute": "-854", "VacuumRelative": "-854", "ZEndPosition": "46270000", "ZTargetPosition": "46274383"}, "Place": {"ActualPlacePosition": {"Angle": "-180000", "X": "155142", "Y": "25853"}, "AirkissPressure": "76", "BoardPanelId": "2", "HoldingCircuitPressure": "2147483647", "NominalPlacePosition": {"Angle": "180000", "X": "155143", "Y": "25851"}, "ReferenceDesignator": "U500_SOP_8/SOIC_8_OP", "Result": "0", "TimeStampSinceStationStarted": "1293227.509026", "VacuumAbsolute": "-854", "VacuumRelative": "99", "ZEndPosition": "43720500", "ZTargetPosition": "43759422"}, "ElectricalMeasurement": null, "Dip": null}, {"HeadSegmentId": "67588", "Measures": {"MeasureList": [{"CameraIndividualId": "4033", "MeasurementResult": "0", "PhiDeviation": "-533246", "TimeStampSinceStationStarted": "1293226.835304", "VisionDumpPath": "C:\\Sirio\\Work\\SvDumpFiles\\PartCameraDumps\\JID_403366792_OID_437730015_SEG_1_BE-Bibliothek.A5E30248076_R1293222214.svdmp", "XDeviation": "-675605", "YDeviation": "-517191"}]}, "Pick": {"ActualPickPosition": {"Angle": "180000", "X": "17020", "Y": "-69475"}, "MeasuredComponentHeight": "0", "NominalPickPosition": {"Angle": "180000", "X": "17020", "Y": "-69475"}, "PickupLocationId": "267", "Result": "0", "TimeStampSinceStationStarted": "1293225.5647", "VacuumAbsolute": "-839", "VacuumRelative": "-839", "ZEndPosition": "47286000", "ZTargetPosition": "47249319"}, "Place": {"ActualPlacePosition": {"Angle": "-180000", "X": "223747", "Y": "30532"}, "AirkissPressure": "74", "BoardPanelId": "2", "HoldingCircuitPressure": "2147483647", "NominalPlacePosition": {"Angle": "180000", "X": "223750", "Y": "30530"}, "ReferenceDesignator": "X802_CONN_8_38_SONST", "Result": "0", "TimeStampSinceStationStarted": "1293227.789034", "VacuumAbsolute": "-839", "VacuumRelative": "95", "ZEndPosition": "33369000", "ZTargetPosition": "33411946"}, "ElectricalMeasurement": null, "Dip": null}, {"HeadSegmentId": "131585", "Measures": {"MeasureList": [{"CameraIndividualId": "1033", "MeasurementResult": "0", "PhiDeviation": "611831", "TimeStampSinceStationStarted": "1293228.753389", "VisionDumpPath": "C:\\Sirio\\Work\\SvDumpFiles\\PartCameraDumps\\JID_103383948_OID_437730016_SEG_2_BE-Bibliothek.A5E02285215_R1293224264.svdmp", "XDeviation": "-192573", "YDeviation": "363291"}]}, "Pick": {"ActualPickPosition": {"Angle": "180000", "X": "23950", "Y": "-70500"}, "MeasuredComponentHeight": "0", "NominalPickPosition": {"Angle": "180000", "X": "23950", "Y": "-70500"}, "PickupLocationId": "241", "Result": "0", "TimeStampSinceStationStarted": "1293227.615283", "VacuumAbsolute": "-862", "VacuumRelative": "-862", "ZEndPosition": "48408500", "ZTargetPosition": "48457442"}, "Place": {"ActualPlacePosition": {"Angle": "-89999", "X": "138931", "Y": "22907"}, "AirkissPressure": "76", "BoardPanelId": "2", "HoldingCircuitPressure": "2147483647", "NominalPlacePosition": {"Angle": "-90000", "X": "138939", "Y": "22900"}, "ReferenceDesignator": "X501_CONN_DSUB_9_STE", "Result": "0", "TimeStampSinceStationStarted": "1293229.405289", "VacuumAbsolute": "-864", "VacuumRelative": "103", "ZEndPosition": "36278000", "ZTargetPosition": "36298775"}, "ElectricalMeasurement": null, "Dip": null}, {"HeadSegmentId": "66049", "Measures": {"MeasureList": [{"CameraIndividualId": "1033", "MeasurementResult": "0", "PhiDeviation": "-497161", "TimeStampSinceStationStarted": "1293229.050972", "VisionDumpPath": "C:\\Sirio\\Work\\SvDumpFiles\\PartCameraDumps\\JID_103383949_OID_437730017_SEG_1_BE-Bibliothek.A5E00189819_R1293224662.svdmp", "XDeviation": "212253", "YDeviation": "-93796"}]}, "Pick": {"ActualPickPosition": {"Angle": "0", "X": "15250", "Y": "-70500"}, "MeasuredComponentHeight": "0", "NominalPickPosition": {"Angle": "0", "X": "15092", "Y": "-70427"}, "PickupLocationId": "242", "Result": "0", "TimeStampSinceStationStarted": "1293228.011806", "VacuumAbsolute": "-802", "VacuumRelative": "-802", "ZEndPosition": "47401500", "ZTargetPosition": "47344364"}, "Place": {"ActualPlacePosition": {"Angle": "0", "X": "194065", "Y": "151030"}, "AirkissPressure": "76", "BoardPanelId": "2", "HoldingCircuitPressure": "2147483647", "NominalPlacePosition": {"Angle": "0", "X": "194080", "Y": "151030"}, "ReferenceDesignator": "T2200_EX120_TRAFO_SC", "Result": "0", "TimeStampSinceStationStarted": "1293229.757404", "VacuumAbsolute": "-805", "VacuumRelative": "96", "ZEndPosition": "41515500", "ZTargetPosition": "41511177"}, "ElectricalMeasurement": null, "Dip": null}, {"HeadSegmentId": "67588", "Measures": {"MeasureList": [{"CameraIndividualId": "4033", "MeasurementResult": "0", "PhiDeviation": "-335757", "TimeStampSinceStationStarted": "1293231.13506", "VisionDumpPath": "C:\\Sirio\\Work\\SvDumpFiles\\PartCameraDumps\\JID_403366793_OID_437730019_SEG_1_BE-Bibliothek.A5E51102635_R1293226642.svdmp", "XDeviation": "62998", "YDeviation": "44579"}]}, "Pick": {"ActualPickPosition": {"Angle": "0", "X": "15250", "Y": "-70500"}, "MeasuredComponentHeight": "0", "NominalPickPosition": {"Angle": "0", "X": "15126", "Y": "-70473"}, "PickupLocationId": "265", "Result": "0", "TimeStampSinceStationStarted": "1293229.992447", "VacuumAbsolute": "-838", "VacuumRelative": "-838", "ZEndPosition": "47282000", "ZTargetPosition": "47260139"}, "Place": {"ActualPlacePosition": {"Angle": "-180000", "X": "69621", "Y": "48632"}, "AirkissPressure": "74", "BoardPanelId": "3", "HoldingCircuitPressure": "2147483647", "NominalPlacePosition": {"Angle": "180000", "X": "69619", "Y": "48630"}, "ReferenceDesignator": "D3_BGA_63_", "Result": "0", "TimeStampSinceStationStarted": "1293231.582393", "VacuumAbsolute": "-841", "VacuumRelative": "96", "ZEndPosition": "46337500", "ZTargetPosition": "46310972"}, "ElectricalMeasurement": null, "Dip": null}, {"HeadSegmentId": "133124", "Measures": {"MeasureList": [{"CameraIndividualId": "4033", "MeasurementResult": "0", "PhiDeviation": "367031", "TimeStampSinceStationStarted": "1293230.923351", "VisionDumpPath": "C:\\Sirio\\Work\\SvDumpFiles\\PartCameraDumps\\JID_403366794_OID_437730018_SEG_2_BE-Bibliothek.A5E44859639_R1293227040.svdmp", "XDeviation": "-55754", "YDeviation": "11159"}]}, "Pick": {"ActualPickPosition": {"Angle": "0", "X": "6000", "Y": "-49500"}, "MeasuredComponentHeight": "0", "NominalPickPosition": {"Angle": "0", "X": "5991", "Y": "-49474"}, "PickupLocationId": "280", "Result": "0", "TimeStampSinceStationStarted": "1293230.390274", "VacuumAbsolute": "-853", "VacuumRelative": "-853", "ZEndPosition": "46284000", "ZTargetPosition": "46273287"}, "Place": {"ActualPlacePosition": {"Angle": "-180000", "X": "150279", "Y": "162628"}, "AirkissPressure": "71", "BoardPanelId": "2", "HoldingCircuitPressure": "2147483647", "NominalPlacePosition": {"Angle": "180000", "X": "150280", "Y": "162630"}, "ReferenceDesignator": "U1704_SOP_8/SOIC_8_O", "Result": "0", "TimeStampSinceStationStarted": "1293231.917285", "VacuumAbsolute": "-854", "VacuumRelative": "99", "ZEndPosition": "43662500", "ZTargetPosition": "43668362"}, "ElectricalMeasurement": null, "Dip": null}, {"HeadSegmentId": "133124", "Measures": {"MeasureList": [{"CameraIndividualId": "4033", "MeasurementResult": "0", "PhiDeviation": "-21159", "TimeStampSinceStationStarted": "1293233.482354", "VisionDumpPath": "C:\\Sirio\\Work\\SvDumpFiles\\PartCameraDumps\\JID_403366795_OID_437730020_SEG_2_BE-Bibliothek.A5E44859639_R1293229281.svdmp", "XDeviation": "-136000", "YDeviation": "-46267"}]}, "Pick": {"ActualPickPosition": {"Angle": "0", "X": "6000", "Y": "-49500"}, "MeasuredComponentHeight": "0", "NominalPickPosition": {"Angle": "0", "X": "5988", "Y": "-49474"}, "PickupLocationId": "280", "Result": "0", "TimeStampSinceStationStarted": "1293232.63115", "VacuumAbsolute": "-854", "VacuumRelative": "-854", "ZEndPosition": "46281500", "ZTargetPosition": "46275965"}, "Place": {"ActualPlacePosition": {"Angle": "-180000", "X": "29783", "Y": "162628"}, "AirkissPressure": "72", "BoardPanelId": "3", "HoldingCircuitPressure": "2147483647", "NominalPlacePosition": {"Angle": "180000", "X": "29780", "Y": "162630"}, "ReferenceDesignator": "U1704_SOP_8/SOIC_8_O", "Result": "0", "TimeStampSinceStationStarted": "1293234.039216", "VacuumAbsolute": "-855", "VacuumRelative": "99", "ZEndPosition": "43820000", "ZTargetPosition": "43823422"}, "ElectricalMeasurement": null, "Dip": null}, {"HeadSegmentId": "67588", "Measures": {"MeasureList": [{"CameraIndividualId": "4033", "MeasurementResult": "0", "PhiDeviation": "-344036", "TimeStampSinceStationStarted": "1293233.694282", "VisionDumpPath": "C:\\Sirio\\Work\\SvDumpFiles\\PartCameraDumps\\JID_403366796_OID_437730021_SEG_1_BE-Bibliothek.A5E51102635_R1293229531.svdmp", "XDeviation": "145359", "YDeviation": "17532"}]}, "Pick": {"ActualPickPosition": {"Angle": "0", "X": "15250", "Y": "-70500"}, "MeasuredComponentHeight": "0", "NominalPickPosition": {"Angle": "0", "X": "15129", "Y": "-70471"}, "PickupLocationId": "265", "Result": "0", "TimeStampSinceStationStarted": "1293232.88143", "VacuumAbsolute": "-832", "VacuumRelative": "-832", "ZEndPosition": "47245500", "ZTargetPosition": "47265604"}, "Place": {"ActualPlacePosition": {"Angle": "-180000", "X": "190117", "Y": "48632"}, "AirkissPressure": "76", "BoardPanelId": "2", "HoldingCircuitPressure": "2147483647", "NominalPlacePosition": {"Angle": "180000", "X": "190119", "Y": "48630"}, "ReferenceDesignator": "D3_BGA_63_", "Result": "0", "TimeStampSinceStationStarted": "1293234.427225", "VacuumAbsolute": "-834", "VacuumRelative": "94", "ZEndPosition": "46443500", "ZTargetPosition": "46486811"}, "ElectricalMeasurement": null, "Dip": null}, {"HeadSegmentId": "67588", "Measures": {"MeasureList": [{"CameraIndividualId": "4033", "MeasurementResult": "0", "PhiDeviation": "5751", "TimeStampSinceStationStarted": "1293237.223596", "VisionDumpPath": "C:\\Sirio\\Work\\SvDumpFiles\\PartCameraDumps\\JID_403366797_OID_437730022_SEG_1_BE-Bibliothek.A5E44859639_R1293232841.svdmp", "XDeviation": "-77912", "YDeviation": "57342"}]}, "Pick": {"ActualPickPosition": {"Angle": "0", "X": "6000", "Y": "-49500"}, "MeasuredComponentHeight": "0", "NominalPickPosition": {"Angle": "0", "X": "5982", "Y": "-49476"}, "PickupLocationId": "280", "Result": "0", "TimeStampSinceStationStarted": "1293236.191889", "VacuumAbsolute": "-838", "VacuumRelative": "-838", "ZEndPosition": "46251500", "ZTargetPosition": "46276849"}, "Place": {"ActualPlacePosition": {"Angle": "-180000", "X": "143079", "Y": "162628"}, "AirkissPressure": "72", "BoardPanelId": "2", "HoldingCircuitPressure": "2147483647", "NominalPlacePosition": {"Angle": "180000", "X": "143080", "Y": "162630"}, "ReferenceDesignator": "U1700_SOP_8/SOIC_8_O", "Result": "0", "TimeStampSinceStationStarted": "1293237.638375", "VacuumAbsolute": "-842", "VacuumRelative": "96", "ZEndPosition": "43593500", "ZTargetPosition": "43615785"}, "ElectricalMeasurement": null, "Dip": null}, {"HeadSegmentId": "133124", "Measures": {"MeasureList": [{"CameraIndividualId": "4033", "MeasurementResult": "0", "PhiDeviation": "1089583", "TimeStampSinceStationStarted": "1293236.993613", "VisionDumpPath": "C:\\Sirio\\Work\\SvDumpFiles\\PartCameraDumps\\JID_403366798_OID_437730023_SEG_2_BE-Bibliothek.A5E44859639_R1293233125.svdmp", "XDeviation": "-78631", "YDeviation": "-16863"}]}, "Pick": {"ActualPickPosition": {"Angle": "0", "X": "6000", "Y": "-49500"}, "MeasuredComponentHeight": "0", "NominalPickPosition": {"Angle": "0", "X": "5982", "Y": "-49476"}, "PickupLocationId": "280", "Result": "0", "TimeStampSinceStationStarted": "1293236.475593", "VacuumAbsolute": "-854", "VacuumRelative": "-854", "ZEndPosition": "46273000", "ZTargetPosition": "46277349"}, "Place": {"ActualPlacePosition": {"Angle": "-180000", "X": "36983", "Y": "162628"}, "AirkissPressure": "76", "BoardPanelId": "3", "HoldingCircuitPressure": "2147483647", "NominalPlacePosition": {"Angle": "180000", "X": "36980", "Y": "162630"}, "ReferenceDesignator": "U1800_SOP_8/SOIC_8_O", "Result": "0", "TimeStampSinceStationStarted": "1293237.933519", "VacuumAbsolute": "-854", "VacuumRelative": "99", "ZEndPosition": "43815000", "ZTargetPosition": "43802030"}, "ElectricalMeasurement": null, "Dip": null}]}, "HeadContext": {"HeadSegments": {"HeadSegment": [{"GantryId": "1", "Head": "1", "HeadName": "Twin Head 5xx", "Id": "66049", "NozzleTypeId": "581", "SegmentNumber": "1"}, {"GantryId": "4", "Head": "1", "HeadName": "Twin Head 5xx", "Id": "67588", "NozzleTypeId": "516", "SegmentNumber": "1"}, {"GantryId": "1", "Head": "1", "HeadName": "Twin Head 5xx", "Id": "131585", "NozzleTypeId": "517", "SegmentNumber": "2"}, {"GantryId": "4", "Head": "1", "HeadName": "Twin Head 5xx", "Id": "133124", "NozzleTypeId": "597", "SegmentNumber": "2"}]}}, "SetupContext": {"PickupLocations": {"PickupLocation": [{"Division": "1", "FeederId": "32FAUE900466", "FeederType": "288", "Id": "238", "Level": "0", "Location": "1", "StartTrackNumber": "7", "SubLocation": "1", "Tower": "0", "PackagingUid": "M05323114"}, {"Division": "1", "FeederId": "24KL-L205402", "FeederType": "280", "Id": "240", "Level": "0", "Location": "1", "StartTrackNumber": "14", "SubLocation": "1", "Tower": "0", "PackagingUid": "M05187760"}, {"Division": "1", "FeederId": "44KL-K305106", "FeederType": "300", "Id": "241", "Level": "0", "Location": "1", "StartTrackNumber": "17", "SubLocation": "1", "Tower": "0", "PackagingUid": "M04859550"}, {"Division": "1", "FeederId": "24KL-K305319", "FeederType": "280", "Id": "242", "Level": "0", "Location": "1", "StartTrackNumber": "22", "SubLocation": "1", "Tower": "0", "PackagingUid": "M04790496"}, {"Division": "1", "FeederId": "24FAUE900672", "FeederType": "280", "Id": "265", "Level": "0", "Location": "4", "StartTrackNumber": "1", "SubLocation": "1", "Tower": "0", "PackagingUid": "A00061487"}, {"Division": "1", "FeederId": "32FAUE000671", "FeederType": "288", "Id": "267", "Level": "0", "Location": "4", "StartTrackNumber": "16", "SubLocation": "1", "Tower": "0", "PackagingUid": "M05305951"}, {"Division": "1", "FeederId": "32FAUE900659", "FeederType": "288", "Id": "271", "Level": "0", "Location": "4", "StartTrackNumber": "28", "SubLocation": "1", "Tower": "0", "PackagingUid": "M05325461"}, {"Division": "1", "FeederId": "12KL-F105078", "FeederType": "268", "Id": "280", "Level": "0", "Location": "4", "StartTrackNumber": "14", "SubLocation": "1", "Tower": "0", "PackagingUid": "M05245907"}]}}}}, "ProductionEndedData": {"StationTime": "2021-11-30T09:45:26.9790000+08:00", "TimeStampSinceStationStarted": "1293238.2172"}}