{"name": "PDI_Line5_3861305708_20211130025042.txt", "Timestamp": "2021-11-30T02:50:23.8429277+08:00", "TxnID": "c8bf11ea-2dd9-48f7-8418-711227775b17", "Line": "SEWC-Lines\\Line5", "Machine": "Line5\\ST3_X3 S", "ProductionStartedData": [{"ConveyorLanePosition": "1", "ConveyorStopperPosition": "1", "Pcb": {"BarcodeReaderPosition": "0", "BoardSide": "1", "IndividualGUID": "10fa815d-8b94-473a-b891-70f0d33f1b1d", "LineJobGUID": "3a5e1e40-f5b9-457f-8e3c-d7ab63795644", "Path": "STAB\\A5E50302021lt01", "PcbIndividualID": "43061", "RecipePath": "Line5\\Smart_CPU_L5_702SAF\\A5E50302021lt01", "Barcode": "", "OrderNumber": null}, "ProcessingAreaPosition": "2", "SetupPath": "Line5\\Smart_CPU_L5_702SAF", "StationTime": "2021-11-30T02:48:00.8120000+08:00", "TimeStampSinceStationStarted": "1268192.175408"}], "BoardPositionsList": {"BoardPositions": [{"ActualPosition": {"Angle": "46", "X": "457420", "Y": "-232793", "Z": "-5000"}, "FiducialPositions": {"FiducialRecognitionResult": []}, "NominalPosition": {"Angle": "0", "X": "457820", "Y": "-233646", "Z": "-5000"}}]}, "ProgressDataList": {"ProductionProgressData": {"BoardContext": {"BoardPanels": {"BoardPanel": [{"Id": "2", "PanelPath": "A5E50302021lt01/A1"}, {"Id": "3", "PanelPath": "A5E50302021lt01/B1"}]}}, "ComponentIndividuals": {"ComponentIndividual": [{"HeadSegmentId": "66819", "Measures": {"MeasureList": [{"CameraIndividualId": "3033", "MeasurementResult": "0", "PhiDeviation": "322607", "TimeStampSinceStationStarted": "1268197.954108", "VisionDumpPath": "C:\\Sirio\\Work\\SvDumpFiles\\PartCameraDumps\\JID_303376055_OID_430610004_SEG_1_BE-Bibliothek.A5E01058093_R1268192543.svdmp", "XDeviation": "74018", "YDeviation": "112779"}]}, "Pick": {"ActualPickPosition": {"Angle": "0", "X": "23950", "Y": "-70500"}, "MeasuredComponentHeight": "0", "NominalPickPosition": {"Angle": "0", "X": "23920", "Y": "-70621"}, "PickupLocationId": "263", "Result": "0", "TimeStampSinceStationStarted": "1268196.018277", "VacuumAbsolute": "-448", "VacuumRelative": "-448", "ZEndPosition": "50303500", "ZTargetPosition": "50301645"}, "Place": {"ActualPlacePosition": {"Angle": "-180000", "X": "32397", "Y": "69802"}, "AirkissPressure": "71", "BoardPanelId": "2", "HoldingCircuitPressure": "2147483647", "NominalPlacePosition": {"Angle": "180000", "X": "32420", "Y": "69810"}, "ReferenceDesignator": "X102_CONN_28_STECK_R", "Result": "0", "TimeStampSinceStationStarted": "1268199.529706", "VacuumAbsolute": "-447", "VacuumRelative": "25", "ZEndPosition": "41646500", "ZTargetPosition": "41642336"}, "ElectricalMeasurement": null, "Dip": null}, {"HeadSegmentId": "132355", "Measures": {"MeasureList": [{"CameraIndividualId": "3033", "MeasurementResult": "0", "PhiDeviation": "-107738", "TimeStampSinceStationStarted": "1268198.479926", "VisionDumpPath": "C:\\Sirio\\Work\\SvDumpFiles\\PartCameraDumps\\JID_303376056_OID_430610005_SEG_2_BE-Bibliothek.A5E01058093_R1268193206.svdmp", "XDeviation": "-51447", "YDeviation": "-10982"}]}, "Pick": {"ActualPickPosition": {"Angle": "0", "X": "23950", "Y": "-70500"}, "MeasuredComponentHeight": "0", "NominalPickPosition": {"Angle": "0", "X": "23920", "Y": "-70621"}, "PickupLocationId": "263", "Result": "0", "TimeStampSinceStationStarted": "1268196.680926", "VacuumAbsolute": "-437", "VacuumRelative": "-437", "ZEndPosition": "50404000", "ZTargetPosition": "50315108"}, "Place": {"ActualPlacePosition": {"Angle": "-180000", "X": "152927", "Y": "69802"}, "AirkissPressure": "72", "BoardPanelId": "3", "HoldingCircuitPressure": "2147483647", "NominalPlacePosition": {"Angle": "180000", "X": "152920", "Y": "69810"}, "ReferenceDesignator": "X102_CONN_28_STECK_R", "Result": "0", "TimeStampSinceStationStarted": "1268199.999802", "VacuumAbsolute": "-445", "VacuumRelative": "33", "ZEndPosition": "41652000", "ZTargetPosition": "41649514"}, "ElectricalMeasurement": null, "Dip": null}]}, "HeadContext": {"HeadSegments": {"HeadSegment": [{"GantryId": "3", "Head": "1", "HeadName": "Twin Head 5xx", "Id": "66819", "NozzleTypeId": "573", "SegmentNumber": "1"}, {"GantryId": "3", "Head": "1", "HeadName": "Twin Head 5xx", "Id": "132355", "NozzleTypeId": "573", "SegmentNumber": "2"}]}}, "SetupContext": {"PickupLocations": {"PickupLocation": [{"Division": "1", "FeederId": "44FAUD200890", "FeederType": "300", "Id": "263", "Level": "0", "Location": "3", "StartTrackNumber": "30", "SubLocation": "1", "Tower": "0", "PackagingUid": "M05298564"}]}}}}, "ProductionEndedData": {"StationTime": "2021-11-30T02:48:09.1080000+08:00", "TimeStampSinceStationStarted": "1268200.471618"}}