{"name": "PDI_Line5_3989677718_20211130111600.txt", "Timestamp": "2021-11-30T11:15:44.8558888+08:00", "TxnID": "98853066-247c-4395-99b9-1e9ae4d1c9ec", "Line": "SEWC-Lines\\Line5", "Machine": "Line5\\ST3_X3 S", "ProductionStartedData": [{"ConveyorLanePosition": "1", "ConveyorStopperPosition": "1", "Pcb": {"BarcodeReaderPosition": "0", "BoardSide": "1", "IndividualGUID": "a417d732-c32f-402b-8ed5-4897f4dbe56a", "LineJobGUID": "3f68c8d2-071f-4795-8aa5-1d45806eb923", "Path": "STAB\\A5E50302024lt02", "PcbIndividualID": "43887", "RecipePath": "Line5\\Smart_CPU_L5_702SAF\\A5E50302024lt02", "Barcode": "", "OrderNumber": null}, "ProcessingAreaPosition": "1", "SetupPath": "Line5\\Smart_CPU_L5_702SAF", "StationTime": "2021-11-30T11:13:20.8430000+08:00", "TimeStampSinceStationStarted": "1298512.055517"}], "BoardPositionsList": {"BoardPositions": [{"ActualPosition": {"Angle": "-197", "X": "-477082", "Y": "-232229", "Z": "-5000"}, "FiducialPositions": {"FiducialRecognitionResult": [{"ActualPosition": {"Angle": "-164", "X": "193165", "Y": "11925", "Z": null}, "CameraIndividualId": "4034", "FiducialFunction": "0", "GantryId": "4", "MeasurementResult": "0", "NominalPosition": {"Angle": "0", "X": "194170", "Y": "11990", "Z": null}, "Path": "A5E50302024lt02/1/01/1", "StationTime": "2021-11-30T11:13:23.7480000+08:00", "TimeStampSinceStationStarted": "1298514.959937"}, {"ActualPosition": {"Angle": "-189", "X": "4619", "Y": "184821", "Z": null}, "CameraIndividualId": "4034", "FiducialFunction": "0", "GantryId": "4", "MeasurementResult": "0", "NominalPosition": {"Angle": "0", "X": "5040", "Y": "184226", "Z": null}, "Path": "A5E50302024lt02/1/02/1", "StationTime": "2021-11-30T11:13:23.7480000+08:00", "TimeStampSinceStationStarted": "1298514.959937"}]}, "NominalPosition": {"Angle": "0", "X": "-476032", "Y": "-232838", "Z": "-5000"}}]}, "ProgressDataList": {"ProductionProgressData": {"BoardContext": {"BoardPanels": {"BoardPanel": [{"Id": "2", "PanelPath": "A5E50302024lt02/A1"}]}}, "ComponentIndividuals": {"ComponentIndividual": [{"HeadSegmentId": "67588", "Measures": {"MeasureList": [{"CameraIndividualId": "4033", "MeasurementResult": "0", "PhiDeviation": "898419", "TimeStampSinceStationStarted": "1298515.600719", "VisionDumpPath": "C:\\Sirio\\Work\\SvDumpFiles\\PartCameraDumps\\JID_403368205_OID_438870000_SEG_1_BE-Bibliothek.A5E00277754_R1298509767.svdmp", "XDeviation": "-130409", "YDeviation": "-2666"}]}, "Pick": {"ActualPickPosition": {"Angle": "0", "X": "18028", "Y": "-70606"}, "MeasuredComponentHeight": "0", "NominalPickPosition": {"Angle": "0", "X": "17782", "Y": "-70519"}, "PickupLocationId": "272", "Result": "0", "TimeStampSinceStationStarted": "1298513.090717", "VacuumAbsolute": "-826", "VacuumRelative": "-826", "ZEndPosition": "47265000", "ZTargetPosition": "47285278"}, "Place": {"ActualPlacePosition": {"Angle": "180000", "X": "172154", "Y": "50422"}, "AirkissPressure": "78", "BoardPanelId": "2", "HoldingCircuitPressure": "2147483647", "NominalPlacePosition": {"Angle": "180000", "X": "172150", "Y": "50425"}, "ReferenceDesignator": "X101_EXSOP_14_STECK_", "Result": "0", "TimeStampSinceStationStarted": "1298515.994611", "VacuumAbsolute": "-846", "VacuumRelative": "97", "ZEndPosition": "39004500", "ZTargetPosition": "38924285"}, "ElectricalMeasurement": null, "Dip": null}, {"HeadSegmentId": "67588", "Measures": {"MeasureList": [{"CameraIndividualId": "4033", "MeasurementResult": "0", "PhiDeviation": "-123298", "TimeStampSinceStationStarted": "1298517.260877", "VisionDumpPath": "C:\\Sirio\\Work\\SvDumpFiles\\PartCameraDumps\\JID_403368206_OID_438870001_SEG_1_BE-Bibliothek.A5E50179091_R1298513490.svdmp", "XDeviation": "12774", "YDeviation": "-4011"}]}, "Pick": {"ActualPickPosition": {"Angle": "0", "X": "15126", "Y": "-71150"}, "MeasuredComponentHeight": "0", "NominalPickPosition": {"Angle": "0", "X": "15197", "Y": "-71285"}, "PickupLocationId": "266", "Result": "0", "TimeStampSinceStationStarted": "1298516.814171", "VacuumAbsolute": "-789", "VacuumRelative": "-789", "ZEndPosition": "47658500", "ZTargetPosition": "47604712"}, "Place": {"ActualPlacePosition": {"Angle": "0", "X": "146303", "Y": "29326"}, "AirkissPressure": "77", "BoardPanelId": "2", "HoldingCircuitPressure": "2147483647", "NominalPlacePosition": {"Angle": "0", "X": "146300", "Y": "29330"}, "ReferenceDesignator": "D2_BGA_90_IC_DRAM_51", "Result": "0", "TimeStampSinceStationStarted": "1298517.663862", "VacuumAbsolute": "-838", "VacuumRelative": "95", "ZEndPosition": "46623000", "ZTargetPosition": "46571095"}, "ElectricalMeasurement": null, "Dip": null}]}, "HeadContext": {"HeadSegments": {"HeadSegment": [{"GantryId": "4", "Head": "1", "HeadName": "Twin Head 5xx", "Id": "67588", "NozzleTypeId": "516", "SegmentNumber": "1"}]}}, "SetupContext": {"PickupLocations": {"PickupLocation": [{"Division": "1", "FeederId": "24FAUE600590", "FeederType": "280", "Id": "266", "Level": "0", "Location": "4", "StartTrackNumber": "4", "SubLocation": "1", "Tower": "0", "PackagingUid": "M05320388"}, {"Division": "1", "FeederId": "32KL-K405124", "FeederType": "288", "Id": "272", "Level": "0", "Location": "4", "StartTrackNumber": "32", "SubLocation": "1", "Tower": "0", "PackagingUid": "M05323051"}]}}}}, "ProductionEndedData": {"StationTime": "2021-11-30T11:13:26.8250000+08:00", "TimeStampSinceStationStarted": "1298518.037216"}}