{"name": "PDI_Line5_4162538316_20211130013805.txt", "Timestamp": "2021-11-30T01:37:52.0270742+08:00", "TxnID": "8b85a94d-9a4d-4f4c-98f1-d007aaa4495c", "Line": "SEWC-Lines\\Line5", "Machine": "Line5\\ST3_X3 S", "ProductionStartedData": [{"ConveyorLanePosition": "1", "ConveyorStopperPosition": "1", "Pcb": {"BarcodeReaderPosition": "0", "BoardSide": "1", "IndividualGUID": "ffe29801-e657-448c-a7ee-668800f9fd2b", "LineJobGUID": "3a5e1e40-f5b9-457f-8e3c-d7ab63795644", "Path": "STAB\\A5E50302021lt01", "PcbIndividualID": "42855", "RecipePath": "Line5\\Smart_CPU_L5_702SAF\\A5E50302021lt01", "Barcode": "", "OrderNumber": null}, "ProcessingAreaPosition": "1", "SetupPath": "Line5\\Smart_CPU_L5_702SAF", "StationTime": "2021-11-30T01:35:29.1000000+08:00", "TimeStampSinceStationStarted": "1263840.484976"}], "BoardPositionsList": {"BoardPositions": [{"ActualPosition": {"Angle": "-76", "X": "-528853", "Y": "-232647", "Z": "-5000"}, "FiducialPositions": {"FiducialRecognitionResult": [{"ActualPosition": {"Angle": "-65", "X": "242649", "Y": "10370", "Z": null}, "CameraIndividualId": "4034", "FiducialFunction": "0", "GantryId": "4", "MeasurementResult": "0", "NominalPosition": {"Angle": "0", "X": "243420", "Y": "10530", "Z": null}, "Path": "A5E50302021lt01/1/01/1", "StationTime": "2021-11-30T01:35:32.1990000+08:00", "TimeStampSinceStationStarted": "1263843.584567"}, {"ActualPosition": {"Angle": "-78", "X": "7365", "Y": "192239", "Z": null}, "CameraIndividualId": "4034", "FiducialFunction": "0", "GantryId": "4", "MeasurementResult": "0", "NominalPosition": {"Angle": "0", "X": "7970", "Y": "192030", "Z": null}, "Path": "A5E50302021lt01/1/02/1", "StationTime": "2021-11-30T01:35:32.1990000+08:00", "TimeStampSinceStationStarted": "1263843.584567"}]}, "NominalPosition": {"Angle": "0", "X": "-528032", "Y": "-232838", "Z": "-5000"}}]}, "ProgressDataList": {"ProductionProgressData": {"BoardContext": {"BoardPanels": {"BoardPanel": [{"Id": "2", "PanelPath": "A5E50302021lt01/A1"}, {"Id": "3", "PanelPath": "A5E50302021lt01/B1"}]}}, "ComponentIndividuals": {"ComponentIndividual": [{"HeadSegmentId": "67588", "Measures": {"MeasureList": [{"CameraIndividualId": "4033", "MeasurementResult": "0", "PhiDeviation": "-103432", "TimeStampSinceStationStarted": "1263844.232984", "VisionDumpPath": "C:\\Sirio\\Work\\SvDumpFiles\\PartCameraDumps\\JID_403357538_OID_428550000_SEG_1_BE-Bibliothek.A5E50179091_R1263838027.svdmp", "XDeviation": "1574", "YDeviation": "55496"}]}, "Pick": {"ActualPickPosition": {"Angle": "0", "X": "15126", "Y": "-71150"}, "MeasuredComponentHeight": "0", "NominalPickPosition": {"Angle": "0", "X": "15232", "Y": "-71333"}, "PickupLocationId": "266", "Result": "0", "TimeStampSinceStationStarted": "1263841.523395", "VacuumAbsolute": "-780", "VacuumRelative": "-780", "ZEndPosition": "47602000", "ZTargetPosition": "47621115"}, "Place": {"ActualPlacePosition": {"Angle": "0", "X": "200755", "Y": "27957"}, "AirkissPressure": "77", "BoardPanelId": "3", "HoldingCircuitPressure": "2147483647", "NominalPlacePosition": {"Angle": "0", "X": "200731", "Y": "27980"}, "ReferenceDesignator": "D2_BGA_90_IC_DRAM_51", "Result": "0", "TimeStampSinceStationStarted": "1263844.636521", "VacuumAbsolute": "-836", "VacuumRelative": "96", "ZEndPosition": "46608500", "ZTargetPosition": "46592098"}, "ElectricalMeasurement": null, "Dip": null}, {"HeadSegmentId": "67588", "Measures": {"MeasureList": [{"CameraIndividualId": "4033", "MeasurementResult": "0", "PhiDeviation": "-93709", "TimeStampSinceStationStarted": "1263845.965639", "VisionDumpPath": "C:\\Sirio\\Work\\SvDumpFiles\\PartCameraDumps\\JID_403357539_OID_428550001_SEG_1_BE-Bibliothek.A5E00277754_R1263841777.svdmp", "XDeviation": "279654", "YDeviation": "70904"}]}, "Pick": {"ActualPickPosition": {"Angle": "0", "X": "18028", "Y": "-70606"}, "MeasuredComponentHeight": "0", "NominalPickPosition": {"Angle": "0", "X": "17657", "Y": "-70418"}, "PickupLocationId": "272", "Result": "0", "TimeStampSinceStationStarted": "1263845.273774", "VacuumAbsolute": "-829", "VacuumRelative": "-829", "ZEndPosition": "47280000", "ZTargetPosition": "47291702"}, "Place": {"ActualPlacePosition": {"Angle": "180000", "X": "226613", "Y": "49064"}, "AirkissPressure": "78", "BoardPanelId": "3", "HoldingCircuitPressure": "2147483647", "NominalPlacePosition": {"Angle": "180000", "X": "226581", "Y": "49080"}, "ReferenceDesignator": "X101_EXSOP_14_STECK_", "Result": "0", "TimeStampSinceStationStarted": "1263846.450472", "VacuumAbsolute": "-851", "VacuumRelative": "98", "ZEndPosition": "39023500", "ZTargetPosition": "39037753"}, "ElectricalMeasurement": null, "Dip": null}, {"HeadSegmentId": "133124", "Measures": {"MeasureList": [{"CameraIndividualId": "4033", "MeasurementResult": "0", "PhiDeviation": "-76729", "TimeStampSinceStationStarted": "1263846.107739", "VisionDumpPath": "C:\\Sirio\\Work\\SvDumpFiles\\PartCameraDumps\\JID_403357540_OID_428550002_SEG_2_BE-Bibliothek.A5E00277754_R1263841990.svdmp", "XDeviation": "-61959", "YDeviation": "-14554"}]}, "Pick": {"ActualPickPosition": {"Angle": "0", "X": "18028", "Y": "-70606"}, "MeasuredComponentHeight": "0", "NominalPickPosition": {"Angle": "0", "X": "17657", "Y": "-70418"}, "PickupLocationId": "272", "Result": "0", "TimeStampSinceStationStarted": "1263845.4876", "VacuumAbsolute": "-825", "VacuumRelative": "-825", "ZEndPosition": "47315000", "ZTargetPosition": "47312202"}, "Place": {"ActualPlacePosition": {"Angle": "180000", "X": "106075", "Y": "49064"}, "AirkissPressure": "71", "BoardPanelId": "2", "HoldingCircuitPressure": "2147483647", "NominalPlacePosition": {"Angle": "180000", "X": "106081", "Y": "49080"}, "ReferenceDesignator": "X101_EXSOP_14_STECK_", "Result": "0", "TimeStampSinceStationStarted": "1263846.629688", "VacuumAbsolute": "-837", "VacuumRelative": "96", "ZEndPosition": "38798500", "ZTargetPosition": "38776538"}, "ElectricalMeasurement": null, "Dip": null}, {"HeadSegmentId": "67588", "Measures": {"MeasureList": [{"CameraIndividualId": "4033", "MeasurementResult": "0", "PhiDeviation": "-324271", "TimeStampSinceStationStarted": "1263847.720138", "VisionDumpPath": "C:\\Sirio\\Work\\SvDumpFiles\\PartCameraDumps\\JID_403357541_OID_428550003_SEG_1_BE-Bibliothek.A5E50179091_R1263843775.svdmp", "XDeviation": "-18722", "YDeviation": "49644"}]}, "Pick": {"ActualPickPosition": {"Angle": "0", "X": "15126", "Y": "-71150"}, "MeasuredComponentHeight": "0", "NominalPickPosition": {"Angle": "0", "X": "15232", "Y": "-71330"}, "PickupLocationId": "266", "Result": "0", "TimeStampSinceStationStarted": "1263847.272865", "VacuumAbsolute": "-788", "VacuumRelative": "-788", "ZEndPosition": "47662000", "ZTargetPosition": "47616336"}, "Place": {"ActualPlacePosition": {"Angle": "0", "X": "80217", "Y": "27957"}, "AirkissPressure": "73", "BoardPanelId": "2", "HoldingCircuitPressure": "2147483647", "NominalPlacePosition": {"Angle": "0", "X": "80231", "Y": "27980"}, "ReferenceDesignator": "D2_BGA_90_IC_DRAM_51", "Result": "0", "TimeStampSinceStationStarted": "1263848.122942", "VacuumAbsolute": "-837", "VacuumRelative": "96", "ZEndPosition": "46571000", "ZTargetPosition": "46545927"}, "ElectricalMeasurement": null, "Dip": null}]}, "HeadContext": {"HeadSegments": {"HeadSegment": [{"GantryId": "4", "Head": "1", "HeadName": "Twin Head 5xx", "Id": "67588", "NozzleTypeId": "516", "SegmentNumber": "1"}, {"GantryId": "4", "Head": "1", "HeadName": "Twin Head 5xx", "Id": "133124", "NozzleTypeId": "516", "SegmentNumber": "2"}]}}, "SetupContext": {"PickupLocations": {"PickupLocation": [{"Division": "1", "FeederId": "24FAUE600590", "FeederType": "280", "Id": "266", "Level": "0", "Location": "4", "StartTrackNumber": "4", "SubLocation": "1", "Tower": "0", "PackagingUid": "M05320388"}, {"Division": "1", "FeederId": "32KL-K405124", "FeederType": "288", "Id": "272", "Level": "0", "Location": "4", "StartTrackNumber": "32", "SubLocation": "1", "Tower": "0", "PackagingUid": "M05323060"}]}}}}, "ProductionEndedData": {"StationTime": "2021-11-30T01:35:37.1220000+08:00", "TimeStampSinceStationStarted": "1263848.506921"}}