{"name": "PDI_Line5_4031500056_20211130231837.txt", "Timestamp": "2021-11-30T23:18:26.0344399+08:00", "TxnID": "e79ce1d4-7894-484b-bbeb-0383d21beef1", "Line": "SEWC-Lines\\Line5", "Machine": "Line5\\ST3_X3 S", "ProductionStartedData": [{"ConveyorLanePosition": "2", "ConveyorStopperPosition": "1", "Pcb": {"BarcodeReaderPosition": "0", "BoardSide": "1", "IndividualGUID": "fe6c86bd-d06b-45ca-ba64-f5feca7b5cb5", "LineJobGUID": "0eac2a39-09f1-470d-9bd7-2a5e9815b5ca", "Path": "STAB\\A5E50302024lt02", "PcbIndividualID": "44466", "RecipePath": "Line5\\Smart_CPU_L5_702SAF\\A5E50302024lt02", "Barcode": "", "OrderNumber": null}, "ProcessingAreaPosition": "1", "SetupPath": "Line5\\Smart_CPU_L5_702SAF", "StationTime": "2021-11-30T23:16:01.2070000+08:00", "TimeStampSinceStationStarted": "1341872.205106"}], "BoardPositionsList": {"BoardPositions": [{"ActualPosition": {"Angle": "351", "X": "-475885", "Y": "16464", "Z": "-5000"}, "FiducialPositions": {"FiducialRecognitionResult": [{"ActualPosition": {"Angle": "347", "X": "194123", "Y": "12940", "Z": null}, "CameraIndividualId": "4034", "FiducialFunction": "0", "GantryId": "4", "MeasurementResult": "0", "NominalPosition": {"Angle": "0", "X": "194170", "Y": "11990", "Z": null}, "Path": "A5E50302024lt02/1/01/1", "StationTime": "2021-11-30T23:16:03.8080000+08:00", "TimeStampSinceStationStarted": "1341874.805381"}, {"ActualPosition": {"Angle": "324", "X": "3920", "Y": "184033", "Z": null}, "CameraIndividualId": "4034", "FiducialFunction": "0", "GantryId": "4", "MeasurementResult": "0", "NominalPosition": {"Angle": "0", "X": "5040", "Y": "184226", "Z": null}, "Path": "A5E50302024lt02/1/02/1", "StationTime": "2021-11-30T23:16:03.8080000+08:00", "TimeStampSinceStationStarted": "1341874.805381"}]}, "NominalPosition": {"Angle": "0", "X": "-475904", "Y": "16695", "Z": "-5000"}}]}, "ProgressDataList": {"ProductionProgressData": {"BoardContext": {"BoardPanels": {"BoardPanel": [{"Id": "2", "PanelPath": "A5E50302024lt02/A1"}]}}, "ComponentIndividuals": {"ComponentIndividual": [{"HeadSegmentId": "67588", "Measures": {"MeasureList": [{"CameraIndividualId": "4033", "MeasurementResult": "0", "PhiDeviation": "-634373", "TimeStampSinceStationStarted": "1341875.360063", "VisionDumpPath": "C:\\Sirio\\Work\\SvDumpFiles\\PartCameraDumps\\JID_403374235_OID_444660000_SEG_1_BE-Bibliothek.A5E00277754_R1341869286.svdmp", "XDeviation": "161645", "YDeviation": "914"}]}, "Pick": {"ActualPickPosition": {"Angle": "0", "X": "18028", "Y": "-70606"}, "MeasuredComponentHeight": "0", "NominalPickPosition": {"Angle": "0", "X": "17741", "Y": "-70483"}, "PickupLocationId": "272", "Result": "0", "TimeStampSinceStationStarted": "1341872.39596", "VacuumAbsolute": "-811", "VacuumRelative": "-811", "ZEndPosition": "47262000", "ZTargetPosition": "47266832"}, "Place": {"ActualPlacePosition": {"Angle": "180000", "X": "172158", "Y": "50420"}, "AirkissPressure": "74", "BoardPanelId": "2", "HoldingCircuitPressure": "2147483647", "NominalPlacePosition": {"Angle": "180000", "X": "172150", "Y": "50425"}, "ReferenceDesignator": "X101_EXSOP_14_STECK_", "Result": "0", "TimeStampSinceStationStarted": "1341875.654881", "VacuumAbsolute": "-826", "VacuumRelative": "92", "ZEndPosition": "38991500", "ZTargetPosition": "38930955"}, "ElectricalMeasurement": null, "Dip": null}, {"HeadSegmentId": "67588", "Measures": {"MeasureList": [{"CameraIndividualId": "4033", "MeasurementResult": "0", "PhiDeviation": "-214252", "TimeStampSinceStationStarted": "1341876.92435", "VisionDumpPath": "C:\\Sirio\\Work\\SvDumpFiles\\PartCameraDumps\\JID_403374236_OID_444660001_SEG_1_BE-Bibliothek.A5E50179091_R1341873367.svdmp", "XDeviation": "14187", "YDeviation": "-30033"}]}, "Pick": {"ActualPickPosition": {"Angle": "0", "X": "15126", "Y": "-71150"}, "MeasuredComponentHeight": "0", "NominalPickPosition": {"Angle": "0", "X": "15197", "Y": "-71291"}, "PickupLocationId": "266", "Result": "0", "TimeStampSinceStationStarted": "1341876.477904", "VacuumAbsolute": "-779", "VacuumRelative": "-779", "ZEndPosition": "47665000", "ZTargetPosition": "47687393"}, "Place": {"ActualPlacePosition": {"Angle": "0", "X": "146305", "Y": "29322"}, "AirkissPressure": "74", "BoardPanelId": "2", "HoldingCircuitPressure": "2147483647", "NominalPlacePosition": {"Angle": "0", "X": "146300", "Y": "29330"}, "ReferenceDesignator": "D2_BGA_90_IC_DRAM_51", "Result": "0", "TimeStampSinceStationStarted": "1341877.22748", "VacuumAbsolute": "-833", "VacuumRelative": "94", "ZEndPosition": "46674500", "ZTargetPosition": "46626199"}, "ElectricalMeasurement": null, "Dip": null}]}, "HeadContext": {"HeadSegments": {"HeadSegment": [{"GantryId": "4", "Head": "1", "HeadName": "Twin Head 5xx", "Id": "67588", "NozzleTypeId": "516", "SegmentNumber": "1"}]}}, "SetupContext": {"PickupLocations": {"PickupLocation": [{"Division": "1", "FeederId": "24FAUE600590", "FeederType": "280", "Id": "266", "Level": "0", "Location": "4", "StartTrackNumber": "4", "SubLocation": "1", "Tower": "0", "PackagingUid": "A00055530"}, {"Division": "1", "FeederId": "32KL-K405124", "FeederType": "288", "Id": "272", "Level": "0", "Location": "4", "StartTrackNumber": "32", "SubLocation": "1", "Tower": "0", "PackagingUid": "M05323054"}]}}}}, "ProductionEndedData": {"StationTime": "2021-11-30T23:16:06.6030000+08:00", "TimeStampSinceStationStarted": "1341877.602247"}}