{"name": "PDI_Line5_3910484314_20211130090230.txt", "Timestamp": "2021-11-30T09:02:00.3803620+08:00", "TxnID": "e42d9879-d61e-4ab9-8a0b-24607a008783", "Line": "SEWC-Lines\\Line5", "Machine": "Line5\\ST3_X3 S", "ProductionStartedData": [{"ConveyorLanePosition": "1", "ConveyorStopperPosition": "1", "Pcb": {"BarcodeReaderPosition": "0", "BoardSide": "1", "IndividualGUID": "fe2330d9-190f-4284-a26e-9ac65b8f0b7e", "LineJobGUID": "fead7f33-0866-4d90-8540-e9f27c9d6bcf", "Path": "STAB\\A5E50302021bt01", "PcbIndividualID": "43683", "RecipePath": "Line5\\Smart_CPU_L5_702SAF\\A5E50302021bt01", "Barcode": "", "OrderNumber": null}, "ProcessingAreaPosition": "2", "SetupPath": "Line5\\Smart_CPU_L5_702SAF", "StationTime": "2021-11-30T08:59:36.8830000+08:00", "TimeStampSinceStationStarted": "1290488.134835"}], "BoardPositionsList": {"BoardPositions": [{"ActualPosition": {"Angle": "-2", "X": "457634", "Y": "-232993", "Z": "-5000"}, "FiducialPositions": {"FiducialRecognitionResult": []}, "NominalPosition": {"Angle": "0", "X": "457820", "Y": "-233646", "Z": "-5000"}}]}, "ProgressDataList": {"ProductionProgressData": {"BoardContext": {"BoardPanels": {"BoardPanel": [{"Id": "2", "PanelPath": "A5E50302021bt01/A1"}, {"Id": "3", "PanelPath": "A5E50302021bt01/B1"}]}}, "ComponentIndividuals": {"ComponentIndividual": [{"HeadSegmentId": "66819", "Measures": {"MeasureList": [{"CameraIndividualId": "3033", "MeasurementResult": "0", "PhiDeviation": "834288", "TimeStampSinceStationStarted": "1290490.233386", "VisionDumpPath": "C:\\Sirio\\Work\\SvDumpFiles\\PartCameraDumps\\JID_303384718_OID_436830024_SEG_1_BE-Bibliothek.A5E00701727_R1290486125.svdmp", "XDeviation": "35286", "YDeviation": "-82022"}]}, "Pick": {"ActualPickPosition": {"Angle": "180000", "X": "15250", "Y": "-70500"}, "MeasuredComponentHeight": "0", "NominalPickPosition": {"Angle": "180000", "X": "15292", "Y": "-70438"}, "PickupLocationId": "260", "Result": "0", "TimeStampSinceStationStarted": "1290489.489613", "VacuumAbsolute": "-830", "VacuumRelative": "-830", "ZEndPosition": "47680000", "ZTargetPosition": "47640703"}, "Place": {"ActualPlacePosition": {"Angle": "0", "X": "89681", "Y": "141629"}, "AirkissPressure": "76", "BoardPanelId": "3", "HoldingCircuitPressure": "2147483647", "NominalPlacePosition": {"Angle": "0", "X": "89680", "Y": "141630"}, "ReferenceDesignator": "C2207_CAPA_2_22_KOND", "Result": "0", "TimeStampSinceStationStarted": "1290490.794716", "VacuumAbsolute": "-857", "VacuumRelative": "102", "ZEndPosition": "37273500", "ZTargetPosition": "37249335"}, "ElectricalMeasurement": null, "Dip": null}, {"HeadSegmentId": "132355", "Measures": {"MeasureList": [{"CameraIndividualId": "3033", "MeasurementResult": "0", "PhiDeviation": "444977", "TimeStampSinceStationStarted": "1290490.373854", "VisionDumpPath": "C:\\Sirio\\Work\\SvDumpFiles\\PartCameraDumps\\JID_303384719_OID_436830025_SEG_2_BE-Bibliothek.A5E01059015_R1290486304.svdmp", "XDeviation": "-156937", "YDeviation": "438927"}]}, "Pick": {"ActualPickPosition": {"Angle": "0", "X": "17950", "Y": "-70500"}, "MeasuredComponentHeight": "0", "NominalPickPosition": {"Angle": "0", "X": "18289", "Y": "-70189"}, "PickupLocationId": "259", "Result": "0", "TimeStampSinceStationStarted": "1290489.668929", "VacuumAbsolute": "-833", "VacuumRelative": "-833", "ZEndPosition": "48956500", "ZTargetPosition": "49029498"}, "Place": {"ActualPlacePosition": {"Angle": "180000", "X": "145423", "Y": "139449"}, "AirkissPressure": "75", "BoardPanelId": "2", "HoldingCircuitPressure": "2147483647", "NominalPlacePosition": {"Angle": "180000", "X": "145424", "Y": "139450"}, "ReferenceDesignator": "X201_CONN_14_STECK_R", "Result": "0", "TimeStampSinceStationStarted": "1290491.008744", "VacuumAbsolute": "-837", "VacuumRelative": "104", "ZEndPosition": "29634000", "ZTargetPosition": "29617063"}, "ElectricalMeasurement": null, "Dip": null}, {"HeadSegmentId": "66819", "Measures": {"MeasureList": [{"CameraIndividualId": "3033", "MeasurementResult": "0", "PhiDeviation": "-1698538", "TimeStampSinceStationStarted": "1290492.323158", "VisionDumpPath": "C:\\Sirio\\Work\\SvDumpFiles\\PartCameraDumps\\JID_303384720_OID_436830026_SEG_1_BE-Bibliothek.A5E00701727_R1290488241.svdmp", "XDeviation": "24050", "YDeviation": "165429"}]}, "Pick": {"ActualPickPosition": {"Angle": "180000", "X": "15250", "Y": "-70500"}, "MeasuredComponentHeight": "0", "NominalPickPosition": {"Angle": "180000", "X": "15291", "Y": "-70433"}, "PickupLocationId": "260", "Result": "0", "TimeStampSinceStationStarted": "1290491.604974", "VacuumAbsolute": "-830", "VacuumRelative": "-830", "ZEndPosition": "47658500", "ZTargetPosition": "47650527"}, "Place": {"ActualPlacePosition": {"Angle": "0", "X": "102581", "Y": "141629"}, "AirkissPressure": "75", "BoardPanelId": "3", "HoldingCircuitPressure": "2147483647", "NominalPlacePosition": {"Angle": "0", "X": "102580", "Y": "141630"}, "ReferenceDesignator": "C2208_CAPA_2_22_KOND", "Result": "0", "TimeStampSinceStationStarted": "1290492.884509", "VacuumAbsolute": "-858", "VacuumRelative": "102", "ZEndPosition": "37237500", "ZTargetPosition": "37248582"}, "ElectricalMeasurement": null, "Dip": null}, {"HeadSegmentId": "132355", "Measures": {"MeasureList": [{"CameraIndividualId": "3033", "MeasurementResult": "0", "PhiDeviation": "-347191", "TimeStampSinceStationStarted": "1290492.463772", "VisionDumpPath": "C:\\Sirio\\Work\\SvDumpFiles\\PartCameraDumps\\JID_303384721_OID_436830027_SEG_2_BE-Bibliothek.A5E01059015_R1290488404.svdmp", "XDeviation": "164369", "YDeviation": "-174961"}]}, "Pick": {"ActualPickPosition": {"Angle": "0", "X": "17950", "Y": "-70500"}, "MeasuredComponentHeight": "0", "NominalPickPosition": {"Angle": "0", "X": "18281", "Y": "-70167"}, "PickupLocationId": "259", "Result": "0", "TimeStampSinceStationStarted": "1290491.768031", "VacuumAbsolute": "-834", "VacuumRelative": "-834", "ZEndPosition": "49131000", "ZTargetPosition": "49011249"}, "Place": {"ActualPlacePosition": {"Angle": "180000", "X": "24928", "Y": "139449"}, "AirkissPressure": "72", "BoardPanelId": "3", "HoldingCircuitPressure": "2147483647", "NominalPlacePosition": {"Angle": "180000", "X": "24924", "Y": "139450"}, "ReferenceDesignator": "X201_CONN_14_STECK_R", "Result": "0", "TimeStampSinceStationStarted": "1290493.191755", "VacuumAbsolute": "-837", "VacuumRelative": "104", "ZEndPosition": "29772500", "ZTargetPosition": "29740277"}, "ElectricalMeasurement": null, "Dip": null}, {"HeadSegmentId": "132355", "Measures": {"MeasureList": [{"CameraIndividualId": "3033", "MeasurementResult": "0", "PhiDeviation": "-264253", "TimeStampSinceStationStarted": "1290495.433982", "VisionDumpPath": "C:\\Sirio\\Work\\SvDumpFiles\\PartCameraDumps\\JID_303384722_OID_436830028_SEG_2_BE-Bibliothek.A5E30235063_R1290490533.svdmp", "XDeviation": "169579", "YDeviation": "-2769801"}]}, "Pick": {"ActualPickPosition": {"Angle": "-90000", "X": "-116500", "Y": "-14500"}, "MeasuredComponentHeight": "0", "NominalPickPosition": {"Angle": "-90000", "X": "-116500", "Y": "-14500"}, "PickupLocationId": "253", "Result": "0", "TimeStampSinceStationStarted": "1290493.897804", "VacuumAbsolute": "-838", "VacuumRelative": "-838", "ZEndPosition": "48382500", "ZTargetPosition": "47905803"}, "Place": {"ActualPlacePosition": {"Angle": "0", "X": "169817", "Y": "46282"}, "AirkissPressure": "72", "BoardPanelId": "2", "HoldingCircuitPressure": "2147483647", "NominalPlacePosition": {"Angle": "0", "X": "169819", "Y": "46280"}, "ReferenceDesignator": "D1_BGA_372_IC_ASIC_S", "Result": "0", "TimeStampSinceStationStarted": "1290495.968521", "VacuumAbsolute": "-840", "VacuumRelative": "104", "ZEndPosition": "47884500", "ZTargetPosition": "47889098"}, "ElectricalMeasurement": null, "Dip": null}, {"HeadSegmentId": "66819", "Measures": {"MeasureList": [{"CameraIndividualId": "3033", "MeasurementResult": "0", "PhiDeviation": "-316046", "TimeStampSinceStationStarted": "1290495.576057", "VisionDumpPath": "C:\\Sirio\\Work\\SvDumpFiles\\PartCameraDumps\\JID_303384723_OID_436830029_SEG_1_BE-Bibliothek.A5E00210763_R1290491482.svdmp", "XDeviation": "31060", "YDeviation": "-21724"}]}, "Pick": {"ActualPickPosition": {"Angle": "180000", "X": "15250", "Y": "-70500"}, "MeasuredComponentHeight": "0", "NominalPickPosition": {"Angle": "180000", "X": "15193", "Y": "-70549"}, "PickupLocationId": "256", "Result": "0", "TimeStampSinceStationStarted": "1290494.846257", "VacuumAbsolute": "-818", "VacuumRelative": "-818", "ZEndPosition": "47816500", "ZTargetPosition": "47800096"}, "Place": {"ActualPlacePosition": {"Angle": "90000", "X": "82381", "Y": "33332"}, "AirkissPressure": "75", "BoardPanelId": "3", "HoldingCircuitPressure": "2147483647", "NominalPlacePosition": {"Angle": "90000", "X": "82380", "Y": "33330"}, "ReferenceDesignator": "C1618_CAP_2_KOND_EL_", "Result": "0", "TimeStampSinceStationStarted": "1290496.208197", "VacuumAbsolute": "-819", "VacuumRelative": "95", "ZEndPosition": "37255000", "ZTargetPosition": "37218276"}, "ElectricalMeasurement": null, "Dip": null}, {"HeadSegmentId": "132355", "Measures": {"MeasureList": [{"CameraIndividualId": "3033", "MeasurementResult": "0", "PhiDeviation": "-59684", "TimeStampSinceStationStarted": "1290498.239595", "VisionDumpPath": "C:\\Sirio\\Work\\SvDumpFiles\\PartCameraDumps\\JID_303384724_OID_436830030_SEG_2_BE-Bibliothek.A5E30235063_R1290493328.svdmp", "XDeviation": "249219", "YDeviation": "-2644233"}]}, "Pick": {"ActualPickPosition": {"Angle": "-90000", "X": "-91000", "Y": "-14500"}, "MeasuredComponentHeight": "0", "NominalPickPosition": {"Angle": "-90000", "X": "-91000", "Y": "-14500"}, "PickupLocationId": "253", "Result": "0", "TimeStampSinceStationStarted": "1290496.692497", "VacuumAbsolute": "-840", "VacuumRelative": "-840", "ZEndPosition": "48434000", "ZTargetPosition": "48024977"}, "Place": {"ActualPlacePosition": {"Angle": "0", "X": "49322", "Y": "46282"}, "AirkissPressure": "75", "BoardPanelId": "3", "HoldingCircuitPressure": "2147483647", "NominalPlacePosition": {"Angle": "0", "X": "49319", "Y": "46280"}, "ReferenceDesignator": "D1_BGA_372_IC_ASIC_S", "Result": "0", "TimeStampSinceStationStarted": "1290498.773786", "VacuumAbsolute": "-840", "VacuumRelative": "104", "ZEndPosition": "47853500", "ZTargetPosition": "47841717"}, "ElectricalMeasurement": null, "Dip": null}, {"HeadSegmentId": "66819", "Measures": {"MeasureList": [{"CameraIndividualId": "3033", "MeasurementResult": "0", "PhiDeviation": "289026", "TimeStampSinceStationStarted": "1290498.38148", "VisionDumpPath": "C:\\Sirio\\Work\\SvDumpFiles\\PartCameraDumps\\JID_303384725_OID_436830031_SEG_1_BE-Bibliothek.A5E00210763_R1290494278.svdmp", "XDeviation": "14812", "YDeviation": "-14938"}]}, "Pick": {"ActualPickPosition": {"Angle": "180000", "X": "15250", "Y": "-70500"}, "MeasuredComponentHeight": "0", "NominalPickPosition": {"Angle": "180000", "X": "15192", "Y": "-70548"}, "PickupLocationId": "256", "Result": "0", "TimeStampSinceStationStarted": "1290497.641697", "VacuumAbsolute": "-796", "VacuumRelative": "-796", "ZEndPosition": "47761500", "ZTargetPosition": "47804197"}, "Place": {"ActualPlacePosition": {"Angle": "90000", "X": "202877", "Y": "33332"}, "AirkissPressure": "75", "BoardPanelId": "2", "HoldingCircuitPressure": "2147483647", "NominalPlacePosition": {"Angle": "90000", "X": "202880", "Y": "33330"}, "ReferenceDesignator": "C1618_CAP_2_KOND_EL_", "Result": "0", "TimeStampSinceStationStarted": "1290499.11925", "VacuumAbsolute": "-797", "VacuumRelative": "91", "ZEndPosition": "37253500", "ZTargetPosition": "37302254"}, "ElectricalMeasurement": null, "Dip": null}, {"HeadSegmentId": "66819", "Measures": {"MeasureList": [{"CameraIndividualId": "3033", "MeasurementResult": "0", "PhiDeviation": "385374", "TimeStampSinceStationStarted": "1290501.395371", "VisionDumpPath": "C:\\Sirio\\Work\\SvDumpFiles\\PartCameraDumps\\JID_303384726_OID_436830033_SEG_1_BE-Bibliothek.A5E00701727_R1290497338.svdmp", "XDeviation": "92696", "YDeviation": "8278"}]}, "Pick": {"ActualPickPosition": {"Angle": "180000", "X": "15250", "Y": "-70500"}, "MeasuredComponentHeight": "0", "NominalPickPosition": {"Angle": "180000", "X": "15289", "Y": "-70442"}, "PickupLocationId": "260", "Result": "0", "TimeStampSinceStationStarted": "1290500.701847", "VacuumAbsolute": "-832", "VacuumRelative": "-832", "ZEndPosition": "47677000", "ZTargetPosition": "47652520"}, "Place": {"ActualPlacePosition": {"Angle": "0", "X": "223077", "Y": "141629"}, "AirkissPressure": "72", "BoardPanelId": "2", "HoldingCircuitPressure": "2147483647", "NominalPlacePosition": {"Angle": "0", "X": "223080", "Y": "141630"}, "ReferenceDesignator": "C2208_CAPA_2_22_KOND", "Result": "0", "TimeStampSinceStationStarted": "1290501.892344", "VacuumAbsolute": "-860", "VacuumRelative": "102", "ZEndPosition": "37434500", "ZTargetPosition": "37413908"}, "ElectricalMeasurement": null, "Dip": null}, {"HeadSegmentId": "132355", "Measures": {"MeasureList": [{"CameraIndividualId": "3033", "MeasurementResult": "0", "PhiDeviation": "-203689", "TimeStampSinceStationStarted": "1290501.534488", "VisionDumpPath": "C:\\Sirio\\Work\\SvDumpFiles\\PartCameraDumps\\JID_303384727_OID_436830032_SEG_2_BE-Bibliothek.A5E30242702_R1290497553.svdmp", "XDeviation": "165372", "YDeviation": "46906"}]}, "Pick": {"ActualPickPosition": {"Angle": "0", "X": "15250", "Y": "-70500"}, "MeasuredComponentHeight": "0", "NominalPickPosition": {"Angle": "0", "X": "15344", "Y": "-70571"}, "PickupLocationId": "261", "Result": "0", "TimeStampSinceStationStarted": "1290500.917026", "VacuumAbsolute": "-789", "VacuumRelative": "-789", "ZEndPosition": "48066000", "ZTargetPosition": "47993007"}, "Place": {"ActualPlacePosition": {"Angle": "0", "X": "20423", "Y": "59681"}, "AirkissPressure": "24", "BoardPanelId": "3", "HoldingCircuitPressure": "2147483647", "NominalPlacePosition": {"Angle": "0", "X": "20419", "Y": "59680"}, "ReferenceDesignator": "Z400_SOP_16_NETZWERK", "Result": "0", "TimeStampSinceStationStarted": "1290502.253335", "VacuumAbsolute": "-794", "VacuumRelative": "96", "ZEndPosition": "42639000", "ZTargetPosition": "42562986"}, "ElectricalMeasurement": null, "Dip": null}, {"HeadSegmentId": "132355", "Measures": {"MeasureList": [{"CameraIndividualId": "3033", "MeasurementResult": "0", "PhiDeviation": "-273019", "TimeStampSinceStationStarted": "1290503.984539", "VisionDumpPath": "C:\\Sirio\\Work\\SvDumpFiles\\PartCameraDumps\\JID_303384728_OID_436830034_SEG_2_BE-Bibliothek.A5E30242702_R1290499746.svdmp", "XDeviation": "-8703", "YDeviation": "21271"}]}, "Pick": {"ActualPickPosition": {"Angle": "0", "X": "15250", "Y": "-70500"}, "MeasuredComponentHeight": "0", "NominalPickPosition": {"Angle": "0", "X": "15352", "Y": "-70569"}, "PickupLocationId": "261", "Result": "0", "TimeStampSinceStationStarted": "1290503.110856", "VacuumAbsolute": "-797", "VacuumRelative": "-797", "ZEndPosition": "48097000", "ZTargetPosition": "48011255"}, "Place": {"ActualPlacePosition": {"Angle": "0", "X": "140918", "Y": "59681"}, "AirkissPressure": "25", "BoardPanelId": "2", "HoldingCircuitPressure": "2147483647", "NominalPlacePosition": {"Angle": "0", "X": "140919", "Y": "59680"}, "ReferenceDesignator": "Z400_SOP_16_NETZWERK", "Result": "0", "TimeStampSinceStationStarted": "1290504.514813", "VacuumAbsolute": "-803", "VacuumRelative": "98", "ZEndPosition": "42528500", "ZTargetPosition": "42508352"}, "ElectricalMeasurement": null, "Dip": null}, {"HeadSegmentId": "66819", "Measures": {"MeasureList": [{"CameraIndividualId": "3033", "MeasurementResult": "0", "PhiDeviation": "984507", "TimeStampSinceStationStarted": "1290504.126787", "VisionDumpPath": "C:\\Sirio\\Work\\SvDumpFiles\\PartCameraDumps\\JID_303384729_OID_436830035_SEG_1_BE-Bibliothek.A5E00210763_R1290500031.svdmp", "XDeviation": "32149", "YDeviation": "-51313"}]}, "Pick": {"ActualPickPosition": {"Angle": "180000", "X": "15250", "Y": "-70500"}, "MeasuredComponentHeight": "0", "NominalPickPosition": {"Angle": "180000", "X": "15191", "Y": "-70547"}, "PickupLocationId": "256", "Result": "0", "TimeStampSinceStationStarted": "1290503.395685", "VacuumAbsolute": "-808", "VacuumRelative": "-808", "ZEndPosition": "47763500", "ZTargetPosition": "47793523"}, "Place": {"ActualPlacePosition": {"Angle": "180000", "X": "89931", "Y": "80731"}, "AirkissPressure": "72", "BoardPanelId": "3", "HoldingCircuitPressure": "2147483647", "NominalPlacePosition": {"Angle": "180000", "X": "89930", "Y": "80730"}, "ReferenceDesignator": "C1405_CAP_2_KOND_EL_", "Result": "0", "TimeStampSinceStationStarted": "1290504.763489", "VacuumAbsolute": "-808", "VacuumRelative": "93", "ZEndPosition": "36979500", "ZTargetPosition": "36941936"}, "ElectricalMeasurement": null, "Dip": null}, {"HeadSegmentId": "132355", "Measures": {"MeasureList": [{"CameraIndividualId": "3033", "MeasurementResult": "0", "PhiDeviation": "-191108", "TimeStampSinceStationStarted": "1290506.220044", "VisionDumpPath": "C:\\Sirio\\Work\\SvDumpFiles\\PartCameraDumps\\JID_303384730_OID_436830036_SEG_2_BE-Bibliothek.A5E01649509_R1290502051.svdmp", "XDeviation": "6527", "YDeviation": "-21750"}]}, "Pick": {"ActualPickPosition": {"Angle": "-90000", "X": "8000", "Y": "-51500"}, "MeasuredComponentHeight": "0", "NominalPickPosition": {"Angle": "-90000", "X": "8280", "Y": "-51468"}, "PickupLocationId": "258", "Result": "0", "TimeStampSinceStationStarted": "1290505.414707", "VacuumAbsolute": "-772", "VacuumRelative": "-772", "ZEndPosition": "47150000", "ZTargetPosition": "47155489"}, "Place": {"ActualPlacePosition": {"Angle": "180000", "X": "224476", "Y": "67131"}, "AirkissPressure": "74", "BoardPanelId": "2", "HoldingCircuitPressure": "2147483647", "NominalPlacePosition": {"Angle": "180000", "X": "224480", "Y": "67130"}, "ReferenceDesignator": "V701_DPAK/TO252_TRAN", "Result": "0", "TimeStampSinceStationStarted": "1290506.744905", "VacuumAbsolute": "-808", "VacuumRelative": "98", "ZEndPosition": "45159000", "ZTargetPosition": "45162846"}, "ElectricalMeasurement": null, "Dip": null}, {"HeadSegmentId": "66819", "Measures": {"MeasureList": [{"CameraIndividualId": "3033", "MeasurementResult": "0", "PhiDeviation": "-386916", "TimeStampSinceStationStarted": "1290506.360023", "VisionDumpPath": "C:\\Sirio\\Work\\SvDumpFiles\\PartCameraDumps\\JID_303384731_OID_436830037_SEG_1_BE-Bibliothek.A5E00210763_R1290502263.svdmp", "XDeviation": "108368", "YDeviation": "-101166"}]}, "Pick": {"ActualPickPosition": {"Angle": "180000", "X": "15250", "Y": "-70500"}, "MeasuredComponentHeight": "0", "NominalPickPosition": {"Angle": "180000", "X": "15189", "Y": "-70545"}, "PickupLocationId": "256", "Result": "0", "TimeStampSinceStationStarted": "1290505.627049", "VacuumAbsolute": "-786", "VacuumRelative": "-786", "ZEndPosition": "47758000", "ZTargetPosition": "47786017"}, "Place": {"ActualPlacePosition": {"Angle": "180000", "X": "210427", "Y": "80731"}, "AirkissPressure": "74", "BoardPanelId": "2", "HoldingCircuitPressure": "2147483647", "NominalPlacePosition": {"Angle": "180000", "X": "210430", "Y": "80730"}, "ReferenceDesignator": "C1405_CAP_2_KOND_EL_", "Result": "0", "TimeStampSinceStationStarted": "1290507.036771", "VacuumAbsolute": "-786", "VacuumRelative": "89", "ZEndPosition": "37156500", "ZTargetPosition": "37143094"}, "ElectricalMeasurement": null, "Dip": null}, {"HeadSegmentId": "66819", "Measures": {"MeasureList": [{"CameraIndividualId": "3033", "MeasurementResult": "0", "PhiDeviation": "-2190559", "TimeStampSinceStationStarted": "1290508.280075", "VisionDumpPath": "C:\\Sirio\\Work\\SvDumpFiles\\PartCameraDumps\\JID_303384732_OID_436830038_SEG_1_BE-Bibliothek.A5E00701727_R1290504327.svdmp", "XDeviation": "57904", "YDeviation": "28980"}]}, "Pick": {"ActualPickPosition": {"Angle": "180000", "X": "15250", "Y": "-70500"}, "MeasuredComponentHeight": "0", "NominalPickPosition": {"Angle": "180000", "X": "15285", "Y": "-70442"}, "PickupLocationId": "260", "Result": "0", "TimeStampSinceStationStarted": "1290507.691835", "VacuumAbsolute": "-829", "VacuumRelative": "-829", "ZEndPosition": "47685000", "ZTargetPosition": "47658640"}, "Place": {"ActualPlacePosition": {"Angle": "0", "X": "210177", "Y": "141629"}, "AirkissPressure": "71", "BoardPanelId": "2", "HoldingCircuitPressure": "2147483647", "NominalPlacePosition": {"Angle": "0", "X": "210180", "Y": "141630"}, "ReferenceDesignator": "C2207_CAPA_2_22_KOND", "Result": "0", "TimeStampSinceStationStarted": "1290508.774801", "VacuumAbsolute": "-856", "VacuumRelative": "102", "ZEndPosition": "37407000", "ZTargetPosition": "37387182"}, "ElectricalMeasurement": null, "Dip": null}, {"HeadSegmentId": "132355", "Measures": {"MeasureList": [{"CameraIndividualId": "3033", "MeasurementResult": "0", "PhiDeviation": "196272", "TimeStampSinceStationStarted": "1290508.419639", "VisionDumpPath": "C:\\Sirio\\Work\\SvDumpFiles\\PartCameraDumps\\JID_303384733_OID_436830039_SEG_2_BE-Bibliothek.A5E01649509_R1290504495.svdmp", "XDeviation": "-21820", "YDeviation": "2064"}]}, "Pick": {"ActualPickPosition": {"Angle": "-90000", "X": "8000", "Y": "-51500"}, "MeasuredComponentHeight": "0", "NominalPickPosition": {"Angle": "-90000", "X": "8279", "Y": "-51468"}, "PickupLocationId": "258", "Result": "0", "TimeStampSinceStationStarted": "1290507.858938", "VacuumAbsolute": "-772", "VacuumRelative": "-772", "ZEndPosition": "47169000", "ZTargetPosition": "47154117"}, "Place": {"ActualPlacePosition": {"Angle": "180000", "X": "103981", "Y": "67131"}, "AirkissPressure": "72", "BoardPanelId": "3", "HoldingCircuitPressure": "2147483647", "NominalPlacePosition": {"Angle": "180000", "X": "103980", "Y": "67130"}, "ReferenceDesignator": "V701_DPAK/TO252_TRAN", "Result": "0", "TimeStampSinceStationStarted": "1290509.097972", "VacuumAbsolute": "-809", "VacuumRelative": "99", "ZEndPosition": "44965500", "ZTargetPosition": "44952176"}, "ElectricalMeasurement": null, "Dip": null}, {"HeadSegmentId": "132355", "Measures": {"MeasureList": [{"CameraIndividualId": "3033", "MeasurementResult": "1", "PhiDeviation": "0", "TimeStampSinceStationStarted": "0", "VisionDumpPath": "C:\\Sirio\\Work\\SvDumpFiles\\PartCameraDumps\\JID_303384734_OID_436830040_SEG_2_BE-Bibliothek.A5E32357002_R1290506410.svdmp", "XDeviation": "0", "YDeviation": "0"}]}, "Pick": {"ActualPickPosition": {"Angle": "0", "X": "30150", "Y": "-72740"}, "MeasuredComponentHeight": "0", "NominalPickPosition": {"Angle": "0", "X": "30173", "Y": "-72531"}, "PickupLocationId": "257", "Result": "1", "TimeStampSinceStationStarted": "1290509.77421", "VacuumAbsolute": "-259", "VacuumRelative": "-259", "ZEndPosition": "47202500", "ZTargetPosition": "47265512"}, "Place": null, "ElectricalMeasurement": null, "Dip": null}, {"HeadSegmentId": "132355", "Measures": {"MeasureList": [{"CameraIndividualId": "3033", "MeasurementResult": "0", "PhiDeviation": "1184768", "TimeStampSinceStationStarted": "1290514.01523", "VisionDumpPath": "C:\\Sirio\\Work\\SvDumpFiles\\PartCameraDumps\\JID_303384735_OID_436830040_SEG_2_BE-Bibliothek.A5E32357002_R1290509623.svdmp", "XDeviation": "224426", "YDeviation": "1655946"}]}, "Pick": {"ActualPickPosition": {"Angle": "0", "X": "30150", "Y": "-72740"}, "MeasuredComponentHeight": "0", "NominalPickPosition": {"Angle": "0", "X": "30150", "Y": "-72740"}, "PickupLocationId": "257", "Result": "0", "TimeStampSinceStationStarted": "1290512.987393", "VacuumAbsolute": "-771", "VacuumRelative": "-771", "ZEndPosition": "47271000", "ZTargetPosition": "46765512"}, "Place": {"ActualPlacePosition": {"Angle": "180000", "X": "98586", "Y": "160178"}, "AirkissPressure": "71", "BoardPanelId": "3", "HoldingCircuitPressure": "2147483647", "NominalPlacePosition": {"Angle": "180000", "X": "98585", "Y": "160180"}, "ReferenceDesignator": "X202_CONN_28_STECK_R", "Result": "0", "TimeStampSinceStationStarted": "1290514.651775", "VacuumAbsolute": "-770", "VacuumRelative": "92", "ZEndPosition": "28975500", "ZTargetPosition": "28955346"}, "ElectricalMeasurement": null, "Dip": null}, {"HeadSegmentId": "132355", "Measures": {"MeasureList": [{"CameraIndividualId": "3033", "MeasurementResult": "0", "PhiDeviation": "-657077", "TimeStampSinceStationStarted": "1290516.337819", "VisionDumpPath": "C:\\Sirio\\Work\\SvDumpFiles\\PartCameraDumps\\JID_303384736_OID_436830041_SEG_2_BE-Bibliothek.A5E32357002_R1290511944.svdmp", "XDeviation": "197428", "YDeviation": "1427096"}]}, "Pick": {"ActualPickPosition": {"Angle": "0", "X": "30150", "Y": "-72740"}, "MeasuredComponentHeight": "0", "NominalPickPosition": {"Angle": "0", "X": "30161", "Y": "-72657"}, "PickupLocationId": "257", "Result": "0", "TimeStampSinceStationStarted": "1290515.308458", "VacuumAbsolute": "-782", "VacuumRelative": "-782", "ZEndPosition": "47423000", "ZTargetPosition": "46891884"}, "Place": {"ActualPlacePosition": {"Angle": "180000", "X": "219082", "Y": "160178"}, "AirkissPressure": "73", "BoardPanelId": "2", "HoldingCircuitPressure": "2147483647", "NominalPlacePosition": {"Angle": "180000", "X": "219085", "Y": "160180"}, "ReferenceDesignator": "X202_CONN_28_STECK_R", "Result": "0", "TimeStampSinceStationStarted": "1290516.972733", "VacuumAbsolute": "-794", "VacuumRelative": "96", "ZEndPosition": "29207000", "ZTargetPosition": "29014658"}, "ElectricalMeasurement": null, "Dip": null}]}, "HeadContext": {"HeadSegments": {"HeadSegment": [{"GantryId": "3", "Head": "1", "HeadName": "Twin Head 5xx", "Id": "66819", "NozzleTypeId": "517", "SegmentNumber": "1"}, {"GantryId": "3", "Head": "1", "HeadName": "Twin Head 5xx", "Id": "132355", "NozzleTypeId": "573", "SegmentNumber": "2"}]}}, "SetupContext": {"PickupLocations": {"PickupLocation": [{"Division": "1", "FeederId": "", "FeederType": "34", "Id": "253", "Level": "5", "Location": "2", "StartTrackNumber": "1", "SubLocation": "2", "Tower": "1", "PackagingUid": ""}, {"Division": "1", "FeederId": "24FAUE900235", "FeederType": "280", "Id": "256", "Level": "0", "Location": "3", "StartTrackNumber": "4", "SubLocation": "1", "Tower": "0", "PackagingUid": "M05256975"}, {"Division": "1", "FeederId": "56FAUEN00199", "FeederType": "312", "Id": "257", "Level": "0", "Location": "3", "StartTrackNumber": "7", "SubLocation": "1", "Tower": "0", "PackagingUid": "M04854757"}, {"Division": "1", "FeederId": "17ATMH805118", "FeederType": "273", "Id": "258", "Level": "0", "Location": "3", "StartTrackNumber": "13", "SubLocation": "1", "Tower": "0", "PackagingUid": "M05206518"}, {"Division": "1", "FeederId": "32FAUEN00039", "FeederType": "288", "Id": "259", "Level": "0", "Location": "3", "StartTrackNumber": "15", "SubLocation": "1", "Tower": "0", "PackagingUid": "M05323276"}, {"Division": "1", "FeederId": "24FAUE600582", "FeederType": "280", "Id": "260", "Level": "0", "Location": "3", "StartTrackNumber": "19", "SubLocation": "1", "Tower": "0", "PackagingUid": "M05187769"}, {"Division": "1", "FeederId": "24FAUF700689", "FeederType": "280", "Id": "261", "Level": "0", "Location": "3", "StartTrackNumber": "22", "SubLocation": "1", "Tower": "0", "PackagingUid": "M05014338"}]}}}}, "ProductionEndedData": {"StationTime": "2021-11-30T09:00:06.1870000+08:00", "TimeStampSinceStationStarted": "1290517.439523"}}