{"name": "PDI_Line5_3928372064_20211130050142.txt", "Timestamp": "2021-11-30T05:01:11.3751480+08:00", "TxnID": "ed6d32f1-bdff-4136-b8e4-a543bf86f308", "Line": "SEWC-Lines\\Line5", "Machine": "Line5\\ST3_X3 S", "ProductionStartedData": [{"ConveyorLanePosition": "1", "ConveyorStopperPosition": "1", "Pcb": {"BarcodeReaderPosition": "0", "BoardSide": "1", "IndividualGUID": "8de9a865-e6ba-4125-965f-9228ff45de23", "LineJobGUID": "9d52c82f-e00b-4fd8-a8f7-0f69b2269d58", "Path": "STAB\\A5E50302021bt01", "PcbIndividualID": "43317", "RecipePath": "Line5\\Smart_CPU_L5_702SAF\\A5E50302021bt01", "Barcode": "", "OrderNumber": null}, "ProcessingAreaPosition": "2", "SetupPath": "Line5\\Smart_CPU_L5_702SAF", "StationTime": "2021-11-30T04:58:48.2350000+08:00", "TimeStampSinceStationStarted": "1276039.559726"}], "BoardPositionsList": {"BoardPositions": [{"ActualPosition": {"Angle": "-46", "X": "457606", "Y": "-232915", "Z": "-5000"}, "FiducialPositions": {"FiducialRecognitionResult": []}, "NominalPosition": {"Angle": "0", "X": "457820", "Y": "-233646", "Z": "-5000"}}]}, "ProgressDataList": {"ProductionProgressData": {"BoardContext": {"BoardPanels": {"BoardPanel": [{"Id": "2", "PanelPath": "A5E50302021bt01/A1"}, {"Id": "3", "PanelPath": "A5E50302021bt01/B1"}]}}, "ComponentIndividuals": {"ComponentIndividual": [{"HeadSegmentId": "66819", "Measures": {"MeasureList": [{"CameraIndividualId": "3033", "MeasurementResult": "0", "PhiDeviation": "754439", "TimeStampSinceStationStarted": "1276042.168782", "VisionDumpPath": "C:\\Sirio\\Work\\SvDumpFiles\\PartCameraDumps\\JID_303378035_OID_433170024_SEG_1_BE-Bibliothek.A5E00701727_R1276036271.svdmp", "XDeviation": "-153662", "YDeviation": "-82045"}]}, "Pick": {"ActualPickPosition": {"Angle": "180000", "X": "15250", "Y": "-70500"}, "MeasuredComponentHeight": "0", "NominalPickPosition": {"Angle": "-180000", "X": "15283", "Y": "-70442"}, "PickupLocationId": "260", "Result": "0", "TimeStampSinceStationStarted": "1276039.708508", "VacuumAbsolute": "-827", "VacuumRelative": "-827", "ZEndPosition": "47616000", "ZTargetPosition": "47598804"}, "Place": {"ActualPlacePosition": {"Angle": "0", "X": "223093", "Y": "141635"}, "AirkissPressure": "76", "BoardPanelId": "2", "HoldingCircuitPressure": "2147483647", "NominalPlacePosition": {"Angle": "0", "X": "223080", "Y": "141630"}, "ReferenceDesignator": "C2208_CAPA_2_22_KOND", "Result": "0", "TimeStampSinceStationStarted": "1276042.666682", "VacuumAbsolute": "-851", "VacuumRelative": "101", "ZEndPosition": "37387500", "ZTargetPosition": "37406500"}, "ElectricalMeasurement": null, "Dip": null}, {"HeadSegmentId": "132355", "Measures": {"MeasureList": [{"CameraIndividualId": "3033", "MeasurementResult": "0", "PhiDeviation": "-1842866", "TimeStampSinceStationStarted": "1276042.307901", "VisionDumpPath": "C:\\Sirio\\Work\\SvDumpFiles\\PartCameraDumps\\JID_303378036_OID_433170025_SEG_2_BE-Bibliothek.A5E01059015_R1276036770.svdmp", "XDeviation": "217343", "YDeviation": "-821330"}]}, "Pick": {"ActualPickPosition": {"Angle": "0", "X": "17950", "Y": "-70500"}, "MeasuredComponentHeight": "0", "NominalPickPosition": {"Angle": "0", "X": "18050", "Y": "-70520"}, "PickupLocationId": "259", "Result": "0", "TimeStampSinceStationStarted": "1276040.207193", "VacuumAbsolute": "-810", "VacuumRelative": "-810", "ZEndPosition": "47102000", "ZTargetPosition": "46828525"}, "Place": {"ActualPlacePosition": {"Angle": "180000", "X": "145427", "Y": "139455"}, "AirkissPressure": "71", "BoardPanelId": "2", "HoldingCircuitPressure": "2147483647", "NominalPlacePosition": {"Angle": "180000", "X": "145424", "Y": "139450"}, "ReferenceDesignator": "X201_CONN_14_STECK_R", "Result": "0", "TimeStampSinceStationStarted": "1276042.970267", "VacuumAbsolute": "-779", "VacuumRelative": "93", "ZEndPosition": "26642000", "ZTargetPosition": "27716000"}, "ElectricalMeasurement": null, "Dip": null}, {"HeadSegmentId": "66819", "Measures": {"MeasureList": [{"CameraIndividualId": "3033", "MeasurementResult": "0", "PhiDeviation": "-681986", "TimeStampSinceStationStarted": "1276044.195584", "VisionDumpPath": "C:\\Sirio\\Work\\SvDumpFiles\\PartCameraDumps\\JID_303378037_OID_433170026_SEG_1_BE-Bibliothek.A5E00701727_R1276040100.svdmp", "XDeviation": "-54963", "YDeviation": "-75967"}]}, "Pick": {"ActualPickPosition": {"Angle": "180000", "X": "15250", "Y": "-70500"}, "MeasuredComponentHeight": "0", "NominalPickPosition": {"Angle": "-180000", "X": "15291", "Y": "-70438"}, "PickupLocationId": "260", "Result": "0", "TimeStampSinceStationStarted": "1276043.536509", "VacuumAbsolute": "-830", "VacuumRelative": "-830", "ZEndPosition": "47656500", "ZTargetPosition": "47603103"}, "Place": {"ActualPlacePosition": {"Angle": "0", "X": "102577", "Y": "141635"}, "AirkissPressure": "72", "BoardPanelId": "3", "HoldingCircuitPressure": "2147483647", "NominalPlacePosition": {"Angle": "0", "X": "102580", "Y": "141630"}, "ReferenceDesignator": "C2208_CAPA_2_22_KOND", "Result": "0", "TimeStampSinceStationStarted": "1276044.692927", "VacuumAbsolute": "-856", "VacuumRelative": "102", "ZEndPosition": "37235500", "ZTargetPosition": "36146000"}, "ElectricalMeasurement": null, "Dip": null}, {"HeadSegmentId": "132355", "Measures": {"MeasureList": [{"CameraIndividualId": "3033", "MeasurementResult": "0", "PhiDeviation": "-207814", "TimeStampSinceStationStarted": "1276044.334603", "VisionDumpPath": "C:\\Sirio\\Work\\SvDumpFiles\\PartCameraDumps\\JID_303378038_OID_433170027_SEG_2_BE-Bibliothek.A5E01059015_R1276040263.svdmp", "XDeviation": "238135", "YDeviation": "-473579"}]}, "Pick": {"ActualPickPosition": {"Angle": "0", "X": "17950", "Y": "-70500"}, "MeasuredComponentHeight": "0", "NominalPickPosition": {"Angle": "0", "X": "18061", "Y": "-70561"}, "PickupLocationId": "259", "Result": "0", "TimeStampSinceStationStarted": "1276043.700059", "VacuumAbsolute": "-811", "VacuumRelative": "-811", "ZEndPosition": "47027500", "ZTargetPosition": "46896894"}, "Place": {"ActualPlacePosition": {"Angle": "180000", "X": "24911", "Y": "139455"}, "AirkissPressure": "71", "BoardPanelId": "3", "HoldingCircuitPressure": "2147483647", "NominalPlacePosition": {"Angle": "180000", "X": "24924", "Y": "139450"}, "ReferenceDesignator": "X201_CONN_14_STECK_R", "Result": "0", "TimeStampSinceStationStarted": "1276045.084238", "VacuumAbsolute": "-803", "VacuumRelative": "98", "ZEndPosition": "27830500", "ZTargetPosition": "26798500"}, "ElectricalMeasurement": null, "Dip": null}, {"HeadSegmentId": "66819", "Measures": {"MeasureList": [{"CameraIndividualId": "3033", "MeasurementResult": "0", "PhiDeviation": "401072", "TimeStampSinceStationStarted": "1276046.552118", "VisionDumpPath": "C:\\Sirio\\Work\\SvDumpFiles\\PartCameraDumps\\JID_303378039_OID_433170028_SEG_1_BE-Bibliothek.A5E00210763_R1276042308.svdmp", "XDeviation": "249878", "YDeviation": "487966"}]}, "Pick": {"ActualPickPosition": {"Angle": "180000", "X": "15250", "Y": "-70500"}, "MeasuredComponentHeight": "0", "NominalPickPosition": {"Angle": "-180000", "X": "15207", "Y": "-70568"}, "PickupLocationId": "256", "Result": "0", "TimeStampSinceStationStarted": "1276045.745077", "VacuumAbsolute": "-819", "VacuumRelative": "-819", "ZEndPosition": "47706000", "ZTargetPosition": "47641226"}, "Place": {"ActualPlacePosition": {"Angle": "180000", "X": "210441", "Y": "80727"}, "AirkissPressure": "76", "BoardPanelId": "2", "HoldingCircuitPressure": "2147483647", "NominalPlacePosition": {"Angle": "180000", "X": "210430", "Y": "80730"}, "ReferenceDesignator": "C1405_CAP_2_KOND_EL_", "Result": "0", "TimeStampSinceStationStarted": "1276047.071613", "VacuumAbsolute": "-819", "VacuumRelative": "95", "ZEndPosition": "37139500", "ZTargetPosition": "36048000"}, "ElectricalMeasurement": null, "Dip": null}, {"HeadSegmentId": "132355", "Measures": {"MeasureList": [{"CameraIndividualId": "3033", "MeasurementResult": "0", "PhiDeviation": "-181067", "TimeStampSinceStationStarted": "1276046.692069", "VisionDumpPath": "C:\\Sirio\\Work\\SvDumpFiles\\PartCameraDumps\\JID_303378040_OID_433170029_SEG_2_BE-Bibliothek.A5E01649509_R1276042682.svdmp", "XDeviation": "-32190", "YDeviation": "186881"}]}, "Pick": {"ActualPickPosition": {"Angle": "-90000", "X": "8000", "Y": "-51500"}, "MeasuredComponentHeight": "0", "NominalPickPosition": {"Angle": "-90000", "X": "8055", "Y": "-51502"}, "PickupLocationId": "258", "Result": "0", "TimeStampSinceStationStarted": "1276046.119118", "VacuumAbsolute": "-766", "VacuumRelative": "-766", "ZEndPosition": "47167500", "ZTargetPosition": "47004598"}, "Place": {"ActualPlacePosition": {"Angle": "180000", "X": "103977", "Y": "67126"}, "AirkissPressure": "73", "BoardPanelId": "3", "HoldingCircuitPressure": "2147483647", "NominalPlacePosition": {"Angle": "180000", "X": "103980", "Y": "67130"}, "ReferenceDesignator": "V701_DPAK/TO252_TRAN", "Result": "0", "TimeStampSinceStationStarted": "1276047.494495", "VacuumAbsolute": "-798", "VacuumRelative": "97", "ZEndPosition": "44962500", "ZTargetPosition": "43866500"}, "ElectricalMeasurement": null, "Dip": null}, {"HeadSegmentId": "66819", "Measures": {"MeasureList": [{"CameraIndividualId": "3033", "MeasurementResult": "0", "PhiDeviation": "-2527639", "TimeStampSinceStationStarted": "1276048.83692", "VisionDumpPath": "C:\\Sirio\\Work\\SvDumpFiles\\PartCameraDumps\\JID_303378041_OID_433170030_SEG_1_BE-Bibliothek.A5E00701727_R1276044812.svdmp", "XDeviation": "-65350", "YDeviation": "-197447"}]}, "Pick": {"ActualPickPosition": {"Angle": "180000", "X": "15250", "Y": "-70500"}, "MeasuredComponentHeight": "0", "NominalPickPosition": {"Angle": "-180000", "X": "15294", "Y": "-70434"}, "PickupLocationId": "260", "Result": "0", "TimeStampSinceStationStarted": "1276048.248707", "VacuumAbsolute": "-832", "VacuumRelative": "-832", "ZEndPosition": "47622500", "ZTargetPosition": "47616452"}, "Place": {"ActualPlacePosition": {"Angle": "0", "X": "210191", "Y": "141635"}, "AirkissPressure": "72", "BoardPanelId": "2", "HoldingCircuitPressure": "2147483647", "NominalPlacePosition": {"Angle": "0", "X": "210180", "Y": "141630"}, "ReferenceDesignator": "C2207_CAPA_2_22_KOND", "Result": "0", "TimeStampSinceStationStarted": "1276049.330647", "VacuumAbsolute": "-860", "VacuumRelative": "102", "ZEndPosition": "37404500", "ZTargetPosition": "36275500"}, "ElectricalMeasurement": null, "Dip": null}, {"HeadSegmentId": "132355", "Measures": {"MeasureList": [{"CameraIndividualId": "3033", "MeasurementResult": "0", "PhiDeviation": "237718", "TimeStampSinceStationStarted": "1276048.9764", "VisionDumpPath": "C:\\Sirio\\Work\\SvDumpFiles\\PartCameraDumps\\JID_303378042_OID_433170031_SEG_2_BE-Bibliothek.A5E01649509_R1276044972.svdmp", "XDeviation": "-26462", "YDeviation": "254466"}]}, "Pick": {"ActualPickPosition": {"Angle": "-90000", "X": "8000", "Y": "-51500"}, "MeasuredComponentHeight": "0", "NominalPickPosition": {"Angle": "-90000", "X": "8065", "Y": "-51500"}, "PickupLocationId": "258", "Result": "0", "TimeStampSinceStationStarted": "1276048.409314", "VacuumAbsolute": "-755", "VacuumRelative": "-755", "ZEndPosition": "47140500", "ZTargetPosition": "47045323"}, "Place": {"ActualPlacePosition": {"Angle": "180000", "X": "224493", "Y": "67126"}, "AirkissPressure": "72", "BoardPanelId": "2", "HoldingCircuitPressure": "2147483647", "NominalPlacePosition": {"Angle": "180000", "X": "224480", "Y": "67130"}, "ReferenceDesignator": "V701_DPAK/TO252_TRAN", "Result": "0", "TimeStampSinceStationStarted": "1276049.710788", "VacuumAbsolute": "-788", "VacuumRelative": "95", "ZEndPosition": "45151000", "ZTargetPosition": "44086500"}, "ElectricalMeasurement": null, "Dip": null}, {"HeadSegmentId": "66819", "Measures": {"MeasureList": [{"CameraIndividualId": "3033", "MeasurementResult": "0", "PhiDeviation": "573613", "TimeStampSinceStationStarted": "1276051.337553", "VisionDumpPath": "C:\\Sirio\\Work\\SvDumpFiles\\PartCameraDumps\\JID_303378044_OID_433170032_SEG_1_BE-Bibliothek.A5E00701727_R1276047445.svdmp", "XDeviation": "-156046", "YDeviation": "-207393"}]}, "Pick": {"ActualPickPosition": {"Angle": "180000", "X": "15250", "Y": "-70500"}, "MeasuredComponentHeight": "0", "NominalPickPosition": {"Angle": "-180000", "X": "15297", "Y": "-70424"}, "PickupLocationId": "260", "Result": "0", "TimeStampSinceStationStarted": "1276050.881872", "VacuumAbsolute": "-830", "VacuumRelative": "-830", "ZEndPosition": "47579500", "ZTargetPosition": "47617964"}, "Place": {"ActualPlacePosition": {"Angle": "0", "X": "89676", "Y": "141635"}, "AirkissPressure": "73", "BoardPanelId": "3", "HoldingCircuitPressure": "2147483647", "NominalPlacePosition": {"Angle": "0", "X": "89680", "Y": "141630"}, "ReferenceDesignator": "C2207_CAPA_2_22_KOND", "Result": "0", "TimeStampSinceStationStarted": "1276051.834011", "VacuumAbsolute": "-859", "VacuumRelative": "102", "ZEndPosition": "37255000", "ZTargetPosition": "36174500"}, "ElectricalMeasurement": null, "Dip": null}, {"HeadSegmentId": "132355", "Measures": {"MeasureList": [{"CameraIndividualId": "3033", "MeasurementResult": "0", "PhiDeviation": "-225748", "TimeStampSinceStationStarted": "1276051.476907", "VisionDumpPath": "C:\\Sirio\\Work\\SvDumpFiles\\PartCameraDumps\\JID_303378043_OID_433170033_SEG_2_BE-Bibliothek.A5E30242702_R1276047226.svdmp", "XDeviation": "-105533", "YDeviation": "62900"}]}, "Pick": {"ActualPickPosition": {"Angle": "0", "X": "15250", "Y": "-70500"}, "MeasuredComponentHeight": "0", "NominalPickPosition": {"Angle": "0", "X": "15284", "Y": "-70476"}, "PickupLocationId": "261", "Result": "0", "TimeStampSinceStationStarted": "1276050.662903", "VacuumAbsolute": "-790", "VacuumRelative": "-790", "ZEndPosition": "47564500", "ZTargetPosition": "47364584"}, "Place": {"ActualPlacePosition": {"Angle": "0", "X": "140921", "Y": "59675"}, "AirkissPressure": "21", "BoardPanelId": "2", "HoldingCircuitPressure": "2147483647", "NominalPlacePosition": {"Angle": "0", "X": "140919", "Y": "59680"}, "ReferenceDesignator": "Z400_SOP_16_NETZWERK", "Result": "0", "TimeStampSinceStationStarted": "1276052.21182", "VacuumAbsolute": "-796", "VacuumRelative": "96", "ZEndPosition": "41791500", "ZTargetPosition": "40696000"}, "ElectricalMeasurement": null, "Dip": null}, {"HeadSegmentId": "66819", "Measures": {"MeasureList": [{"CameraIndividualId": "3033", "MeasurementResult": "0", "PhiDeviation": "-378364", "TimeStampSinceStationStarted": "1276053.817458", "VisionDumpPath": "C:\\Sirio\\Work\\SvDumpFiles\\PartCameraDumps\\JID_303378045_OID_433170034_SEG_1_BE-Bibliothek.A5E00210763_R1276049493.svdmp", "XDeviation": "89775", "YDeviation": "511137"}]}, "Pick": {"ActualPickPosition": {"Angle": "180000", "X": "15250", "Y": "-70500"}, "MeasuredComponentHeight": "0", "NominalPickPosition": {"Angle": "-180000", "X": "15194", "Y": "-70593"}, "PickupLocationId": "256", "Result": "0", "TimeStampSinceStationStarted": "1276052.930559", "VacuumAbsolute": "-788", "VacuumRelative": "-788", "ZEndPosition": "47735500", "ZTargetPosition": "47657419"}, "Place": {"ActualPlacePosition": {"Angle": "180000", "X": "89926", "Y": "80727"}, "AirkissPressure": "75", "BoardPanelId": "3", "HoldingCircuitPressure": "2147483647", "NominalPlacePosition": {"Angle": "180000", "X": "89930", "Y": "80730"}, "ReferenceDesignator": "C1405_CAP_2_KOND_EL_", "Result": "0", "TimeStampSinceStationStarted": "1276054.339051", "VacuumAbsolute": "-788", "VacuumRelative": "89", "ZEndPosition": "36988000", "ZTargetPosition": "35903000"}, "ElectricalMeasurement": null, "Dip": null}, {"HeadSegmentId": "132355", "Measures": {"MeasureList": [{"CameraIndividualId": "3033", "MeasurementResult": "0", "PhiDeviation": "193097", "TimeStampSinceStationStarted": "1276053.957039", "VisionDumpPath": "C:\\Sirio\\Work\\SvDumpFiles\\PartCameraDumps\\JID_303378046_OID_433170035_SEG_2_BE-Bibliothek.A5E30242702_R1276049918.svdmp", "XDeviation": "-60626", "YDeviation": "38186"}]}, "Pick": {"ActualPickPosition": {"Angle": "0", "X": "15250", "Y": "-70500"}, "MeasuredComponentHeight": "0", "NominalPickPosition": {"Angle": "0", "X": "15278", "Y": "-70472"}, "PickupLocationId": "261", "Result": "0", "TimeStampSinceStationStarted": "1276053.355762", "VacuumAbsolute": "-795", "VacuumRelative": "-795", "ZEndPosition": "47519000", "ZTargetPosition": "47414563"}, "Place": {"ActualPlacePosition": {"Angle": "0", "X": "20406", "Y": "59675"}, "AirkissPressure": "22", "BoardPanelId": "3", "HoldingCircuitPressure": "2147483647", "NominalPlacePosition": {"Angle": "0", "X": "20419", "Y": "59680"}, "ReferenceDesignator": "Z400_SOP_16_NETZWERK", "Result": "0", "TimeStampSinceStationStarted": "1276054.750699", "VacuumAbsolute": "-800", "VacuumRelative": "97", "ZEndPosition": "41881000", "ZTargetPosition": "40801500"}, "ElectricalMeasurement": null, "Dip": null}, {"HeadSegmentId": "66819", "Measures": {"MeasureList": [{"CameraIndividualId": "3033", "MeasurementResult": "0", "PhiDeviation": "405488", "TimeStampSinceStationStarted": "1276057.892868", "VisionDumpPath": "C:\\Sirio\\Work\\SvDumpFiles\\PartCameraDumps\\JID_303378047_OID_433170037_SEG_1_BE-Bibliothek.A5E00210763_R1276052963.svdmp", "XDeviation": "79238", "YDeviation": "111256"}]}, "Pick": {"ActualPickPosition": {"Angle": "180000", "X": "15250", "Y": "-70500"}, "MeasuredComponentHeight": "0", "NominalPickPosition": {"Angle": "-180000", "X": "15190", "Y": "-70618"}, "PickupLocationId": "256", "Result": "0", "TimeStampSinceStationStarted": "1276056.400888", "VacuumAbsolute": "-784", "VacuumRelative": "-784", "ZEndPosition": "47682000", "ZTargetPosition": "47676939"}, "Place": {"ActualPlacePosition": {"Angle": "90000", "X": "202890", "Y": "33321"}, "AirkissPressure": "72", "BoardPanelId": "2", "HoldingCircuitPressure": "2147483647", "NominalPlacePosition": {"Angle": "90000", "X": "202880", "Y": "33330"}, "ReferenceDesignator": "C1618_CAP_2_KOND_EL_", "Result": "0", "TimeStampSinceStationStarted": "1276058.856915", "VacuumAbsolute": "-785", "VacuumRelative": "89", "ZEndPosition": "37334000", "ZTargetPosition": "36214500"}, "ElectricalMeasurement": null, "Dip": null}, {"HeadSegmentId": "132355", "Measures": {"MeasureList": [{"CameraIndividualId": "3033", "MeasurementResult": "0", "PhiDeviation": "-507304", "TimeStampSinceStationStarted": "1276058.158853", "VisionDumpPath": "C:\\Sirio\\Work\\SvDumpFiles\\PartCameraDumps\\JID_303378048_OID_433170036_SEG_2_BE-Bibliothek.A5E32357002_R1276053464.svdmp", "XDeviation": "259830", "YDeviation": "372736"}]}, "Pick": {"ActualPickPosition": {"Angle": "0", "X": "30101", "Y": "-70836"}, "MeasuredComponentHeight": "0", "NominalPickPosition": {"Angle": "0", "X": "30123", "Y": "-70817"}, "PickupLocationId": "257", "Result": "0", "TimeStampSinceStationStarted": "1276056.900871", "VacuumAbsolute": "-834", "VacuumRelative": "-834", "ZEndPosition": "49157000", "ZTargetPosition": "48926570"}, "Place": {"ActualPlacePosition": {"Angle": "180000", "X": "219097", "Y": "160188"}, "AirkissPressure": "77", "BoardPanelId": "2", "HoldingCircuitPressure": "2147483647", "NominalPlacePosition": {"Angle": "180000", "X": "219085", "Y": "160180"}, "ReferenceDesignator": "X202_CONN_28_STECK_R", "Result": "0", "TimeStampSinceStationStarted": "1276059.394148", "VacuumAbsolute": "-838", "VacuumRelative": "104", "ZEndPosition": "31063500", "ZTargetPosition": "29974500"}, "ElectricalMeasurement": null, "Dip": null}, {"HeadSegmentId": "132355", "Measures": {"MeasureList": [{"CameraIndividualId": "3033", "MeasurementResult": "0", "PhiDeviation": "-458592", "TimeStampSinceStationStarted": "1276061.499952", "VisionDumpPath": "C:\\Sirio\\Work\\SvDumpFiles\\PartCameraDumps\\JID_303378050_OID_433170038_SEG_2_BE-Bibliothek.A5E32357002_R1276057066.svdmp", "XDeviation": "37338", "YDeviation": "460931"}]}, "Pick": {"ActualPickPosition": {"Angle": "0", "X": "30101", "Y": "-70836"}, "MeasuredComponentHeight": "0", "NominalPickPosition": {"Angle": "0", "X": "30136", "Y": "-70798"}, "PickupLocationId": "257", "Result": "0", "TimeStampSinceStationStarted": "1276060.503065", "VacuumAbsolute": "-831", "VacuumRelative": "-831", "ZEndPosition": "49169500", "ZTargetPosition": "48984178"}, "Place": {"ActualPlacePosition": {"Angle": "180000", "X": "98582", "Y": "160188"}, "AirkissPressure": "76", "BoardPanelId": "3", "HoldingCircuitPressure": "2147483647", "NominalPlacePosition": {"Angle": "180000", "X": "98585", "Y": "160180"}, "ReferenceDesignator": "X202_CONN_28_STECK_R", "Result": "0", "TimeStampSinceStationStarted": "1276062.374234", "VacuumAbsolute": "-836", "VacuumRelative": "103", "ZEndPosition": "30923500", "ZTargetPosition": "29672500"}, "ElectricalMeasurement": null, "Dip": null}, {"HeadSegmentId": "66819", "Measures": {"MeasureList": [{"CameraIndividualId": "3033", "MeasurementResult": "0", "PhiDeviation": "-331878", "TimeStampSinceStationStarted": "1276061.822237", "VisionDumpPath": "C:\\Sirio\\Work\\SvDumpFiles\\PartCameraDumps\\JID_303378049_OID_433170039_SEG_1_BE-Bibliothek.A5E00210763_R1276056708.svdmp", "XDeviation": "-104165", "YDeviation": "488174"}]}, "Pick": {"ActualPickPosition": {"Angle": "180000", "X": "15250", "Y": "-70500"}, "MeasuredComponentHeight": "0", "NominalPickPosition": {"Angle": "-180000", "X": "15186", "Y": "-70624"}, "PickupLocationId": "256", "Result": "0", "TimeStampSinceStationStarted": "1276060.144365", "VacuumAbsolute": "-788", "VacuumRelative": "-788", "ZEndPosition": "47694500", "ZTargetPosition": "47678205"}, "Place": {"ActualPlacePosition": {"Angle": "90000", "X": "82375", "Y": "33321"}, "AirkissPressure": "78", "BoardPanelId": "3", "HoldingCircuitPressure": "2147483647", "NominalPlacePosition": {"Angle": "90000", "X": "82380", "Y": "33330"}, "ReferenceDesignator": "C1618_CAP_2_KOND_EL_", "Result": "0", "TimeStampSinceStationStarted": "1276062.868521", "VacuumAbsolute": "-789", "VacuumRelative": "89", "ZEndPosition": "37261500", "ZTargetPosition": "36148000"}, "ElectricalMeasurement": null, "Dip": null}, {"HeadSegmentId": "132355", "Measures": {"MeasureList": [{"CameraIndividualId": "3033", "MeasurementResult": "0", "PhiDeviation": "35513", "TimeStampSinceStationStarted": "1276064.423993", "VisionDumpPath": "C:\\Sirio\\Work\\SvDumpFiles\\PartCameraDumps\\JID_303378051_OID_433170040_SEG_2_BE-Bibliothek.A5E30235063_R1276060065.svdmp", "XDeviation": "849247", "YDeviation": "-2568161"}]}, "Pick": {"ActualPickPosition": {"Angle": "-90000", "X": "-65500", "Y": "-190500"}, "MeasuredComponentHeight": "0", "NominalPickPosition": {"Angle": "-90000", "X": "-65500", "Y": "-190500"}, "PickupLocationId": "249", "Result": "0", "TimeStampSinceStationStarted": "1276063.501776", "VacuumAbsolute": "-837", "VacuumRelative": "-837", "ZEndPosition": "48281000", "ZTargetPosition": "48147192"}, "Place": {"ActualPlacePosition": {"Angle": "0", "X": "169825", "Y": "46273"}, "AirkissPressure": "72", "BoardPanelId": "2", "HoldingCircuitPressure": "2147483647", "NominalPlacePosition": {"Angle": "0", "X": "169819", "Y": "46280"}, "ReferenceDesignator": "D1_BGA_372_IC_ASIC_S", "Result": "0", "TimeStampSinceStationStarted": "1276064.883136", "VacuumAbsolute": "-840", "VacuumRelative": "104", "ZEndPosition": "47919000", "ZTargetPosition": "46817000"}, "ElectricalMeasurement": null, "Dip": null}, {"HeadSegmentId": "132355", "Measures": {"MeasureList": [{"CameraIndividualId": "3033", "MeasurementResult": "0", "PhiDeviation": "-98002", "TimeStampSinceStationStarted": "1276066.589378", "VisionDumpPath": "C:\\Sirio\\Work\\SvDumpFiles\\PartCameraDumps\\JID_303378052_OID_433170041_SEG_2_BE-Bibliothek.A5E30235063_R1276062245.svdmp", "XDeviation": "850236", "YDeviation": "-2385652"}]}, "Pick": {"ActualPickPosition": {"Angle": "-90000", "X": "-40000", "Y": "-190500"}, "MeasuredComponentHeight": "0", "NominalPickPosition": {"Angle": "-90000", "X": "-40000", "Y": "-190500"}, "PickupLocationId": "249", "Result": "0", "TimeStampSinceStationStarted": "1276065.681716", "VacuumAbsolute": "-839", "VacuumRelative": "-839", "ZEndPosition": "48194500", "ZTargetPosition": "48180644"}, "Place": {"ActualPlacePosition": {"Angle": "0", "X": "49309", "Y": "46273"}, "AirkissPressure": "71", "BoardPanelId": "3", "HoldingCircuitPressure": "2147483647", "NominalPlacePosition": {"Angle": "0", "X": "49319", "Y": "46280"}, "ReferenceDesignator": "D1_BGA_372_IC_ASIC_S", "Result": "0", "TimeStampSinceStationStarted": "1276067.051976", "VacuumAbsolute": "-840", "VacuumRelative": "104", "ZEndPosition": "47889000", "ZTargetPosition": "46761500"}, "ElectricalMeasurement": null, "Dip": null}]}, "HeadContext": {"HeadSegments": {"HeadSegment": [{"GantryId": "3", "Head": "1", "HeadName": "Twin Head 5xx", "Id": "66819", "NozzleTypeId": "517", "SegmentNumber": "1"}, {"GantryId": "3", "Head": "1", "HeadName": "Twin Head 5xx", "Id": "132355", "NozzleTypeId": "516", "SegmentNumber": "2"}]}}, "SetupContext": {"PickupLocations": {"PickupLocation": [{"Division": "1", "FeederId": "", "FeederType": "34", "Id": "249", "Level": "1", "Location": "2", "StartTrackNumber": "1", "SubLocation": "2", "Tower": "1", "PackagingUid": ""}, {"Division": "1", "FeederId": "24FAUE900235", "FeederType": "280", "Id": "256", "Level": "0", "Location": "3", "StartTrackNumber": "4", "SubLocation": "1", "Tower": "0", "PackagingUid": "M05314337"}, {"Division": "1", "FeederId": "56FAUEN00199", "FeederType": "312", "Id": "257", "Level": "0", "Location": "3", "StartTrackNumber": "7", "SubLocation": "1", "Tower": "0", "PackagingUid": "M04854750"}, {"Division": "1", "FeederId": "17ATMH805118", "FeederType": "273", "Id": "258", "Level": "0", "Location": "3", "StartTrackNumber": "13", "SubLocation": "1", "Tower": "0", "PackagingUid": "M05206518"}, {"Division": "1", "FeederId": "32FAUEN00039", "FeederType": "288", "Id": "259", "Level": "0", "Location": "3", "StartTrackNumber": "15", "SubLocation": "1", "Tower": "0", "PackagingUid": "M05323241"}, {"Division": "1", "FeederId": "24FAUE600582", "FeederType": "280", "Id": "260", "Level": "0", "Location": "3", "StartTrackNumber": "19", "SubLocation": "1", "Tower": "0", "PackagingUid": "M05187816"}, {"Division": "1", "FeederId": "24FAUF700689", "FeederType": "280", "Id": "261", "Level": "0", "Location": "3", "StartTrackNumber": "22", "SubLocation": "1", "Tower": "0", "PackagingUid": "M05243845"}]}}}}, "ProductionEndedData": {"StationTime": "2021-11-30T04:59:16.2110000+08:00", "TimeStampSinceStationStarted": "1276067.53574"}}