{"name": "PDI_Line5_4011304756_20211130183534.txt", "Timestamp": "2021-11-30T18:35:13.9289784+08:00", "TxnID": "19795c5c-613b-4c15-9016-8e2ca5409ba1", "Line": "SEWC-Lines\\Line5", "Machine": "Line5\\ST3_X3 S", "ProductionStartedData": [{"ConveyorLanePosition": "2", "ConveyorStopperPosition": "1", "Pcb": {"BarcodeReaderPosition": "0", "BoardSide": "1", "IndividualGUID": "488de55a-00a8-44ef-8336-480fa52a0979", "LineJobGUID": "e5c1bbcc-188b-45e0-8688-0345d94b6a3b", "Path": "STAB\\A5E50302024bt02", "PcbIndividualID": "43816", "RecipePath": "Line5\\Smart_CPU_L5_702SAF\\A5E50302024bt02", "Barcode": "", "OrderNumber": null}, "ProcessingAreaPosition": "1", "SetupPath": "Line5\\Smart_CPU_L5_702SAF", "StationTime": "2021-11-30T18:32:49.3630000+08:00", "TimeStampSinceStationStarted": "1324880.444363"}], "BoardPositionsList": {"BoardPositions": [{"ActualPosition": {"Angle": "331", "X": "-475914", "Y": "16460", "Z": "-5000"}, "FiducialPositions": {"FiducialRecognitionResult": [{"ActualPosition": {"Angle": "321", "X": "4734", "Y": "11491", "Z": null}, "CameraIndividualId": "4034", "FiducialFunction": "0", "GantryId": "4", "MeasurementResult": "0", "NominalPosition": {"Angle": "0", "X": "4810", "Y": "11697", "Z": null}, "Path": "A5E50302024bt02/1/01/1", "StationTime": "2021-11-30T18:32:50.8840000+08:00", "TimeStampSinceStationStarted": "1324881.966064"}, {"ActualPosition": {"Angle": "330", "X": "191742", "Y": "186880", "Z": null}, "CameraIndividualId": "4034", "FiducialFunction": "0", "GantryId": "4", "MeasurementResult": "0", "NominalPosition": {"Angle": "0", "X": "192833", "Y": "186004", "Z": null}, "Path": "A5E50302024bt02/1/02/1", "StationTime": "2021-11-30T18:32:50.8840000+08:00", "TimeStampSinceStationStarted": "1324881.966064"}]}, "NominalPosition": {"Angle": "0", "X": "-475904", "Y": "16695", "Z": "-5000"}}]}, "ProgressDataList": {"ProductionProgressData": {"BoardContext": {"BoardPanels": {"BoardPanel": [{"Id": "2", "PanelPath": "A5E50302024bt02/A1"}]}}, "ComponentIndividuals": {"ComponentIndividual": [{"HeadSegmentId": "66049", "Measures": {"MeasureList": [{"CameraIndividualId": "1033", "MeasurementResult": "0", "PhiDeviation": "-178610", "TimeStampSinceStationStarted": "1324882.666393", "VisionDumpPath": "C:\\Sirio\\Work\\SvDumpFiles\\PartCameraDumps\\JID_103386850_OID_438160000_SEG_1_BE-Bibliothek.A5E00701727_R1324877780.svdmp", "XDeviation": "125890", "YDeviation": "-485"}]}, "Pick": {"ActualPickPosition": {"Angle": "180000", "X": "15250", "Y": "-70500"}, "MeasuredComponentHeight": "0", "NominalPickPosition": {"Angle": "180000", "X": "15277", "Y": "-70588"}, "PickupLocationId": "240", "Result": "0", "TimeStampSinceStationStarted": "1324880.973295", "VacuumAbsolute": "-798", "VacuumRelative": "-798", "ZEndPosition": "46998500", "ZTargetPosition": "47026875"}, "Place": {"ActualPlacePosition": {"Angle": "-90001", "X": "174210", "Y": "142279"}, "AirkissPressure": "74", "BoardPanelId": "2", "HoldingCircuitPressure": "2147483647", "NominalPlacePosition": {"Angle": "-90000", "X": "174220", "Y": "142270"}, "ReferenceDesignator": "C2808_CAPA_2_22_KOND", "Result": "0", "TimeStampSinceStationStarted": "1324883.050124", "VacuumAbsolute": "-811", "VacuumRelative": "98", "ZEndPosition": "36842000", "ZTargetPosition": "36832765"}, "ElectricalMeasurement": null, "Dip": null}, {"HeadSegmentId": "67588", "Measures": {"MeasureList": [{"CameraIndividualId": "4033", "MeasurementResult": "0", "PhiDeviation": "-224648", "TimeStampSinceStationStarted": "1324883.627974", "VisionDumpPath": "C:\\Sirio\\Work\\SvDumpFiles\\PartCameraDumps\\JID_403371995_OID_438160001_SEG_1_BE-Bibliothek.A5E30248076_R1324879446.svdmp", "XDeviation": "-783684", "YDeviation": "-1014541"}]}, "Pick": {"ActualPickPosition": {"Angle": "180000", "X": "17020", "Y": "-69475"}, "MeasuredComponentHeight": "0", "NominalPickPosition": {"Angle": "180000", "X": "17020", "Y": "-69475"}, "PickupLocationId": "267", "Result": "0", "TimeStampSinceStationStarted": "1324882.640106", "VacuumAbsolute": "-736", "VacuumRelative": "-736", "ZEndPosition": "47284500", "ZTargetPosition": "47289353"}, "Place": {"ActualPlacePosition": {"Angle": "180000", "X": "170919", "Y": "31751"}, "AirkissPressure": "77", "BoardPanelId": "2", "HoldingCircuitPressure": "2147483647", "NominalPlacePosition": {"Angle": "180000", "X": "170920", "Y": "31750"}, "ReferenceDesignator": "X802_CONN_8_38_SONST", "Result": "0", "TimeStampSinceStationStarted": "1324884.066248", "VacuumAbsolute": "-736", "VacuumRelative": "72", "ZEndPosition": "33415500", "ZTargetPosition": "33422781"}, "ElectricalMeasurement": null, "Dip": null}, {"HeadSegmentId": "131585", "Measures": {"MeasureList": [{"CameraIndividualId": "1033", "MeasurementResult": "0", "PhiDeviation": "229040", "TimeStampSinceStationStarted": "1324884.826183", "VisionDumpPath": "C:\\Sirio\\Work\\SvDumpFiles\\PartCameraDumps\\JID_103386851_OID_438160002_SEG_2_BE-Bibliothek.A5E02285215_R1324880472.svdmp", "XDeviation": "-41572", "YDeviation": "397585"}]}, "Pick": {"ActualPickPosition": {"Angle": "180000", "X": "23950", "Y": "-70500"}, "MeasuredComponentHeight": "0", "NominalPickPosition": {"Angle": "180000", "X": "23950", "Y": "-70500"}, "PickupLocationId": "241", "Result": "0", "TimeStampSinceStationStarted": "1324883.665587", "VacuumAbsolute": "-856", "VacuumRelative": "-856", "ZEndPosition": "48495500", "ZTargetPosition": "48417805"}, "Place": {"ActualPlacePosition": {"Angle": "-90001", "X": "20868", "Y": "24254"}, "AirkissPressure": "76", "BoardPanelId": "2", "HoldingCircuitPressure": "2147483647", "NominalPlacePosition": {"Angle": "-90000", "X": "20870", "Y": "24250"}, "ReferenceDesignator": "X501_CONN_DSUB_9_STE", "Result": "0", "TimeStampSinceStationStarted": "1324885.591496", "VacuumAbsolute": "-857", "VacuumRelative": "102", "ZEndPosition": "36442000", "ZTargetPosition": "36475621"}, "ElectricalMeasurement": null, "Dip": null}, {"HeadSegmentId": "66049", "Measures": {"MeasureList": [{"CameraIndividualId": "1033", "MeasurementResult": "0", "PhiDeviation": "-210726", "TimeStampSinceStationStarted": "1324885.12307", "VisionDumpPath": "C:\\Sirio\\Work\\SvDumpFiles\\PartCameraDumps\\JID_103386852_OID_438160003_SEG_1_BE-Bibliothek.A5E00189819_R1324880892.svdmp", "XDeviation": "254624", "YDeviation": "-27137"}]}, "Pick": {"ActualPickPosition": {"Angle": "0", "X": "15250", "Y": "-70500"}, "MeasuredComponentHeight": "0", "NominalPickPosition": {"Angle": "0", "X": "15078", "Y": "-70418"}, "PickupLocationId": "242", "Result": "0", "TimeStampSinceStationStarted": "1324884.085694", "VacuumAbsolute": "-804", "VacuumRelative": "-804", "ZEndPosition": "47365500", "ZTargetPosition": "47372776"}, "Place": {"ActualPlacePosition": {"Angle": "1", "X": "132193", "Y": "142338"}, "AirkissPressure": "73", "BoardPanelId": "2", "HoldingCircuitPressure": "2147483647", "NominalPlacePosition": {"Angle": "0", "X": "132200", "Y": "142330"}, "ReferenceDesignator": "T2800_EX120_TRAFO_SC", "Result": "0", "TimeStampSinceStationStarted": "1324885.962127", "VacuumAbsolute": "-804", "VacuumRelative": "96", "ZEndPosition": "41377000", "ZTargetPosition": "41326961"}, "ElectricalMeasurement": null, "Dip": null}, {"HeadSegmentId": "133124", "Measures": {"MeasureList": [{"CameraIndividualId": "4033", "MeasurementResult": "0", "PhiDeviation": "572138", "TimeStampSinceStationStarted": "1324886.538556", "VisionDumpPath": "C:\\Sirio\\Work\\SvDumpFiles\\PartCameraDumps\\JID_403371996_OID_438160004_SEG_2_BE-Bibliothek.A5E44859639_R1324881598.svdmp", "XDeviation": "-62491", "YDeviation": "20264"}]}, "Pick": {"ActualPickPosition": {"Angle": "0", "X": "6000", "Y": "-49500"}, "MeasuredComponentHeight": "0", "NominalPickPosition": {"Angle": "0", "X": "5961", "Y": "-49486"}, "PickupLocationId": "280", "Result": "0", "TimeStampSinceStationStarted": "1324884.792255", "VacuumAbsolute": "-848", "VacuumRelative": "-848", "ZEndPosition": "46265000", "ZTargetPosition": "46267078"}, "Place": {"ActualPlacePosition": {"Angle": "180000", "X": "25007", "Y": "160904"}, "AirkissPressure": "72", "BoardPanelId": "2", "HoldingCircuitPressure": "2147483647", "NominalPlacePosition": {"Angle": "180000", "X": "25006", "Y": "160905"}, "ReferenceDesignator": "U2005_SOP_8/SOIC_8_O", "Result": "0", "TimeStampSinceStationStarted": "1324886.995913", "VacuumAbsolute": "-846", "VacuumRelative": "97", "ZEndPosition": "43669500", "ZTargetPosition": "43625595"}, "ElectricalMeasurement": null, "Dip": null}, {"HeadSegmentId": "67588", "Measures": {"MeasureList": [{"CameraIndividualId": "4033", "MeasurementResult": "0", "PhiDeviation": "296116", "TimeStampSinceStationStarted": "1324886.750713", "VisionDumpPath": "C:\\Sirio\\Work\\SvDumpFiles\\PartCameraDumps\\JID_403371997_OID_438160005_SEG_1_BE-Bibliothek.A5E45275537_R1324881916.svdmp", "XDeviation": "98961", "YDeviation": "-11902"}]}, "Pick": {"ActualPickPosition": {"Angle": "0", "X": "17470", "Y": "-70910"}, "MeasuredComponentHeight": "0", "NominalPickPosition": {"Angle": "0", "X": "17967", "Y": "-70924"}, "PickupLocationId": "271", "Result": "0", "TimeStampSinceStationStarted": "1324885.110219", "VacuumAbsolute": "-800", "VacuumRelative": "-800", "ZEndPosition": "47133000", "ZTargetPosition": "47066048"}, "Place": {"ActualPlacePosition": {"Angle": "180000", "X": "54401", "Y": "75350"}, "AirkissPressure": "72", "BoardPanelId": "2", "HoldingCircuitPressure": "2147483647", "NominalPlacePosition": {"Angle": "180000", "X": "54400", "Y": "75350"}, "ReferenceDesignator": "X601_CONN_16_STECK_R", "Result": "0", "TimeStampSinceStationStarted": "1324887.366572", "VacuumAbsolute": "-819", "VacuumRelative": "91", "ZEndPosition": "39059000", "ZTargetPosition": "39072800"}, "ElectricalMeasurement": null, "Dip": null}, {"HeadSegmentId": "66049", "Measures": {"MeasureList": [{"CameraIndividualId": "1033", "MeasurementResult": "0", "PhiDeviation": "-279756", "TimeStampSinceStationStarted": "1324888.46369", "VisionDumpPath": "C:\\Sirio\\Work\\SvDumpFiles\\PartCameraDumps\\JID_103386853_OID_438160006_SEG_1_BE-Bibliothek.A5E01114436_R1324884808.svdmp", "XDeviation": "-109642", "YDeviation": "18494"}]}, "Pick": {"ActualPickPosition": {"Angle": "180000", "X": "17950", "Y": "-70500"}, "MeasuredComponentHeight": "0", "NominalPickPosition": {"Angle": "180000", "X": "17880", "Y": "-71003"}, "PickupLocationId": "238", "Result": "0", "TimeStampSinceStationStarted": "1324888.002337", "VacuumAbsolute": "-773", "VacuumRelative": "-773", "ZEndPosition": "43474000", "ZTargetPosition": "43490395"}, "Place": {"ActualPlacePosition": {"Angle": "-179999", "X": "168021", "Y": "169924"}, "AirkissPressure": "71", "BoardPanelId": "2", "HoldingCircuitPressure": "2147483647", "NominalPlacePosition": {"Angle": "180000", "X": "168030", "Y": "169915"}, "ReferenceDesignator": "X605_CONN_8_STECK_RC", "Result": "0", "TimeStampSinceStationStarted": "1324888.909817", "VacuumAbsolute": "-806", "VacuumRelative": "97", "ZEndPosition": "40256000", "ZTargetPosition": "40223222"}, "ElectricalMeasurement": null, "Dip": null}, {"HeadSegmentId": "67588", "Measures": {"MeasureList": [{"CameraIndividualId": "4033", "MeasurementResult": "0", "PhiDeviation": "-61985", "TimeStampSinceStationStarted": "1324889.402332", "VisionDumpPath": "C:\\Sirio\\Work\\SvDumpFiles\\PartCameraDumps\\JID_403371998_OID_438160007_SEG_1_BE-Bibliothek.A5E30621710_R1324885017.svdmp", "XDeviation": "160375", "YDeviation": "-38887"}]}, "Pick": {"ActualPickPosition": {"Angle": "0", "X": "15250", "Y": "-70500"}, "MeasuredComponentHeight": "0", "NominalPickPosition": {"Angle": "0", "X": "15169", "Y": "-70808"}, "PickupLocationId": "269", "Result": "0", "TimeStampSinceStationStarted": "1324888.210369", "VacuumAbsolute": "-781", "VacuumRelative": "-781", "ZEndPosition": "47069500", "ZTargetPosition": "47053268"}, "Place": {"ActualPlacePosition": {"Angle": "0", "X": "87900", "Y": "50131"}, "AirkissPressure": "74", "BoardPanelId": "2", "HoldingCircuitPressure": "2147483647", "NominalPlacePosition": {"Angle": "0", "X": "87900", "Y": "50130"}, "ReferenceDesignator": "D1500_TSSOP_56_IC_IN", "Result": "0", "TimeStampSinceStationStarted": "1324889.925259", "VacuumAbsolute": "-832", "VacuumRelative": "94", "ZEndPosition": "46253500", "ZTargetPosition": "46258796"}, "ElectricalMeasurement": null, "Dip": null}, {"HeadSegmentId": "133124", "Measures": {"MeasureList": [{"CameraIndividualId": "4033", "MeasurementResult": "0", "PhiDeviation": "-573055", "TimeStampSinceStationStarted": "1324889.562316", "VisionDumpPath": "C:\\Sirio\\Work\\SvDumpFiles\\PartCameraDumps\\JID_403371999_OID_438160008_SEG_2_BE-Bibliothek.A5E44859639_R1324885300.svdmp", "XDeviation": "-98770", "YDeviation": "49998"}]}, "Pick": {"ActualPickPosition": {"Angle": "0", "X": "6000", "Y": "-49500"}, "MeasuredComponentHeight": "0", "NominalPickPosition": {"Angle": "0", "X": "5957", "Y": "-49485"}, "PickupLocationId": "280", "Result": "0", "TimeStampSinceStationStarted": "1324888.494045", "VacuumAbsolute": "-848", "VacuumRelative": "-848", "ZEndPosition": "46262000", "ZTargetPosition": "46266558"}, "Place": {"ActualPlacePosition": {"Angle": "180000", "X": "37651", "Y": "27181"}, "AirkissPressure": "76", "BoardPanelId": "2", "HoldingCircuitPressure": "2147483647", "NominalPlacePosition": {"Angle": "180000", "X": "37650", "Y": "27180"}, "ReferenceDesignator": "U500_SOP_8/SOIC_8_OP", "Result": "0", "TimeStampSinceStationStarted": "1324890.179873", "VacuumAbsolute": "-848", "VacuumRelative": "97", "ZEndPosition": "43810000", "ZTargetPosition": "43822913"}, "ElectricalMeasurement": null, "Dip": null}, {"HeadSegmentId": "66049", "Measures": {"MeasureList": [{"CameraIndividualId": "1033", "MeasurementResult": "0", "PhiDeviation": "-53960", "TimeStampSinceStationStarted": "1324891.521288", "VisionDumpPath": "C:\\Sirio\\Work\\SvDumpFiles\\PartCameraDumps\\JID_103386854_OID_438160009_SEG_1_BE-Bibliothek.A5E02081137_R1324887541.svdmp", "XDeviation": "-42226", "YDeviation": "-26756"}]}, "Pick": {"ActualPickPosition": {"Angle": "0", "X": "29950", "Y": "-70500"}, "MeasuredComponentHeight": "0", "NominalPickPosition": {"Angle": "0", "X": "30095", "Y": "-72002"}, "PickupLocationId": "244", "Result": "0", "TimeStampSinceStationStarted": "1324890.735012", "VacuumAbsolute": "-835", "VacuumRelative": "-835", "ZEndPosition": "48715000", "ZTargetPosition": "48715524"}, "Place": {"ActualPlacePosition": {"Angle": "1", "X": "164291", "Y": "153639"}, "AirkissPressure": "76", "BoardPanelId": "2", "HoldingCircuitPressure": "2147483647", "NominalPlacePosition": {"Angle": "0", "X": "164300", "Y": "153630"}, "ReferenceDesignator": "X203_CONN_32_STECK_R", "Result": "0", "TimeStampSinceStationStarted": "1324892.041239", "VacuumAbsolute": "-836", "VacuumRelative": "105", "ZEndPosition": "30087500", "ZTargetPosition": "30055162"}, "ElectricalMeasurement": null, "Dip": null}, {"HeadSegmentId": "67588", "Measures": {"MeasureList": [{"CameraIndividualId": "4033", "MeasurementResult": "0", "PhiDeviation": "24274", "TimeStampSinceStationStarted": "1324893.343874", "VisionDumpPath": "C:\\Sirio\\Work\\SvDumpFiles\\PartCameraDumps\\JID_403372000_OID_438160011_SEG_1_BE-Bibliothek.A5E51102635_R1324889024.svdmp", "XDeviation": "2637", "YDeviation": "35716"}]}, "Pick": {"ActualPickPosition": {"Angle": "0", "X": "15250", "Y": "-70500"}, "MeasuredComponentHeight": "0", "NominalPickPosition": {"Angle": "0", "X": "15156", "Y": "-70471"}, "PickupLocationId": "265", "Result": "0", "TimeStampSinceStationStarted": "1324892.218368", "VacuumAbsolute": "-820", "VacuumRelative": "-820", "ZEndPosition": "47247000", "ZTargetPosition": "47241937"}, "Place": {"ActualPlacePosition": {"Angle": "180000", "X": "72051", "Y": "49981"}, "AirkissPressure": "73", "BoardPanelId": "2", "HoldingCircuitPressure": "2147483647", "NominalPlacePosition": {"Angle": "180000", "X": "72050", "Y": "49980"}, "ReferenceDesignator": "D3_BGA_63_", "Result": "0", "TimeStampSinceStationStarted": "1324893.688178", "VacuumAbsolute": "-822", "VacuumRelative": "92", "ZEndPosition": "46333500", "ZTargetPosition": "46341025"}, "ElectricalMeasurement": null, "Dip": null}, {"HeadSegmentId": "133124", "Measures": {"MeasureList": [{"CameraIndividualId": "4033", "MeasurementResult": "0", "PhiDeviation": "-407956", "TimeStampSinceStationStarted": "1324893.131757", "VisionDumpPath": "C:\\Sirio\\Work\\SvDumpFiles\\PartCameraDumps\\JID_403372001_OID_438160010_SEG_2_BE-Bibliothek.A5E44859639_R1324889419.svdmp", "XDeviation": "188252", "YDeviation": "39284"}]}, "Pick": {"ActualPickPosition": {"Angle": "0", "X": "6000", "Y": "-49500"}, "MeasuredComponentHeight": "0", "NominalPickPosition": {"Angle": "0", "X": "5953", "Y": "-49483"}, "PickupLocationId": "280", "Result": "0", "TimeStampSinceStationStarted": "1324892.612873", "VacuumAbsolute": "-848", "VacuumRelative": "-848", "ZEndPosition": "46272000", "ZTargetPosition": "46265419"}, "Place": {"ActualPlacePosition": {"Angle": "180000", "X": "32207", "Y": "160904"}, "AirkissPressure": "77", "BoardPanelId": "2", "HoldingCircuitPressure": "2147483647", "NominalPlacePosition": {"Angle": "180000", "X": "32206", "Y": "160905"}, "ReferenceDesignator": "U2006_SOP_8/SOIC_8_O", "Result": "0", "TimeStampSinceStationStarted": "1324894.017534", "VacuumAbsolute": "-848", "VacuumRelative": "97", "ZEndPosition": "43683500", "ZTargetPosition": "43634040"}, "ElectricalMeasurement": null, "Dip": null}]}, "HeadContext": {"HeadSegments": {"HeadSegment": [{"GantryId": "1", "Head": "1", "HeadName": "Twin Head 5xx", "Id": "66049", "NozzleTypeId": "517", "SegmentNumber": "1"}, {"GantryId": "4", "Head": "1", "HeadName": "Twin Head 5xx", "Id": "67588", "NozzleTypeId": "516", "SegmentNumber": "1"}, {"GantryId": "1", "Head": "1", "HeadName": "Twin Head 5xx", "Id": "131585", "NozzleTypeId": "573", "SegmentNumber": "2"}, {"GantryId": "4", "Head": "1", "HeadName": "Twin Head 5xx", "Id": "133124", "NozzleTypeId": "597", "SegmentNumber": "2"}]}}, "SetupContext": {"PickupLocations": {"PickupLocation": [{"Division": "1", "FeederId": "32FAUE900466", "FeederType": "288", "Id": "238", "Level": "0", "Location": "1", "StartTrackNumber": "7", "SubLocation": "1", "Tower": "0", "PackagingUid": "M05328016"}, {"Division": "1", "FeederId": "24KL-L205402", "FeederType": "280", "Id": "240", "Level": "0", "Location": "1", "StartTrackNumber": "14", "SubLocation": "1", "Tower": "0", "PackagingUid": "M05255215"}, {"Division": "1", "FeederId": "44KL-K305106", "FeederType": "300", "Id": "241", "Level": "0", "Location": "1", "StartTrackNumber": "17", "SubLocation": "1", "Tower": "0", "PackagingUid": "M04859338"}, {"Division": "1", "FeederId": "24KL-K305319", "FeederType": "280", "Id": "242", "Level": "0", "Location": "1", "StartTrackNumber": "22", "SubLocation": "1", "Tower": "0", "PackagingUid": "M04790535"}, {"Division": "1", "FeederId": "56FAUE300111", "FeederType": "312", "Id": "244", "Level": "0", "Location": "1", "StartTrackNumber": "27", "SubLocation": "1", "Tower": "0", "PackagingUid": "M05301307"}, {"Division": "1", "FeederId": "24FAUE900672", "FeederType": "280", "Id": "265", "Level": "0", "Location": "4", "StartTrackNumber": "1", "SubLocation": "1", "Tower": "0", "PackagingUid": "A00061487"}, {"Division": "1", "FeederId": "32FAUE000671", "FeederType": "288", "Id": "267", "Level": "0", "Location": "4", "StartTrackNumber": "16", "SubLocation": "1", "Tower": "0", "PackagingUid": "M05305956"}, {"Division": "1", "FeederId": "24KL-N300550", "FeederType": "280", "Id": "269", "Level": "0", "Location": "4", "StartTrackNumber": "22", "SubLocation": "1", "Tower": "0", "PackagingUid": "M05263329"}, {"Division": "1", "FeederId": "32FAUE900659", "FeederType": "288", "Id": "271", "Level": "0", "Location": "4", "StartTrackNumber": "28", "SubLocation": "1", "Tower": "0", "PackagingUid": "M05325464"}, {"Division": "1", "FeederId": "12KL-F105078", "FeederType": "268", "Id": "280", "Level": "0", "Location": "4", "StartTrackNumber": "14", "SubLocation": "1", "Tower": "0", "PackagingUid": "M05245896"}]}}}}, "ProductionEndedData": {"StationTime": "2021-11-30T18:33:03.3870000+08:00", "TimeStampSinceStationStarted": "1324894.468816"}}