{"name": "PDI_Line5_3829418183_20211130051513.txt", "Timestamp": "2021-11-30T05:14:37.5468339+08:00", "TxnID": "eed5fa54-0950-4e52-99a4-51bbbecc097e", "Line": "SEWC-Lines\\Line5", "Machine": "Line5\\ST3_X3 S", "ProductionStartedData": [{"ConveyorLanePosition": "1", "ConveyorStopperPosition": "1", "Pcb": {"BarcodeReaderPosition": "0", "BoardSide": "1", "IndividualGUID": "43387b04-002b-4dd6-a16c-fa4b1ad647c4", "LineJobGUID": "99c44632-6fb4-4a82-b2b6-96f12cf58afb", "Path": "STAB\\A5E50302021bt01", "PcbIndividualID": "43345", "RecipePath": "Line5\\Smart_CPU_L5_702SAF\\A5E50302021bt01", "Barcode": "", "OrderNumber": null}, "ProcessingAreaPosition": "1", "SetupPath": "Line5\\Smart_CPU_L5_702SAF", "StationTime": "2021-11-30T05:12:14.1920000+08:00", "TimeStampSinceStationStarted": "1276845.512963"}], "BoardPositionsList": {"BoardPositions": [{"ActualPosition": {"Angle": "50", "X": "-528715", "Y": "-232836", "Z": "-5000"}, "FiducialPositions": {"FiducialRecognitionResult": [{"ActualPosition": {"Angle": "47", "X": "5773", "Y": "10527", "Z": null}, "CameraIndividualId": "4034", "FiducialFunction": "0", "GantryId": "4", "MeasurementResult": "0", "NominalPosition": {"Angle": "0", "X": "6480", "Y": "10530", "Z": null}, "Path": "A5E50302021bt01/1/02/1", "StationTime": "2021-11-30T05:12:14.1920000+08:00", "TimeStampSinceStationStarted": "1276845.512963"}, {"ActualPosition": {"Angle": "39", "X": "240994", "Y": "192253", "Z": null}, "CameraIndividualId": "4034", "FiducialFunction": "0", "GantryId": "4", "MeasurementResult": "0", "NominalPosition": {"Angle": "0", "X": "241830", "Y": "192030", "Z": null}, "Path": "A5E50302021bt01/1/01/1", "StationTime": "2021-11-30T05:12:14.1920000+08:00", "TimeStampSinceStationStarted": "1276845.512963"}, {"ActualPosition": {"Angle": "-13", "X": "6459", "Y": "10520", "Z": null}, "CameraIndividualId": "1034", "FiducialFunction": "0", "GantryId": "1", "MeasurementResult": "0", "NominalPosition": {"Angle": "0", "X": "6480", "Y": "10530", "Z": null}, "Path": "A5E50302021bt01/1/02/1", "StationTime": "2021-11-30T05:12:14.1920000+08:00", "TimeStampSinceStationStarted": "1276845.512963"}]}, "NominalPosition": {"Angle": "0", "X": "-528032", "Y": "-232838", "Z": "-5000"}}]}, "ProgressDataList": {"ProductionProgressData": {"BoardContext": {"BoardPanels": {"BoardPanel": [{"Id": "2", "PanelPath": "A5E50302021bt01/A1"}, {"Id": "3", "PanelPath": "A5E50302021bt01/B1"}]}}, "ComponentIndividuals": {"ComponentIndividual": [{"HeadSegmentId": "66049", "Measures": {"MeasureList": [{"CameraIndividualId": "1033", "MeasurementResult": "0", "PhiDeviation": "-482824", "TimeStampSinceStationStarted": "1276856.941199", "VisionDumpPath": "C:\\Sirio\\Work\\SvDumpFiles\\PartCameraDumps\\JID_103379618_OID_433450000_SEG_1_BE-Bibliothek.A5E01114436_R1276842600.svdmp", "XDeviation": "385", "YDeviation": "-5652"}]}, "Pick": {"ActualPickPosition": {"Angle": "180000", "X": "17950", "Y": "-70500"}, "MeasuredComponentHeight": "0", "NominalPickPosition": {"Angle": "180000", "X": "17916", "Y": "-70773"}, "PickupLocationId": "238", "Result": "0", "TimeStampSinceStationStarted": "1276846.033694", "VacuumAbsolute": "-781", "VacuumRelative": "-781", "ZEndPosition": "43484500", "ZTargetPosition": "43478180"}, "Place": {"ActualPlacePosition": {"Angle": "-179997", "X": "100448", "Y": "171766"}, "AirkissPressure": "75", "BoardPanelId": "3", "HoldingCircuitPressure": "2147483647", "NominalPlacePosition": {"Angle": "180000", "X": "100457", "Y": "171753"}, "ReferenceDesignator": "X605_CONN_8_STECK_RC", "Result": "0", "TimeStampSinceStationStarted": "1276857.426137", "VacuumAbsolute": "-823", "VacuumRelative": "101", "ZEndPosition": "40143500", "ZTargetPosition": "40151572"}, "ElectricalMeasurement": null, "Dip": null}, {"HeadSegmentId": "131585", "Measures": {"MeasureList": [{"CameraIndividualId": "1033", "MeasurementResult": "0", "PhiDeviation": "40591", "TimeStampSinceStationStarted": "1276857.10613", "VisionDumpPath": "C:\\Sirio\\Work\\SvDumpFiles\\PartCameraDumps\\JID_103379619_OID_433450001_SEG_2_BE-Bibliothek.A5E00189819_R1276842877.svdmp", "XDeviation": "41670", "YDeviation": "4880"}]}, "Pick": {"ActualPickPosition": {"Angle": "0", "X": "15250", "Y": "-70500"}, "MeasuredComponentHeight": "0", "NominalPickPosition": {"Angle": "0", "X": "15248", "Y": "-70308"}, "PickupLocationId": "242", "Result": "0", "TimeStampSinceStationStarted": "1276846.309402", "VacuumAbsolute": "-842", "VacuumRelative": "-842", "ZEndPosition": "47423500", "ZTargetPosition": "47472181"}, "Place": {"ActualPlacePosition": {"Angle": "3", "X": "73568", "Y": "151039"}, "AirkissPressure": "71", "BoardPanelId": "3", "HoldingCircuitPressure": "2147483647", "NominalPlacePosition": {"Angle": "0", "X": "73580", "Y": "151030"}, "ReferenceDesignator": "T2200_EX120_TRAFO_SC", "Result": "0", "TimeStampSinceStationStarted": "1276857.592684", "VacuumAbsolute": "-843", "VacuumRelative": "100", "ZEndPosition": "41325500", "ZTargetPosition": "41373320"}, "ElectricalMeasurement": null, "Dip": null}, {"HeadSegmentId": "133124", "Measures": {"MeasureList": [{"CameraIndividualId": "4033", "MeasurementResult": "0", "PhiDeviation": "1083463", "TimeStampSinceStationStarted": "1276857.457524", "VisionDumpPath": "C:\\Sirio\\Work\\SvDumpFiles\\PartCameraDumps\\JID_403360743_OID_433450002_SEG_2_BE-Bibliothek.A5E44859639_R1276852614.svdmp", "XDeviation": "-85552", "YDeviation": "-48272"}]}, "Pick": {"ActualPickPosition": {"Angle": "0", "X": "6000", "Y": "-49500"}, "MeasuredComponentHeight": "0", "NominalPickPosition": {"Angle": "0", "X": "5968", "Y": "-49430"}, "PickupLocationId": "280", "Result": "0", "TimeStampSinceStationStarted": "1276856.047318", "VacuumAbsolute": "-845", "VacuumRelative": "-845", "ZEndPosition": "46308000", "ZTargetPosition": "46277682"}, "Place": {"ActualPlacePosition": {"Angle": "-180000", "X": "22568", "Y": "162637"}, "AirkissPressure": "75", "BoardPanelId": "3", "HoldingCircuitPressure": "2147483647", "NominalPlacePosition": {"Angle": "180000", "X": "22580", "Y": "162630"}, "ReferenceDesignator": "U1700_SOP_8/SOIC_8_O", "Result": "0", "TimeStampSinceStationStarted": "1276858.132709", "VacuumAbsolute": "-844", "VacuumRelative": "97", "ZEndPosition": "43875500", "ZTargetPosition": "43860931"}, "ElectricalMeasurement": null, "Dip": null}, {"HeadSegmentId": "67588", "Measures": {"MeasureList": [{"CameraIndividualId": "4033", "MeasurementResult": "0", "PhiDeviation": "24356", "TimeStampSinceStationStarted": "1276857.669629", "VisionDumpPath": "C:\\Sirio\\Work\\SvDumpFiles\\PartCameraDumps\\JID_403360744_OID_433450003_SEG_1_BE-Bibliothek.A5E45275537_R1276852947.svdmp", "XDeviation": "-1853", "YDeviation": "20210"}]}, "Pick": {"ActualPickPosition": {"Angle": "0", "X": "17470", "Y": "-70910"}, "MeasuredComponentHeight": "0", "NominalPickPosition": {"Angle": "0", "X": "17623", "Y": "-70761"}, "PickupLocationId": "271", "Result": "0", "TimeStampSinceStationStarted": "1276856.380673", "VacuumAbsolute": "-805", "VacuumRelative": "-805", "ZEndPosition": "46964000", "ZTargetPosition": "46966924"}, "Place": {"ActualPlacePosition": {"Angle": "-180000", "X": "51766", "Y": "74117"}, "AirkissPressure": "75", "BoardPanelId": "3", "HoldingCircuitPressure": "2147483647", "NominalPlacePosition": {"Angle": "180000", "X": "51775", "Y": "74120"}, "ReferenceDesignator": "X601_CONN_16_STECK_R", "Result": "0", "TimeStampSinceStationStarted": "1276858.457865", "VacuumAbsolute": "-826", "VacuumRelative": "91", "ZEndPosition": "38988000", "ZTargetPosition": "39004737"}, "ElectricalMeasurement": null, "Dip": null}, {"HeadSegmentId": "66049", "Measures": {"MeasureList": [{"CameraIndividualId": "1033", "MeasurementResult": "0", "PhiDeviation": "-314866", "TimeStampSinceStationStarted": "1276858.941143", "VisionDumpPath": "C:\\Sirio\\Work\\SvDumpFiles\\PartCameraDumps\\JID_103379620_OID_433450004_SEG_1_BE-Bibliothek.A5E01114436_R1276854750.svdmp", "XDeviation": "-76432", "YDeviation": "151905"}]}, "Pick": {"ActualPickPosition": {"Angle": "180000", "X": "17950", "Y": "-70500"}, "MeasuredComponentHeight": "0", "NominalPickPosition": {"Angle": "180000", "X": "17916", "Y": "-70772"}, "PickupLocationId": "238", "Result": "0", "TimeStampSinceStationStarted": "1276858.183362", "VacuumAbsolute": "-779", "VacuumRelative": "-779", "ZEndPosition": "43459500", "ZTargetPosition": "43479760"}, "Place": {"ActualPlacePosition": {"Angle": "-179997", "X": "220958", "Y": "171772"}, "AirkissPressure": "76", "BoardPanelId": "2", "HoldingCircuitPressure": "2147483647", "NominalPlacePosition": {"Angle": "180000", "X": "220957", "Y": "171753"}, "ReferenceDesignator": "X605_CONN_8_STECK_RC", "Result": "0", "TimeStampSinceStationStarted": "1276859.327709", "VacuumAbsolute": "-818", "VacuumRelative": "100", "ZEndPosition": "40374500", "ZTargetPosition": "40417602"}, "ElectricalMeasurement": null, "Dip": null}, {"HeadSegmentId": "131585", "Measures": {"MeasureList": [{"CameraIndividualId": "1033", "MeasurementResult": "0", "PhiDeviation": "-1980052", "TimeStampSinceStationStarted": "1276859.082491", "VisionDumpPath": "C:\\Sirio\\Work\\SvDumpFiles\\PartCameraDumps\\JID_103379621_OID_433450005_SEG_2_BE-Bibliothek.A5E00701727_R1276855047.svdmp", "XDeviation": "-114805", "YDeviation": "-46466"}]}, "Pick": {"ActualPickPosition": {"Angle": "180000", "X": "15250", "Y": "-70500"}, "MeasuredComponentHeight": "0", "NominalPickPosition": {"Angle": "180000", "X": "15264", "Y": "-70687"}, "PickupLocationId": "240", "Result": "0", "TimeStampSinceStationStarted": "1276858.479507", "VacuumAbsolute": "-821", "VacuumRelative": "-821", "ZEndPosition": "47069500", "ZTargetPosition": "47076341"}, "Place": {"ActualPlacePosition": {"Angle": "3", "X": "88569", "Y": "151140"}, "AirkissPressure": "71", "BoardPanelId": "3", "HoldingCircuitPressure": "2147483647", "NominalPlacePosition": {"Angle": "0", "X": "88580", "Y": "151130"}, "ReferenceDesignator": "C2209_CAPA_2_22_KOND", "Result": "0", "TimeStampSinceStationStarted": "1276859.514079", "VacuumAbsolute": "-836", "VacuumRelative": "98", "ZEndPosition": "36780000", "ZTargetPosition": "36780141"}, "ElectricalMeasurement": null, "Dip": null}, {"HeadSegmentId": "133124", "Measures": {"MeasureList": [{"CameraIndividualId": "4033", "MeasurementResult": "0", "PhiDeviation": "30094", "TimeStampSinceStationStarted": "1276859.989997", "VisionDumpPath": "C:\\Sirio\\Work\\SvDumpFiles\\PartCameraDumps\\JID_403360745_OID_433450006_SEG_2_BE-Bibliothek.A5E44859639_R1276855679.svdmp", "XDeviation": "-69234", "YDeviation": "67604"}]}, "Pick": {"ActualPickPosition": {"Angle": "0", "X": "6000", "Y": "-49500"}, "MeasuredComponentHeight": "0", "NominalPickPosition": {"Angle": "0", "X": "5963", "Y": "-49432"}, "PickupLocationId": "280", "Result": "0", "TimeStampSinceStationStarted": "1276859.111881", "VacuumAbsolute": "-844", "VacuumRelative": "-844", "ZEndPosition": "46281500", "ZTargetPosition": "46285261"}, "Place": {"ActualPlacePosition": {"Angle": "-180000", "X": "157484", "Y": "162637"}, "AirkissPressure": "74", "BoardPanelId": "2", "HoldingCircuitPressure": "2147483647", "NominalPlacePosition": {"Angle": "180000", "X": "157480", "Y": "162630"}, "ReferenceDesignator": "U1800_SOP_8/SOIC_8_O", "Result": "0", "TimeStampSinceStationStarted": "1276860.546559", "VacuumAbsolute": "-844", "VacuumRelative": "97", "ZEndPosition": "43654000", "ZTargetPosition": "43697978"}, "ElectricalMeasurement": null, "Dip": null}, {"HeadSegmentId": "67588", "Measures": {"MeasureList": [{"CameraIndividualId": "4033", "MeasurementResult": "0", "PhiDeviation": "14494", "TimeStampSinceStationStarted": "1276860.202044", "VisionDumpPath": "C:\\Sirio\\Work\\SvDumpFiles\\PartCameraDumps\\JID_403360746_OID_433450007_SEG_1_BE-Bibliothek.A5E45275537_R1276855995.svdmp", "XDeviation": "152635", "YDeviation": "113243"}]}, "Pick": {"ActualPickPosition": {"Angle": "0", "X": "17470", "Y": "-70910"}, "MeasuredComponentHeight": "0", "NominalPickPosition": {"Angle": "0", "X": "17623", "Y": "-70759"}, "PickupLocationId": "271", "Result": "0", "TimeStampSinceStationStarted": "1276859.42794", "VacuumAbsolute": "-804", "VacuumRelative": "-804", "ZEndPosition": "46924500", "ZTargetPosition": "46966193"}, "Place": {"ActualPlacePosition": {"Angle": "-180000", "X": "172281", "Y": "74117"}, "AirkissPressure": "76", "BoardPanelId": "2", "HoldingCircuitPressure": "2147483647", "NominalPlacePosition": {"Angle": "180000", "X": "172275", "Y": "74120"}, "ReferenceDesignator": "X601_CONN_16_STECK_R", "Result": "0", "TimeStampSinceStationStarted": "1276860.876595", "VacuumAbsolute": "-829", "VacuumRelative": "91", "ZEndPosition": "39110000", "ZTargetPosition": "39118103"}, "ElectricalMeasurement": null, "Dip": null}, {"HeadSegmentId": "66049", "Measures": {"MeasureList": [{"CameraIndividualId": "1033", "MeasurementResult": "0", "PhiDeviation": "-2097296", "TimeStampSinceStationStarted": "1276862.215765", "VisionDumpPath": "C:\\Sirio\\Work\\SvDumpFiles\\PartCameraDumps\\JID_103379622_OID_433450008_SEG_1_BE-Bibliothek.A5E00701727_R1276858051.svdmp", "XDeviation": "-88165", "YDeviation": "142087"}]}, "Pick": {"ActualPickPosition": {"Angle": "180000", "X": "15250", "Y": "-70500"}, "MeasuredComponentHeight": "0", "NominalPickPosition": {"Angle": "180000", "X": "15270", "Y": "-70684"}, "PickupLocationId": "240", "Result": "0", "TimeStampSinceStationStarted": "1276861.483524", "VacuumAbsolute": "-791", "VacuumRelative": "-791", "ZEndPosition": "47020500", "ZTargetPosition": "47021131"}, "Place": {"ActualPlacePosition": {"Angle": "3", "X": "209079", "Y": "151146"}, "AirkissPressure": "73", "BoardPanelId": "2", "HoldingCircuitPressure": "2147483647", "NominalPlacePosition": {"Angle": "0", "X": "209080", "Y": "151130"}, "ReferenceDesignator": "C2209_CAPA_2_22_KOND", "Result": "0", "TimeStampSinceStationStarted": "1276862.605712", "VacuumAbsolute": "-800", "VacuumRelative": "97", "ZEndPosition": "36946500", "ZTargetPosition": "37044244"}, "ElectricalMeasurement": null, "Dip": null}, {"HeadSegmentId": "131585", "Measures": {"MeasureList": [{"CameraIndividualId": "1033", "MeasurementResult": "0", "PhiDeviation": "1371855", "TimeStampSinceStationStarted": "1276862.355679", "VisionDumpPath": "C:\\Sirio\\Work\\SvDumpFiles\\PartCameraDumps\\JID_103379623_OID_433450009_SEG_2_BE-Bibliothek.A5E00701727_R1276858322.svdmp", "XDeviation": "-38038", "YDeviation": "-36090"}]}, "Pick": {"ActualPickPosition": {"Angle": "180000", "X": "15250", "Y": "-70500"}, "MeasuredComponentHeight": "0", "NominalPickPosition": {"Angle": "180000", "X": "15270", "Y": "-70684"}, "PickupLocationId": "240", "Result": "0", "TimeStampSinceStationStarted": "1276861.754719", "VacuumAbsolute": "-825", "VacuumRelative": "-825", "ZEndPosition": "47068000", "ZTargetPosition": "47074631"}, "Place": {"ActualPlacePosition": {"Angle": "3", "X": "102570", "Y": "151141"}, "AirkissPressure": "76", "BoardPanelId": "3", "HoldingCircuitPressure": "2147483647", "NominalPlacePosition": {"Angle": "0", "X": "102580", "Y": "151130"}, "ReferenceDesignator": "C2206_CAPA_2_22_KOND", "Result": "0", "TimeStampSinceStationStarted": "1276862.767002", "VacuumAbsolute": "-840", "VacuumRelative": "99", "ZEndPosition": "36741500", "ZTargetPosition": "36737280"}, "ElectricalMeasurement": null, "Dip": null}, {"HeadSegmentId": "133124", "Measures": {"MeasureList": [{"CameraIndividualId": "4033", "MeasurementResult": "0", "PhiDeviation": "1572832", "TimeStampSinceStationStarted": "1276862.834585", "VisionDumpPath": "C:\\Sirio\\Work\\SvDumpFiles\\PartCameraDumps\\JID_403360747_OID_433450010_SEG_2_BE-Bibliothek.A5E44859639_R1276858092.svdmp", "XDeviation": "3368", "YDeviation": "52214"}]}, "Pick": {"ActualPickPosition": {"Angle": "0", "X": "6000", "Y": "-49500"}, "MeasuredComponentHeight": "0", "NominalPickPosition": {"Angle": "0", "X": "5960", "Y": "-49429"}, "PickupLocationId": "280", "Result": "0", "TimeStampSinceStationStarted": "1276861.524964", "VacuumAbsolute": "-845", "VacuumRelative": "-845", "ZEndPosition": "46275500", "ZTargetPosition": "46284321"}, "Place": {"ActualPlacePosition": {"Angle": "-180000", "X": "34632", "Y": "25842"}, "AirkissPressure": "74", "BoardPanelId": "3", "HoldingCircuitPressure": "2147483647", "NominalPlacePosition": {"Angle": "180000", "X": "34643", "Y": "25851"}, "ReferenceDesignator": "U500_SOP_8/SOIC_8_OP", "Result": "0", "TimeStampSinceStationStarted": "1276863.661305", "VacuumAbsolute": "-845", "VacuumRelative": "97", "ZEndPosition": "43730000", "ZTargetPosition": "43747713"}, "ElectricalMeasurement": null, "Dip": null}, {"HeadSegmentId": "67588", "Measures": {"MeasureList": [{"CameraIndividualId": "4033", "MeasurementResult": "0", "PhiDeviation": "-462608", "TimeStampSinceStationStarted": "1276863.127853", "VisionDumpPath": "C:\\Sirio\\Work\\SvDumpFiles\\PartCameraDumps\\JID_403360748_OID_433450011_SEG_1_BE-Bibliothek.A5E30248076_R1276858360.svdmp", "XDeviation": "-687182", "YDeviation": "-961971"}]}, "Pick": {"ActualPickPosition": {"Angle": "180000", "X": "17046", "Y": "-69744"}, "MeasuredComponentHeight": "0", "NominalPickPosition": {"Angle": "180000", "X": "17046", "Y": "-69744"}, "PickupLocationId": "267", "Result": "0", "TimeStampSinceStationStarted": "1276861.792429", "VacuumAbsolute": "-526", "VacuumRelative": "-526", "ZEndPosition": "47259500", "ZTargetPosition": "47277150"}, "Place": {"ActualPlacePosition": {"Angle": "-180000", "X": "103247", "Y": "30521"}, "AirkissPressure": "73", "BoardPanelId": "3", "HoldingCircuitPressure": "2147483647", "NominalPlacePosition": {"Angle": "180000", "X": "103250", "Y": "30530"}, "ReferenceDesignator": "X802_CONN_8_38_SONST", "Result": "0", "TimeStampSinceStationStarted": "1276863.942375", "VacuumAbsolute": "-523", "VacuumRelative": "3", "ZEndPosition": "32997500", "ZTargetPosition": "33045176"}, "ElectricalMeasurement": null, "Dip": null}, {"HeadSegmentId": "66049", "Measures": {"MeasureList": [{"CameraIndividualId": "1033", "MeasurementResult": "0", "PhiDeviation": "-492133", "TimeStampSinceStationStarted": "1276865.239526", "VisionDumpPath": "C:\\Sirio\\Work\\SvDumpFiles\\PartCameraDumps\\JID_103379624_OID_433450013_SEG_1_BE-Bibliothek.A5E00701727_R1276860769.svdmp", "XDeviation": "-137913", "YDeviation": "-71080"}]}, "Pick": {"ActualPickPosition": {"Angle": "180000", "X": "15250", "Y": "-70500"}, "MeasuredComponentHeight": "0", "NominalPickPosition": {"Angle": "180000", "X": "15276", "Y": "-70689"}, "PickupLocationId": "240", "Result": "0", "TimeStampSinceStationStarted": "1276864.201883", "VacuumAbsolute": "-811", "VacuumRelative": "-811", "ZEndPosition": "47006000", "ZTargetPosition": "47019355"}, "Place": {"ActualPlacePosition": {"Angle": "3", "X": "223080", "Y": "151147"}, "AirkissPressure": "72", "BoardPanelId": "2", "HoldingCircuitPressure": "2147483647", "NominalPlacePosition": {"Angle": "0", "X": "223080", "Y": "151130"}, "ReferenceDesignator": "C2206_CAPA_2_22_KOND", "Result": "0", "TimeStampSinceStationStarted": "1276865.875708", "VacuumAbsolute": "-833", "VacuumRelative": "103", "ZEndPosition": "37026000", "ZTargetPosition": "37069853"}, "ElectricalMeasurement": null, "Dip": null}, {"HeadSegmentId": "131585", "Measures": {"MeasureList": [{"CameraIndividualId": "1033", "MeasurementResult": "0", "PhiDeviation": "-13115", "TimeStampSinceStationStarted": "1276865.459419", "VisionDumpPath": "C:\\Sirio\\Work\\SvDumpFiles\\PartCameraDumps\\JID_103379625_OID_433450012_SEG_2_BE-Bibliothek.A5E02285215_R1276861044.svdmp", "XDeviation": "289718", "YDeviation": "511798"}]}, "Pick": {"ActualPickPosition": {"Angle": "180000", "X": "23950", "Y": "-70500"}, "MeasuredComponentHeight": "0", "NominalPickPosition": {"Angle": "180000", "X": "23950", "Y": "-70500"}, "PickupLocationId": "241", "Result": "0", "TimeStampSinceStationStarted": "1276864.476447", "VacuumAbsolute": "-859", "VacuumRelative": "-859", "ZEndPosition": "48479000", "ZTargetPosition": "48413154"}, "Place": {"ActualPlacePosition": {"Angle": "-90001", "X": "18420", "Y": "22892"}, "AirkissPressure": "72", "BoardPanelId": "3", "HoldingCircuitPressure": "2147483647", "NominalPlacePosition": {"Angle": "-90000", "X": "18439", "Y": "22900"}, "ReferenceDesignator": "X501_CONN_DSUB_9_STE", "Result": "0", "TimeStampSinceStationStarted": "1276866.232936", "VacuumAbsolute": "-861", "VacuumRelative": "103", "ZEndPosition": "36395500", "ZTargetPosition": "36336641"}, "ElectricalMeasurement": null, "Dip": null}, {"HeadSegmentId": "133124", "Measures": {"MeasureList": [{"CameraIndividualId": "4033", "MeasurementResult": "0", "PhiDeviation": "-1436374", "TimeStampSinceStationStarted": "1276865.90042", "VisionDumpPath": "C:\\Sirio\\Work\\SvDumpFiles\\PartCameraDumps\\JID_403360749_OID_433450014_SEG_2_BE-Bibliothek.A5E44859639_R1276861333.svdmp", "XDeviation": "4047", "YDeviation": "6181"}]}, "Pick": {"ActualPickPosition": {"Angle": "0", "X": "6000", "Y": "-49500"}, "MeasuredComponentHeight": "0", "NominalPickPosition": {"Angle": "0", "X": "5960", "Y": "-49426"}, "PickupLocationId": "280", "Result": "0", "TimeStampSinceStationStarted": "1276864.766192", "VacuumAbsolute": "-845", "VacuumRelative": "-845", "ZEndPosition": "46284000", "ZTargetPosition": "46282116"}, "Place": {"ActualPlacePosition": {"Angle": "-180000", "X": "155147", "Y": "25842"}, "AirkissPressure": "75", "BoardPanelId": "2", "HoldingCircuitPressure": "2147483647", "NominalPlacePosition": {"Angle": "180000", "X": "155143", "Y": "25851"}, "ReferenceDesignator": "U500_SOP_8/SOIC_8_OP", "Result": "0", "TimeStampSinceStationStarted": "1276866.870177", "VacuumAbsolute": "-845", "VacuumRelative": "97", "ZEndPosition": "43731000", "ZTargetPosition": "43747472"}, "ElectricalMeasurement": null, "Dip": null}, {"HeadSegmentId": "67588", "Measures": {"MeasureList": [{"CameraIndividualId": "4033", "MeasurementResult": "0", "PhiDeviation": "-267114", "TimeStampSinceStationStarted": "1276866.193022", "VisionDumpPath": "C:\\Sirio\\Work\\SvDumpFiles\\PartCameraDumps\\JID_403360750_OID_433450015_SEG_1_BE-Bibliothek.A5E30248076_R1276861603.svdmp", "XDeviation": "-738362", "YDeviation": "-1098068"}]}, "Pick": {"ActualPickPosition": {"Angle": "180000", "X": "17046", "Y": "-69744"}, "MeasuredComponentHeight": "0", "NominalPickPosition": {"Angle": "180000", "X": "17046", "Y": "-69744"}, "PickupLocationId": "267", "Result": "0", "TimeStampSinceStationStarted": "1276865.035856", "VacuumAbsolute": "-495", "VacuumRelative": "-495", "ZEndPosition": "47239000", "ZTargetPosition": "47272738"}, "Place": {"ActualPlacePosition": {"Angle": "-180000", "X": "223762", "Y": "30521"}, "AirkissPressure": "72", "BoardPanelId": "2", "HoldingCircuitPressure": "2147483647", "NominalPlacePosition": {"Angle": "180000", "X": "223750", "Y": "30530"}, "ReferenceDesignator": "X802_CONN_8_38_SONST", "Result": "0", "TimeStampSinceStationStarted": "1276867.14868", "VacuumAbsolute": "-447", "VacuumRelative": "-18", "ZEndPosition": "33363000", "ZTargetPosition": "33424962"}, "ElectricalMeasurement": null, "Dip": null}, {"HeadSegmentId": "131585", "Measures": {"MeasureList": [{"CameraIndividualId": "1033", "MeasurementResult": "0", "PhiDeviation": "-56358", "TimeStampSinceStationStarted": "1276868.413185", "VisionDumpPath": "C:\\Sirio\\Work\\SvDumpFiles\\PartCameraDumps\\JID_103379626_OID_433450016_SEG_2_BE-Bibliothek.A5E02285215_R1276863830.svdmp", "XDeviation": "307554", "YDeviation": "518382"}]}, "Pick": {"ActualPickPosition": {"Angle": "180000", "X": "23950", "Y": "-70500"}, "MeasuredComponentHeight": "0", "NominalPickPosition": {"Angle": "180000", "X": "23950", "Y": "-70500"}, "PickupLocationId": "241", "Result": "0", "TimeStampSinceStationStarted": "1276867.263099", "VacuumAbsolute": "-859", "VacuumRelative": "-859", "ZEndPosition": "48418000", "ZTargetPosition": "48429616"}, "Place": {"ActualPlacePosition": {"Angle": "-90001", "X": "138930", "Y": "22898"}, "AirkissPressure": "71", "BoardPanelId": "2", "HoldingCircuitPressure": "2147483647", "NominalPlacePosition": {"Angle": "-90000", "X": "138939", "Y": "22900"}, "ReferenceDesignator": "X501_CONN_DSUB_9_STE", "Result": "0", "TimeStampSinceStationStarted": "1276869.070551", "VacuumAbsolute": "-861", "VacuumRelative": "103", "ZEndPosition": "36265500", "ZTargetPosition": "36285322"}, "ElectricalMeasurement": null, "Dip": null}, {"HeadSegmentId": "66049", "Measures": {"MeasureList": [{"CameraIndividualId": "1033", "MeasurementResult": "0", "PhiDeviation": "-240749", "TimeStampSinceStationStarted": "1276868.710139", "VisionDumpPath": "C:\\Sirio\\Work\\SvDumpFiles\\PartCameraDumps\\JID_103379627_OID_433450017_SEG_1_BE-Bibliothek.A5E00189819_R1276864231.svdmp", "XDeviation": "-361869", "YDeviation": "-38696"}]}, "Pick": {"ActualPickPosition": {"Angle": "0", "X": "15250", "Y": "-70500"}, "MeasuredComponentHeight": "0", "NominalPickPosition": {"Angle": "0", "X": "15250", "Y": "-70308"}, "PickupLocationId": "242", "Result": "0", "TimeStampSinceStationStarted": "1276867.663261", "VacuumAbsolute": "-817", "VacuumRelative": "-817", "ZEndPosition": "47396000", "ZTargetPosition": "47406511"}, "Place": {"ActualPlacePosition": {"Angle": "3", "X": "194078", "Y": "151045"}, "AirkissPressure": "74", "BoardPanelId": "2", "HoldingCircuitPressure": "2147483647", "NominalPlacePosition": {"Angle": "0", "X": "194080", "Y": "151030"}, "ReferenceDesignator": "T2200_EX120_TRAFO_SC", "Result": "0", "TimeStampSinceStationStarted": "1276869.421169", "VacuumAbsolute": "-818", "VacuumRelative": "100", "ZEndPosition": "41439500", "ZTargetPosition": "41508060"}, "ElectricalMeasurement": null, "Dip": null}, {"HeadSegmentId": "67588", "Measures": {"MeasureList": [{"CameraIndividualId": "4033", "MeasurementResult": "0", "PhiDeviation": "-215819", "TimeStampSinceStationStarted": "1276870.470095", "VisionDumpPath": "C:\\Sirio\\Work\\SvDumpFiles\\PartCameraDumps\\JID_403360751_OID_433450019_SEG_1_BE-Bibliothek.A5E51102635_R1276865917.svdmp", "XDeviation": "181555", "YDeviation": "-28028"}]}, "Pick": {"ActualPickPosition": {"Angle": "0", "X": "15250", "Y": "-70500"}, "MeasuredComponentHeight": "0", "NominalPickPosition": {"Angle": "0", "X": "15151", "Y": "-70482"}, "PickupLocationId": "265", "Result": "0", "TimeStampSinceStationStarted": "1276869.349369", "VacuumAbsolute": "-829", "VacuumRelative": "-829", "ZEndPosition": "47215500", "ZTargetPosition": "47238085"}, "Place": {"ActualPlacePosition": {"Angle": "-180000", "X": "69612", "Y": "48624"}, "AirkissPressure": "78", "BoardPanelId": "3", "HoldingCircuitPressure": "2147483647", "NominalPlacePosition": {"Angle": "180000", "X": "69619", "Y": "48630"}, "ReferenceDesignator": "D3_BGA_63_", "Result": "0", "TimeStampSinceStationStarted": "1276870.915722", "VacuumAbsolute": "-831", "VacuumRelative": "92", "ZEndPosition": "46263500", "ZTargetPosition": "46304474"}, "ElectricalMeasurement": null, "Dip": null}, {"HeadSegmentId": "133124", "Measures": {"MeasureList": [{"CameraIndividualId": "4033", "MeasurementResult": "0", "PhiDeviation": "179388", "TimeStampSinceStationStarted": "1276870.257801", "VisionDumpPath": "C:\\Sirio\\Work\\SvDumpFiles\\PartCameraDumps\\JID_403360752_OID_433450018_SEG_2_BE-Bibliothek.A5E44859639_R1276866308.svdmp", "XDeviation": "-27874", "YDeviation": "-24428"}]}, "Pick": {"ActualPickPosition": {"Angle": "0", "X": "6000", "Y": "-49500"}, "MeasuredComponentHeight": "0", "NominalPickPosition": {"Angle": "0", "X": "5960", "Y": "-49426"}, "PickupLocationId": "280", "Result": "0", "TimeStampSinceStationStarted": "1276869.740772", "VacuumAbsolute": "-845", "VacuumRelative": "-845", "ZEndPosition": "46285500", "ZTargetPosition": "46282587"}, "Place": {"ActualPlacePosition": {"Angle": "-180000", "X": "150283", "Y": "162637"}, "AirkissPressure": "77", "BoardPanelId": "2", "HoldingCircuitPressure": "2147483647", "NominalPlacePosition": {"Angle": "180000", "X": "150280", "Y": "162630"}, "ReferenceDesignator": "U1704_SOP_8/SOIC_8_O", "Result": "0", "TimeStampSinceStationStarted": "1276871.23089", "VacuumAbsolute": "-845", "VacuumRelative": "97", "ZEndPosition": "43642000", "ZTargetPosition": "43666615"}, "ElectricalMeasurement": null, "Dip": null}, {"HeadSegmentId": "133124", "Measures": {"MeasureList": [{"CameraIndividualId": "4033", "MeasurementResult": "0", "PhiDeviation": "-761633", "TimeStampSinceStationStarted": "1276872.788552", "VisionDumpPath": "C:\\Sirio\\Work\\SvDumpFiles\\PartCameraDumps\\JID_403360753_OID_433450020_SEG_2_BE-Bibliothek.A5E44859639_R1276868502.svdmp", "XDeviation": "244624", "YDeviation": "58517"}]}, "Pick": {"ActualPickPosition": {"Angle": "0", "X": "6000", "Y": "-49500"}, "MeasuredComponentHeight": "0", "NominalPickPosition": {"Angle": "0", "X": "5959", "Y": "-49427"}, "PickupLocationId": "280", "Result": "0", "TimeStampSinceStationStarted": "1276871.934475", "VacuumAbsolute": "-843", "VacuumRelative": "-843", "ZEndPosition": "46297500", "ZTargetPosition": "46283315"}, "Place": {"ActualPlacePosition": {"Angle": "-180000", "X": "29769", "Y": "162637"}, "AirkissPressure": "75", "BoardPanelId": "3", "HoldingCircuitPressure": "2147483647", "NominalPlacePosition": {"Angle": "180000", "X": "29780", "Y": "162630"}, "ReferenceDesignator": "U1704_SOP_8/SOIC_8_O", "Result": "0", "TimeStampSinceStationStarted": "1276873.345463", "VacuumAbsolute": "-844", "VacuumRelative": "97", "ZEndPosition": "43858000", "ZTargetPosition": "43845675"}, "ElectricalMeasurement": null, "Dip": null}, {"HeadSegmentId": "67588", "Measures": {"MeasureList": [{"CameraIndividualId": "4033", "MeasurementResult": "0", "PhiDeviation": "-71976", "TimeStampSinceStationStarted": "1276873.000524", "VisionDumpPath": "C:\\Sirio\\Work\\SvDumpFiles\\PartCameraDumps\\JID_403360754_OID_433450021_SEG_1_BE-Bibliothek.A5E51102635_R1276868753.svdmp", "XDeviation": "-186323", "YDeviation": "-12069"}]}, "Pick": {"ActualPickPosition": {"Angle": "0", "X": "15250", "Y": "-70500"}, "MeasuredComponentHeight": "0", "NominalPickPosition": {"Angle": "0", "X": "15160", "Y": "-70484"}, "PickupLocationId": "265", "Result": "0", "TimeStampSinceStationStarted": "1276872.185456", "VacuumAbsolute": "-825", "VacuumRelative": "-825", "ZEndPosition": "47219500", "ZTargetPosition": "47232439"}, "Place": {"ActualPlacePosition": {"Angle": "-180000", "X": "190127", "Y": "48624"}, "AirkissPressure": "73", "BoardPanelId": "2", "HoldingCircuitPressure": "2147483647", "NominalPlacePosition": {"Angle": "180000", "X": "190119", "Y": "48630"}, "ReferenceDesignator": "D3_BGA_63_", "Result": "0", "TimeStampSinceStationStarted": "1276873.735559", "VacuumAbsolute": "-828", "VacuumRelative": "91", "ZEndPosition": "46456500", "ZTargetPosition": "46455941"}, "ElectricalMeasurement": null, "Dip": null}, {"HeadSegmentId": "67588", "Measures": {"MeasureList": [{"CameraIndividualId": "4033", "MeasurementResult": "0", "PhiDeviation": "-1377184", "TimeStampSinceStationStarted": "1276876.632261", "VisionDumpPath": "C:\\Sirio\\Work\\SvDumpFiles\\PartCameraDumps\\JID_403360755_OID_433450022_SEG_1_BE-Bibliothek.A5E44859639_R1276872163.svdmp", "XDeviation": "-22266", "YDeviation": "-39806"}]}, "Pick": {"ActualPickPosition": {"Angle": "0", "X": "6000", "Y": "-49500"}, "MeasuredComponentHeight": "0", "NominalPickPosition": {"Angle": "0", "X": "5971", "Y": "-49424"}, "PickupLocationId": "280", "Result": "0", "TimeStampSinceStationStarted": "1276875.595875", "VacuumAbsolute": "-851", "VacuumRelative": "-851", "ZEndPosition": "46224000", "ZTargetPosition": "46239361"}, "Place": {"ActualPlacePosition": {"Angle": "-180000", "X": "143082", "Y": "162637"}, "AirkissPressure": "76", "BoardPanelId": "2", "HoldingCircuitPressure": "2147483647", "NominalPlacePosition": {"Angle": "180000", "X": "143080", "Y": "162630"}, "ReferenceDesignator": "U1700_SOP_8/SOIC_8_O", "Result": "0", "TimeStampSinceStationStarted": "1276877.047246", "VacuumAbsolute": "-853", "VacuumRelative": "98", "ZEndPosition": "43557500", "ZTargetPosition": "43568343"}, "ElectricalMeasurement": null, "Dip": null}, {"HeadSegmentId": "133124", "Measures": {"MeasureList": [{"CameraIndividualId": "4033", "MeasurementResult": "0", "PhiDeviation": "487283", "TimeStampSinceStationStarted": "1276876.40219", "VisionDumpPath": "C:\\Sirio\\Work\\SvDumpFiles\\PartCameraDumps\\JID_403360756_OID_433450023_SEG_2_BE-Bibliothek.A5E44859639_R1276872452.svdmp", "XDeviation": "214674", "YDeviation": "48880"}]}, "Pick": {"ActualPickPosition": {"Angle": "0", "X": "6000", "Y": "-49500"}, "MeasuredComponentHeight": "0", "NominalPickPosition": {"Angle": "0", "X": "5971", "Y": "-49424"}, "PickupLocationId": "280", "Result": "0", "TimeStampSinceStationStarted": "1276875.884715", "VacuumAbsolute": "-844", "VacuumRelative": "-844", "ZEndPosition": "46292000", "ZTargetPosition": "46286861"}, "Place": {"ActualPlacePosition": {"Angle": "-180000", "X": "36969", "Y": "162637"}, "AirkissPressure": "75", "BoardPanelId": "3", "HoldingCircuitPressure": "2147483647", "NominalPlacePosition": {"Angle": "180000", "X": "36980", "Y": "162630"}, "ReferenceDesignator": "U1800_SOP_8/SOIC_8_O", "Result": "0", "TimeStampSinceStationStarted": "1276877.342627", "VacuumAbsolute": "-844", "VacuumRelative": "97", "ZEndPosition": "43826500", "ZTargetPosition": "43827356"}, "ElectricalMeasurement": null, "Dip": null}]}, "HeadContext": {"HeadSegments": {"HeadSegment": [{"GantryId": "1", "Head": "1", "HeadName": "Twin Head 5xx", "Id": "66049", "NozzleTypeId": "581", "SegmentNumber": "1"}, {"GantryId": "4", "Head": "1", "HeadName": "Twin Head 5xx", "Id": "67588", "NozzleTypeId": "516", "SegmentNumber": "1"}, {"GantryId": "1", "Head": "1", "HeadName": "Twin Head 5xx", "Id": "131585", "NozzleTypeId": "517", "SegmentNumber": "2"}, {"GantryId": "4", "Head": "1", "HeadName": "Twin Head 5xx", "Id": "133124", "NozzleTypeId": "597", "SegmentNumber": "2"}]}}, "SetupContext": {"PickupLocations": {"PickupLocation": [{"Division": "1", "FeederId": "32FAUE900466", "FeederType": "288", "Id": "238", "Level": "0", "Location": "1", "StartTrackNumber": "7", "SubLocation": "1", "Tower": "0", "PackagingUid": "M05323133"}, {"Division": "1", "FeederId": "24KL-L205402", "FeederType": "280", "Id": "240", "Level": "0", "Location": "1", "StartTrackNumber": "14", "SubLocation": "1", "Tower": "0", "PackagingUid": "M05187742"}, {"Division": "1", "FeederId": "44KL-K305106", "FeederType": "300", "Id": "241", "Level": "0", "Location": "1", "StartTrackNumber": "17", "SubLocation": "1", "Tower": "0", "PackagingUid": "M04859694"}, {"Division": "1", "FeederId": "24KL-K305319", "FeederType": "280", "Id": "242", "Level": "0", "Location": "1", "StartTrackNumber": "22", "SubLocation": "1", "Tower": "0", "PackagingUid": "M04790527"}, {"Division": "1", "FeederId": "24FAUE900672", "FeederType": "280", "Id": "265", "Level": "0", "Location": "4", "StartTrackNumber": "1", "SubLocation": "1", "Tower": "0", "PackagingUid": "A00061484"}, {"Division": "1", "FeederId": "32FAUE000671", "FeederType": "288", "Id": "267", "Level": "0", "Location": "4", "StartTrackNumber": "16", "SubLocation": "1", "Tower": "0", "PackagingUid": "M05305952"}, {"Division": "1", "FeederId": "32FAUE900659", "FeederType": "288", "Id": "271", "Level": "0", "Location": "4", "StartTrackNumber": "28", "SubLocation": "1", "Tower": "0", "PackagingUid": "M05299897"}, {"Division": "1", "FeederId": "12KL-F105078", "FeederType": "268", "Id": "280", "Level": "0", "Location": "4", "StartTrackNumber": "14", "SubLocation": "1", "Tower": "0", "PackagingUid": "M05245877"}]}}}}, "ProductionEndedData": {"StationTime": "2021-11-30T05:12:46.3050000+08:00", "TimeStampSinceStationStarted": "1276877.625664"}}