{"name": "PDI_Line5_4119448992_20211130213948.txt", "Timestamp": "2021-11-30T21:39:36.0883379+08:00", "TxnID": "64052bb9-696d-45c6-829f-66df5f8bd809", "Line": "SEWC-Lines\\Line5", "Machine": "Line5\\ST3_X3 S", "ProductionStartedData": [{"ConveyorLanePosition": "2", "ConveyorStopperPosition": "1", "Pcb": {"BarcodeReaderPosition": "0", "BoardSide": "1", "IndividualGUID": "ed7f8c1e-e110-47b4-8359-49ea735b5a5f", "LineJobGUID": "0eac2a39-09f1-470d-9bd7-2a5e9815b5ca", "Path": "STAB\\A5E50302024lt02", "PcbIndividualID": "44204", "RecipePath": "Line5\\Smart_CPU_L5_702SAF\\A5E50302024lt02", "Barcode": "", "OrderNumber": null}, "ProcessingAreaPosition": "2", "SetupPath": "Line5\\Smart_CPU_L5_702SAF", "StationTime": "2021-11-30T21:37:11.3520000+08:00", "TimeStampSinceStationStarted": "1335942.379098"}], "BoardPositionsList": {"BoardPositions": [{"ActualPosition": {"Angle": "-249", "X": "509470", "Y": "17572", "Z": "-5000"}, "FiducialPositions": {"FiducialRecognitionResult": []}, "NominalPosition": {"Angle": "0", "X": "510392", "Y": "16359", "Z": "-5000"}}]}, "ProgressDataList": {"ProductionProgressData": {"BoardContext": {"BoardPanels": {"BoardPanel": [{"Id": "2", "PanelPath": "A5E50302024lt02/A1"}]}}, "ComponentIndividuals": {"ComponentIndividual": [{"HeadSegmentId": "66819", "Measures": {"MeasureList": [{"CameraIndividualId": "3033", "MeasurementResult": "0", "PhiDeviation": "594062", "TimeStampSinceStationStarted": "1335946.985842", "VisionDumpPath": "C:\\Sirio\\Work\\SvDumpFiles\\PartCameraDumps\\JID_303395371_OID_442040003_SEG_1_BE-Bibliothek.A5E02081140_R1335942513.svdmp", "XDeviation": "62857", "YDeviation": "-109843"}, {"CameraIndividualId": "3033", "MeasurementResult": "1", "PhiDeviation": "0", "TimeStampSinceStationStarted": "0", "VisionDumpPath": "C:\\Sirio\\Work\\SvDumpFiles\\PartCameraDumps\\JID_303395369_OID_442040003_SEG_1_BE-Bibliothek.A5E02081140_R1335940434.svdmp", "XDeviation": "0", "YDeviation": "0"}]}, "Pick": {"ActualPickPosition": {"Angle": "0", "X": "30273", "Y": "-70772"}, "MeasuredComponentHeight": "0", "NominalPickPosition": {"Angle": "0", "X": "30791", "Y": "-70606"}, "PickupLocationId": "247", "Result": "0", "TimeStampSinceStationStarted": "1335943.572558", "VacuumAbsolute": "-829", "VacuumRelative": "-829", "ZEndPosition": "49654500", "ZTargetPosition": "49584165"}, "Place": {"ActualPlacePosition": {"Angle": "0", "X": "35192", "Y": "66326"}, "AirkissPressure": "77", "BoardPanelId": "2", "HoldingCircuitPressure": "2147483647", "NominalPlacePosition": {"Angle": "0", "X": "35200", "Y": "66330"}, "ReferenceDesignator": "X103_CONN_32_STECK_R", "Result": "0", "TimeStampSinceStationStarted": "1335948.228584", "VacuumAbsolute": "-860", "VacuumRelative": "102", "ZEndPosition": "40857500", "ZTargetPosition": "40839744"}, "ElectricalMeasurement": null, "Dip": null}, {"HeadSegmentId": "132355", "Measures": {"MeasureList": [{"CameraIndividualId": "3033", "MeasurementResult": "0", "PhiDeviation": "-533319", "TimeStampSinceStationStarted": "1335947.392693", "VisionDumpPath": "C:\\Sirio\\Work\\SvDumpFiles\\PartCameraDumps\\JID_303395372_OID_442040002_SEG_2_BE-Bibliothek.A5E01058093_R1335942514.svdmp", "XDeviation": "-123874", "YDeviation": "-106743"}, {"CameraIndividualId": "3033", "MeasurementResult": "1", "PhiDeviation": "0", "TimeStampSinceStationStarted": "0", "VisionDumpPath": "C:\\Sirio\\Work\\SvDumpFiles\\PartCameraDumps\\JID_303395370_OID_442040002_SEG_2_BE-Bibliothek.A5E01058093_R1335941362.svdmp", "XDeviation": "0", "YDeviation": "0"}]}, "Pick": {"ActualPickPosition": {"Angle": "0", "X": "23950", "Y": "-70500"}, "MeasuredComponentHeight": "0", "NominalPickPosition": {"Angle": "0", "X": "23915", "Y": "-70552"}, "PickupLocationId": "263", "Result": "0", "TimeStampSinceStationStarted": "1335944.501022", "VacuumAbsolute": "-437", "VacuumRelative": "-437", "ZEndPosition": "50270500", "ZTargetPosition": "50215188"}, "Place": {"ActualPlacePosition": {"Angle": "0", "X": "67696", "Y": "66326"}, "AirkissPressure": "71", "BoardPanelId": "2", "HoldingCircuitPressure": "2147483647", "NominalPlacePosition": {"Angle": "0", "X": "67700", "Y": "66330"}, "ReferenceDesignator": "X102_CONN_28_STECK_R", "Result": "0", "TimeStampSinceStationStarted": "1335948.615721", "VacuumAbsolute": "-448", "VacuumRelative": "35", "ZEndPosition": "41724500", "ZTargetPosition": "41698368"}, "ElectricalMeasurement": null, "Dip": null}]}, "HeadContext": {"HeadSegments": {"HeadSegment": [{"GantryId": "3", "Head": "1", "HeadName": "Twin Head 5xx", "Id": "66819", "NozzleTypeId": "573", "SegmentNumber": "1"}, {"GantryId": "3", "Head": "1", "HeadName": "Twin Head 5xx", "Id": "132355", "NozzleTypeId": "573", "SegmentNumber": "2"}]}}, "SetupContext": {"PickupLocations": {"PickupLocation": [{"Division": "1", "FeederId": "56FAUC000504", "FeederType": "312", "Id": "247", "Level": "0", "Location": "2", "StartTrackNumber": "1", "SubLocation": "1", "Tower": "0", "PackagingUid": "M05297981"}, {"Division": "1", "FeederId": "44FAUD200890", "FeederType": "300", "Id": "263", "Level": "0", "Location": "3", "StartTrackNumber": "30", "SubLocation": "1", "Tower": "0", "PackagingUid": "M05298575"}]}}}}, "ProductionEndedData": {"StationTime": "2021-11-30T21:37:18.0500000+08:00", "TimeStampSinceStationStarted": "1335949.076404"}}