{"name": "PDI_Line5_4171688489_20211130102726.txt", "Timestamp": "2021-11-30T10:26:58.4946461+08:00", "TxnID": "6e7e602e-b237-4b2f-8399-81aaf0487f96", "Line": "SEWC-Lines\\Line5", "Machine": "Line5\\ST3_X3 S", "ProductionStartedData": [{"ConveyorLanePosition": "1", "ConveyorStopperPosition": "1", "Pcb": {"BarcodeReaderPosition": "0", "BoardSide": "1", "IndividualGUID": "f3d995a7-ed58-4ac9-af5a-8cbf4a56e402", "LineJobGUID": "fead7f33-0866-4d90-8540-e9f27c9d6bcf", "Path": "STAB\\A5E50302021bt01", "PcbIndividualID": "43839", "RecipePath": "Line5\\Smart_CPU_L5_702SAF\\A5E50302021bt01", "Barcode": "", "OrderNumber": null}, "ProcessingAreaPosition": "1", "SetupPath": "Line5\\Smart_CPU_L5_702SAF", "StationTime": "2021-11-30T10:24:34.6350000+08:00", "TimeStampSinceStationStarted": "1295585.86168"}], "BoardPositionsList": {"BoardPositions": [{"ActualPosition": {"Angle": "-35", "X": "-528901", "Y": "-232445", "Z": "-5000"}, "FiducialPositions": {"FiducialRecognitionResult": [{"ActualPosition": {"Angle": "-43", "X": "5618", "Y": "10920", "Z": null}, "CameraIndividualId": "4034", "FiducialFunction": "0", "GantryId": "4", "MeasurementResult": "0", "NominalPosition": {"Angle": "0", "X": "6480", "Y": "10530", "Z": null}, "Path": "A5E50302021bt01/1/02/1", "StationTime": "2021-11-30T10:24:36.5780000+08:00", "TimeStampSinceStationStarted": "1295587.804205"}, {"ActualPosition": {"Angle": "-60", "X": "241076", "Y": "192276", "Z": null}, "CameraIndividualId": "4034", "FiducialFunction": "0", "GantryId": "4", "MeasurementResult": "0", "NominalPosition": {"Angle": "0", "X": "241830", "Y": "192030", "Z": null}, "Path": "A5E50302021bt01/1/01/1", "StationTime": "2021-11-30T10:24:36.5780000+08:00", "TimeStampSinceStationStarted": "1295587.804205"}, {"ActualPosition": {"Angle": "-20", "X": "6475", "Y": "10535", "Z": null}, "CameraIndividualId": "1034", "FiducialFunction": "0", "GantryId": "1", "MeasurementResult": "0", "NominalPosition": {"Angle": "0", "X": "6480", "Y": "10530", "Z": null}, "Path": "A5E50302021bt01/1/02/1", "StationTime": "2021-11-30T10:24:36.5780000+08:00", "TimeStampSinceStationStarted": "1295587.804205"}]}, "NominalPosition": {"Angle": "0", "X": "-528032", "Y": "-232838", "Z": "-5000"}}]}, "ProgressDataList": {"ProductionProgressData": {"BoardContext": {"BoardPanels": {"BoardPanel": [{"Id": "2", "PanelPath": "A5E50302021bt01/A1"}, {"Id": "3", "PanelPath": "A5E50302021bt01/B1"}]}}, "ComponentIndividuals": {"ComponentIndividual": [{"HeadSegmentId": "66049", "Measures": {"MeasureList": [{"CameraIndividualId": "1033", "MeasurementResult": "0", "PhiDeviation": "-261788", "TimeStampSinceStationStarted": "1295590.100919", "VisionDumpPath": "C:\\Sirio\\Work\\SvDumpFiles\\PartCameraDumps\\JID_103384623_OID_438390000_SEG_1_BE-Bibliothek.A5E01114436_R1295584036.svdmp", "XDeviation": "-29498", "YDeviation": "17175"}]}, "Pick": {"ActualPickPosition": {"Angle": "180000", "X": "17950", "Y": "-70500"}, "MeasuredComponentHeight": "0", "NominalPickPosition": {"Angle": "180000", "X": "17895", "Y": "-70966"}, "PickupLocationId": "238", "Result": "0", "TimeStampSinceStationStarted": "1295587.37493", "VacuumAbsolute": "-776", "VacuumRelative": "-776", "ZEndPosition": "43476500", "ZTargetPosition": "43488516"}, "Place": {"ActualPlacePosition": {"Angle": "-179999", "X": "100447", "Y": "171756"}, "AirkissPressure": "72", "BoardPanelId": "3", "HoldingCircuitPressure": "2147483647", "NominalPlacePosition": {"Angle": "180000", "X": "100457", "Y": "171753"}, "ReferenceDesignator": "X605_CONN_8_STECK_RC", "Result": "0", "TimeStampSinceStationStarted": "1295590.586738", "VacuumAbsolute": "-810", "VacuumRelative": "98", "ZEndPosition": "40159000", "ZTargetPosition": "40165148"}, "ElectricalMeasurement": null, "Dip": null}, {"HeadSegmentId": "131585", "Measures": {"MeasureList": [{"CameraIndividualId": "1033", "MeasurementResult": "0", "PhiDeviation": "-1443405", "TimeStampSinceStationStarted": "1295590.265392", "VisionDumpPath": "C:\\Sirio\\Work\\SvDumpFiles\\PartCameraDumps\\JID_103384624_OID_438390001_SEG_2_BE-Bibliothek.A5E00189819_R1295584309.svdmp", "XDeviation": "220421", "YDeviation": "-38209"}]}, "Pick": {"ActualPickPosition": {"Angle": "0", "X": "15250", "Y": "-70500"}, "MeasuredComponentHeight": "0", "NominalPickPosition": {"Angle": "0", "X": "15037", "Y": "-70435"}, "PickupLocationId": "242", "Result": "0", "TimeStampSinceStationStarted": "1295587.647994", "VacuumAbsolute": "-842", "VacuumRelative": "-842", "ZEndPosition": "47445500", "ZTargetPosition": "47402549"}, "Place": {"ActualPlacePosition": {"Angle": "1", "X": "73571", "Y": "151033"}, "AirkissPressure": "73", "BoardPanelId": "3", "HoldingCircuitPressure": "2147483647", "NominalPlacePosition": {"Angle": "0", "X": "73580", "Y": "151030"}, "ReferenceDesignator": "T2200_EX120_TRAFO_SC", "Result": "0", "TimeStampSinceStationStarted": "1295590.753731", "VacuumAbsolute": "-843", "VacuumRelative": "100", "ZEndPosition": "41412000", "ZTargetPosition": "41411288"}, "ElectricalMeasurement": null, "Dip": null}, {"HeadSegmentId": "133124", "Measures": {"MeasureList": [{"CameraIndividualId": "4033", "MeasurementResult": "0", "PhiDeviation": "301334", "TimeStampSinceStationStarted": "1295590.616595", "VisionDumpPath": "C:\\Sirio\\Work\\SvDumpFiles\\PartCameraDumps\\JID_403367740_OID_438390002_SEG_2_BE-Bibliothek.A5E44859639_R1295585842.svdmp", "XDeviation": "-133638", "YDeviation": "-5529"}]}, "Pick": {"ActualPickPosition": {"Angle": "0", "X": "6000", "Y": "-49500"}, "MeasuredComponentHeight": "0", "NominalPickPosition": {"Angle": "0", "X": "6009", "Y": "-49476"}, "PickupLocationId": "280", "Result": "0", "TimeStampSinceStationStarted": "1295589.180503", "VacuumAbsolute": "-854", "VacuumRelative": "-854", "ZEndPosition": "46270500", "ZTargetPosition": "46267228"}, "Place": {"ActualPlacePosition": {"Angle": "180000", "X": "22581", "Y": "162629"}, "AirkissPressure": "73", "BoardPanelId": "3", "HoldingCircuitPressure": "2147483647", "NominalPlacePosition": {"Angle": "180000", "X": "22580", "Y": "162630"}, "ReferenceDesignator": "U1700_SOP_8/SOIC_8_O", "Result": "0", "TimeStampSinceStationStarted": "1295591.315137", "VacuumAbsolute": "-854", "VacuumRelative": "99", "ZEndPosition": "43866500", "ZTargetPosition": "43831758"}, "ElectricalMeasurement": null, "Dip": null}, {"HeadSegmentId": "67588", "Measures": {"MeasureList": [{"CameraIndividualId": "4033", "MeasurementResult": "0", "PhiDeviation": "-14902", "TimeStampSinceStationStarted": "1295590.828583", "VisionDumpPath": "C:\\Sirio\\Work\\SvDumpFiles\\PartCameraDumps\\JID_403367741_OID_438390003_SEG_1_BE-Bibliothek.A5E45275537_R1295586160.svdmp", "XDeviation": "118195", "YDeviation": "83343"}]}, "Pick": {"ActualPickPosition": {"Angle": "0", "X": "17470", "Y": "-70910"}, "MeasuredComponentHeight": "0", "NominalPickPosition": {"Angle": "0", "X": "17959", "Y": "-70908"}, "PickupLocationId": "271", "Result": "0", "TimeStampSinceStationStarted": "1295589.499102", "VacuumAbsolute": "-807", "VacuumRelative": "-807", "ZEndPosition": "47136500", "ZTargetPosition": "47137662"}, "Place": {"ActualPlacePosition": {"Angle": "180000", "X": "51776", "Y": "74120"}, "AirkissPressure": "77", "BoardPanelId": "3", "HoldingCircuitPressure": "2147483647", "NominalPlacePosition": {"Angle": "180000", "X": "51775", "Y": "74120"}, "ReferenceDesignator": "X601_CONN_16_STECK_R", "Result": "0", "TimeStampSinceStationStarted": "1295591.641364", "VacuumAbsolute": "-832", "VacuumRelative": "94", "ZEndPosition": "39031000", "ZTargetPosition": "39037521"}, "ElectricalMeasurement": null, "Dip": null}, {"HeadSegmentId": "66049", "Measures": {"MeasureList": [{"CameraIndividualId": "1033", "MeasurementResult": "0", "PhiDeviation": "-26340", "TimeStampSinceStationStarted": "1295592.118316", "VisionDumpPath": "C:\\Sirio\\Work\\SvDumpFiles\\PartCameraDumps\\JID_103384625_OID_438390004_SEG_1_BE-Bibliothek.A5E01114436_R1295588028.svdmp", "XDeviation": "31595", "YDeviation": "11574"}]}, "Pick": {"ActualPickPosition": {"Angle": "180000", "X": "17950", "Y": "-70500"}, "MeasuredComponentHeight": "0", "NominalPickPosition": {"Angle": "180000", "X": "17896", "Y": "-70967"}, "PickupLocationId": "238", "Result": "0", "TimeStampSinceStationStarted": "1295591.365437", "VacuumAbsolute": "-777", "VacuumRelative": "-777", "ZEndPosition": "43496000", "ZTargetPosition": "43485512"}, "Place": {"ActualPlacePosition": {"Angle": "-179999", "X": "220942", "Y": "171758"}, "AirkissPressure": "72", "BoardPanelId": "2", "HoldingCircuitPressure": "2147483647", "NominalPlacePosition": {"Angle": "180000", "X": "220957", "Y": "171753"}, "ReferenceDesignator": "X605_CONN_8_STECK_RC", "Result": "0", "TimeStampSinceStationStarted": "1295592.504735", "VacuumAbsolute": "-808", "VacuumRelative": "97", "ZEndPosition": "40402000", "ZTargetPosition": "40413975"}, "ElectricalMeasurement": null, "Dip": null}, {"HeadSegmentId": "131585", "Measures": {"MeasureList": [{"CameraIndividualId": "1033", "MeasurementResult": "0", "PhiDeviation": "-2467102", "TimeStampSinceStationStarted": "1295592.259752", "VisionDumpPath": "C:\\Sirio\\Work\\SvDumpFiles\\PartCameraDumps\\JID_103384626_OID_438390005_SEG_2_BE-Bibliothek.A5E00701727_R1295588321.svdmp", "XDeviation": "58316", "YDeviation": "123883"}]}, "Pick": {"ActualPickPosition": {"Angle": "180000", "X": "15250", "Y": "-70500"}, "MeasuredComponentHeight": "0", "NominalPickPosition": {"Angle": "180000", "X": "15306", "Y": "-70581"}, "PickupLocationId": "240", "Result": "0", "TimeStampSinceStationStarted": "1295591.659506", "VacuumAbsolute": "-824", "VacuumRelative": "-824", "ZEndPosition": "47049000", "ZTargetPosition": "47072589"}, "Place": {"ActualPlacePosition": {"Angle": "1", "X": "88570", "Y": "151134"}, "AirkissPressure": "72", "BoardPanelId": "3", "HoldingCircuitPressure": "2147483647", "NominalPlacePosition": {"Angle": "0", "X": "88580", "Y": "151130"}, "ReferenceDesignator": "C2209_CAPA_2_22_KOND", "Result": "0", "TimeStampSinceStationStarted": "1295592.692321", "VacuumAbsolute": "-839", "VacuumRelative": "99", "ZEndPosition": "36781000", "ZTargetPosition": "36828191"}, "ElectricalMeasurement": null, "Dip": null}, {"HeadSegmentId": "133124", "Measures": {"MeasureList": [{"CameraIndividualId": "4033", "MeasurementResult": "0", "PhiDeviation": "352660", "TimeStampSinceStationStarted": "1295593.222952", "VisionDumpPath": "C:\\Sirio\\Work\\SvDumpFiles\\PartCameraDumps\\JID_403367742_OID_438390006_SEG_2_BE-Bibliothek.A5E44859639_R1295588956.svdmp", "XDeviation": "54305", "YDeviation": "92993"}]}, "Pick": {"ActualPickPosition": {"Angle": "0", "X": "6000", "Y": "-49500"}, "MeasuredComponentHeight": "0", "NominalPickPosition": {"Angle": "0", "X": "6002", "Y": "-49477"}, "PickupLocationId": "280", "Result": "0", "TimeStampSinceStationStarted": "1295592.295104", "VacuumAbsolute": "-852", "VacuumRelative": "-852", "ZEndPosition": "46274500", "ZTargetPosition": "46268046"}, "Place": {"ActualPlacePosition": {"Angle": "180000", "X": "157480", "Y": "162629"}, "AirkissPressure": "74", "BoardPanelId": "2", "HoldingCircuitPressure": "2147483647", "NominalPlacePosition": {"Angle": "180000", "X": "157480", "Y": "162630"}, "ReferenceDesignator": "U1800_SOP_8/SOIC_8_O", "Result": "0", "TimeStampSinceStationStarted": "1295593.779503", "VacuumAbsolute": "-853", "VacuumRelative": "99", "ZEndPosition": "43673500", "ZTargetPosition": "43684232"}, "ElectricalMeasurement": null, "Dip": null}, {"HeadSegmentId": "67588", "Measures": {"MeasureList": [{"CameraIndividualId": "4033", "MeasurementResult": "0", "PhiDeviation": "148762", "TimeStampSinceStationStarted": "1295593.435024", "VisionDumpPath": "C:\\Sirio\\Work\\SvDumpFiles\\PartCameraDumps\\JID_403367743_OID_438390007_SEG_1_BE-Bibliothek.A5E45275537_R1295589288.svdmp", "XDeviation": "-86870", "YDeviation": "4718"}]}, "Pick": {"ActualPickPosition": {"Angle": "0", "X": "17470", "Y": "-70910"}, "MeasuredComponentHeight": "0", "NominalPickPosition": {"Angle": "0", "X": "17965", "Y": "-70904"}, "PickupLocationId": "271", "Result": "0", "TimeStampSinceStationStarted": "1295592.62667", "VacuumAbsolute": "-800", "VacuumRelative": "-800", "ZEndPosition": "47136000", "ZTargetPosition": "47137372"}, "Place": {"ActualPlacePosition": {"Angle": "180000", "X": "172275", "Y": "74120"}, "AirkissPressure": "73", "BoardPanelId": "2", "HoldingCircuitPressure": "2147483647", "NominalPlacePosition": {"Angle": "180000", "X": "172275", "Y": "74120"}, "ReferenceDesignator": "X601_CONN_16_STECK_R", "Result": "0", "TimeStampSinceStationStarted": "1295594.111915", "VacuumAbsolute": "-819", "VacuumRelative": "91", "ZEndPosition": "39187000", "ZTargetPosition": "39188465"}, "ElectricalMeasurement": null, "Dip": null}, {"HeadSegmentId": "66049", "Measures": {"MeasureList": [{"CameraIndividualId": "1033", "MeasurementResult": "0", "PhiDeviation": "-3115185", "TimeStampSinceStationStarted": "1295595.385249", "VisionDumpPath": "C:\\Sirio\\Work\\SvDumpFiles\\PartCameraDumps\\JID_103384627_OID_438390008_SEG_1_BE-Bibliothek.A5E00701727_R1295591310.svdmp", "XDeviation": "56903", "YDeviation": "83132"}]}, "Pick": {"ActualPickPosition": {"Angle": "180000", "X": "15250", "Y": "-70500"}, "MeasuredComponentHeight": "0", "NominalPickPosition": {"Angle": "180000", "X": "15303", "Y": "-70587"}, "PickupLocationId": "240", "Result": "0", "TimeStampSinceStationStarted": "1295594.648589", "VacuumAbsolute": "-808", "VacuumRelative": "-808", "ZEndPosition": "47080000", "ZTargetPosition": "47029692"}, "Place": {"ActualPlacePosition": {"Angle": "1", "X": "209065", "Y": "151135"}, "AirkissPressure": "76", "BoardPanelId": "2", "HoldingCircuitPressure": "2147483647", "NominalPlacePosition": {"Angle": "0", "X": "209080", "Y": "151130"}, "ReferenceDesignator": "C2209_CAPA_2_22_KOND", "Result": "0", "TimeStampSinceStationStarted": "1295595.775911", "VacuumAbsolute": "-825", "VacuumRelative": "102", "ZEndPosition": "37052000", "ZTargetPosition": "37030204"}, "ElectricalMeasurement": null, "Dip": null}, {"HeadSegmentId": "131585", "Measures": {"MeasureList": [{"CameraIndividualId": "1033", "MeasurementResult": "0", "PhiDeviation": "-357362", "TimeStampSinceStationStarted": "1295595.524737", "VisionDumpPath": "C:\\Sirio\\Work\\SvDumpFiles\\PartCameraDumps\\JID_103384628_OID_438390009_SEG_2_BE-Bibliothek.A5E00701727_R1295591585.svdmp", "XDeviation": "34759", "YDeviation": "105051"}]}, "Pick": {"ActualPickPosition": {"Angle": "180000", "X": "15250", "Y": "-70500"}, "MeasuredComponentHeight": "0", "NominalPickPosition": {"Angle": "180000", "X": "15303", "Y": "-70587"}, "PickupLocationId": "240", "Result": "0", "TimeStampSinceStationStarted": "1295594.923166", "VacuumAbsolute": "-819", "VacuumRelative": "-819", "ZEndPosition": "47074500", "ZTargetPosition": "47066692"}, "Place": {"ActualPlacePosition": {"Angle": "1", "X": "102570", "Y": "151134"}, "AirkissPressure": "74", "BoardPanelId": "3", "HoldingCircuitPressure": "2147483647", "NominalPlacePosition": {"Angle": "0", "X": "102580", "Y": "151130"}, "ReferenceDesignator": "C2206_CAPA_2_22_KOND", "Result": "0", "TimeStampSinceStationStarted": "1295595.938272", "VacuumAbsolute": "-832", "VacuumRelative": "98", "ZEndPosition": "36724500", "ZTargetPosition": "36759526"}, "ElectricalMeasurement": null, "Dip": null}, {"HeadSegmentId": "133124", "Measures": {"MeasureList": [{"CameraIndividualId": "4033", "MeasurementResult": "0", "PhiDeviation": "684471", "TimeStampSinceStationStarted": "1295595.963579", "VisionDumpPath": "C:\\Sirio\\Work\\SvDumpFiles\\PartCameraDumps\\JID_403367744_OID_438390010_SEG_2_BE-Bibliothek.A5E44859639_R1295591441.svdmp", "XDeviation": "-87205", "YDeviation": "-21307"}]}, "Pick": {"ActualPickPosition": {"Angle": "0", "X": "6000", "Y": "-49500"}, "MeasuredComponentHeight": "0", "NominalPickPosition": {"Angle": "0", "X": "6005", "Y": "-49472"}, "PickupLocationId": "280", "Result": "0", "TimeStampSinceStationStarted": "1295594.779061", "VacuumAbsolute": "-854", "VacuumRelative": "-854", "ZEndPosition": "46279000", "ZTargetPosition": "46269660"}, "Place": {"ActualPlacePosition": {"Angle": "180000", "X": "34644", "Y": "25852"}, "AirkissPressure": "76", "BoardPanelId": "3", "HoldingCircuitPressure": "2147483647", "NominalPlacePosition": {"Angle": "180000", "X": "34643", "Y": "25851"}, "ReferenceDesignator": "U500_SOP_8/SOIC_8_OP", "Result": "0", "TimeStampSinceStationStarted": "1295596.789128", "VacuumAbsolute": "-854", "VacuumRelative": "99", "ZEndPosition": "43736500", "ZTargetPosition": "43723342"}, "ElectricalMeasurement": null, "Dip": null}, {"HeadSegmentId": "67588", "Measures": {"MeasureList": [{"CameraIndividualId": "4033", "MeasurementResult": "0", "PhiDeviation": "-251487", "TimeStampSinceStationStarted": "1295596.25492", "VisionDumpPath": "C:\\Sirio\\Work\\SvDumpFiles\\PartCameraDumps\\JID_403367745_OID_438390011_SEG_1_BE-Bibliothek.A5E30248076_R1295591711.svdmp", "XDeviation": "-784537", "YDeviation": "-902146"}]}, "Pick": {"ActualPickPosition": {"Angle": "180000", "X": "17020", "Y": "-69475"}, "MeasuredComponentHeight": "0", "NominalPickPosition": {"Angle": "180000", "X": "17020", "Y": "-69475"}, "PickupLocationId": "267", "Result": "0", "TimeStampSinceStationStarted": "1295595.049638", "VacuumAbsolute": "-791", "VacuumRelative": "-791", "ZEndPosition": "47267000", "ZTargetPosition": "47273875"}, "Place": {"ActualPlacePosition": {"Angle": "180000", "X": "103250", "Y": "30531"}, "AirkissPressure": "77", "BoardPanelId": "3", "HoldingCircuitPressure": "2147483647", "NominalPlacePosition": {"Angle": "180000", "X": "103250", "Y": "30530"}, "ReferenceDesignator": "X802_CONN_8_38_SONST", "Result": "0", "TimeStampSinceStationStarted": "1295597.061556", "VacuumAbsolute": "-791", "VacuumRelative": "85", "ZEndPosition": "33026000", "ZTargetPosition": "33029445"}, "ElectricalMeasurement": null, "Dip": null}, {"HeadSegmentId": "66049", "Measures": {"MeasureList": [{"CameraIndividualId": "1033", "MeasurementResult": "0", "PhiDeviation": "1324961", "TimeStampSinceStationStarted": "1295598.376739", "VisionDumpPath": "C:\\Sirio\\Work\\SvDumpFiles\\PartCameraDumps\\JID_103384629_OID_438390013_SEG_1_BE-Bibliothek.A5E00701727_R1295594005.svdmp", "XDeviation": "-44081", "YDeviation": "-96992"}]}, "Pick": {"ActualPickPosition": {"Angle": "180000", "X": "15250", "Y": "-70500"}, "MeasuredComponentHeight": "0", "NominalPickPosition": {"Angle": "180000", "X": "15298", "Y": "-70596"}, "PickupLocationId": "240", "Result": "0", "TimeStampSinceStationStarted": "1295597.343137", "VacuumAbsolute": "-811", "VacuumRelative": "-811", "ZEndPosition": "47034000", "ZTargetPosition": "47041077"}, "Place": {"ActualPlacePosition": {"Angle": "1", "X": "223065", "Y": "151135"}, "AirkissPressure": "74", "BoardPanelId": "2", "HoldingCircuitPressure": "2147483647", "NominalPlacePosition": {"Angle": "0", "X": "223080", "Y": "151130"}, "ReferenceDesignator": "C2206_CAPA_2_22_KOND", "Result": "0", "TimeStampSinceStationStarted": "1295599.019896", "VacuumAbsolute": "-831", "VacuumRelative": "104", "ZEndPosition": "37116500", "ZTargetPosition": "37085467"}, "ElectricalMeasurement": null, "Dip": null}, {"HeadSegmentId": "131585", "Measures": {"MeasureList": [{"CameraIndividualId": "1033", "MeasurementResult": "0", "PhiDeviation": "-710896", "TimeStampSinceStationStarted": "1295598.596692", "VisionDumpPath": "C:\\Sirio\\Work\\SvDumpFiles\\PartCameraDumps\\JID_103384630_OID_438390012_SEG_2_BE-Bibliothek.A5E02285215_R1295594278.svdmp", "XDeviation": "-35843", "YDeviation": "106698"}]}, "Pick": {"ActualPickPosition": {"Angle": "180000", "X": "23950", "Y": "-70500"}, "MeasuredComponentHeight": "0", "NominalPickPosition": {"Angle": "180000", "X": "23950", "Y": "-70500"}, "PickupLocationId": "241", "Result": "0", "TimeStampSinceStationStarted": "1295597.615655", "VacuumAbsolute": "-862", "VacuumRelative": "-862", "ZEndPosition": "48362500", "ZTargetPosition": "48387584"}, "Place": {"ActualPlacePosition": {"Angle": "-90000", "X": "18433", "Y": "22904"}, "AirkissPressure": "75", "BoardPanelId": "3", "HoldingCircuitPressure": "2147483647", "NominalPlacePosition": {"Angle": "-90000", "X": "18439", "Y": "22900"}, "ReferenceDesignator": "X501_CONN_DSUB_9_STE", "Result": "0", "TimeStampSinceStationStarted": "1295599.397091", "VacuumAbsolute": "-864", "VacuumRelative": "103", "ZEndPosition": "36351500", "ZTargetPosition": "36303734"}, "ElectricalMeasurement": null, "Dip": null}, {"HeadSegmentId": "133124", "Measures": {"MeasureList": [{"CameraIndividualId": "4033", "MeasurementResult": "0", "PhiDeviation": "60679", "TimeStampSinceStationStarted": "1295599.04559", "VisionDumpPath": "C:\\Sirio\\Work\\SvDumpFiles\\PartCameraDumps\\JID_403367746_OID_438390014_SEG_2_BE-Bibliothek.A5E44859639_R1295594549.svdmp", "XDeviation": "-109272", "YDeviation": "48673"}]}, "Pick": {"ActualPickPosition": {"Angle": "0", "X": "6000", "Y": "-49500"}, "MeasuredComponentHeight": "0", "NominalPickPosition": {"Angle": "0", "X": "6000", "Y": "-49473"}, "PickupLocationId": "280", "Result": "0", "TimeStampSinceStationStarted": "1295597.88731", "VacuumAbsolute": "-852", "VacuumRelative": "-852", "ZEndPosition": "46268500", "ZTargetPosition": "46271995"}, "Place": {"ActualPlacePosition": {"Angle": "180000", "X": "155143", "Y": "25852"}, "AirkissPressure": "73", "BoardPanelId": "2", "HoldingCircuitPressure": "2147483647", "NominalPlacePosition": {"Angle": "180000", "X": "155143", "Y": "25851"}, "ReferenceDesignator": "U500_SOP_8/SOIC_8_OP", "Result": "0", "TimeStampSinceStationStarted": "1295600.030234", "VacuumAbsolute": "-852", "VacuumRelative": "98", "ZEndPosition": "43724000", "ZTargetPosition": "43740636"}, "ElectricalMeasurement": null, "Dip": null}, {"HeadSegmentId": "67588", "Measures": {"MeasureList": [{"CameraIndividualId": "4033", "MeasurementResult": "0", "PhiDeviation": "-93190", "TimeStampSinceStationStarted": "1295599.338173", "VisionDumpPath": "C:\\Sirio\\Work\\SvDumpFiles\\PartCameraDumps\\JID_403367747_OID_438390015_SEG_1_BE-Bibliothek.A5E30248076_R1295594806.svdmp", "XDeviation": "-791816", "YDeviation": "-907757"}]}, "Pick": {"ActualPickPosition": {"Angle": "180000", "X": "17020", "Y": "-69475"}, "MeasuredComponentHeight": "0", "NominalPickPosition": {"Angle": "180000", "X": "17020", "Y": "-69475"}, "PickupLocationId": "267", "Result": "0", "TimeStampSinceStationStarted": "1295598.144249", "VacuumAbsolute": "-789", "VacuumRelative": "-789", "ZEndPosition": "47256000", "ZTargetPosition": "47272156"}, "Place": {"ActualPlacePosition": {"Angle": "180000", "X": "223749", "Y": "30531"}, "AirkissPressure": "73", "BoardPanelId": "2", "HoldingCircuitPressure": "2147483647", "NominalPlacePosition": {"Angle": "180000", "X": "223750", "Y": "30530"}, "ReferenceDesignator": "X802_CONN_8_38_SONST", "Result": "0", "TimeStampSinceStationStarted": "1295600.308629", "VacuumAbsolute": "-788", "VacuumRelative": "84", "ZEndPosition": "33378000", "ZTargetPosition": "33399395"}, "ElectricalMeasurement": null, "Dip": null}, {"HeadSegmentId": "131585", "Measures": {"MeasureList": [{"CameraIndividualId": "1033", "MeasurementResult": "0", "PhiDeviation": "-30793", "TimeStampSinceStationStarted": "1295601.282577", "VisionDumpPath": "C:\\Sirio\\Work\\SvDumpFiles\\PartCameraDumps\\JID_103384631_OID_438390016_SEG_2_BE-Bibliothek.A5E02285215_R1295596800.svdmp", "XDeviation": "-71066", "YDeviation": "283353"}]}, "Pick": {"ActualPickPosition": {"Angle": "180000", "X": "23950", "Y": "-70500"}, "MeasuredComponentHeight": "0", "NominalPickPosition": {"Angle": "180000", "X": "23950", "Y": "-70500"}, "PickupLocationId": "241", "Result": "0", "TimeStampSinceStationStarted": "1295600.138429", "VacuumAbsolute": "-862", "VacuumRelative": "-862", "ZEndPosition": "48427000", "ZTargetPosition": "48381313"}, "Place": {"ActualPlacePosition": {"Angle": "-90000", "X": "138928", "Y": "22906"}, "AirkissPressure": "71", "BoardPanelId": "2", "HoldingCircuitPressure": "2147483647", "NominalPlacePosition": {"Angle": "-90000", "X": "138939", "Y": "22900"}, "ReferenceDesignator": "X501_CONN_DSUB_9_STE", "Result": "0", "TimeStampSinceStationStarted": "1295601.941087", "VacuumAbsolute": "-864", "VacuumRelative": "103", "ZEndPosition": "36351500", "ZTargetPosition": "36348016"}, "ElectricalMeasurement": null, "Dip": null}, {"HeadSegmentId": "66049", "Measures": {"MeasureList": [{"CameraIndividualId": "1033", "MeasurementResult": "0", "PhiDeviation": "-1076531", "TimeStampSinceStationStarted": "1295601.579563", "VisionDumpPath": "C:\\Sirio\\Work\\SvDumpFiles\\PartCameraDumps\\JID_103384632_OID_438390017_SEG_1_BE-Bibliothek.A5E00189819_R1295597205.svdmp", "XDeviation": "-109773", "YDeviation": "47685"}]}, "Pick": {"ActualPickPosition": {"Angle": "0", "X": "15250", "Y": "-70500"}, "MeasuredComponentHeight": "0", "NominalPickPosition": {"Angle": "0", "X": "15048", "Y": "-70437"}, "PickupLocationId": "242", "Result": "0", "TimeStampSinceStationStarted": "1295600.543209", "VacuumAbsolute": "-812", "VacuumRelative": "-812", "ZEndPosition": "47357500", "ZTargetPosition": "47376287"}, "Place": {"ActualPlacePosition": {"Angle": "1", "X": "194066", "Y": "151035"}, "AirkissPressure": "75", "BoardPanelId": "2", "HoldingCircuitPressure": "2147483647", "NominalPlacePosition": {"Angle": "0", "X": "194080", "Y": "151030"}, "ReferenceDesignator": "T2200_EX120_TRAFO_SC", "Result": "0", "TimeStampSinceStationStarted": "1295602.294526", "VacuumAbsolute": "-812", "VacuumRelative": "98", "ZEndPosition": "41491000", "ZTargetPosition": "41503963"}, "ElectricalMeasurement": null, "Dip": null}, {"HeadSegmentId": "67588", "Measures": {"MeasureList": [{"CameraIndividualId": "4033", "MeasurementResult": "0", "PhiDeviation": "-184332", "TimeStampSinceStationStarted": "1295603.651196", "VisionDumpPath": "C:\\Sirio\\Work\\SvDumpFiles\\PartCameraDumps\\JID_403367748_OID_438390019_SEG_1_BE-Bibliothek.A5E51102635_R1295599173.svdmp", "XDeviation": "7312", "YDeviation": "-37662"}]}, "Pick": {"ActualPickPosition": {"Angle": "0", "X": "15250", "Y": "-70500"}, "MeasuredComponentHeight": "0", "NominalPickPosition": {"Angle": "0", "X": "15092", "Y": "-70475"}, "PickupLocationId": "265", "Result": "0", "TimeStampSinceStationStarted": "1295602.511547", "VacuumAbsolute": "-833", "VacuumRelative": "-833", "ZEndPosition": "47217000", "ZTargetPosition": "47237332"}, "Place": {"ActualPlacePosition": {"Angle": "180000", "X": "69620", "Y": "48631"}, "AirkissPressure": "74", "BoardPanelId": "3", "HoldingCircuitPressure": "2147483647", "NominalPlacePosition": {"Angle": "180000", "X": "69619", "Y": "48630"}, "ReferenceDesignator": "D3_BGA_63_", "Result": "0", "TimeStampSinceStationStarted": "1295604.098738", "VacuumAbsolute": "-834", "VacuumRelative": "94", "ZEndPosition": "46307000", "ZTargetPosition": "46311131"}, "ElectricalMeasurement": null, "Dip": null}, {"HeadSegmentId": "133124", "Measures": {"MeasureList": [{"CameraIndividualId": "4033", "MeasurementResult": "0", "PhiDeviation": "-338804", "TimeStampSinceStationStarted": "1295603.439121", "VisionDumpPath": "C:\\Sirio\\Work\\SvDumpFiles\\PartCameraDumps\\JID_403367749_OID_438390018_SEG_2_BE-Bibliothek.A5E44859639_R1295599567.svdmp", "XDeviation": "-113432", "YDeviation": "103484"}]}, "Pick": {"ActualPickPosition": {"Angle": "0", "X": "6000", "Y": "-49500"}, "MeasuredComponentHeight": "0", "NominalPickPosition": {"Angle": "0", "X": "5995", "Y": "-49471"}, "PickupLocationId": "280", "Result": "0", "TimeStampSinceStationStarted": "1295602.905162", "VacuumAbsolute": "-852", "VacuumRelative": "-852", "ZEndPosition": "46275500", "ZTargetPosition": "46271121"}, "Place": {"ActualPlacePosition": {"Angle": "180000", "X": "150280", "Y": "162629"}, "AirkissPressure": "76", "BoardPanelId": "2", "HoldingCircuitPressure": "2147483647", "NominalPlacePosition": {"Angle": "180000", "X": "150280", "Y": "162630"}, "ReferenceDesignator": "U1704_SOP_8/SOIC_8_O", "Result": "0", "TimeStampSinceStationStarted": "1295604.43127", "VacuumAbsolute": "-853", "VacuumRelative": "99", "ZEndPosition": "43649500", "ZTargetPosition": "43653098"}, "ElectricalMeasurement": null, "Dip": null}, {"HeadSegmentId": "133124", "Measures": {"MeasureList": [{"CameraIndividualId": "4033", "MeasurementResult": "0", "PhiDeviation": "1097793", "TimeStampSinceStationStarted": "1295605.971791", "VisionDumpPath": "C:\\Sirio\\Work\\SvDumpFiles\\PartCameraDumps\\JID_403367750_OID_438390020_SEG_2_BE-Bibliothek.A5E44859639_R1295601797.svdmp", "XDeviation": "192536", "YDeviation": "33693"}]}, "Pick": {"ActualPickPosition": {"Angle": "0", "X": "6000", "Y": "-49500"}, "MeasuredComponentHeight": "0", "NominalPickPosition": {"Angle": "0", "X": "5989", "Y": "-49466"}, "PickupLocationId": "280", "Result": "0", "TimeStampSinceStationStarted": "1295605.135302", "VacuumAbsolute": "-853", "VacuumRelative": "-853", "ZEndPosition": "46281500", "ZTargetPosition": "46272216"}, "Place": {"ActualPlacePosition": {"Angle": "180000", "X": "29781", "Y": "162629"}, "AirkissPressure": "77", "BoardPanelId": "3", "HoldingCircuitPressure": "2147483647", "NominalPlacePosition": {"Angle": "180000", "X": "29780", "Y": "162630"}, "ReferenceDesignator": "U1704_SOP_8/SOIC_8_O", "Result": "0", "TimeStampSinceStationStarted": "1295606.529107", "VacuumAbsolute": "-852", "VacuumRelative": "98", "ZEndPosition": "43834500", "ZTargetPosition": "43815716"}, "ElectricalMeasurement": null, "Dip": null}, {"HeadSegmentId": "67588", "Measures": {"MeasureList": [{"CameraIndividualId": "4033", "MeasurementResult": "0", "PhiDeviation": "-123298", "TimeStampSinceStationStarted": "1295606.184091", "VisionDumpPath": "C:\\Sirio\\Work\\SvDumpFiles\\PartCameraDumps\\JID_403367751_OID_438390021_SEG_1_BE-Bibliothek.A5E51102635_R1295602033.svdmp", "XDeviation": "-110104", "YDeviation": "-43239"}]}, "Pick": {"ActualPickPosition": {"Angle": "0", "X": "15250", "Y": "-70500"}, "MeasuredComponentHeight": "0", "NominalPickPosition": {"Angle": "0", "X": "15092", "Y": "-70477"}, "PickupLocationId": "265", "Result": "0", "TimeStampSinceStationStarted": "1295605.37136", "VacuumAbsolute": "-838", "VacuumRelative": "-838", "ZEndPosition": "47202000", "ZTargetPosition": "47232249"}, "Place": {"ActualPlacePosition": {"Angle": "180000", "X": "190118", "Y": "48631"}, "AirkissPressure": "75", "BoardPanelId": "2", "HoldingCircuitPressure": "2147483647", "NominalPlacePosition": {"Angle": "180000", "X": "190119", "Y": "48630"}, "ReferenceDesignator": "D3_BGA_63_", "Result": "0", "TimeStampSinceStationStarted": "1295606.918472", "VacuumAbsolute": "-840", "VacuumRelative": "96", "ZEndPosition": "46462000", "ZTargetPosition": "46465198"}, "ElectricalMeasurement": null, "Dip": null}, {"HeadSegmentId": "67588", "Measures": {"MeasureList": [{"CameraIndividualId": "4033", "MeasurementResult": "0", "PhiDeviation": "393395", "TimeStampSinceStationStarted": "1295609.713529", "VisionDumpPath": "C:\\Sirio\\Work\\SvDumpFiles\\PartCameraDumps\\JID_403367752_OID_438390022_SEG_1_BE-Bibliothek.A5E44859639_R1295605328.svdmp", "XDeviation": "-54283", "YDeviation": "141058"}]}, "Pick": {"ActualPickPosition": {"Angle": "0", "X": "6000", "Y": "-49500"}, "MeasuredComponentHeight": "0", "NominalPickPosition": {"Angle": "0", "X": "5999", "Y": "-49464"}, "PickupLocationId": "280", "Result": "0", "TimeStampSinceStationStarted": "1295608.666478", "VacuumAbsolute": "-837", "VacuumRelative": "-837", "ZEndPosition": "46252500", "ZTargetPosition": "46277537"}, "Place": {"ActualPlacePosition": {"Angle": "180000", "X": "143080", "Y": "162629"}, "AirkissPressure": "77", "BoardPanelId": "2", "HoldingCircuitPressure": "2147483647", "NominalPlacePosition": {"Angle": "180000", "X": "143080", "Y": "162630"}, "ReferenceDesignator": "U1700_SOP_8/SOIC_8_O", "Result": "0", "TimeStampSinceStationStarted": "1295610.128461", "VacuumAbsolute": "-839", "VacuumRelative": "95", "ZEndPosition": "43598500", "ZTargetPosition": "43600859"}, "ElectricalMeasurement": null, "Dip": null}, {"HeadSegmentId": "133124", "Measures": {"MeasureList": [{"CameraIndividualId": "4033", "MeasurementResult": "0", "PhiDeviation": "1133706", "TimeStampSinceStationStarted": "1295609.483252", "VisionDumpPath": "C:\\Sirio\\Work\\SvDumpFiles\\PartCameraDumps\\JID_403367753_OID_438390023_SEG_2_BE-Bibliothek.A5E44859639_R1295605614.svdmp", "XDeviation": "75287", "YDeviation": "39678"}]}, "Pick": {"ActualPickPosition": {"Angle": "0", "X": "6000", "Y": "-49500"}, "MeasuredComponentHeight": "0", "NominalPickPosition": {"Angle": "0", "X": "5999", "Y": "-49464"}, "PickupLocationId": "280", "Result": "0", "TimeStampSinceStationStarted": "1295608.952547", "VacuumAbsolute": "-853", "VacuumRelative": "-853", "ZEndPosition": "46278500", "ZTargetPosition": "46274537"}, "Place": {"ActualPlacePosition": {"Angle": "180000", "X": "36981", "Y": "162629"}, "AirkissPressure": "75", "BoardPanelId": "3", "HoldingCircuitPressure": "2147483647", "NominalPlacePosition": {"Angle": "180000", "X": "36980", "Y": "162630"}, "ReferenceDesignator": "U1800_SOP_8/SOIC_8_O", "Result": "0", "TimeStampSinceStationStarted": "1295610.426991", "VacuumAbsolute": "-854", "VacuumRelative": "99", "ZEndPosition": "43818000", "ZTargetPosition": "43797930"}, "ElectricalMeasurement": null, "Dip": null}]}, "HeadContext": {"HeadSegments": {"HeadSegment": [{"GantryId": "1", "Head": "1", "HeadName": "Twin Head 5xx", "Id": "66049", "NozzleTypeId": "581", "SegmentNumber": "1"}, {"GantryId": "4", "Head": "1", "HeadName": "Twin Head 5xx", "Id": "67588", "NozzleTypeId": "516", "SegmentNumber": "1"}, {"GantryId": "1", "Head": "1", "HeadName": "Twin Head 5xx", "Id": "131585", "NozzleTypeId": "517", "SegmentNumber": "2"}, {"GantryId": "4", "Head": "1", "HeadName": "Twin Head 5xx", "Id": "133124", "NozzleTypeId": "597", "SegmentNumber": "2"}]}}, "SetupContext": {"PickupLocations": {"PickupLocation": [{"Division": "1", "FeederId": "32FAUE900466", "FeederType": "288", "Id": "238", "Level": "0", "Location": "1", "StartTrackNumber": "7", "SubLocation": "1", "Tower": "0", "PackagingUid": "M05328016"}, {"Division": "1", "FeederId": "24KL-L205402", "FeederType": "280", "Id": "240", "Level": "0", "Location": "1", "StartTrackNumber": "14", "SubLocation": "1", "Tower": "0", "PackagingUid": "M05187748"}, {"Division": "1", "FeederId": "44KL-K305106", "FeederType": "300", "Id": "241", "Level": "0", "Location": "1", "StartTrackNumber": "17", "SubLocation": "1", "Tower": "0", "PackagingUid": "M04859548"}, {"Division": "1", "FeederId": "24KL-K305319", "FeederType": "280", "Id": "242", "Level": "0", "Location": "1", "StartTrackNumber": "22", "SubLocation": "1", "Tower": "0", "PackagingUid": "M04790496"}, {"Division": "1", "FeederId": "24FAUE900672", "FeederType": "280", "Id": "265", "Level": "0", "Location": "4", "StartTrackNumber": "1", "SubLocation": "1", "Tower": "0", "PackagingUid": "A00061487"}, {"Division": "1", "FeederId": "32FAUE000671", "FeederType": "288", "Id": "267", "Level": "0", "Location": "4", "StartTrackNumber": "16", "SubLocation": "1", "Tower": "0", "PackagingUid": "M05305950"}, {"Division": "1", "FeederId": "32FAUE900659", "FeederType": "288", "Id": "271", "Level": "0", "Location": "4", "StartTrackNumber": "28", "SubLocation": "1", "Tower": "0", "PackagingUid": "M05325464"}, {"Division": "1", "FeederId": "12KL-F105078", "FeederType": "268", "Id": "280", "Level": "0", "Location": "4", "StartTrackNumber": "14", "SubLocation": "1", "Tower": "0", "PackagingUid": "M05245907"}]}}}}, "ProductionEndedData": {"StationTime": "2021-11-30T10:24:59.4860000+08:00", "TimeStampSinceStationStarted": "1295610.711915"}}