{"name": "PDI_Line5_3843912173_20211130024911.txt", "Timestamp": "2021-11-30T02:48:42.8953158+08:00", "TxnID": "3a3379e3-e3e2-416c-af4d-5378ebbcde3f", "Line": "SEWC-Lines\\Line5", "Machine": "Line5\\ST1_X4 S", "ProductionStartedData": [{"ConveyorLanePosition": "2", "ConveyorStopperPosition": "1", "Pcb": {"BarcodeReaderPosition": "0", "BoardSide": "1", "IndividualGUID": "66636090-352f-4551-9c19-c76ed958ea1d", "LineJobGUID": "3a5e1e40-f5b9-457f-8e3c-d7ab63795644", "Path": "STAB\\A5E50302021lt01", "PcbIndividualID": "4226", "RecipePath": "Line5\\Smart_CPU_L5_702SAF\\A5E50302021lt01", "Barcode": "", "OrderNumber": null}, "ProcessingAreaPosition": "2", "SetupPath": "Line5\\Smart_CPU_L5_702SAF", "StationTime": "2021-11-30T02:47:10.5540000+08:00", "TimeStampSinceStationStarted": "114411.720216"}], "BoardPositionsList": {"BoardPositions": [{"ActualPosition": {"Angle": "-29", "X": "458205", "Y": "17305", "Z": "-5000"}, "FiducialPositions": {"FiducialRecognitionResult": []}, "NominalPosition": {"Angle": "0", "X": "458251", "Y": "15618", "Z": "-5000"}}]}, "ProgressDataList": {"ProductionProgressData": {"BoardContext": {"BoardPanels": {"BoardPanel": [{"Id": "2", "PanelPath": "A5E50302021lt01/A1"}, {"Id": "3", "PanelPath": "A5E50302021lt01/B1"}]}}, "ComponentIndividuals": {"ComponentIndividual": [{"HeadSegmentId": "985091", "Measures": {"MeasureList": [{"CameraIndividualId": "3023", "MeasurementResult": "0", "PhiDeviation": "-585582", "TimeStampSinceStationStarted": "114429.996619", "VisionDumpPath": "C:\\Sirio\\Work\\SvDumpFiles\\PartCameraDumps\\JID_302334966_OID_42260391_SEG_15_BE-Bibliothek.A5E00257456_R114420480.svdmp", "XDeviation": "27990", "YDeviation": "83585"}]}, "Pick": {"ActualPickPosition": {"Angle": "180000", "X": "877", "Y": "-51018"}, "MeasuredComponentHeight": "775316", "NominalPickPosition": {"Angle": "180000", "X": "887", "Y": "-50938"}, "PickupLocationId": "84", "Result": "0", "TimeStampSinceStationStarted": "114429.757659", "VacuumAbsolute": "-708", "VacuumRelative": "-708", "ZEndPosition": "9366500", "ZTargetPosition": "9342824"}, "Place": {"ActualPlacePosition": {"Angle": "-179985", "X": "101928", "Y": "18388"}, "AirkissPressure": "102", "BoardPanelId": "2", "HoldingCircuitPressure": "-683", "NominalPlacePosition": {"Angle": "180000", "X": "101870", "Y": "18980"}, "ReferenceDesignator": "C501_0603_KOND_KER_V", "Result": "0", "TimeStampSinceStationStarted": "114431.868165", "VacuumAbsolute": "-725", "VacuumRelative": "48", "ZEndPosition": "10223000", "ZTargetPosition": "10197454"}, "ElectricalMeasurement": null, "Dip": null}, {"HeadSegmentId": "1050627", "Measures": {"MeasureList": [{"CameraIndividualId": "3023", "MeasurementResult": "0", "PhiDeviation": "-2503172", "TimeStampSinceStationStarted": "114430.030011", "VisionDumpPath": "C:\\Sirio\\Work\\SvDumpFiles\\PartCameraDumps\\JID_302334967_OID_42260392_SEG_16_BE-Bibliothek.A5E00257456_R114420531.svdmp", "XDeviation": "44692", "YDeviation": "11185"}]}, "Pick": {"ActualPickPosition": {"Angle": "180000", "X": "877", "Y": "-51018"}, "MeasuredComponentHeight": "768947", "NominalPickPosition": {"Angle": "180000", "X": "887", "Y": "-50938"}, "PickupLocationId": "84", "Result": "0", "TimeStampSinceStationStarted": "114429.808795", "VacuumAbsolute": "-712", "VacuumRelative": "-712", "ZEndPosition": "9345000", "ZTargetPosition": "9340243"}, "Place": {"ActualPlacePosition": {"Angle": "-179985", "X": "222451", "Y": "18420"}, "AirkissPressure": "104", "BoardPanelId": "3", "HoldingCircuitPressure": "-691", "NominalPlacePosition": {"Angle": "180000", "X": "222370", "Y": "18980"}, "ReferenceDesignator": "C501_0603_KOND_KER_V", "Result": "0", "TimeStampSinceStationStarted": "114431.99484", "VacuumAbsolute": "-738", "VacuumRelative": "59", "ZEndPosition": "10226000", "ZTargetPosition": "10217957"}, "ElectricalMeasurement": null, "Dip": null}]}, "HeadContext": {"HeadSegments": {"HeadSegment": [{"GantryId": "3", "Head": "1", "HeadName": "C&P 20 P 4xxx", "Id": "985091", "NozzleTypeId": "4004", "SegmentNumber": "15"}, {"GantryId": "3", "Head": "1", "HeadName": "C&P 20 P 4xxx", "Id": "1050627", "NozzleTypeId": "4004", "SegmentNumber": "16"}]}}, "SetupContext": {"PickupLocations": {"PickupLocation": [{"Division": "1", "FeederId": "08KL-K806307", "FeederType": "264", "Id": "84", "Level": "0", "Location": "3", "StartTrackNumber": "10", "SubLocation": "1", "Tower": "0", "PackagingUid": "M05307987"}]}}}}, "ProductionEndedData": {"StationTime": "2021-11-30T02:47:30.9160000+08:00", "TimeStampSinceStationStarted": "114432.081181"}}