{"name": "PDI_Line5_4040573960_20211130024721.txt", "Timestamp": "2021-11-30T02:47:00.2081905+08:00", "TxnID": "e8e9a897-f43c-482b-83d8-88bc137c6a95", "Line": "SEWC-Lines\\Line5", "Machine": "Line5\\ST1_X4 S", "ProductionStartedData": [{"ConveyorLanePosition": "1", "ConveyorStopperPosition": "1", "Pcb": {"BarcodeReaderPosition": "0", "BoardSide": "1", "IndividualGUID": "e77be1c7-a39e-4fea-8030-471599441071", "LineJobGUID": "3a5e1e40-f5b9-457f-8e3c-d7ab63795644", "Path": "STAB\\A5E50302021lt01", "PcbIndividualID": "4159", "RecipePath": "Line5\\Smart_CPU_L5_702SAF\\A5E50302021lt01", "Barcode": "", "OrderNumber": null}, "ProcessingAreaPosition": "2", "SetupPath": "Line5\\Smart_CPU_L5_702SAF", "StationTime": "2021-11-30T02:45:27.9530000+08:00", "TimeStampSinceStationStarted": "114309.118259"}], "BoardPositionsList": {"BoardPositions": [{"ActualPosition": {"Angle": "7", "X": "458103", "Y": "-234051", "Z": "-5000"}, "FiducialPositions": {"FiducialRecognitionResult": []}, "NominalPosition": {"Angle": "0", "X": "458025", "Y": "-234846", "Z": "-5000"}}]}, "ProgressDataList": {"ProductionProgressData": {"BoardContext": {"BoardPanels": {"BoardPanel": [{"Id": "2", "PanelPath": "A5E50302021lt01/A1"}, {"Id": "3", "PanelPath": "A5E50302021lt01/B1"}]}}, "ComponentIndividuals": {"ComponentIndividual": [{"HeadSegmentId": "985091", "Measures": {"MeasureList": [{"CameraIndividualId": "3023", "MeasurementResult": "0", "PhiDeviation": "-366991", "TimeStampSinceStationStarted": "114327.997578", "VisionDumpPath": "C:\\Sirio\\Work\\SvDumpFiles\\PartCameraDumps\\JID_302334456_OID_41590391_SEG_15_BE-Bibliothek.A5E00257456_R114318482.svdmp", "XDeviation": "-24506", "YDeviation": "1442"}]}, "Pick": {"ActualPickPosition": {"Angle": "180000", "X": "877", "Y": "-51018"}, "MeasuredComponentHeight": "809045", "NominalPickPosition": {"Angle": "180000", "X": "899", "Y": "-50929"}, "PickupLocationId": "84", "Result": "0", "TimeStampSinceStationStarted": "114327.758723", "VacuumAbsolute": "-706", "VacuumRelative": "-706", "ZEndPosition": "9352500", "ZTargetPosition": "9342669"}, "Place": {"ActualPlacePosition": {"Angle": "179999", "X": "101863", "Y": "18388"}, "AirkissPressure": "109", "BoardPanelId": "2", "HoldingCircuitPressure": "-682", "NominalPlacePosition": {"Angle": "180000", "X": "101870", "Y": "18980"}, "ReferenceDesignator": "C501_0603_KOND_KER_V", "Result": "0", "TimeStampSinceStationStarted": "114329.746307", "VacuumAbsolute": "-714", "VacuumRelative": "39", "ZEndPosition": "10149500", "ZTargetPosition": "10162671"}, "ElectricalMeasurement": null, "Dip": null}, {"HeadSegmentId": "1050627", "Measures": {"MeasureList": [{"CameraIndividualId": "3023", "MeasurementResult": "0", "PhiDeviation": "-176375", "TimeStampSinceStationStarted": "114328.031027", "VisionDumpPath": "C:\\Sirio\\Work\\SvDumpFiles\\PartCameraDumps\\JID_302334457_OID_41590392_SEG_16_BE-Bibliothek.A5E00257456_R114318533.svdmp", "XDeviation": "-63839", "YDeviation": "22701"}]}, "Pick": {"ActualPickPosition": {"Angle": "180000", "X": "877", "Y": "-51018"}, "MeasuredComponentHeight": "771961", "NominalPickPosition": {"Angle": "180000", "X": "899", "Y": "-50929"}, "PickupLocationId": "84", "Result": "0", "TimeStampSinceStationStarted": "114327.809713", "VacuumAbsolute": "-711", "VacuumRelative": "-711", "ZEndPosition": "9358500", "ZTargetPosition": "9336627"}, "Place": {"ActualPlacePosition": {"Angle": "179999", "X": "222382", "Y": "18386"}, "AirkissPressure": "102", "BoardPanelId": "3", "HoldingCircuitPressure": "-691", "NominalPlacePosition": {"Angle": "180000", "X": "222370", "Y": "18980"}, "ReferenceDesignator": "C501_0603_KOND_KER_V", "Result": "0", "TimeStampSinceStationStarted": "114329.872628", "VacuumAbsolute": "-732", "VacuumRelative": "54", "ZEndPosition": "10137000", "ZTargetPosition": "10134217"}, "ElectricalMeasurement": null, "Dip": null}]}, "HeadContext": {"HeadSegments": {"HeadSegment": [{"GantryId": "3", "Head": "1", "HeadName": "C&P 20 P 4xxx", "Id": "985091", "NozzleTypeId": "4004", "SegmentNumber": "15"}, {"GantryId": "3", "Head": "1", "HeadName": "C&P 20 P 4xxx", "Id": "1050627", "NozzleTypeId": "4004", "SegmentNumber": "16"}]}}, "SetupContext": {"PickupLocations": {"PickupLocation": [{"Division": "1", "FeederId": "08KL-K806307", "FeederType": "264", "Id": "84", "Level": "0", "Location": "3", "StartTrackNumber": "10", "SubLocation": "1", "Tower": "0", "PackagingUid": "M05307987"}]}}}}, "ProductionEndedData": {"StationTime": "2021-11-30T02:45:48.7960000+08:00", "TimeStampSinceStationStarted": "114329.961382"}}