{"name": "PDI_Line5_4023232956_20211130111650.txt", "Timestamp": "2021-11-30T11:16:35.8928316+08:00", "TxnID": "8a858d71-ce98-4860-9d5a-ac5df37e58b3", "Line": "SEWC-Lines\\Line5", "Machine": "Line5\\ST3_X3 S", "ProductionStartedData": [{"ConveyorLanePosition": "1", "ConveyorStopperPosition": "1", "Pcb": {"BarcodeReaderPosition": "0", "BoardSide": "1", "IndividualGUID": "a417d732-c32f-402b-8ed5-4897f4dbe56a", "LineJobGUID": "3f68c8d2-071f-4795-8aa5-1d45806eb923", "Path": "STAB\\A5E50302024lt02", "PcbIndividualID": "43887", "RecipePath": "Line5\\Smart_CPU_L5_702SAF\\A5E50302024lt02", "Barcode": "", "OrderNumber": null}, "ProcessingAreaPosition": "2", "SetupPath": "Line5\\Smart_CPU_L5_702SAF", "StationTime": "2021-11-30T11:14:12.1840000+08:00", "TimeStampSinceStationStarted": "1298563.395551"}], "BoardPositionsList": {"BoardPositions": [{"ActualPosition": {"Angle": "-187", "X": "509378", "Y": "-232496", "Z": "-5000"}, "FiducialPositions": {"FiducialRecognitionResult": []}, "NominalPosition": {"Angle": "0", "X": "509820", "Y": "-233646", "Z": "-5000"}}]}, "ProgressDataList": {"ProductionProgressData": {"BoardContext": {"BoardPanels": {"BoardPanel": [{"Id": "2", "PanelPath": "A5E50302024lt02/A1"}]}}, "ComponentIndividuals": {"ComponentIndividual": [{"HeadSegmentId": "132355", "Measures": {"MeasureList": [{"CameraIndividualId": "3033", "MeasurementResult": "0", "PhiDeviation": "735719", "TimeStampSinceStationStarted": "1298569.572133", "VisionDumpPath": "C:\\Sirio\\Work\\SvDumpFiles\\PartCameraDumps\\JID_303388183_OID_438870002_SEG_2_BE-Bibliothek.A5E01058093_R1298564976.svdmp", "XDeviation": "104976", "YDeviation": "-144346"}]}, "Pick": {"ActualPickPosition": {"Angle": "0", "X": "23950", "Y": "-70500"}, "MeasuredComponentHeight": "0", "NominalPickPosition": {"Angle": "0", "X": "23932", "Y": "-70569"}, "PickupLocationId": "263", "Result": "0", "TimeStampSinceStationStarted": "1298568.299374", "VacuumAbsolute": "-434", "VacuumRelative": "-434", "ZEndPosition": "50304000", "ZTargetPosition": "50228137"}, "Place": {"ActualPlacePosition": {"Angle": "0", "X": "67695", "Y": "66325"}, "AirkissPressure": "71", "BoardPanelId": "2", "HoldingCircuitPressure": "2147483647", "NominalPlacePosition": {"Angle": "0", "X": "67700", "Y": "66330"}, "ReferenceDesignator": "X102_CONN_28_STECK_R", "Result": "0", "TimeStampSinceStationStarted": "1298570.965162", "VacuumAbsolute": "-436", "VacuumRelative": "33", "ZEndPosition": "41489500", "ZTargetPosition": "41537421"}, "ElectricalMeasurement": null, "Dip": null}, {"HeadSegmentId": "66819", "Measures": {"MeasureList": [{"CameraIndividualId": "3033", "MeasurementResult": "0", "PhiDeviation": "334065", "TimeStampSinceStationStarted": "1298570.030569", "VisionDumpPath": "C:\\Sirio\\Work\\SvDumpFiles\\PartCameraDumps\\JID_303388182_OID_438870003_SEG_1_BE-Bibliothek.A5E02081140_R1298564061.svdmp", "XDeviation": "207669", "YDeviation": "-82472"}]}, "Pick": {"ActualPickPosition": {"Angle": "0", "X": "30273", "Y": "-70772"}, "MeasuredComponentHeight": "0", "NominalPickPosition": {"Angle": "0", "X": "30715", "Y": "-70657"}, "PickupLocationId": "247", "Result": "0", "TimeStampSinceStationStarted": "1298567.384473", "VacuumAbsolute": "-832", "VacuumRelative": "-832", "ZEndPosition": "49520500", "ZTargetPosition": "49531056"}, "Place": {"ActualPlacePosition": {"Angle": "0", "X": "35190", "Y": "66325"}, "AirkissPressure": "71", "BoardPanelId": "2", "HoldingCircuitPressure": "2147483647", "NominalPlacePosition": {"Angle": "0", "X": "35200", "Y": "66330"}, "ReferenceDesignator": "X103_CONN_32_STECK_R", "Result": "0", "TimeStampSinceStationStarted": "1298571.216737", "VacuumAbsolute": "-862", "VacuumRelative": "103", "ZEndPosition": "40646500", "ZTargetPosition": "40636005"}, "ElectricalMeasurement": null, "Dip": null}]}, "HeadContext": {"HeadSegments": {"HeadSegment": [{"GantryId": "3", "Head": "1", "HeadName": "Twin Head 5xx", "Id": "66819", "NozzleTypeId": "573", "SegmentNumber": "1"}, {"GantryId": "3", "Head": "1", "HeadName": "Twin Head 5xx", "Id": "132355", "NozzleTypeId": "573", "SegmentNumber": "2"}]}}, "SetupContext": {"PickupLocations": {"PickupLocation": [{"Division": "1", "FeederId": "56FAUC000504", "FeederType": "312", "Id": "247", "Level": "0", "Location": "2", "StartTrackNumber": "1", "SubLocation": "1", "Tower": "0", "PackagingUid": "M05297977"}, {"Division": "1", "FeederId": "44FAUD200890", "FeederType": "300", "Id": "263", "Level": "0", "Location": "3", "StartTrackNumber": "30", "SubLocation": "1", "Tower": "0", "PackagingUid": "M05298565"}]}}}}, "ProductionEndedData": {"StationTime": "2021-11-30T11:14:20.4440000+08:00", "TimeStampSinceStationStarted": "1298571.655896"}}