{"name": "PDI_Line5_4129209313_20211130012704.txt", "Timestamp": "2021-11-30T01:26:49.4330651+08:00", "TxnID": "1bc6e684-eba4-4f87-96f2-773c57617a75", "Line": "SEWC-Lines\\Line5", "Machine": "Line5\\ST3_X3 S", "ProductionStartedData": [{"ConveyorLanePosition": "1", "ConveyorStopperPosition": "1", "Pcb": {"BarcodeReaderPosition": "0", "BoardSide": "1", "IndividualGUID": "9de02e72-0147-4df9-9ff6-1120fcac0ba8", "LineJobGUID": "3a5e1e40-f5b9-457f-8e3c-d7ab63795644", "Path": "STAB\\A5E50302021lt01", "PcbIndividualID": "42841", "RecipePath": "Line5\\Smart_CPU_L5_702SAF\\A5E50302021lt01", "Barcode": "", "OrderNumber": null}, "ProcessingAreaPosition": "2", "SetupPath": "Line5\\Smart_CPU_L5_702SAF", "StationTime": "2021-11-30T01:24:26.5240000+08:00", "TimeStampSinceStationStarted": "1263177.912458"}], "BoardPositionsList": {"BoardPositions": [{"ActualPosition": {"Angle": "53", "X": "457524", "Y": "-232944", "Z": "-5000"}, "FiducialPositions": {"FiducialRecognitionResult": []}, "NominalPosition": {"Angle": "0", "X": "457820", "Y": "-233646", "Z": "-5000"}}]}, "ProgressDataList": {"ProductionProgressData": {"BoardContext": {"BoardPanels": {"BoardPanel": [{"Id": "2", "PanelPath": "A5E50302021lt01/A1"}, {"Id": "3", "PanelPath": "A5E50302021lt01/B1"}]}}, "ComponentIndividuals": {"ComponentIndividual": [{"HeadSegmentId": "66819", "Measures": {"MeasureList": [{"CameraIndividualId": "3033", "MeasurementResult": "0", "PhiDeviation": "-34888", "TimeStampSinceStationStarted": "1263180.917403", "VisionDumpPath": "C:\\Sirio\\Work\\SvDumpFiles\\PartCameraDumps\\JID_303375601_OID_428410004_SEG_1_BE-Bibliothek.A5E01058093_R1263175525.svdmp", "XDeviation": "-41084", "YDeviation": "26599"}]}, "Pick": {"ActualPickPosition": {"Angle": "0", "X": "23950", "Y": "-70500"}, "MeasuredComponentHeight": "0", "NominalPickPosition": {"Angle": "0", "X": "23923", "Y": "-70574"}, "PickupLocationId": "263", "Result": "0", "TimeStampSinceStationStarted": "1263179.025667", "VacuumAbsolute": "-460", "VacuumRelative": "-460", "ZEndPosition": "50211500", "ZTargetPosition": "50307363"}, "Place": {"ActualPlacePosition": {"Angle": "180000", "X": "32390", "Y": "69800"}, "AirkissPressure": "71", "BoardPanelId": "2", "HoldingCircuitPressure": "2147483647", "NominalPlacePosition": {"Angle": "180000", "X": "32420", "Y": "69810"}, "ReferenceDesignator": "X102_CONN_28_STECK_R", "Result": "0", "TimeStampSinceStationStarted": "1263182.491452", "VacuumAbsolute": "-459", "VacuumRelative": "28", "ZEndPosition": "41661000", "ZTargetPosition": "41607621"}, "ElectricalMeasurement": null, "Dip": null}, {"HeadSegmentId": "132355", "Measures": {"MeasureList": [{"CameraIndividualId": "3033", "MeasurementResult": "0", "PhiDeviation": "-380167", "TimeStampSinceStationStarted": "1263181.441476", "VisionDumpPath": "C:\\Sirio\\Work\\SvDumpFiles\\PartCameraDumps\\JID_303375602_OID_428410005_SEG_2_BE-Bibliothek.A5E01058093_R1263176166.svdmp", "XDeviation": "5687", "YDeviation": "79783"}]}, "Pick": {"ActualPickPosition": {"Angle": "0", "X": "23950", "Y": "-70500"}, "MeasuredComponentHeight": "0", "NominalPickPosition": {"Angle": "0", "X": "23923", "Y": "-70574"}, "PickupLocationId": "263", "Result": "0", "TimeStampSinceStationStarted": "1263179.66531", "VacuumAbsolute": "-435", "VacuumRelative": "-435", "ZEndPosition": "50156500", "ZTargetPosition": "50296397"}, "Place": {"ActualPlacePosition": {"Angle": "180000", "X": "152929", "Y": "69800"}, "AirkissPressure": "71", "BoardPanelId": "3", "HoldingCircuitPressure": "2147483647", "NominalPlacePosition": {"Angle": "180000", "X": "152920", "Y": "69810"}, "ReferenceDesignator": "X102_CONN_28_STECK_R", "Result": "0", "TimeStampSinceStationStarted": "1263182.963349", "VacuumAbsolute": "-443", "VacuumRelative": "33", "ZEndPosition": "41639000", "ZTargetPosition": "41614517"}, "ElectricalMeasurement": null, "Dip": null}]}, "HeadContext": {"HeadSegments": {"HeadSegment": [{"GantryId": "3", "Head": "1", "HeadName": "Twin Head 5xx", "Id": "66819", "NozzleTypeId": "573", "SegmentNumber": "1"}, {"GantryId": "3", "Head": "1", "HeadName": "Twin Head 5xx", "Id": "132355", "NozzleTypeId": "573", "SegmentNumber": "2"}]}}, "SetupContext": {"PickupLocations": {"PickupLocation": [{"Division": "1", "FeederId": "44FAUD200890", "FeederType": "300", "Id": "263", "Level": "0", "Location": "3", "StartTrackNumber": "30", "SubLocation": "1", "Tower": "0", "PackagingUid": "M05298566"}]}}}}, "ProductionEndedData": {"StationTime": "2021-11-30T01:24:32.0450000+08:00", "TimeStampSinceStationStarted": "1263183.433395"}}