{"name": "PDI_Line5_4220114706_20211130213848.txt", "Timestamp": "2021-11-30T21:38:40.3977702+08:00", "TxnID": "3a79d4c4-46e9-4a1d-8589-5547fd0ab5c8", "Line": "SEWC-Lines\\Line5", "Machine": "Line5\\ST3_X3 S", "ProductionStartedData": [{"ConveyorLanePosition": "2", "ConveyorStopperPosition": "1", "Pcb": {"BarcodeReaderPosition": "0", "BoardSide": "1", "IndividualGUID": "ed7f8c1e-e110-47b4-8359-49ea735b5a5f", "LineJobGUID": "0eac2a39-09f1-470d-9bd7-2a5e9815b5ca", "Path": "STAB\\A5E50302024lt02", "PcbIndividualID": "44204", "RecipePath": "Line5\\Smart_CPU_L5_702SAF\\A5E50302024lt02", "Barcode": "", "OrderNumber": null}, "ProcessingAreaPosition": "1", "SetupPath": "Line5\\Smart_CPU_L5_702SAF", "StationTime": "2021-11-30T21:36:15.6230000+08:00", "TimeStampSinceStationStarted": "1335886.65094"}], "BoardPositionsList": {"BoardPositions": [{"ActualPosition": {"Angle": "-234", "X": "-476787", "Y": "17593", "Z": "-5000"}, "FiducialPositions": {"FiducialRecognitionResult": [{"ActualPosition": {"Angle": "-183", "X": "193337", "Y": "12092", "Z": null}, "CameraIndividualId": "4034", "FiducialFunction": "0", "GantryId": "4", "MeasurementResult": "0", "NominalPosition": {"Angle": "0", "X": "194170", "Y": "11990", "Z": null}, "Path": "A5E50302024lt02/1/01/1", "StationTime": "2021-11-30T21:36:18.2240000+08:00", "TimeStampSinceStationStarted": "1335889.251054"}, {"ActualPosition": {"Angle": "-272", "X": "4907", "Y": "185105", "Z": null}, "CameraIndividualId": "4034", "FiducialFunction": "0", "GantryId": "4", "MeasurementResult": "0", "NominalPosition": {"Angle": "0", "X": "5040", "Y": "184226", "Z": null}, "Path": "A5E50302024lt02/1/02/1", "StationTime": "2021-11-30T21:36:18.2240000+08:00", "TimeStampSinceStationStarted": "1335889.251054"}]}, "NominalPosition": {"Angle": "0", "X": "-475904", "Y": "16695", "Z": "-5000"}}]}, "ProgressDataList": {"ProductionProgressData": {"BoardContext": {"BoardPanels": {"BoardPanel": [{"Id": "2", "PanelPath": "A5E50302024lt02/A1"}]}}, "ComponentIndividuals": {"ComponentIndividual": [{"HeadSegmentId": "67588", "Measures": {"MeasureList": [{"CameraIndividualId": "4033", "MeasurementResult": "0", "PhiDeviation": "212173", "TimeStampSinceStationStarted": "1335889.91024", "VisionDumpPath": "C:\\Sirio\\Work\\SvDumpFiles\\PartCameraDumps\\JID_403373688_OID_442040000_SEG_1_BE-Bibliothek.A5E00277754_R1335883708.svdmp", "XDeviation": "-46819", "YDeviation": "70857"}]}, "Pick": {"ActualPickPosition": {"Angle": "0", "X": "18028", "Y": "-70606"}, "MeasuredComponentHeight": "0", "NominalPickPosition": {"Angle": "0", "X": "17733", "Y": "-70409"}, "PickupLocationId": "272", "Result": "0", "TimeStampSinceStationStarted": "1335886.847228", "VacuumAbsolute": "-823", "VacuumRelative": "-823", "ZEndPosition": "47302500", "ZTargetPosition": "47297848"}, "Place": {"ActualPlacePosition": {"Angle": "180000", "X": "172152", "Y": "50424"}, "AirkissPressure": "78", "BoardPanelId": "2", "HoldingCircuitPressure": "2147483647", "NominalPlacePosition": {"Angle": "180000", "X": "172150", "Y": "50425"}, "ReferenceDesignator": "X101_EXSOP_14_STECK_", "Result": "0", "TimeStampSinceStationStarted": "1335890.204947", "VacuumAbsolute": "-845", "VacuumRelative": "97", "ZEndPosition": "38943000", "ZTargetPosition": "38956562"}, "ElectricalMeasurement": null, "Dip": null}, {"HeadSegmentId": "67588", "Measures": {"MeasureList": [{"CameraIndividualId": "4033", "MeasurementResult": "0", "PhiDeviation": "-410604", "TimeStampSinceStationStarted": "1335891.453016", "VisionDumpPath": "C:\\Sirio\\Work\\SvDumpFiles\\PartCameraDumps\\JID_403373689_OID_442040001_SEG_1_BE-Bibliothek.A5E50179091_R1335887863.svdmp", "XDeviation": "-10377", "YDeviation": "-55845"}]}, "Pick": {"ActualPickPosition": {"Angle": "0", "X": "15126", "Y": "-71150"}, "MeasuredComponentHeight": "0", "NominalPickPosition": {"Angle": "0", "X": "15186", "Y": "-71303"}, "PickupLocationId": "266", "Result": "0", "TimeStampSinceStationStarted": "1335891.002244", "VacuumAbsolute": "-783", "VacuumRelative": "-783", "ZEndPosition": "47677000", "ZTargetPosition": "47659774"}, "Place": {"ActualPlacePosition": {"Angle": "0", "X": "146301", "Y": "29328"}, "AirkissPressure": "71", "BoardPanelId": "2", "HoldingCircuitPressure": "2147483647", "NominalPlacePosition": {"Angle": "0", "X": "146300", "Y": "29330"}, "ReferenceDesignator": "D2_BGA_90_IC_DRAM_51", "Result": "0", "TimeStampSinceStationStarted": "1335891.755908", "VacuumAbsolute": "-832", "VacuumRelative": "94", "ZEndPosition": "46605000", "ZTargetPosition": "46619023"}, "ElectricalMeasurement": null, "Dip": null}]}, "HeadContext": {"HeadSegments": {"HeadSegment": [{"GantryId": "4", "Head": "1", "HeadName": "Twin Head 5xx", "Id": "67588", "NozzleTypeId": "516", "SegmentNumber": "1"}]}}, "SetupContext": {"PickupLocations": {"PickupLocation": [{"Division": "1", "FeederId": "24FAUE600590", "FeederType": "280", "Id": "266", "Level": "0", "Location": "4", "StartTrackNumber": "4", "SubLocation": "1", "Tower": "0", "PackagingUid": "A00055530"}, {"Division": "1", "FeederId": "32KL-K405124", "FeederType": "288", "Id": "272", "Level": "0", "Location": "4", "StartTrackNumber": "32", "SubLocation": "1", "Tower": "0", "PackagingUid": "M05323063"}]}}}}, "ProductionEndedData": {"StationTime": "2021-11-30T21:36:21.0990000+08:00", "TimeStampSinceStationStarted": "1335892.12606"}}