{"name": "PDI_Line5_3959537438_20211130201532.txt", "Timestamp": "2021-11-30T20:15:17.3262289+08:00", "TxnID": "6c1f0e8a-6fc6-4e64-b039-b051dcbdc39a", "Line": "SEWC-Lines\\Line5", "Machine": "Line5\\ST3_X3 S", "ProductionStartedData": [{"ConveyorLanePosition": "1", "ConveyorStopperPosition": "1", "Pcb": {"BarcodeReaderPosition": "0", "BoardSide": "1", "IndividualGUID": "7bc82589-4a58-42c1-8866-0b39d45d91a4", "LineJobGUID": "c1bb031e-7f4f-4af8-831a-d19dc6733c68", "Path": "STAB\\A5E50302024lt02", "PcbIndividualID": "45023", "RecipePath": "Line5\\Smart_CPU_L5_702SAF\\A5E50302024lt02", "Barcode": "", "OrderNumber": null}, "ProcessingAreaPosition": "1", "SetupPath": "Line5\\Smart_CPU_L5_702SAF", "StationTime": "2021-11-30T20:12:52.9560000+08:00", "TimeStampSinceStationStarted": "1330884.007317"}], "BoardPositionsList": {"BoardPositions": [{"ActualPosition": {"Angle": "6", "X": "-476840", "Y": "-232757", "Z": "-5000"}, "FiducialPositions": {"FiducialRecognitionResult": [{"ActualPosition": {"Angle": "20", "X": "193375", "Y": "12079", "Z": null}, "CameraIndividualId": "4034", "FiducialFunction": "0", "GantryId": "4", "MeasurementResult": "0", "NominalPosition": {"Angle": "0", "X": "194170", "Y": "11990", "Z": null}, "Path": "A5E50302024lt02/1/01/1", "StationTime": "2021-11-30T20:12:55.8810000+08:00", "TimeStampSinceStationStarted": "1330886.933206"}, {"ActualPosition": {"Angle": "64", "X": "4196", "Y": "184321", "Z": null}, "CameraIndividualId": "4034", "FiducialFunction": "0", "GantryId": "4", "MeasurementResult": "0", "NominalPosition": {"Angle": "0", "X": "5040", "Y": "184226", "Z": null}, "Path": "A5E50302024lt02/1/02/1", "StationTime": "2021-11-30T20:12:55.8810000+08:00", "TimeStampSinceStationStarted": "1330886.933206"}]}, "NominalPosition": {"Angle": "0", "X": "-476032", "Y": "-232838", "Z": "-5000"}}]}, "ProgressDataList": {"ProductionProgressData": {"BoardContext": {"BoardPanels": {"BoardPanel": [{"Id": "2", "PanelPath": "A5E50302024lt02/A1"}]}}, "ComponentIndividuals": {"ComponentIndividual": [{"HeadSegmentId": "67588", "Measures": {"MeasureList": [{"CameraIndividualId": "4033", "MeasurementResult": "0", "PhiDeviation": "1166354", "TimeStampSinceStationStarted": "1330887.60221", "VisionDumpPath": "C:\\Sirio\\Work\\SvDumpFiles\\PartCameraDumps\\JID_403373324_OID_450230000_SEG_1_BE-Bibliothek.A5E00277754_R1330881044.svdmp", "XDeviation": "22287", "YDeviation": "160363"}]}, "Pick": {"ActualPickPosition": {"Angle": "0", "X": "18028", "Y": "-70606"}, "MeasuredComponentHeight": "0", "NominalPickPosition": {"Angle": "0", "X": "17786", "Y": "-70465"}, "PickupLocationId": "272", "Result": "0", "TimeStampSinceStationStarted": "1330884.208035", "VacuumAbsolute": "-819", "VacuumRelative": "-819", "ZEndPosition": "47316000", "ZTargetPosition": "47287325"}, "Place": {"ActualPlacePosition": {"Angle": "-180000", "X": "172161", "Y": "50417"}, "AirkissPressure": "71", "BoardPanelId": "2", "HoldingCircuitPressure": "2147483647", "NominalPlacePosition": {"Angle": "180000", "X": "172150", "Y": "50425"}, "ReferenceDesignator": "X101_EXSOP_14_STECK_", "Result": "0", "TimeStampSinceStationStarted": "1330887.996078", "VacuumAbsolute": "-841", "VacuumRelative": "96", "ZEndPosition": "38907000", "ZTargetPosition": "38925370"}, "ElectricalMeasurement": null, "Dip": null}, {"HeadSegmentId": "67588", "Measures": {"MeasureList": [{"CameraIndividualId": "4033", "MeasurementResult": "0", "PhiDeviation": "-310545", "TimeStampSinceStationStarted": "1330889.240065", "VisionDumpPath": "C:\\Sirio\\Work\\SvDumpFiles\\PartCameraDumps\\JID_403373325_OID_450230001_SEG_1_BE-Bibliothek.A5E50179091_R1330885630.svdmp", "XDeviation": "21741", "YDeviation": "-70292"}]}, "Pick": {"ActualPickPosition": {"Angle": "0", "X": "15126", "Y": "-71150"}, "MeasuredComponentHeight": "0", "NominalPickPosition": {"Angle": "0", "X": "15174", "Y": "-71275"}, "PickupLocationId": "266", "Result": "0", "TimeStampSinceStationStarted": "1330888.793868", "VacuumAbsolute": "-783", "VacuumRelative": "-783", "ZEndPosition": "47646000", "ZTargetPosition": "47663599"}, "Place": {"ActualPlacePosition": {"Angle": "0", "X": "146307", "Y": "29319"}, "AirkissPressure": "73", "BoardPanelId": "2", "HoldingCircuitPressure": "2147483647", "NominalPlacePosition": {"Angle": "0", "X": "146300", "Y": "29330"}, "ReferenceDesignator": "D2_BGA_90_IC_DRAM_51", "Result": "0", "TimeStampSinceStationStarted": "1330889.643082", "VacuumAbsolute": "-834", "VacuumRelative": "94", "ZEndPosition": "46543500", "ZTargetPosition": "46582788"}, "ElectricalMeasurement": null, "Dip": null}]}, "HeadContext": {"HeadSegments": {"HeadSegment": [{"GantryId": "4", "Head": "1", "HeadName": "Twin Head 5xx", "Id": "67588", "NozzleTypeId": "516", "SegmentNumber": "1"}]}}, "SetupContext": {"PickupLocations": {"PickupLocation": [{"Division": "1", "FeederId": "24FAUE600590", "FeederType": "280", "Id": "266", "Level": "0", "Location": "4", "StartTrackNumber": "4", "SubLocation": "1", "Tower": "0", "PackagingUid": "A00055530"}, {"Division": "1", "FeederId": "32KL-K405124", "FeederType": "288", "Id": "272", "Level": "0", "Location": "4", "StartTrackNumber": "32", "SubLocation": "1", "Tower": "0", "PackagingUid": "M05323063"}]}}}}, "ProductionEndedData": {"StationTime": "2021-11-30T20:12:58.9600000+08:00", "TimeStampSinceStationStarted": "1330890.010924"}}