{"name": "PDI_Line5_4170456626_20211130211746.txt", "Timestamp": "2021-11-30T21:17:29.2914443+08:00", "TxnID": "dca1b2e4-fb03-45eb-89f4-072432f7d265", "Line": "SEWC-Lines\\Line5", "Machine": "Line5\\ST3_X3 S", "ProductionStartedData": [{"ConveyorLanePosition": "2", "ConveyorStopperPosition": "1", "Pcb": {"BarcodeReaderPosition": "0", "BoardSide": "1", "IndividualGUID": "ba9ecf16-ab21-4ea1-8daf-4830d2baac0f", "LineJobGUID": "0eac2a39-09f1-470d-9bd7-2a5e9815b5ca", "Path": "STAB\\A5E50302024lt02", "PcbIndividualID": "44138", "RecipePath": "Line5\\Smart_CPU_L5_702SAF\\A5E50302024lt02", "Barcode": "", "OrderNumber": null}, "ProcessingAreaPosition": "2", "SetupPath": "Line5\\Smart_CPU_L5_702SAF", "StationTime": "2021-11-30T21:15:04.9360000+08:00", "TimeStampSinceStationStarted": "1334615.970142"}], "BoardPositionsList": {"BoardPositions": [{"ActualPosition": {"Angle": "221", "X": "510343", "Y": "16757", "Z": "-5000"}, "FiducialPositions": {"FiducialRecognitionResult": []}, "NominalPosition": {"Angle": "0", "X": "510392", "Y": "16359", "Z": "-5000"}}]}, "ProgressDataList": {"ProductionProgressData": {"BoardContext": {"BoardPanels": {"BoardPanel": [{"Id": "2", "PanelPath": "A5E50302024lt02/A1"}]}}, "ComponentIndividuals": {"ComponentIndividual": [{"HeadSegmentId": "132355", "Measures": {"MeasureList": [{"CameraIndividualId": "3033", "MeasurementResult": "0", "PhiDeviation": "-1265754", "TimeStampSinceStationStarted": "1334621.867301", "VisionDumpPath": "C:\\Sirio\\Work\\SvDumpFiles\\PartCameraDumps\\JID_303395226_OID_441380002_SEG_2_BE-Bibliothek.A5E01058093_R1334617469.svdmp", "XDeviation": "31932", "YDeviation": "409181"}]}, "Pick": {"ActualPickPosition": {"Angle": "0", "X": "23950", "Y": "-70500"}, "MeasuredComponentHeight": "0", "NominalPickPosition": {"Angle": "0", "X": "23936", "Y": "-70640"}, "PickupLocationId": "263", "Result": "0", "TimeStampSinceStationStarted": "1334620.614519", "VacuumAbsolute": "-435", "VacuumRelative": "-435", "ZEndPosition": "50127500", "ZTargetPosition": "50257565"}, "Place": {"ActualPlacePosition": {"Angle": "0", "X": "67695", "Y": "66325"}, "AirkissPressure": "72", "BoardPanelId": "2", "HoldingCircuitPressure": "2147483647", "NominalPlacePosition": {"Angle": "0", "X": "67700", "Y": "66330"}, "ReferenceDesignator": "X102_CONN_28_STECK_R", "Result": "0", "TimeStampSinceStationStarted": "1334623.047098", "VacuumAbsolute": "-481", "VacuumRelative": "41", "ZEndPosition": "41710500", "ZTargetPosition": "41666234"}, "ElectricalMeasurement": null, "Dip": null}, {"HeadSegmentId": "66819", "Measures": {"MeasureList": [{"CameraIndividualId": "3033", "MeasurementResult": "0", "PhiDeviation": "780341", "TimeStampSinceStationStarted": "1334622.327495", "VisionDumpPath": "C:\\Sirio\\Work\\SvDumpFiles\\PartCameraDumps\\JID_303395225_OID_441380003_SEG_1_BE-Bibliothek.A5E02081140_R1334616558.svdmp", "XDeviation": "302814", "YDeviation": "95970"}]}, "Pick": {"ActualPickPosition": {"Angle": "0", "X": "30273", "Y": "-70772"}, "MeasuredComponentHeight": "0", "NominalPickPosition": {"Angle": "0", "X": "30758", "Y": "-70598"}, "PickupLocationId": "247", "Result": "0", "TimeStampSinceStationStarted": "1334619.702682", "VacuumAbsolute": "-829", "VacuumRelative": "-829", "ZEndPosition": "49574500", "ZTargetPosition": "49589831"}, "Place": {"ActualPlacePosition": {"Angle": "0", "X": "35189", "Y": "66325"}, "AirkissPressure": "74", "BoardPanelId": "2", "HoldingCircuitPressure": "2147483647", "NominalPlacePosition": {"Angle": "0", "X": "35200", "Y": "66330"}, "ReferenceDesignator": "X103_CONN_32_STECK_R", "Result": "0", "TimeStampSinceStationStarted": "1334623.304836", "VacuumAbsolute": "-860", "VacuumRelative": "102", "ZEndPosition": "40854000", "ZTargetPosition": "40823557"}, "ElectricalMeasurement": null, "Dip": null}]}, "HeadContext": {"HeadSegments": {"HeadSegment": [{"GantryId": "3", "Head": "1", "HeadName": "Twin Head 5xx", "Id": "66819", "NozzleTypeId": "573", "SegmentNumber": "1"}, {"GantryId": "3", "Head": "1", "HeadName": "Twin Head 5xx", "Id": "132355", "NozzleTypeId": "573", "SegmentNumber": "2"}]}}, "SetupContext": {"PickupLocations": {"PickupLocation": [{"Division": "1", "FeederId": "56FAUC000504", "FeederType": "312", "Id": "247", "Level": "0", "Location": "2", "StartTrackNumber": "1", "SubLocation": "1", "Tower": "0", "PackagingUid": "M05297981"}, {"Division": "1", "FeederId": "44FAUD200890", "FeederType": "300", "Id": "263", "Level": "0", "Location": "3", "StartTrackNumber": "30", "SubLocation": "1", "Tower": "0", "PackagingUid": "M05298574"}]}}}}, "ProductionEndedData": {"StationTime": "2021-11-30T21:15:12.7080000+08:00", "TimeStampSinceStationStarted": "1334623.740771"}}