{"name": "PDI_Line5_4208942707_20211130093412.txt", "Timestamp": "2021-11-30T09:33:40.3851304+08:00", "TxnID": "00e3d467-fcc7-43c8-8190-8d3a8b3354ac", "Line": "SEWC-Lines\\Line5", "Machine": "Line5\\ST3_X3 S", "ProductionStartedData": [{"ConveyorLanePosition": "1", "ConveyorStopperPosition": "1", "Pcb": {"BarcodeReaderPosition": "0", "BoardSide": "1", "IndividualGUID": "ba3de9c5-755e-4ef2-b707-987f80e3ac1c", "LineJobGUID": "fead7f33-0866-4d90-8540-e9f27c9d6bcf", "Path": "STAB\\A5E50302021bt01", "PcbIndividualID": "43745", "RecipePath": "Line5\\Smart_CPU_L5_702SAF\\A5E50302021bt01", "Barcode": "", "OrderNumber": null}, "ProcessingAreaPosition": "1", "SetupPath": "Line5\\Smart_CPU_L5_702SAF", "StationTime": "2021-11-30T09:31:16.7200000+08:00", "TimeStampSinceStationStarted": "1292387.963251"}], "BoardPositionsList": {"BoardPositions": [{"ActualPosition": {"Angle": "-32", "X": "-528633", "Y": "-232542", "Z": "-5000"}, "FiducialPositions": {"FiducialRecognitionResult": [{"ActualPosition": {"Angle": "-9", "X": "5882", "Y": "10820", "Z": null}, "CameraIndividualId": "4034", "FiducialFunction": "0", "GantryId": "4", "MeasurementResult": "0", "NominalPosition": {"Angle": "0", "X": "6480", "Y": "10530", "Z": null}, "Path": "A5E50302021bt01/1/02/1", "StationTime": "2021-11-30T09:31:18.6810000+08:00", "TimeStampSinceStationStarted": "1292389.92308"}, {"ActualPosition": {"Angle": "-36", "X": "241339", "Y": "192195", "Z": null}, "CameraIndividualId": "4034", "FiducialFunction": "0", "GantryId": "4", "MeasurementResult": "0", "NominalPosition": {"Angle": "0", "X": "241830", "Y": "192030", "Z": null}, "Path": "A5E50302021bt01/1/01/1", "StationTime": "2021-11-30T09:31:18.6810000+08:00", "TimeStampSinceStationStarted": "1292389.92308"}, {"ActualPosition": {"Angle": "-4", "X": "6469", "Y": "10533", "Z": null}, "CameraIndividualId": "1034", "FiducialFunction": "0", "GantryId": "1", "MeasurementResult": "0", "NominalPosition": {"Angle": "0", "X": "6480", "Y": "10530", "Z": null}, "Path": "A5E50302021bt01/1/02/1", "StationTime": "2021-11-30T09:31:18.6810000+08:00", "TimeStampSinceStationStarted": "1292389.92308"}]}, "NominalPosition": {"Angle": "0", "X": "-528032", "Y": "-232838", "Z": "-5000"}}]}, "ProgressDataList": {"ProductionProgressData": {"BoardContext": {"BoardPanels": {"BoardPanel": [{"Id": "2", "PanelPath": "A5E50302021bt01/A1"}, {"Id": "3", "PanelPath": "A5E50302021bt01/B1"}]}}, "ComponentIndividuals": {"ComponentIndividual": [{"HeadSegmentId": "66049", "Measures": {"MeasureList": [{"CameraIndividualId": "1033", "MeasurementResult": "0", "PhiDeviation": "63557", "TimeStampSinceStationStarted": "1292392.222119", "VisionDumpPath": "C:\\Sirio\\Work\\SvDumpFiles\\PartCameraDumps\\JID_103383657_OID_437450000_SEG_1_BE-Bibliothek.A5E01114436_R1292386147.svdmp", "XDeviation": "178561", "YDeviation": "4622"}]}, "Pick": {"ActualPickPosition": {"Angle": "180000", "X": "17950", "Y": "-70500"}, "MeasuredComponentHeight": "0", "NominalPickPosition": {"Angle": "180000", "X": "18033", "Y": "-70896"}, "PickupLocationId": "238", "Result": "0", "TimeStampSinceStationStarted": "1292389.502186", "VacuumAbsolute": "-781", "VacuumRelative": "-781", "ZEndPosition": "43448500", "ZTargetPosition": "43475193"}, "Place": {"ActualPlacePosition": {"Angle": "179999", "X": "100446", "Y": "171760"}, "AirkissPressure": "71", "BoardPanelId": "3", "HoldingCircuitPressure": "2147483647", "NominalPlacePosition": {"Angle": "180000", "X": "100457", "Y": "171753"}, "ReferenceDesignator": "X605_CONN_8_STECK_RC", "Result": "0", "TimeStampSinceStationStarted": "1292392.708465", "VacuumAbsolute": "-822", "VacuumRelative": "101", "ZEndPosition": "40171000", "ZTargetPosition": "40171800"}, "ElectricalMeasurement": null, "Dip": null}, {"HeadSegmentId": "131585", "Measures": {"MeasureList": [{"CameraIndividualId": "1033", "MeasurementResult": "0", "PhiDeviation": "249096", "TimeStampSinceStationStarted": "1292392.3873", "VisionDumpPath": "C:\\Sirio\\Work\\SvDumpFiles\\PartCameraDumps\\JID_103383658_OID_437450001_SEG_2_BE-Bibliothek.A5E00189819_R1292386420.svdmp", "XDeviation": "252246", "YDeviation": "63322"}]}, "Pick": {"ActualPickPosition": {"Angle": "0", "X": "15250", "Y": "-70500"}, "MeasuredComponentHeight": "0", "NominalPickPosition": {"Angle": "0", "X": "15020", "Y": "-70436"}, "PickupLocationId": "242", "Result": "0", "TimeStampSinceStationStarted": "1292389.775355", "VacuumAbsolute": "-840", "VacuumRelative": "-840", "ZEndPosition": "47435000", "ZTargetPosition": "47401784"}, "Place": {"ActualPlacePosition": {"Angle": "-1", "X": "73569", "Y": "151037"}, "AirkissPressure": "76", "BoardPanelId": "3", "HoldingCircuitPressure": "2147483647", "NominalPlacePosition": {"Angle": "0", "X": "73580", "Y": "151030"}, "ReferenceDesignator": "T2200_EX120_TRAFO_SC", "Result": "0", "TimeStampSinceStationStarted": "1292392.875977", "VacuumAbsolute": "-840", "VacuumRelative": "99", "ZEndPosition": "41363000", "ZTargetPosition": "41394732"}, "ElectricalMeasurement": null, "Dip": null}, {"HeadSegmentId": "133124", "Measures": {"MeasureList": [{"CameraIndividualId": "4033", "MeasurementResult": "0", "PhiDeviation": "-423498", "TimeStampSinceStationStarted": "1292392.738654", "VisionDumpPath": "C:\\Sirio\\Work\\SvDumpFiles\\PartCameraDumps\\JID_403366390_OID_437450002_SEG_2_BE-Bibliothek.A5E44859639_R1292387948.svdmp", "XDeviation": "-105798", "YDeviation": "484"}]}, "Pick": {"ActualPickPosition": {"Angle": "0", "X": "6000", "Y": "-49500"}, "MeasuredComponentHeight": "0", "NominalPickPosition": {"Angle": "0", "X": "6000", "Y": "-49487"}, "PickupLocationId": "280", "Result": "0", "TimeStampSinceStationStarted": "1292391.303246", "VacuumAbsolute": "-852", "VacuumRelative": "-852", "ZEndPosition": "46267000", "ZTargetPosition": "46257650"}, "Place": {"ActualPlacePosition": {"Angle": "-180000", "X": "22577", "Y": "162632"}, "AirkissPressure": "74", "BoardPanelId": "3", "HoldingCircuitPressure": "2147483647", "NominalPlacePosition": {"Angle": "180000", "X": "22580", "Y": "162630"}, "ReferenceDesignator": "U1700_SOP_8/SOIC_8_O", "Result": "0", "TimeStampSinceStationStarted": "1292393.422707", "VacuumAbsolute": "-853", "VacuumRelative": "99", "ZEndPosition": "43807500", "ZTargetPosition": "43838694"}, "ElectricalMeasurement": null, "Dip": null}, {"HeadSegmentId": "67588", "Measures": {"MeasureList": [{"CameraIndividualId": "4033", "MeasurementResult": "0", "PhiDeviation": "-322684", "TimeStampSinceStationStarted": "1292392.950814", "VisionDumpPath": "C:\\Sirio\\Work\\SvDumpFiles\\PartCameraDumps\\JID_403366391_OID_437450003_SEG_1_BE-Bibliothek.A5E45275537_R1292388282.svdmp", "XDeviation": "154721", "YDeviation": "16609"}]}, "Pick": {"ActualPickPosition": {"Angle": "0", "X": "17470", "Y": "-70910"}, "MeasuredComponentHeight": "0", "NominalPickPosition": {"Angle": "0", "X": "17944", "Y": "-70900"}, "PickupLocationId": "271", "Result": "0", "TimeStampSinceStationStarted": "1292391.636501", "VacuumAbsolute": "-804", "VacuumRelative": "-804", "ZEndPosition": "47105000", "ZTargetPosition": "47094438"}, "Place": {"ActualPlacePosition": {"Angle": "-180000", "X": "51773", "Y": "74119"}, "AirkissPressure": "73", "BoardPanelId": "3", "HoldingCircuitPressure": "2147483647", "NominalPlacePosition": {"Angle": "180000", "X": "51775", "Y": "74120"}, "ReferenceDesignator": "X601_CONN_16_STECK_R", "Result": "0", "TimeStampSinceStationStarted": "1292393.742644", "VacuumAbsolute": "-827", "VacuumRelative": "93", "ZEndPosition": "39048500", "ZTargetPosition": "39041516"}, "ElectricalMeasurement": null, "Dip": null}, {"HeadSegmentId": "66049", "Measures": {"MeasureList": [{"CameraIndividualId": "1033", "MeasurementResult": "0", "PhiDeviation": "33647", "TimeStampSinceStationStarted": "1292394.226862", "VisionDumpPath": "C:\\Sirio\\Work\\SvDumpFiles\\PartCameraDumps\\JID_103383659_OID_437450004_SEG_1_BE-Bibliothek.A5E01114436_R1292390119.svdmp", "XDeviation": "-141628", "YDeviation": "42034"}]}, "Pick": {"ActualPickPosition": {"Angle": "180000", "X": "17950", "Y": "-70500"}, "MeasuredComponentHeight": "0", "NominalPickPosition": {"Angle": "180000", "X": "18024", "Y": "-70896"}, "PickupLocationId": "238", "Result": "0", "TimeStampSinceStationStarted": "1292393.472937", "VacuumAbsolute": "-781", "VacuumRelative": "-781", "ZEndPosition": "43458000", "ZTargetPosition": "43468520"}, "Place": {"ActualPlacePosition": {"Angle": "179999", "X": "220945", "Y": "171759"}, "AirkissPressure": "72", "BoardPanelId": "2", "HoldingCircuitPressure": "2147483647", "NominalPlacePosition": {"Angle": "180000", "X": "220957", "Y": "171753"}, "ReferenceDesignator": "X605_CONN_8_STECK_RC", "Result": "0", "TimeStampSinceStationStarted": "1292394.61318", "VacuumAbsolute": "-821", "VacuumRelative": "101", "ZEndPosition": "40308000", "ZTargetPosition": "40417946"}, "ElectricalMeasurement": null, "Dip": null}, {"HeadSegmentId": "131585", "Measures": {"MeasureList": [{"CameraIndividualId": "1033", "MeasurementResult": "0", "PhiDeviation": "-1440728", "TimeStampSinceStationStarted": "1292394.36829", "VisionDumpPath": "C:\\Sirio\\Work\\SvDumpFiles\\PartCameraDumps\\JID_103383660_OID_437450005_SEG_2_BE-Bibliothek.A5E00701727_R1292390412.svdmp", "XDeviation": "122800", "YDeviation": "101877"}]}, "Pick": {"ActualPickPosition": {"Angle": "180000", "X": "15250", "Y": "-70500"}, "MeasuredComponentHeight": "0", "NominalPickPosition": {"Angle": "180000", "X": "15256", "Y": "-70346"}, "PickupLocationId": "240", "Result": "0", "TimeStampSinceStationStarted": "1292393.767024", "VacuumAbsolute": "-818", "VacuumRelative": "-818", "ZEndPosition": "47074000", "ZTargetPosition": "47051985"}, "Place": {"ActualPlacePosition": {"Angle": "-1", "X": "88569", "Y": "151137"}, "AirkissPressure": "71", "BoardPanelId": "3", "HoldingCircuitPressure": "2147483647", "NominalPlacePosition": {"Angle": "0", "X": "88580", "Y": "151130"}, "ReferenceDesignator": "C2209_CAPA_2_22_KOND", "Result": "0", "TimeStampSinceStationStarted": "1292394.788603", "VacuumAbsolute": "-830", "VacuumRelative": "97", "ZEndPosition": "36840000", "ZTargetPosition": "36818870"}, "ElectricalMeasurement": null, "Dip": null}, {"HeadSegmentId": "133124", "Measures": {"MeasureList": [{"CameraIndividualId": "4033", "MeasurementResult": "0", "PhiDeviation": "141904", "TimeStampSinceStationStarted": "1292395.326626", "VisionDumpPath": "C:\\Sirio\\Work\\SvDumpFiles\\PartCameraDumps\\JID_403366392_OID_437450006_SEG_2_BE-Bibliothek.A5E44859639_R1292391041.svdmp", "XDeviation": "128644", "YDeviation": "-45672"}]}, "Pick": {"ActualPickPosition": {"Angle": "0", "X": "6000", "Y": "-49500"}, "MeasuredComponentHeight": "0", "NominalPickPosition": {"Angle": "0", "X": "5995", "Y": "-49487"}, "PickupLocationId": "280", "Result": "0", "TimeStampSinceStationStarted": "1292394.396346", "VacuumAbsolute": "-852", "VacuumRelative": "-852", "ZEndPosition": "46265500", "ZTargetPosition": "46259988"}, "Place": {"ActualPlacePosition": {"Angle": "-180000", "X": "157481", "Y": "162632"}, "AirkissPressure": "73", "BoardPanelId": "2", "HoldingCircuitPressure": "2147483647", "NominalPlacePosition": {"Angle": "180000", "X": "157480", "Y": "162630"}, "ReferenceDesignator": "U1800_SOP_8/SOIC_8_O", "Result": "0", "TimeStampSinceStationStarted": "1292395.883018", "VacuumAbsolute": "-854", "VacuumRelative": "99", "ZEndPosition": "43608500", "ZTargetPosition": "43678215"}, "ElectricalMeasurement": null, "Dip": null}, {"HeadSegmentId": "67588", "Measures": {"MeasureList": [{"CameraIndividualId": "4033", "MeasurementResult": "0", "PhiDeviation": "-495925", "TimeStampSinceStationStarted": "1292395.538742", "VisionDumpPath": "C:\\Sirio\\Work\\SvDumpFiles\\PartCameraDumps\\JID_403366393_OID_437450007_SEG_1_BE-Bibliothek.A5E45275537_R1292391360.svdmp", "XDeviation": "-53699", "YDeviation": "-100022"}]}, "Pick": {"ActualPickPosition": {"Angle": "0", "X": "17470", "Y": "-70910"}, "MeasuredComponentHeight": "0", "NominalPickPosition": {"Angle": "0", "X": "17951", "Y": "-70899"}, "PickupLocationId": "271", "Result": "0", "TimeStampSinceStationStarted": "1292394.714758", "VacuumAbsolute": "-801", "VacuumRelative": "-801", "ZEndPosition": "47063000", "ZTargetPosition": "47097078"}, "Place": {"ActualPlacePosition": {"Angle": "-180000", "X": "172276", "Y": "74119"}, "AirkissPressure": "71", "BoardPanelId": "2", "HoldingCircuitPressure": "2147483647", "NominalPlacePosition": {"Angle": "180000", "X": "172275", "Y": "74120"}, "ReferenceDesignator": "X601_CONN_16_STECK_R", "Result": "0", "TimeStampSinceStationStarted": "1292396.212164", "VacuumAbsolute": "-820", "VacuumRelative": "91", "ZEndPosition": "39076000", "ZTargetPosition": "39172664"}, "ElectricalMeasurement": null, "Dip": null}, {"HeadSegmentId": "66049", "Measures": {"MeasureList": [{"CameraIndividualId": "1033", "MeasurementResult": "0", "PhiDeviation": "-1397426", "TimeStampSinceStationStarted": "1292397.492925", "VisionDumpPath": "C:\\Sirio\\Work\\SvDumpFiles\\PartCameraDumps\\JID_103383661_OID_437450008_SEG_1_BE-Bibliothek.A5E00701727_R1292393416.svdmp", "XDeviation": "27681", "YDeviation": "43225"}]}, "Pick": {"ActualPickPosition": {"Angle": "180000", "X": "15250", "Y": "-70500"}, "MeasuredComponentHeight": "0", "NominalPickPosition": {"Angle": "180000", "X": "15250", "Y": "-70351"}, "PickupLocationId": "240", "Result": "0", "TimeStampSinceStationStarted": "1292396.770921", "VacuumAbsolute": "-807", "VacuumRelative": "-807", "ZEndPosition": "47000000", "ZTargetPosition": "47020488"}, "Place": {"ActualPlacePosition": {"Angle": "-1", "X": "209068", "Y": "151136"}, "AirkissPressure": "72", "BoardPanelId": "2", "HoldingCircuitPressure": "2147483647", "NominalPlacePosition": {"Angle": "0", "X": "209080", "Y": "151130"}, "ReferenceDesignator": "C2209_CAPA_2_22_KOND", "Result": "0", "TimeStampSinceStationStarted": "1292397.883882", "VacuumAbsolute": "-825", "VacuumRelative": "102", "ZEndPosition": "36848500", "ZTargetPosition": "37059765"}, "ElectricalMeasurement": null, "Dip": null}, {"HeadSegmentId": "131585", "Measures": {"MeasureList": [{"CameraIndividualId": "1033", "MeasurementResult": "0", "PhiDeviation": "-1329455", "TimeStampSinceStationStarted": "1292397.63237", "VisionDumpPath": "C:\\Sirio\\Work\\SvDumpFiles\\PartCameraDumps\\JID_103383662_OID_437450009_SEG_2_BE-Bibliothek.A5E00701727_R1292393685.svdmp", "XDeviation": "-92437", "YDeviation": "43786"}]}, "Pick": {"ActualPickPosition": {"Angle": "180000", "X": "15250", "Y": "-70500"}, "MeasuredComponentHeight": "0", "NominalPickPosition": {"Angle": "180000", "X": "15250", "Y": "-70351"}, "PickupLocationId": "240", "Result": "0", "TimeStampSinceStationStarted": "1292397.040173", "VacuumAbsolute": "-817", "VacuumRelative": "-817", "ZEndPosition": "47013000", "ZTargetPosition": "47057488"}, "Place": {"ActualPlacePosition": {"Angle": "-1", "X": "102569", "Y": "151137"}, "AirkissPressure": "74", "BoardPanelId": "3", "HoldingCircuitPressure": "2147483647", "NominalPlacePosition": {"Angle": "0", "X": "102580", "Y": "151130"}, "ReferenceDesignator": "C2206_CAPA_2_22_KOND", "Result": "0", "TimeStampSinceStationStarted": "1292398.031394", "VacuumAbsolute": "-831", "VacuumRelative": "98", "ZEndPosition": "36773000", "ZTargetPosition": "36768762"}, "ElectricalMeasurement": null, "Dip": null}, {"HeadSegmentId": "133124", "Measures": {"MeasureList": [{"CameraIndividualId": "4033", "MeasurementResult": "0", "PhiDeviation": "585337", "TimeStampSinceStationStarted": "1292398.071113", "VisionDumpPath": "C:\\Sirio\\Work\\SvDumpFiles\\PartCameraDumps\\JID_403366394_OID_437450010_SEG_2_BE-Bibliothek.A5E44859639_R1292393511.svdmp", "XDeviation": "32430", "YDeviation": "15758"}]}, "Pick": {"ActualPickPosition": {"Angle": "0", "X": "6000", "Y": "-49500"}, "MeasuredComponentHeight": "0", "NominalPickPosition": {"Angle": "0", "X": "6001", "Y": "-49489"}, "PickupLocationId": "280", "Result": "0", "TimeStampSinceStationStarted": "1292396.866015", "VacuumAbsolute": "-852", "VacuumRelative": "-852", "ZEndPosition": "46249000", "ZTargetPosition": "46261366"}, "Place": {"ActualPlacePosition": {"Angle": "-180000", "X": "34640", "Y": "25849"}, "AirkissPressure": "75", "BoardPanelId": "3", "HoldingCircuitPressure": "2147483647", "NominalPlacePosition": {"Angle": "180000", "X": "34643", "Y": "25851"}, "ReferenceDesignator": "U500_SOP_8/SOIC_8_OP", "Result": "0", "TimeStampSinceStationStarted": "1292398.897572", "VacuumAbsolute": "-853", "VacuumRelative": "99", "ZEndPosition": "43735000", "ZTargetPosition": "43730302"}, "ElectricalMeasurement": null, "Dip": null}, {"HeadSegmentId": "67588", "Measures": {"MeasureList": [{"CameraIndividualId": "4033", "MeasurementResult": "0", "PhiDeviation": "-109979", "TimeStampSinceStationStarted": "1292398.364338", "VisionDumpPath": "C:\\Sirio\\Work\\SvDumpFiles\\PartCameraDumps\\JID_403366395_OID_437450011_SEG_1_BE-Bibliothek.A5E30248076_R1292393771.svdmp", "XDeviation": "-780440", "YDeviation": "-752888"}]}, "Pick": {"ActualPickPosition": {"Angle": "180000", "X": "17020", "Y": "-69475"}, "MeasuredComponentHeight": "0", "NominalPickPosition": {"Angle": "180000", "X": "17020", "Y": "-69475"}, "PickupLocationId": "267", "Result": "0", "TimeStampSinceStationStarted": "1292397.125742", "VacuumAbsolute": "-807", "VacuumRelative": "-807", "ZEndPosition": "47253000", "ZTargetPosition": "47273818"}, "Place": {"ActualPlacePosition": {"Angle": "-180000", "X": "103249", "Y": "30528"}, "AirkissPressure": "76", "BoardPanelId": "3", "HoldingCircuitPressure": "2147483647", "NominalPlacePosition": {"Angle": "180000", "X": "103250", "Y": "30530"}, "ReferenceDesignator": "X802_CONN_8_38_SONST", "Result": "0", "TimeStampSinceStationStarted": "1292399.179929", "VacuumAbsolute": "-806", "VacuumRelative": "88", "ZEndPosition": "33013000", "ZTargetPosition": "33035020"}, "ElectricalMeasurement": null, "Dip": null}, {"HeadSegmentId": "66049", "Measures": {"MeasureList": [{"CameraIndividualId": "1033", "MeasurementResult": "0", "PhiDeviation": "281610", "TimeStampSinceStationStarted": "1292400.497316", "VisionDumpPath": "C:\\Sirio\\Work\\SvDumpFiles\\PartCameraDumps\\JID_103383663_OID_437450013_SEG_1_BE-Bibliothek.A5E00701727_R1292396112.svdmp", "XDeviation": "-74901", "YDeviation": "-58726"}]}, "Pick": {"ActualPickPosition": {"Angle": "180000", "X": "15250", "Y": "-70500"}, "MeasuredComponentHeight": "0", "NominalPickPosition": {"Angle": "180000", "X": "15253", "Y": "-70355"}, "PickupLocationId": "240", "Result": "0", "TimeStampSinceStationStarted": "1292399.466533", "VacuumAbsolute": "-804", "VacuumRelative": "-804", "ZEndPosition": "47046500", "ZTargetPosition": "47005525"}, "Place": {"ActualPlacePosition": {"Angle": "-1", "X": "223068", "Y": "151135"}, "AirkissPressure": "72", "BoardPanelId": "2", "HoldingCircuitPressure": "2147483647", "NominalPlacePosition": {"Angle": "0", "X": "223080", "Y": "151130"}, "ReferenceDesignator": "C2206_CAPA_2_22_KOND", "Result": "0", "TimeStampSinceStationStarted": "1292401.130791", "VacuumAbsolute": "-820", "VacuumRelative": "101", "ZEndPosition": "36903500", "ZTargetPosition": "37118433"}, "ElectricalMeasurement": null, "Dip": null}, {"HeadSegmentId": "131585", "Measures": {"MeasureList": [{"CameraIndividualId": "1033", "MeasurementResult": "0", "PhiDeviation": "-730240", "TimeStampSinceStationStarted": "1292400.714464", "VisionDumpPath": "C:\\Sirio\\Work\\SvDumpFiles\\PartCameraDumps\\JID_103383664_OID_437450012_SEG_2_BE-Bibliothek.A5E02285215_R1292396384.svdmp", "XDeviation": "57543", "YDeviation": "832841"}]}, "Pick": {"ActualPickPosition": {"Angle": "180000", "X": "23950", "Y": "-70500"}, "MeasuredComponentHeight": "0", "NominalPickPosition": {"Angle": "180000", "X": "23950", "Y": "-70500"}, "PickupLocationId": "241", "Result": "0", "TimeStampSinceStationStarted": "1292399.738356", "VacuumAbsolute": "-862", "VacuumRelative": "-862", "ZEndPosition": "48474500", "ZTargetPosition": "48484132"}, "Place": {"ActualPlacePosition": {"Angle": "-90000", "X": "18428", "Y": "22903"}, "AirkissPressure": "75", "BoardPanelId": "3", "HoldingCircuitPressure": "2147483647", "NominalPlacePosition": {"Angle": "-90000", "X": "18439", "Y": "22900"}, "ReferenceDesignator": "X501_CONN_DSUB_9_STE", "Result": "0", "TimeStampSinceStationStarted": "1292401.45728", "VacuumAbsolute": "-863", "VacuumRelative": "103", "ZEndPosition": "36362000", "ZTargetPosition": "36303134"}, "ElectricalMeasurement": null, "Dip": null}, {"HeadSegmentId": "133124", "Measures": {"MeasureList": [{"CameraIndividualId": "4033", "MeasurementResult": "0", "PhiDeviation": "-23481", "TimeStampSinceStationStarted": "1292401.155576", "VisionDumpPath": "C:\\Sirio\\Work\\SvDumpFiles\\PartCameraDumps\\JID_403366396_OID_437450014_SEG_2_BE-Bibliothek.A5E44859639_R1292396650.svdmp", "XDeviation": "-31492", "YDeviation": "-29844"}]}, "Pick": {"ActualPickPosition": {"Angle": "0", "X": "6000", "Y": "-49500"}, "MeasuredComponentHeight": "0", "NominalPickPosition": {"Angle": "0", "X": "6003", "Y": "-49488"}, "PickupLocationId": "280", "Result": "0", "TimeStampSinceStationStarted": "1292400.00447", "VacuumAbsolute": "-852", "VacuumRelative": "-852", "ZEndPosition": "46261500", "ZTargetPosition": "46258274"}, "Place": {"ActualPlacePosition": {"Angle": "-180000", "X": "155144", "Y": "25849"}, "AirkissPressure": "73", "BoardPanelId": "2", "HoldingCircuitPressure": "2147483647", "NominalPlacePosition": {"Angle": "180000", "X": "155143", "Y": "25851"}, "ReferenceDesignator": "U500_SOP_8/SOIC_8_OP", "Result": "0", "TimeStampSinceStationStarted": "1292402.095838", "VacuumAbsolute": "-853", "VacuumRelative": "99", "ZEndPosition": "43720000", "ZTargetPosition": "43733574"}, "ElectricalMeasurement": null, "Dip": null}, {"HeadSegmentId": "67588", "Measures": {"MeasureList": [{"CameraIndividualId": "4033", "MeasurementResult": "0", "PhiDeviation": "-277496", "TimeStampSinceStationStarted": "1292401.447653", "VisionDumpPath": "C:\\Sirio\\Work\\SvDumpFiles\\PartCameraDumps\\JID_403366397_OID_437450015_SEG_1_BE-Bibliothek.A5E30248076_R1292396906.svdmp", "XDeviation": "-882142", "YDeviation": "-770960"}]}, "Pick": {"ActualPickPosition": {"Angle": "180000", "X": "17020", "Y": "-69475"}, "MeasuredComponentHeight": "0", "NominalPickPosition": {"Angle": "180000", "X": "17020", "Y": "-69475"}, "PickupLocationId": "267", "Result": "0", "TimeStampSinceStationStarted": "1292400.261256", "VacuumAbsolute": "-832", "VacuumRelative": "-832", "ZEndPosition": "47259500", "ZTargetPosition": "47268613"}, "Place": {"ActualPlacePosition": {"Angle": "-180000", "X": "223753", "Y": "30528"}, "AirkissPressure": "71", "BoardPanelId": "2", "HoldingCircuitPressure": "2147483647", "NominalPlacePosition": {"Angle": "180000", "X": "223750", "Y": "30530"}, "ReferenceDesignator": "X802_CONN_8_38_SONST", "Result": "0", "TimeStampSinceStationStarted": "1292402.375287", "VacuumAbsolute": "-833", "VacuumRelative": "94", "ZEndPosition": "33383000", "ZTargetPosition": "33403097"}, "ElectricalMeasurement": null, "Dip": null}, {"HeadSegmentId": "131585", "Measures": {"MeasureList": [{"CameraIndividualId": "1033", "MeasurementResult": "0", "PhiDeviation": "-213097", "TimeStampSinceStationStarted": "1292403.349989", "VisionDumpPath": "C:\\Sirio\\Work\\SvDumpFiles\\PartCameraDumps\\JID_103383665_OID_437450016_SEG_2_BE-Bibliothek.A5E02285215_R1292398847.svdmp", "XDeviation": "-83686", "YDeviation": "618815"}]}, "Pick": {"ActualPickPosition": {"Angle": "180000", "X": "23950", "Y": "-70500"}, "MeasuredComponentHeight": "0", "NominalPickPosition": {"Angle": "180000", "X": "23950", "Y": "-70500"}, "PickupLocationId": "241", "Result": "0", "TimeStampSinceStationStarted": "1292402.201805", "VacuumAbsolute": "-861", "VacuumRelative": "-861", "ZEndPosition": "48426500", "ZTargetPosition": "48481724"}, "Place": {"ActualPlacePosition": {"Angle": "-90000", "X": "138927", "Y": "22902"}, "AirkissPressure": "77", "BoardPanelId": "2", "HoldingCircuitPressure": "2147483647", "NominalPlacePosition": {"Angle": "-90000", "X": "138939", "Y": "22900"}, "ReferenceDesignator": "X501_CONN_DSUB_9_STE", "Result": "0", "TimeStampSinceStationStarted": "1292404.005634", "VacuumAbsolute": "-862", "VacuumRelative": "103", "ZEndPosition": "36307000", "ZTargetPosition": "36324733"}, "ElectricalMeasurement": null, "Dip": null}, {"HeadSegmentId": "66049", "Measures": {"MeasureList": [{"CameraIndividualId": "1033", "MeasurementResult": "0", "PhiDeviation": "-1227539", "TimeStampSinceStationStarted": "1292403.646681", "VisionDumpPath": "C:\\Sirio\\Work\\SvDumpFiles\\PartCameraDumps\\JID_103383666_OID_437450017_SEG_1_BE-Bibliothek.A5E00189819_R1292399245.svdmp", "XDeviation": "256244", "YDeviation": "34940"}]}, "Pick": {"ActualPickPosition": {"Angle": "0", "X": "15250", "Y": "-70500"}, "MeasuredComponentHeight": "0", "NominalPickPosition": {"Angle": "0", "X": "15033", "Y": "-70432"}, "PickupLocationId": "242", "Result": "0", "TimeStampSinceStationStarted": "1292402.599386", "VacuumAbsolute": "-808", "VacuumRelative": "-808", "ZEndPosition": "47411500", "ZTargetPosition": "47373088"}, "Place": {"ActualPlacePosition": {"Angle": "-1", "X": "194068", "Y": "151036"}, "AirkissPressure": "73", "BoardPanelId": "2", "HoldingCircuitPressure": "2147483647", "NominalPlacePosition": {"Angle": "0", "X": "194080", "Y": "151030"}, "ReferenceDesignator": "T2200_EX120_TRAFO_SC", "Result": "0", "TimeStampSinceStationStarted": "1292404.36409", "VacuumAbsolute": "-808", "VacuumRelative": "97", "ZEndPosition": "41430500", "ZTargetPosition": "41519013"}, "ElectricalMeasurement": null, "Dip": null}, {"HeadSegmentId": "67588", "Measures": {"MeasureList": [{"CameraIndividualId": "4033", "MeasurementResult": "0", "PhiDeviation": "-332684", "TimeStampSinceStationStarted": "1292405.700355", "VisionDumpPath": "C:\\Sirio\\Work\\SvDumpFiles\\PartCameraDumps\\JID_403366398_OID_437450019_SEG_1_BE-Bibliothek.A5E51102635_R1292401222.svdmp", "XDeviation": "179867", "YDeviation": "6582"}]}, "Pick": {"ActualPickPosition": {"Angle": "0", "X": "15250", "Y": "-70500"}, "MeasuredComponentHeight": "0", "NominalPickPosition": {"Angle": "0", "X": "15138", "Y": "-70480"}, "PickupLocationId": "265", "Result": "0", "TimeStampSinceStationStarted": "1292404.576833", "VacuumAbsolute": "-827", "VacuumRelative": "-827", "ZEndPosition": "47209500", "ZTargetPosition": "47251080"}, "Place": {"ActualPlacePosition": {"Angle": "-180000", "X": "69617", "Y": "48629"}, "AirkissPressure": "73", "BoardPanelId": "3", "HoldingCircuitPressure": "2147483647", "NominalPlacePosition": {"Angle": "180000", "X": "69619", "Y": "48630"}, "ReferenceDesignator": "D3_BGA_63_", "Result": "0", "TimeStampSinceStationStarted": "1292406.146652", "VacuumAbsolute": "-829", "VacuumRelative": "93", "ZEndPosition": "46268000", "ZTargetPosition": "46316508"}, "ElectricalMeasurement": null, "Dip": null}, {"HeadSegmentId": "133124", "Measures": {"MeasureList": [{"CameraIndividualId": "4033", "MeasurementResult": "0", "PhiDeviation": "557443", "TimeStampSinceStationStarted": "1292405.487994", "VisionDumpPath": "C:\\Sirio\\Work\\SvDumpFiles\\PartCameraDumps\\JID_403366399_OID_437450018_SEG_2_BE-Bibliothek.A5E44859639_R1292401612.svdmp", "XDeviation": "-79393", "YDeviation": "-9136"}]}, "Pick": {"ActualPickPosition": {"Angle": "0", "X": "6000", "Y": "-49500"}, "MeasuredComponentHeight": "0", "NominalPickPosition": {"Angle": "0", "X": "6001", "Y": "-49490"}, "PickupLocationId": "280", "Result": "0", "TimeStampSinceStationStarted": "1292404.96752", "VacuumAbsolute": "-852", "VacuumRelative": "-852", "ZEndPosition": "46257500", "ZTargetPosition": "46259081"}, "Place": {"ActualPlacePosition": {"Angle": "-180000", "X": "150281", "Y": "162632"}, "AirkissPressure": "76", "BoardPanelId": "2", "HoldingCircuitPressure": "2147483647", "NominalPlacePosition": {"Angle": "180000", "X": "150280", "Y": "162630"}, "ReferenceDesignator": "U1704_SOP_8/SOIC_8_O", "Result": "0", "TimeStampSinceStationStarted": "1292406.46297", "VacuumAbsolute": "-853", "VacuumRelative": "99", "ZEndPosition": "43599500", "ZTargetPosition": "43647037"}, "ElectricalMeasurement": null, "Dip": null}, {"HeadSegmentId": "133124", "Measures": {"MeasureList": [{"CameraIndividualId": "4033", "MeasurementResult": "0", "PhiDeviation": "322047", "TimeStampSinceStationStarted": "1292408.03662", "VisionDumpPath": "C:\\Sirio\\Work\\SvDumpFiles\\PartCameraDumps\\JID_403366400_OID_437450020_SEG_2_BE-Bibliothek.A5E44859639_R1292403817.svdmp", "XDeviation": "214907", "YDeviation": "-9313"}]}, "Pick": {"ActualPickPosition": {"Angle": "0", "X": "6000", "Y": "-49500"}, "MeasuredComponentHeight": "0", "NominalPickPosition": {"Angle": "0", "X": "5997", "Y": "-49490"}, "PickupLocationId": "280", "Result": "0", "TimeStampSinceStationStarted": "1292407.171508", "VacuumAbsolute": "-852", "VacuumRelative": "-852", "ZEndPosition": "46272500", "ZTargetPosition": "46258686"}, "Place": {"ActualPlacePosition": {"Angle": "-180000", "X": "29777", "Y": "162632"}, "AirkissPressure": "76", "BoardPanelId": "3", "HoldingCircuitPressure": "2147483647", "NominalPlacePosition": {"Angle": "180000", "X": "29780", "Y": "162630"}, "ReferenceDesignator": "U1704_SOP_8/SOIC_8_O", "Result": "0", "TimeStampSinceStationStarted": "1292408.593772", "VacuumAbsolute": "-852", "VacuumRelative": "98", "ZEndPosition": "43785000", "ZTargetPosition": "43827659"}, "ElectricalMeasurement": null, "Dip": null}, {"HeadSegmentId": "67588", "Measures": {"MeasureList": [{"CameraIndividualId": "4033", "MeasurementResult": "0", "PhiDeviation": "-349882", "TimeStampSinceStationStarted": "1292408.248719", "VisionDumpPath": "C:\\Sirio\\Work\\SvDumpFiles\\PartCameraDumps\\JID_403366401_OID_437450021_SEG_1_BE-Bibliothek.A5E51102635_R1292404068.svdmp", "XDeviation": "-131591", "YDeviation": "26144"}]}, "Pick": {"ActualPickPosition": {"Angle": "0", "X": "15250", "Y": "-70500"}, "MeasuredComponentHeight": "0", "NominalPickPosition": {"Angle": "0", "X": "15147", "Y": "-70480"}, "PickupLocationId": "265", "Result": "0", "TimeStampSinceStationStarted": "1292407.422441", "VacuumAbsolute": "-837", "VacuumRelative": "-837", "ZEndPosition": "47293000", "ZTargetPosition": "47240685"}, "Place": {"ActualPlacePosition": {"Angle": "-180000", "X": "190121", "Y": "48629"}, "AirkissPressure": "75", "BoardPanelId": "2", "HoldingCircuitPressure": "2147483647", "NominalPlacePosition": {"Angle": "180000", "X": "190119", "Y": "48630"}, "ReferenceDesignator": "D3_BGA_63_", "Result": "0", "TimeStampSinceStationStarted": "1292408.980574", "VacuumAbsolute": "-838", "VacuumRelative": "95", "ZEndPosition": "46351000", "ZTargetPosition": "46491093"}, "ElectricalMeasurement": null, "Dip": null}, {"HeadSegmentId": "67588", "Measures": {"MeasureList": [{"CameraIndividualId": "4033", "MeasurementResult": "0", "PhiDeviation": "424787", "TimeStampSinceStationStarted": "1292411.749844", "VisionDumpPath": "C:\\Sirio\\Work\\SvDumpFiles\\PartCameraDumps\\JID_403366402_OID_437450022_SEG_1_BE-Bibliothek.A5E44859639_R1292407363.svdmp", "XDeviation": "-13720", "YDeviation": "75421"}]}, "Pick": {"ActualPickPosition": {"Angle": "0", "X": "6000", "Y": "-49500"}, "MeasuredComponentHeight": "0", "NominalPickPosition": {"Angle": "0", "X": "6008", "Y": "-49491"}, "PickupLocationId": "280", "Result": "0", "TimeStampSinceStationStarted": "1292410.717459", "VacuumAbsolute": "-837", "VacuumRelative": "-837", "ZEndPosition": "46241500", "ZTargetPosition": "46261639"}, "Place": {"ActualPlacePosition": {"Angle": "-180000", "X": "143081", "Y": "162632"}, "AirkissPressure": "75", "BoardPanelId": "2", "HoldingCircuitPressure": "2147483647", "NominalPlacePosition": {"Angle": "180000", "X": "143080", "Y": "162630"}, "ReferenceDesignator": "U1700_SOP_8/SOIC_8_O", "Result": "0", "TimeStampSinceStationStarted": "1292412.16419", "VacuumAbsolute": "-838", "VacuumRelative": "95", "ZEndPosition": "43560500", "ZTargetPosition": "43598401"}, "ElectricalMeasurement": null, "Dip": null}, {"HeadSegmentId": "133124", "Measures": {"MeasureList": [{"CameraIndividualId": "4033", "MeasurementResult": "0", "PhiDeviation": "470986", "TimeStampSinceStationStarted": "1292411.51993", "VisionDumpPath": "C:\\Sirio\\Work\\SvDumpFiles\\PartCameraDumps\\JID_403366403_OID_437450023_SEG_2_BE-Bibliothek.A5E44859639_R1292407646.svdmp", "XDeviation": "38444", "YDeviation": "33289"}]}, "Pick": {"ActualPickPosition": {"Angle": "0", "X": "6000", "Y": "-49500"}, "MeasuredComponentHeight": "0", "NominalPickPosition": {"Angle": "0", "X": "6008", "Y": "-49491"}, "PickupLocationId": "280", "Result": "0", "TimeStampSinceStationStarted": "1292411.001567", "VacuumAbsolute": "-851", "VacuumRelative": "-851", "ZEndPosition": "46263500", "ZTargetPosition": "46262139"}, "Place": {"ActualPlacePosition": {"Angle": "-180000", "X": "36978", "Y": "162632"}, "AirkissPressure": "77", "BoardPanelId": "3", "HoldingCircuitPressure": "2147483647", "NominalPlacePosition": {"Angle": "180000", "X": "36980", "Y": "162630"}, "ReferenceDesignator": "U1800_SOP_8/SOIC_8_O", "Result": "0", "TimeStampSinceStationStarted": "1292412.459683", "VacuumAbsolute": "-851", "VacuumRelative": "98", "ZEndPosition": "43770000", "ZTargetPosition": "43807524"}, "ElectricalMeasurement": null, "Dip": null}]}, "HeadContext": {"HeadSegments": {"HeadSegment": [{"GantryId": "1", "Head": "1", "HeadName": "Twin Head 5xx", "Id": "66049", "NozzleTypeId": "581", "SegmentNumber": "1"}, {"GantryId": "4", "Head": "1", "HeadName": "Twin Head 5xx", "Id": "67588", "NozzleTypeId": "516", "SegmentNumber": "1"}, {"GantryId": "1", "Head": "1", "HeadName": "Twin Head 5xx", "Id": "131585", "NozzleTypeId": "517", "SegmentNumber": "2"}, {"GantryId": "4", "Head": "1", "HeadName": "Twin Head 5xx", "Id": "133124", "NozzleTypeId": "597", "SegmentNumber": "2"}]}}, "SetupContext": {"PickupLocations": {"PickupLocation": [{"Division": "1", "FeederId": "32FAUE900466", "FeederType": "288", "Id": "238", "Level": "0", "Location": "1", "StartTrackNumber": "7", "SubLocation": "1", "Tower": "0", "PackagingUid": "M05323114"}, {"Division": "1", "FeederId": "24KL-L205402", "FeederType": "280", "Id": "240", "Level": "0", "Location": "1", "StartTrackNumber": "14", "SubLocation": "1", "Tower": "0", "PackagingUid": "M05187760"}, {"Division": "1", "FeederId": "44KL-K305106", "FeederType": "300", "Id": "241", "Level": "0", "Location": "1", "StartTrackNumber": "17", "SubLocation": "1", "Tower": "0", "PackagingUid": "M04859606"}, {"Division": "1", "FeederId": "24KL-K305319", "FeederType": "280", "Id": "242", "Level": "0", "Location": "1", "StartTrackNumber": "22", "SubLocation": "1", "Tower": "0", "PackagingUid": "M04790496"}, {"Division": "1", "FeederId": "24FAUE900672", "FeederType": "280", "Id": "265", "Level": "0", "Location": "4", "StartTrackNumber": "1", "SubLocation": "1", "Tower": "0", "PackagingUid": "A00061487"}, {"Division": "1", "FeederId": "32FAUE000671", "FeederType": "288", "Id": "267", "Level": "0", "Location": "4", "StartTrackNumber": "16", "SubLocation": "1", "Tower": "0", "PackagingUid": "M05305951"}, {"Division": "1", "FeederId": "32FAUE900659", "FeederType": "288", "Id": "271", "Level": "0", "Location": "4", "StartTrackNumber": "28", "SubLocation": "1", "Tower": "0", "PackagingUid": "M05325461"}, {"Division": "1", "FeederId": "12KL-F105078", "FeederType": "268", "Id": "280", "Level": "0", "Location": "4", "StartTrackNumber": "14", "SubLocation": "1", "Tower": "0", "PackagingUid": "M05245907"}]}}}}, "ProductionEndedData": {"StationTime": "2021-11-30T09:31:41.4970000+08:00", "TimeStampSinceStationStarted": "1292412.739521"}}