{"name": "PDI_Line5_3849271180_20211130132821.txt", "Timestamp": "2021-11-30T13:28:10.6098728+08:00", "TxnID": "d74dbbc4-cf00-4302-9c33-91f762fa2b35", "Line": "SEWC-Lines\\Line5", "Machine": "Line5\\ST3_X3 S", "ProductionStartedData": [{"ConveyorLanePosition": "2", "ConveyorStopperPosition": "1", "Pcb": {"BarcodeReaderPosition": "0", "BoardSide": "1", "IndividualGUID": "d537e5b2-0b5e-4d77-9835-e7735eeda422", "LineJobGUID": "3f68c8d2-071f-4795-8aa5-1d45806eb923", "Path": "STAB\\A5E50302024lt02", "PcbIndividualID": "43216", "RecipePath": "Line5\\Smart_CPU_L5_702SAF\\A5E50302024lt02", "Barcode": "", "OrderNumber": null}, "ProcessingAreaPosition": "2", "SetupPath": "Line5\\Smart_CPU_L5_702SAF", "StationTime": "2021-11-30T13:25:46.4490000+08:00", "TimeStampSinceStationStarted": "1306457.622341"}], "BoardPositionsList": {"BoardPositions": [{"ActualPosition": {"Angle": "194", "X": "510358", "Y": "16474", "Z": "-5000"}, "FiducialPositions": {"FiducialRecognitionResult": []}, "NominalPosition": {"Angle": "0", "X": "510392", "Y": "16359", "Z": "-5000"}}]}, "ProgressDataList": {"ProductionProgressData": {"BoardContext": {"BoardPanels": {"BoardPanel": [{"Id": "2", "PanelPath": "A5E50302024lt02/A1"}]}}, "ComponentIndividuals": {"ComponentIndividual": [{"HeadSegmentId": "132355", "Measures": {"MeasureList": [{"CameraIndividualId": "3033", "MeasurementResult": "0", "PhiDeviation": "-1631305", "TimeStampSinceStationStarted": "1306463.159854", "VisionDumpPath": "C:\\Sirio\\Work\\SvDumpFiles\\PartCameraDumps\\JID_303388843_OID_432160002_SEG_2_BE-Bibliothek.A5E01058093_R1306458604.svdmp", "XDeviation": "-127401", "YDeviation": "-24185"}]}, "Pick": {"ActualPickPosition": {"Angle": "0", "X": "23950", "Y": "-70500"}, "MeasuredComponentHeight": "0", "NominalPickPosition": {"Angle": "0", "X": "23940", "Y": "-70541"}, "PickupLocationId": "263", "Result": "0", "TimeStampSinceStationStarted": "1306461.888705", "VacuumAbsolute": "-434", "VacuumRelative": "-434", "ZEndPosition": "50319500", "ZTargetPosition": "50259579"}, "Place": {"ActualPlacePosition": {"Angle": "0", "X": "67694", "Y": "66324"}, "AirkissPressure": "72", "BoardPanelId": "2", "HoldingCircuitPressure": "2147483647", "NominalPlacePosition": {"Angle": "0", "X": "67700", "Y": "66330"}, "ReferenceDesignator": "X102_CONN_28_STECK_R", "Result": "0", "TimeStampSinceStationStarted": "1306464.339645", "VacuumAbsolute": "-437", "VacuumRelative": "33", "ZEndPosition": "41710000", "ZTargetPosition": "41706335"}, "ElectricalMeasurement": null, "Dip": null}, {"HeadSegmentId": "66819", "Measures": {"MeasureList": [{"CameraIndividualId": "3033", "MeasurementResult": "0", "PhiDeviation": "764801", "TimeStampSinceStationStarted": "1306463.620223", "VisionDumpPath": "C:\\Sirio\\Work\\SvDumpFiles\\PartCameraDumps\\JID_303388842_OID_432160003_SEG_1_BE-Bibliothek.A5E02081140_R1306457687.svdmp", "XDeviation": "-26998", "YDeviation": "247560"}]}, "Pick": {"ActualPickPosition": {"Angle": "0", "X": "30273", "Y": "-70772"}, "MeasuredComponentHeight": "0", "NominalPickPosition": {"Angle": "0", "X": "30905", "Y": "-70575"}, "PickupLocationId": "247", "Result": "0", "TimeStampSinceStationStarted": "1306460.971417", "VacuumAbsolute": "-827", "VacuumRelative": "-827", "ZEndPosition": "49499000", "ZTargetPosition": "49579194"}, "Place": {"ActualPlacePosition": {"Angle": "0", "X": "35188", "Y": "66324"}, "AirkissPressure": "72", "BoardPanelId": "2", "HoldingCircuitPressure": "2147483647", "NominalPlacePosition": {"Angle": "0", "X": "35200", "Y": "66330"}, "ReferenceDesignator": "X103_CONN_32_STECK_R", "Result": "0", "TimeStampSinceStationStarted": "1306464.60149", "VacuumAbsolute": "-859", "VacuumRelative": "102", "ZEndPosition": "40833000", "ZTargetPosition": "40826846"}, "ElectricalMeasurement": null, "Dip": null}]}, "HeadContext": {"HeadSegments": {"HeadSegment": [{"GantryId": "3", "Head": "1", "HeadName": "Twin Head 5xx", "Id": "66819", "NozzleTypeId": "573", "SegmentNumber": "1"}, {"GantryId": "3", "Head": "1", "HeadName": "Twin Head 5xx", "Id": "132355", "NozzleTypeId": "573", "SegmentNumber": "2"}]}}, "SetupContext": {"PickupLocations": {"PickupLocation": [{"Division": "1", "FeederId": "56FAUC000504", "FeederType": "312", "Id": "247", "Level": "0", "Location": "2", "StartTrackNumber": "1", "SubLocation": "1", "Tower": "0", "PackagingUid": "M05297978"}, {"Division": "1", "FeederId": "44FAUD200890", "FeederType": "300", "Id": "263", "Level": "0", "Location": "3", "StartTrackNumber": "30", "SubLocation": "1", "Tower": "0", "PackagingUid": "M05298574"}]}}}}, "ProductionEndedData": {"StationTime": "2021-11-30T13:25:53.8480000+08:00", "TimeStampSinceStationStarted": "1306465.021402"}}