{"name": "PDI_Line5_3836700459_20211130025002.txt", "Timestamp": "2021-11-30T02:49:52.1986311+08:00", "TxnID": "7af7b323-ff48-4727-b9fa-5b7b0d7a6643", "Line": "SEWC-Lines\\Line5", "Machine": "Line5\\ST3_X3 S", "ProductionStartedData": [{"ConveyorLanePosition": "2", "ConveyorStopperPosition": "1", "Pcb": {"BarcodeReaderPosition": "0", "BoardSide": "1", "IndividualGUID": "66636090-352f-4551-9c19-c76ed958ea1d", "LineJobGUID": "3a5e1e40-f5b9-457f-8e3c-d7ab63795644", "Path": "STAB\\A5E50302021lt01", "PcbIndividualID": "42078", "RecipePath": "Line5\\Smart_CPU_L5_702SAF\\A5E50302021lt01", "Barcode": "", "OrderNumber": null}, "ProcessingAreaPosition": "1", "SetupPath": "Line5\\Smart_CPU_L5_702SAF", "StationTime": "2021-11-30T02:47:29.1160000+08:00", "TimeStampSinceStationStarted": "1268160.479691"}], "BoardPositionsList": {"BoardPositions": [{"ActualPosition": {"Angle": "63", "X": "-527987", "Y": "16460", "Z": "-5000"}, "FiducialPositions": {"FiducialRecognitionResult": [{"ActualPosition": {"Angle": "50", "X": "243337", "Y": "10553", "Z": null}, "CameraIndividualId": "4034", "FiducialFunction": "0", "GantryId": "4", "MeasurementResult": "0", "NominalPosition": {"Angle": "0", "X": "243420", "Y": "10530", "Z": null}, "Path": "A5E50302021lt01/1/01/1", "StationTime": "2021-11-30T02:47:31.8840000+08:00", "TimeStampSinceStationStarted": "1268163.247889"}, {"ActualPosition": {"Angle": "40", "X": "7666", "Y": "191813", "Z": null}, "CameraIndividualId": "4034", "FiducialFunction": "0", "GantryId": "4", "MeasurementResult": "0", "NominalPosition": {"Angle": "0", "X": "7970", "Y": "192030", "Z": null}, "Path": "A5E50302021lt01/1/02/1", "StationTime": "2021-11-30T02:47:31.8840000+08:00", "TimeStampSinceStationStarted": "1268163.247889"}]}, "NominalPosition": {"Angle": "0", "X": "-527904", "Y": "16695", "Z": "-5000"}}]}, "ProgressDataList": {"ProductionProgressData": {"BoardContext": {"BoardPanels": {"BoardPanel": [{"Id": "2", "PanelPath": "A5E50302021lt01/A1"}, {"Id": "3", "PanelPath": "A5E50302021lt01/B1"}]}}, "ComponentIndividuals": {"ComponentIndividual": [{"HeadSegmentId": "67588", "Measures": {"MeasureList": [{"CameraIndividualId": "4033", "MeasurementResult": "0", "PhiDeviation": "-317191", "TimeStampSinceStationStarted": "1268163.799524", "VisionDumpPath": "C:\\Sirio\\Work\\SvDumpFiles\\PartCameraDumps\\JID_403358359_OID_420780000_SEG_1_BE-Bibliothek.A5E50179091_R1268157653.svdmp", "XDeviation": "-16081", "YDeviation": "62754"}]}, "Pick": {"ActualPickPosition": {"Angle": "0", "X": "15126", "Y": "-71150"}, "MeasuredComponentHeight": "0", "NominalPickPosition": {"Angle": "0", "X": "15223", "Y": "-71322"}, "PickupLocationId": "266", "Result": "0", "TimeStampSinceStationStarted": "1268161.12845", "VacuumAbsolute": "-782", "VacuumRelative": "-782", "ZEndPosition": "47568500", "ZTargetPosition": "47633200"}, "Place": {"ActualPlacePosition": {"Angle": "0", "X": "200738", "Y": "27973"}, "AirkissPressure": "75", "BoardPanelId": "3", "HoldingCircuitPressure": "2147483647", "NominalPlacePosition": {"Angle": "0", "X": "200731", "Y": "27980"}, "ReferenceDesignator": "D2_BGA_90_IC_DRAM_51", "Result": "0", "TimeStampSinceStationStarted": "1268164.10385", "VacuumAbsolute": "-835", "VacuumRelative": "96", "ZEndPosition": "46659500", "ZTargetPosition": "46645143"}, "ElectricalMeasurement": null, "Dip": null}, {"HeadSegmentId": "67588", "Measures": {"MeasureList": [{"CameraIndividualId": "4033", "MeasurementResult": "0", "PhiDeviation": "786541", "TimeStampSinceStationStarted": "1268165.329753", "VisionDumpPath": "C:\\Sirio\\Work\\SvDumpFiles\\PartCameraDumps\\JID_403358360_OID_420780001_SEG_1_BE-Bibliothek.A5E00277754_R1268161163.svdmp", "XDeviation": "-30060", "YDeviation": "-27961"}]}, "Pick": {"ActualPickPosition": {"Angle": "0", "X": "18028", "Y": "-70606"}, "MeasuredComponentHeight": "0", "NominalPickPosition": {"Angle": "0", "X": "17732", "Y": "-70474"}, "PickupLocationId": "272", "Result": "0", "TimeStampSinceStationStarted": "1268164.639487", "VacuumAbsolute": "-824", "VacuumRelative": "-824", "ZEndPosition": "47252000", "ZTargetPosition": "47286781"}, "Place": {"ActualPlacePosition": {"Angle": "-180000", "X": "226591", "Y": "49075"}, "AirkissPressure": "78", "BoardPanelId": "3", "HoldingCircuitPressure": "2147483647", "NominalPlacePosition": {"Angle": "180000", "X": "226581", "Y": "49080"}, "ReferenceDesignator": "X101_EXSOP_14_STECK_", "Result": "0", "TimeStampSinceStationStarted": "1268165.715432", "VacuumAbsolute": "-845", "VacuumRelative": "97", "ZEndPosition": "38983000", "ZTargetPosition": "39024368"}, "ElectricalMeasurement": null, "Dip": null}, {"HeadSegmentId": "133124", "Measures": {"MeasureList": [{"CameraIndividualId": "4033", "MeasurementResult": "0", "PhiDeviation": "289344", "TimeStampSinceStationStarted": "1268165.471674", "VisionDumpPath": "C:\\Sirio\\Work\\SvDumpFiles\\PartCameraDumps\\JID_403358361_OID_420780002_SEG_2_BE-Bibliothek.A5E00277754_R1268161380.svdmp", "XDeviation": "12801", "YDeviation": "-13641"}]}, "Pick": {"ActualPickPosition": {"Angle": "0", "X": "18028", "Y": "-70606"}, "MeasuredComponentHeight": "0", "NominalPickPosition": {"Angle": "0", "X": "17732", "Y": "-70474"}, "PickupLocationId": "272", "Result": "0", "TimeStampSinceStationStarted": "1268164.854877", "VacuumAbsolute": "-832", "VacuumRelative": "-832", "ZEndPosition": "47288000", "ZTargetPosition": "47307281"}, "Place": {"ActualPlacePosition": {"Angle": "-180000", "X": "106079", "Y": "49075"}, "AirkissPressure": "75", "BoardPanelId": "2", "HoldingCircuitPressure": "2147483647", "NominalPlacePosition": {"Angle": "180000", "X": "106081", "Y": "49080"}, "ReferenceDesignator": "X101_EXSOP_14_STECK_", "Result": "0", "TimeStampSinceStationStarted": "1268165.882741", "VacuumAbsolute": "-845", "VacuumRelative": "98", "ZEndPosition": "38816000", "ZTargetPosition": "38837061"}, "ElectricalMeasurement": null, "Dip": null}, {"HeadSegmentId": "67588", "Measures": {"MeasureList": [{"CameraIndividualId": "4033", "MeasurementResult": "0", "PhiDeviation": "-373870", "TimeStampSinceStationStarted": "1268166.970928", "VisionDumpPath": "C:\\Sirio\\Work\\SvDumpFiles\\PartCameraDumps\\JID_403358362_OID_420780003_SEG_1_BE-Bibliothek.A5E50179091_R1268163051.svdmp", "XDeviation": "16015", "YDeviation": "-58481"}]}, "Pick": {"ActualPickPosition": {"Angle": "0", "X": "15126", "Y": "-71150"}, "MeasuredComponentHeight": "0", "NominalPickPosition": {"Angle": "0", "X": "15222", "Y": "-71318"}, "PickupLocationId": "266", "Result": "0", "TimeStampSinceStationStarted": "1268166.526355", "VacuumAbsolute": "-787", "VacuumRelative": "-787", "ZEndPosition": "47639500", "ZTargetPosition": "47617025"}, "Place": {"ActualPlacePosition": {"Angle": "0", "X": "80227", "Y": "27973"}, "AirkissPressure": "77", "BoardPanelId": "2", "HoldingCircuitPressure": "2147483647", "NominalPlacePosition": {"Angle": "0", "X": "80231", "Y": "27980"}, "ReferenceDesignator": "D2_BGA_90_IC_DRAM_51", "Result": "0", "TimeStampSinceStationStarted": "1268167.274788", "VacuumAbsolute": "-838", "VacuumRelative": "96", "ZEndPosition": "46656000", "ZTargetPosition": "46637911"}, "ElectricalMeasurement": null, "Dip": null}]}, "HeadContext": {"HeadSegments": {"HeadSegment": [{"GantryId": "4", "Head": "1", "HeadName": "Twin Head 5xx", "Id": "67588", "NozzleTypeId": "516", "SegmentNumber": "1"}, {"GantryId": "4", "Head": "1", "HeadName": "Twin Head 5xx", "Id": "133124", "NozzleTypeId": "516", "SegmentNumber": "2"}]}}, "SetupContext": {"PickupLocations": {"PickupLocation": [{"Division": "1", "FeederId": "24FAUE600590", "FeederType": "280", "Id": "266", "Level": "0", "Location": "4", "StartTrackNumber": "4", "SubLocation": "1", "Tower": "0", "PackagingUid": "M05320388"}, {"Division": "1", "FeederId": "32KL-K405124", "FeederType": "288", "Id": "272", "Level": "0", "Location": "4", "StartTrackNumber": "32", "SubLocation": "1", "Tower": "0", "PackagingUid": "M05323047"}]}}}}, "ProductionEndedData": {"StationTime": "2021-11-30T02:47:36.2910000+08:00", "TimeStampSinceStationStarted": "1268167.654464"}}