{"name": "PDI_Line5_4226047581_20211130000707.txt", "Timestamp": "2021-11-30T00:06:39.1020358+08:00", "TxnID": "1df80b83-778d-4da5-b3a5-36b45aaea606", "Line": "SEWC-Lines\\Line5", "Machine": "Line5\\ST1_X4 S", "ProductionStartedData": [{"ConveyorLanePosition": "1", "ConveyorStopperPosition": "1", "Pcb": {"BarcodeReaderPosition": "0", "BoardSide": "1", "IndividualGUID": "6b26ea51-f422-4aaf-a356-4b4232e6dd29", "LineJobGUID": "3a5e1e40-f5b9-457f-8e3c-d7ab63795644", "Path": "STAB\\A5E50302021lt01", "PcbIndividualID": "3735", "RecipePath": "Line5\\Smart_CPU_L5_702SAF\\A5E50302021lt01", "Barcode": "", "OrderNumber": null}, "ProcessingAreaPosition": "2", "SetupPath": "Line5\\Smart_CPU_L5_702SAF", "StationTime": "2021-11-30T00:05:07.1280000+08:00", "TimeStampSinceStationStarted": "104688.29352"}], "BoardPositionsList": {"BoardPositions": [{"ActualPosition": {"Angle": "-27", "X": "458069", "Y": "-234143", "Z": "-5000"}, "FiducialPositions": {"FiducialRecognitionResult": []}, "NominalPosition": {"Angle": "0", "X": "458025", "Y": "-234846", "Z": "-5000"}}]}, "ProgressDataList": {"ProductionProgressData": {"BoardContext": {"BoardPanels": {"BoardPanel": [{"Id": "2", "PanelPath": "A5E50302021lt01/A1"}, {"Id": "3", "PanelPath": "A5E50302021lt01/B1"}]}}, "ComponentIndividuals": {"ComponentIndividual": [{"HeadSegmentId": "985091", "Measures": {"MeasureList": [{"CameraIndividualId": "3023", "MeasurementResult": "0", "PhiDeviation": "-933650", "TimeStampSinceStationStarted": "104707.182681", "VisionDumpPath": "C:\\Sirio\\Work\\SvDumpFiles\\PartCameraDumps\\JID_302392100_OID_37350391_SEG_15_BE-Bibliothek.A5E00257456_R104697668.svdmp", "XDeviation": "78956", "YDeviation": "27058"}]}, "Pick": {"ActualPickPosition": {"Angle": "180000", "X": "877", "Y": "-51018"}, "MeasuredComponentHeight": "760526", "NominalPickPosition": {"Angle": "180000", "X": "909", "Y": "-50936"}, "PickupLocationId": "84", "Result": "0", "TimeStampSinceStationStarted": "104706.944877", "VacuumAbsolute": "-706", "VacuumRelative": "-706", "ZEndPosition": "9351000", "ZTargetPosition": "9325585"}, "Place": {"ActualPlacePosition": {"Angle": "-179999", "X": "101873", "Y": "18379"}, "AirkissPressure": "103", "BoardPanelId": "2", "HoldingCircuitPressure": "-678", "NominalPlacePosition": {"Angle": "180000", "X": "101870", "Y": "18980"}, "ReferenceDesignator": "C501_0603_KOND_KER_V", "Result": "0", "TimeStampSinceStationStarted": "104708.914737", "VacuumAbsolute": "-730", "VacuumRelative": "86", "ZEndPosition": "10205000", "ZTargetPosition": "10153700"}, "ElectricalMeasurement": null, "Dip": null}, {"HeadSegmentId": "1050627", "Measures": {"MeasureList": [{"CameraIndividualId": "3023", "MeasurementResult": "0", "PhiDeviation": "-205236", "TimeStampSinceStationStarted": "104707.216126", "VisionDumpPath": "C:\\Sirio\\Work\\SvDumpFiles\\PartCameraDumps\\JID_302392101_OID_37350392_SEG_16_BE-Bibliothek.A5E00257456_R104697719.svdmp", "XDeviation": "41921", "YDeviation": "11674"}]}, "Pick": {"ActualPickPosition": {"Angle": "180000", "X": "877", "Y": "-51018"}, "MeasuredComponentHeight": "765473", "NominalPickPosition": {"Angle": "180000", "X": "909", "Y": "-50936"}, "PickupLocationId": "84", "Result": "0", "TimeStampSinceStationStarted": "104706.995296", "VacuumAbsolute": "-709", "VacuumRelative": "-709", "ZEndPosition": "9338000", "ZTargetPosition": "9320439"}, "Place": {"ActualPlacePosition": {"Angle": "-179999", "X": "222410", "Y": "18380"}, "AirkissPressure": "104", "BoardPanelId": "3", "HoldingCircuitPressure": "-692", "NominalPlacePosition": {"Angle": "180000", "X": "222370", "Y": "18980"}, "ReferenceDesignator": "C501_0603_KOND_KER_V", "Result": "0", "TimeStampSinceStationStarted": "104709.041618", "VacuumAbsolute": "-734", "VacuumRelative": "65", "ZEndPosition": "10119000", "ZTargetPosition": "10131237"}, "ElectricalMeasurement": null, "Dip": null}]}, "HeadContext": {"HeadSegments": {"HeadSegment": [{"GantryId": "3", "Head": "1", "HeadName": "C&P 20 P 4xxx", "Id": "985091", "NozzleTypeId": "4004", "SegmentNumber": "15"}, {"GantryId": "3", "Head": "1", "HeadName": "C&P 20 P 4xxx", "Id": "1050627", "NozzleTypeId": "4004", "SegmentNumber": "16"}]}}, "SetupContext": {"PickupLocations": {"PickupLocation": [{"Division": "1", "FeederId": "08KL-K806307", "FeederType": "264", "Id": "84", "Level": "0", "Location": "3", "StartTrackNumber": "10", "SubLocation": "1", "Tower": "0", "PackagingUid": "M05307987"}]}}}}, "ProductionEndedData": {"StationTime": "2021-11-30T00:05:27.9700000+08:00", "TimeStampSinceStationStarted": "104709.135286"}}