{"name": "PDI_Line5_4062502645_20211130004120.txt", "Timestamp": "2021-11-30T00:41:12.8456833+08:00", "TxnID": "597da998-c1c7-417e-b2d5-030af676a324", "Line": "SEWC-Lines\\Line5", "Machine": "Line5\\ST3_X3 S", "ProductionStartedData": [{"ConveyorLanePosition": "2", "ConveyorStopperPosition": "1", "Pcb": {"BarcodeReaderPosition": "0", "BoardSide": "1", "IndividualGUID": "fd0f1506-5f88-453a-8b52-0ed9ac628cb6", "LineJobGUID": "3a5e1e40-f5b9-457f-8e3c-d7ab63795644", "Path": "STAB\\A5E50302021lt01", "PcbIndividualID": "41756", "RecipePath": "Line5\\Smart_CPU_L5_702SAF\\A5E50302021lt01", "Barcode": "", "OrderNumber": null}, "ProcessingAreaPosition": "1", "SetupPath": "Line5\\Smart_CPU_L5_702SAF", "StationTime": "2021-11-30T00:38:50.0980000+08:00", "TimeStampSinceStationStarted": "1260441.49985"}], "BoardPositionsList": {"BoardPositions": [{"ActualPosition": {"Angle": "69", "X": "-527801", "Y": "16409", "Z": "-5000"}, "FiducialPositions": {"FiducialRecognitionResult": [{"ActualPosition": {"Angle": "92", "X": "243536", "Y": "10518", "Z": null}, "CameraIndividualId": "4034", "FiducialFunction": "0", "GantryId": "4", "MeasurementResult": "0", "NominalPosition": {"Angle": "0", "X": "243420", "Y": "10530", "Z": null}, "Path": "A5E50302021lt01/1/01/1", "StationTime": "2021-11-30T00:38:52.8660000+08:00", "TimeStampSinceStationStarted": "1260444.267666"}, {"ActualPosition": {"Angle": "44", "X": "7816", "Y": "191774", "Z": null}, "CameraIndividualId": "4034", "FiducialFunction": "0", "GantryId": "4", "MeasurementResult": "0", "NominalPosition": {"Angle": "0", "X": "7970", "Y": "192030", "Z": null}, "Path": "A5E50302021lt01/1/02/1", "StationTime": "2021-11-30T00:38:52.8660000+08:00", "TimeStampSinceStationStarted": "1260444.267666"}]}, "NominalPosition": {"Angle": "0", "X": "-527904", "Y": "16695", "Z": "-5000"}}]}, "ProgressDataList": {"ProductionProgressData": {"BoardContext": {"BoardPanels": {"BoardPanel": [{"Id": "2", "PanelPath": "A5E50302021lt01/A1"}, {"Id": "3", "PanelPath": "A5E50302021lt01/B1"}]}}, "ComponentIndividuals": {"ComponentIndividual": [{"HeadSegmentId": "67588", "Measures": {"MeasureList": [{"CameraIndividualId": "4033", "MeasurementResult": "0", "PhiDeviation": "-280175", "TimeStampSinceStationStarted": "1260444.820058", "VisionDumpPath": "C:\\Sirio\\Work\\SvDumpFiles\\PartCameraDumps\\JID_403357016_OID_417560000_SEG_1_BE-Bibliothek.A5E50179091_R1260438636.svdmp", "XDeviation": "-20211", "YDeviation": "6862"}]}, "Pick": {"ActualPickPosition": {"Angle": "0", "X": "15126", "Y": "-71150"}, "MeasuredComponentHeight": "0", "NominalPickPosition": {"Angle": "0", "X": "15229", "Y": "-71357"}, "PickupLocationId": "266", "Result": "0", "TimeStampSinceStationStarted": "1260442.149151", "VacuumAbsolute": "-788", "VacuumRelative": "-788", "ZEndPosition": "47638500", "ZTargetPosition": "47616409"}, "Place": {"ActualPlacePosition": {"Angle": "0", "X": "200747", "Y": "27964"}, "AirkissPressure": "74", "BoardPanelId": "3", "HoldingCircuitPressure": "2147483647", "NominalPlacePosition": {"Angle": "0", "X": "200731", "Y": "27980"}, "ReferenceDesignator": "D2_BGA_90_IC_DRAM_51", "Result": "0", "TimeStampSinceStationStarted": "1260445.124026", "VacuumAbsolute": "-842", "VacuumRelative": "97", "ZEndPosition": "46651500", "ZTargetPosition": "46659890"}, "ElectricalMeasurement": null, "Dip": null}, {"HeadSegmentId": "67588", "Measures": {"MeasureList": [{"CameraIndividualId": "4033", "MeasurementResult": "0", "PhiDeviation": "-389456", "TimeStampSinceStationStarted": "1260446.351007", "VisionDumpPath": "C:\\Sirio\\Work\\SvDumpFiles\\PartCameraDumps\\JID_403357017_OID_417560001_SEG_1_BE-Bibliothek.A5E00277754_R1260442143.svdmp", "XDeviation": "167511", "YDeviation": "73779"}]}, "Pick": {"ActualPickPosition": {"Angle": "0", "X": "18028", "Y": "-70606"}, "MeasuredComponentHeight": "0", "NominalPickPosition": {"Angle": "0", "X": "17681", "Y": "-70418"}, "PickupLocationId": "272", "Result": "0", "TimeStampSinceStationStarted": "1260445.657138", "VacuumAbsolute": "-831", "VacuumRelative": "-831", "ZEndPosition": "47277000", "ZTargetPosition": "47276170"}, "Place": {"ActualPlacePosition": {"Angle": "180000", "X": "226603", "Y": "49069"}, "AirkissPressure": "77", "BoardPanelId": "3", "HoldingCircuitPressure": "2147483647", "NominalPlacePosition": {"Angle": "180000", "X": "226581", "Y": "49080"}, "ReferenceDesignator": "X101_EXSOP_14_STECK_", "Result": "0", "TimeStampSinceStationStarted": "1260446.735593", "VacuumAbsolute": "-854", "VacuumRelative": "99", "ZEndPosition": "38939000", "ZTargetPosition": "39031400"}, "ElectricalMeasurement": null, "Dip": null}, {"HeadSegmentId": "133124", "Measures": {"MeasureList": [{"CameraIndividualId": "4033", "MeasurementResult": "0", "PhiDeviation": "-766811", "TimeStampSinceStationStarted": "1260446.492971", "VisionDumpPath": "C:\\Sirio\\Work\\SvDumpFiles\\PartCameraDumps\\JID_403357018_OID_417560002_SEG_2_BE-Bibliothek.A5E00277754_R1260442359.svdmp", "XDeviation": "273167", "YDeviation": "31947"}]}, "Pick": {"ActualPickPosition": {"Angle": "0", "X": "18028", "Y": "-70606"}, "MeasuredComponentHeight": "0", "NominalPickPosition": {"Angle": "0", "X": "17681", "Y": "-70418"}, "PickupLocationId": "272", "Result": "0", "TimeStampSinceStationStarted": "1260445.87337", "VacuumAbsolute": "-834", "VacuumRelative": "-834", "ZEndPosition": "47305500", "ZTargetPosition": "47296670"}, "Place": {"ActualPlacePosition": {"Angle": "180000", "X": "106077", "Y": "49069"}, "AirkissPressure": "74", "BoardPanelId": "2", "HoldingCircuitPressure": "2147483647", "NominalPlacePosition": {"Angle": "180000", "X": "106081", "Y": "49080"}, "ReferenceDesignator": "X101_EXSOP_14_STECK_", "Result": "0", "TimeStampSinceStationStarted": "1260446.891432", "VacuumAbsolute": "-845", "VacuumRelative": "98", "ZEndPosition": "38797500", "ZTargetPosition": "38837486"}, "ElectricalMeasurement": null, "Dip": null}, {"HeadSegmentId": "67588", "Measures": {"MeasureList": [{"CameraIndividualId": "4033", "MeasurementResult": "0", "PhiDeviation": "-187360", "TimeStampSinceStationStarted": "1260447.975193", "VisionDumpPath": "C:\\Sirio\\Work\\SvDumpFiles\\PartCameraDumps\\JID_403357019_OID_417560003_SEG_1_BE-Bibliothek.A5E50179091_R1260444022.svdmp", "XDeviation": "-3866", "YDeviation": "-27190"}]}, "Pick": {"ActualPickPosition": {"Angle": "0", "X": "15126", "Y": "-71150"}, "MeasuredComponentHeight": "0", "NominalPickPosition": {"Angle": "0", "X": "15228", "Y": "-71356"}, "PickupLocationId": "266", "Result": "0", "TimeStampSinceStationStarted": "1260447.536025", "VacuumAbsolute": "-779", "VacuumRelative": "-779", "ZEndPosition": "47569000", "ZTargetPosition": "47621932"}, "Place": {"ActualPlacePosition": {"Angle": "0", "X": "80221", "Y": "27964"}, "AirkissPressure": "73", "BoardPanelId": "2", "HoldingCircuitPressure": "2147483647", "NominalPlacePosition": {"Angle": "0", "X": "80231", "Y": "27980"}, "ReferenceDesignator": "D2_BGA_90_IC_DRAM_51", "Result": "0", "TimeStampSinceStationStarted": "1260448.278803", "VacuumAbsolute": "-840", "VacuumRelative": "96", "ZEndPosition": "46609000", "ZTargetPosition": "46635820"}, "ElectricalMeasurement": null, "Dip": null}]}, "HeadContext": {"HeadSegments": {"HeadSegment": [{"GantryId": "4", "Head": "1", "HeadName": "Twin Head 5xx", "Id": "67588", "NozzleTypeId": "516", "SegmentNumber": "1"}, {"GantryId": "4", "Head": "1", "HeadName": "Twin Head 5xx", "Id": "133124", "NozzleTypeId": "516", "SegmentNumber": "2"}]}}, "SetupContext": {"PickupLocations": {"PickupLocation": [{"Division": "1", "FeederId": "24FAUE600590", "FeederType": "280", "Id": "266", "Level": "0", "Location": "4", "StartTrackNumber": "4", "SubLocation": "1", "Tower": "0", "PackagingUid": "M05320381"}, {"Division": "1", "FeederId": "32KL-K405124", "FeederType": "288", "Id": "272", "Level": "0", "Location": "4", "StartTrackNumber": "32", "SubLocation": "1", "Tower": "0", "PackagingUid": "M05323060"}]}}}}, "ProductionEndedData": {"StationTime": "2021-11-30T00:38:57.2540000+08:00", "TimeStampSinceStationStarted": "1260448.655383"}}