{"name": "PDI_Line5_4210963093_20211130033105.txt", "Timestamp": "2021-11-30T03:30:55.0464761+08:00", "TxnID": "841cfbad-8f8b-4900-b14b-b901247a96c7", "Line": "SEWC-Lines\\Line5", "Machine": "Line5\\ST3_X3 S", "ProductionStartedData": [{"ConveyorLanePosition": "1", "ConveyorStopperPosition": "1", "Pcb": {"BarcodeReaderPosition": "0", "BoardSide": "1", "IndividualGUID": "4b4a9d4c-c972-4763-bfb7-6ed12fc2dbb8", "LineJobGUID": "3a5e1e40-f5b9-457f-8e3c-d7ab63795644", "Path": "STAB\\A5E50302021lt01", "PcbIndividualID": "43165", "RecipePath": "Line5\\Smart_CPU_L5_702SAF\\A5E50302021lt01", "Barcode": "", "OrderNumber": null}, "ProcessingAreaPosition": "2", "SetupPath": "Line5\\Smart_CPU_L5_702SAF", "StationTime": "2021-11-30T03:28:31.8640000+08:00", "TimeStampSinceStationStarted": "1270623.216222"}], "BoardPositionsList": {"BoardPositions": [{"ActualPosition": {"Angle": "14", "X": "457652", "Y": "-232572", "Z": "-5000"}, "FiducialPositions": {"FiducialRecognitionResult": []}, "NominalPosition": {"Angle": "0", "X": "457820", "Y": "-233646", "Z": "-5000"}}]}, "ProgressDataList": {"ProductionProgressData": {"BoardContext": {"BoardPanels": {"BoardPanel": [{"Id": "2", "PanelPath": "A5E50302021lt01/A1"}, {"Id": "3", "PanelPath": "A5E50302021lt01/B1"}]}}, "ComponentIndividuals": {"ComponentIndividual": [{"HeadSegmentId": "66819", "Measures": {"MeasureList": [{"CameraIndividualId": "3033", "MeasurementResult": "0", "PhiDeviation": "1324473", "TimeStampSinceStationStarted": "1270628.985411", "VisionDumpPath": "C:\\Sirio\\Work\\SvDumpFiles\\PartCameraDumps\\JID_303376266_OID_431650004_SEG_1_BE-Bibliothek.A5E01058093_R1270623597.svdmp", "XDeviation": "16873", "YDeviation": "-87272"}]}, "Pick": {"ActualPickPosition": {"Angle": "0", "X": "23950", "Y": "-70500"}, "MeasuredComponentHeight": "0", "NominalPickPosition": {"Angle": "0", "X": "23940", "Y": "-70570"}, "PickupLocationId": "263", "Result": "0", "TimeStampSinceStationStarted": "1270627.060817", "VacuumAbsolute": "-458", "VacuumRelative": "-458", "ZEndPosition": "50291000", "ZTargetPosition": "50273347"}, "Place": {"ActualPlacePosition": {"Angle": "180000", "X": "32400", "Y": "69803"}, "AirkissPressure": "71", "BoardPanelId": "2", "HoldingCircuitPressure": "2147483647", "NominalPlacePosition": {"Angle": "180000", "X": "32420", "Y": "69810"}, "ReferenceDesignator": "X102_CONN_28_STECK_R", "Result": "0", "TimeStampSinceStationStarted": "1270630.561334", "VacuumAbsolute": "-462", "VacuumRelative": "28", "ZEndPosition": "41623000", "ZTargetPosition": "41627639"}, "ElectricalMeasurement": null, "Dip": null}, {"HeadSegmentId": "132355", "Measures": {"MeasureList": [{"CameraIndividualId": "3033", "MeasurementResult": "0", "PhiDeviation": "-310213", "TimeStampSinceStationStarted": "1270629.511292", "VisionDumpPath": "C:\\Sirio\\Work\\SvDumpFiles\\PartCameraDumps\\JID_303376267_OID_431650005_SEG_2_BE-Bibliothek.A5E01058093_R1270624249.svdmp", "XDeviation": "-164827", "YDeviation": "134835"}]}, "Pick": {"ActualPickPosition": {"Angle": "0", "X": "23950", "Y": "-70500"}, "MeasuredComponentHeight": "0", "NominalPickPosition": {"Angle": "0", "X": "23940", "Y": "-70570"}, "PickupLocationId": "263", "Result": "0", "TimeStampSinceStationStarted": "1270627.712283", "VacuumAbsolute": "-457", "VacuumRelative": "-457", "ZEndPosition": "50251500", "ZTargetPosition": "50290760"}, "Place": {"ActualPlacePosition": {"Angle": "180000", "X": "152926", "Y": "69803"}, "AirkissPressure": "72", "BoardPanelId": "3", "HoldingCircuitPressure": "2147483647", "NominalPlacePosition": {"Angle": "180000", "X": "152920", "Y": "69810"}, "ReferenceDesignator": "X102_CONN_28_STECK_R", "Result": "0", "TimeStampSinceStationStarted": "1270631.030618", "VacuumAbsolute": "-476", "VacuumRelative": "39", "ZEndPosition": "41617500", "ZTargetPosition": "41627403"}, "ElectricalMeasurement": null, "Dip": null}]}, "HeadContext": {"HeadSegments": {"HeadSegment": [{"GantryId": "3", "Head": "1", "HeadName": "Twin Head 5xx", "Id": "66819", "NozzleTypeId": "573", "SegmentNumber": "1"}, {"GantryId": "3", "Head": "1", "HeadName": "Twin Head 5xx", "Id": "132355", "NozzleTypeId": "573", "SegmentNumber": "2"}]}}, "SetupContext": {"PickupLocations": {"PickupLocation": [{"Division": "1", "FeederId": "44FAUD200890", "FeederType": "300", "Id": "263", "Level": "0", "Location": "3", "StartTrackNumber": "30", "SubLocation": "1", "Tower": "0", "PackagingUid": "M05298565"}]}}}}, "ProductionEndedData": {"StationTime": "2021-11-30T03:28:40.1360000+08:00", "TimeStampSinceStationStarted": "1270631.487716"}}