{"name": "PDI_Line5_3862745318_20211130003420.txt", "Timestamp": "2021-11-30T00:34:02.1611144+08:00", "TxnID": "2f1e5810-7c45-46e6-afbf-f49b2535c595", "Line": "SEWC-Lines\\Line5", "Machine": "Line5\\ST3_X3 S", "ProductionStartedData": [{"ConveyorLanePosition": "1", "ConveyorStopperPosition": "1", "Pcb": {"BarcodeReaderPosition": "0", "BoardSide": "1", "IndividualGUID": "6370a8ad-3c1f-4cea-926c-795af55366d3", "LineJobGUID": "3a5e1e40-f5b9-457f-8e3c-d7ab63795644", "Path": "STAB\\A5E50302021lt01", "PcbIndividualID": "42701", "RecipePath": "Line5\\Smart_CPU_L5_702SAF\\A5E50302021lt01", "Barcode": "", "OrderNumber": null}, "ProcessingAreaPosition": "2", "SetupPath": "Line5\\Smart_CPU_L5_702SAF", "StationTime": "2021-11-30T00:31:39.1980000+08:00", "TimeStampSinceStationStarted": "1260010.60187"}], "BoardPositionsList": {"BoardPositions": [{"ActualPosition": {"Angle": "-116", "X": "457491", "Y": "-232460", "Z": "-5000"}, "FiducialPositions": {"FiducialRecognitionResult": []}, "NominalPosition": {"Angle": "0", "X": "457820", "Y": "-233646", "Z": "-5000"}}]}, "ProgressDataList": {"ProductionProgressData": {"BoardContext": {"BoardPanels": {"BoardPanel": [{"Id": "2", "PanelPath": "A5E50302021lt01/A1"}, {"Id": "3", "PanelPath": "A5E50302021lt01/B1"}]}}, "ComponentIndividuals": {"ComponentIndividual": [{"HeadSegmentId": "66819", "Measures": {"MeasureList": [{"CameraIndividualId": "3033", "MeasurementResult": "0", "PhiDeviation": "-203306", "TimeStampSinceStationStarted": "1260016.338812", "VisionDumpPath": "C:\\Sirio\\Work\\SvDumpFiles\\PartCameraDumps\\JID_303375329_OID_427010004_SEG_1_BE-Bibliothek.A5E01058093_R1260010892.svdmp", "XDeviation": "27673", "YDeviation": "22289"}]}, "Pick": {"ActualPickPosition": {"Angle": "0", "X": "23950", "Y": "-70500"}, "MeasuredComponentHeight": "0", "NominalPickPosition": {"Angle": "0", "X": "23915", "Y": "-70627"}, "PickupLocationId": "263", "Result": "0", "TimeStampSinceStationStarted": "1260014.406869", "VacuumAbsolute": "-442", "VacuumRelative": "-442", "ZEndPosition": "50294500", "ZTargetPosition": "50308443"}, "Place": {"ActualPlacePosition": {"Angle": "180000", "X": "32399", "Y": "69803"}, "AirkissPressure": "71", "BoardPanelId": "2", "HoldingCircuitPressure": "2147483647", "NominalPlacePosition": {"Angle": "180000", "X": "32420", "Y": "69810"}, "ReferenceDesignator": "X102_CONN_28_STECK_R", "Result": "0", "TimeStampSinceStationStarted": "1260017.914365", "VacuumAbsolute": "-440", "VacuumRelative": "24", "ZEndPosition": "41630000", "ZTargetPosition": "41631362"}, "ElectricalMeasurement": null, "Dip": null}, {"HeadSegmentId": "132355", "Measures": {"MeasureList": [{"CameraIndividualId": "3033", "MeasurementResult": "0", "PhiDeviation": "236652", "TimeStampSinceStationStarted": "1260016.864833", "VisionDumpPath": "C:\\Sirio\\Work\\SvDumpFiles\\PartCameraDumps\\JID_303375330_OID_427010005_SEG_2_BE-Bibliothek.A5E01058093_R1260011552.svdmp", "XDeviation": "-112223", "YDeviation": "-68879"}]}, "Pick": {"ActualPickPosition": {"Angle": "0", "X": "23950", "Y": "-70500"}, "MeasuredComponentHeight": "0", "NominalPickPosition": {"Angle": "0", "X": "23915", "Y": "-70627"}, "PickupLocationId": "263", "Result": "0", "TimeStampSinceStationStarted": "1260015.067383", "VacuumAbsolute": "-435", "VacuumRelative": "-435", "ZEndPosition": "50385000", "ZTargetPosition": "50317957"}, "Place": {"ActualPlacePosition": {"Angle": "180000", "X": "152926", "Y": "69803"}, "AirkissPressure": "73", "BoardPanelId": "3", "HoldingCircuitPressure": "2147483647", "NominalPlacePosition": {"Angle": "180000", "X": "152920", "Y": "69810"}, "ReferenceDesignator": "X102_CONN_28_STECK_R", "Result": "0", "TimeStampSinceStationStarted": "1260018.385425", "VacuumAbsolute": "-448", "VacuumRelative": "34", "ZEndPosition": "41654500", "ZTargetPosition": "41632474"}, "ElectricalMeasurement": null, "Dip": null}]}, "HeadContext": {"HeadSegments": {"HeadSegment": [{"GantryId": "3", "Head": "1", "HeadName": "Twin Head 5xx", "Id": "66819", "NozzleTypeId": "573", "SegmentNumber": "1"}, {"GantryId": "3", "Head": "1", "HeadName": "Twin Head 5xx", "Id": "132355", "NozzleTypeId": "573", "SegmentNumber": "2"}]}}, "SetupContext": {"PickupLocations": {"PickupLocation": [{"Division": "1", "FeederId": "44FAUD200890", "FeederType": "300", "Id": "263", "Level": "0", "Location": "3", "StartTrackNumber": "30", "SubLocation": "1", "Tower": "0", "PackagingUid": "M05298566"}]}}}}, "ProductionEndedData": {"StationTime": "2021-11-30T00:31:47.4610000+08:00", "TimeStampSinceStationStarted": "1260018.864354"}}