{"name": "PDI_Line5_3976731977_20211130185636.txt", "Timestamp": "2021-11-30T18:56:13.6556241+08:00", "TxnID": "8dafa1a6-ff59-4382-909b-777d60a1e7e5", "Line": "SEWC-Lines\\Line5", "Machine": "Line5\\ST3_X3 S", "ProductionStartedData": [{"ConveyorLanePosition": "1", "ConveyorStopperPosition": "1", "Pcb": {"BarcodeReaderPosition": "0", "BoardSide": "1", "IndividualGUID": "cec68369-9726-4330-8036-3ac2b1c7e5ca", "LineJobGUID": "e5c1bbcc-188b-45e0-8688-0345d94b6a3b", "Path": "STAB\\A5E50302024bt02", "PcbIndividualID": "44867", "RecipePath": "Line5\\Smart_CPU_L5_702SAF\\A5E50302024bt02", "Barcode": "", "OrderNumber": null}, "ProcessingAreaPosition": "1", "SetupPath": "Line5\\Smart_CPU_L5_702SAF", "StationTime": "2021-11-30T18:53:49.1420000+08:00", "TimeStampSinceStationStarted": "1326140.218053"}], "BoardPositionsList": {"BoardPositions": [{"ActualPosition": {"Angle": "-85", "X": "-476892", "Y": "-232550", "Z": "-5000"}, "FiducialPositions": {"FiducialRecognitionResult": [{"ActualPosition": {"Angle": "-65", "X": "3980", "Y": "11990", "Z": null}, "CameraIndividualId": "4034", "FiducialFunction": "0", "GantryId": "4", "MeasurementResult": "0", "NominalPosition": {"Angle": "0", "X": "4810", "Y": "11697", "Z": null}, "Path": "A5E50302024bt02/1/01/1", "StationTime": "2021-11-30T18:53:50.9970000+08:00", "TimeStampSinceStationStarted": "1326142.072947"}, {"ActualPosition": {"Angle": "-64", "X": "192237", "Y": "185994", "Z": null}, "CameraIndividualId": "4034", "FiducialFunction": "0", "GantryId": "4", "MeasurementResult": "0", "NominalPosition": {"Angle": "0", "X": "192833", "Y": "186004", "Z": null}, "Path": "A5E50302024bt02/1/02/1", "StationTime": "2021-11-30T18:53:50.9970000+08:00", "TimeStampSinceStationStarted": "1326142.072947"}, {"ActualPosition": {"Angle": "-10", "X": "4817", "Y": "11714", "Z": null}, "CameraIndividualId": "1034", "FiducialFunction": "0", "GantryId": "1", "MeasurementResult": "0", "NominalPosition": {"Angle": "0", "X": "4810", "Y": "11697", "Z": null}, "Path": "A5E50302024bt02/1/01/1", "StationTime": "2021-11-30T18:53:50.9970000+08:00", "TimeStampSinceStationStarted": "1326142.072947"}]}, "NominalPosition": {"Angle": "0", "X": "-476032", "Y": "-232838", "Z": "-5000"}}]}, "ProgressDataList": {"ProductionProgressData": {"BoardContext": {"BoardPanels": {"BoardPanel": [{"Id": "2", "PanelPath": "A5E50302024bt02/A1"}]}}, "ComponentIndividuals": {"ComponentIndividual": [{"HeadSegmentId": "66049", "Measures": {"MeasureList": [{"CameraIndividualId": "1033", "MeasurementResult": "0", "PhiDeviation": "420596", "TimeStampSinceStationStarted": "1326144.337631", "VisionDumpPath": "C:\\Sirio\\Work\\SvDumpFiles\\PartCameraDumps\\JID_103387130_OID_448670000_SEG_1_BE-Bibliothek.A5E00701727_R1326137561.svdmp", "XDeviation": "166359", "YDeviation": "-66151"}]}, "Pick": {"ActualPickPosition": {"Angle": "180000", "X": "15250", "Y": "-70500"}, "MeasuredComponentHeight": "0", "NominalPickPosition": {"Angle": "180000", "X": "15306", "Y": "-70476"}, "PickupLocationId": "240", "Result": "0", "TimeStampSinceStationStarted": "1326140.748671", "VacuumAbsolute": "-798", "VacuumRelative": "-798", "ZEndPosition": "47090500", "ZTargetPosition": "46995073"}, "Place": {"ActualPlacePosition": {"Angle": "-89999", "X": "174197", "Y": "142267"}, "AirkissPressure": "71", "BoardPanelId": "2", "HoldingCircuitPressure": "2147483647", "NominalPlacePosition": {"Angle": "-90000", "X": "174220", "Y": "142270"}, "ReferenceDesignator": "C2808_CAPA_2_22_KOND", "Result": "0", "TimeStampSinceStationStarted": "1326144.624269", "VacuumAbsolute": "-813", "VacuumRelative": "99", "ZEndPosition": "36804500", "ZTargetPosition": "36808101"}, "ElectricalMeasurement": null, "Dip": null}, {"HeadSegmentId": "67588", "Measures": {"MeasureList": [{"CameraIndividualId": "4033", "MeasurementResult": "0", "PhiDeviation": "-288656", "TimeStampSinceStationStarted": "1326144.841865", "VisionDumpPath": "C:\\Sirio\\Work\\SvDumpFiles\\PartCameraDumps\\JID_403372384_OID_448670001_SEG_1_BE-Bibliothek.A5E30248076_R1326140199.svdmp", "XDeviation": "-672871", "YDeviation": "-503660"}]}, "Pick": {"ActualPickPosition": {"Angle": "180000", "X": "17020", "Y": "-69475"}, "MeasuredComponentHeight": "0", "NominalPickPosition": {"Angle": "180000", "X": "17020", "Y": "-69475"}, "PickupLocationId": "267", "Result": "0", "TimeStampSinceStationStarted": "1326143.387016", "VacuumAbsolute": "-838", "VacuumRelative": "-838", "ZEndPosition": "47301500", "ZTargetPosition": "47286249"}, "Place": {"ActualPlacePosition": {"Angle": "180000", "X": "170910", "Y": "31759"}, "AirkissPressure": "74", "BoardPanelId": "2", "HoldingCircuitPressure": "2147483647", "NominalPlacePosition": {"Angle": "180000", "X": "170920", "Y": "31750"}, "ReferenceDesignator": "X802_CONN_8_38_SONST", "Result": "0", "TimeStampSinceStationStarted": "1326145.379537", "VacuumAbsolute": "-839", "VacuumRelative": "95", "ZEndPosition": "33382000", "ZTargetPosition": "33392236"}, "ElectricalMeasurement": null, "Dip": null}, {"HeadSegmentId": "131585", "Measures": {"MeasureList": [{"CameraIndividualId": "1033", "MeasurementResult": "0", "PhiDeviation": "207108", "TimeStampSinceStationStarted": "1326146.303197", "VisionDumpPath": "C:\\Sirio\\Work\\SvDumpFiles\\PartCameraDumps\\JID_103387131_OID_448670002_SEG_2_BE-Bibliothek.A5E02285215_R1326141948.svdmp", "XDeviation": "-144010", "YDeviation": "744730"}]}, "Pick": {"ActualPickPosition": {"Angle": "180000", "X": "23950", "Y": "-70500"}, "MeasuredComponentHeight": "0", "NominalPickPosition": {"Angle": "180000", "X": "23950", "Y": "-70500"}, "PickupLocationId": "241", "Result": "0", "TimeStampSinceStationStarted": "1326145.136006", "VacuumAbsolute": "-856", "VacuumRelative": "-856", "ZEndPosition": "48438000", "ZTargetPosition": "48453621"}, "Place": {"ActualPlacePosition": {"Angle": "-89999", "X": "20874", "Y": "24265"}, "AirkissPressure": "72", "BoardPanelId": "2", "HoldingCircuitPressure": "2147483647", "NominalPlacePosition": {"Angle": "-90000", "X": "20870", "Y": "24250"}, "ReferenceDesignator": "X501_CONN_DSUB_9_STE", "Result": "0", "TimeStampSinceStationStarted": "1326146.954456", "VacuumAbsolute": "-856", "VacuumRelative": "102", "ZEndPosition": "36358000", "ZTargetPosition": "36356644"}, "ElectricalMeasurement": null, "Dip": null}, {"HeadSegmentId": "66049", "Measures": {"MeasureList": [{"CameraIndividualId": "1033", "MeasurementResult": "0", "PhiDeviation": "-999765", "TimeStampSinceStationStarted": "1326146.600533", "VisionDumpPath": "C:\\Sirio\\Work\\SvDumpFiles\\PartCameraDumps\\JID_103387132_OID_448670003_SEG_1_BE-Bibliothek.A5E00189819_R1326142363.svdmp", "XDeviation": "-36393", "YDeviation": "58725"}]}, "Pick": {"ActualPickPosition": {"Angle": "0", "X": "15250", "Y": "-70500"}, "MeasuredComponentHeight": "0", "NominalPickPosition": {"Angle": "0", "X": "15093", "Y": "-70410"}, "PickupLocationId": "242", "Result": "0", "TimeStampSinceStationStarted": "1326145.550975", "VacuumAbsolute": "-808", "VacuumRelative": "-808", "ZEndPosition": "47388000", "ZTargetPosition": "47373335"}, "Place": {"ActualPlacePosition": {"Angle": "0", "X": "132184", "Y": "142327"}, "AirkissPressure": "71", "BoardPanelId": "2", "HoldingCircuitPressure": "2147483647", "NominalPlacePosition": {"Angle": "0", "X": "132200", "Y": "142330"}, "ReferenceDesignator": "T2800_EX120_TRAFO_SC", "Result": "0", "TimeStampSinceStationStarted": "1326147.304986", "VacuumAbsolute": "-808", "VacuumRelative": "97", "ZEndPosition": "41314000", "ZTargetPosition": "41276071"}, "ElectricalMeasurement": null, "Dip": null}, {"HeadSegmentId": "133124", "Measures": {"MeasureList": [{"CameraIndividualId": "4033", "MeasurementResult": "0", "PhiDeviation": "-112738", "TimeStampSinceStationStarted": "1326147.118417", "VisionDumpPath": "C:\\Sirio\\Work\\SvDumpFiles\\PartCameraDumps\\JID_403372385_OID_448670004_SEG_2_BE-Bibliothek.A5E44859639_R1326143024.svdmp", "XDeviation": "-117245", "YDeviation": "65849"}]}, "Pick": {"ActualPickPosition": {"Angle": "0", "X": "6000", "Y": "-49500"}, "MeasuredComponentHeight": "0", "NominalPickPosition": {"Angle": "0", "X": "6035", "Y": "-49493"}, "PickupLocationId": "280", "Result": "0", "TimeStampSinceStationStarted": "1326146.211116", "VacuumAbsolute": "-848", "VacuumRelative": "-848", "ZEndPosition": "46282500", "ZTargetPosition": "46269432"}, "Place": {"ActualPlacePosition": {"Angle": "180000", "X": "25016", "Y": "160897"}, "AirkissPressure": "73", "BoardPanelId": "2", "HoldingCircuitPressure": "2147483647", "NominalPlacePosition": {"Angle": "180000", "X": "25006", "Y": "160905"}, "ReferenceDesignator": "U2005_SOP_8/SOIC_8_O", "Result": "0", "TimeStampSinceStationStarted": "1326147.867636", "VacuumAbsolute": "-848", "VacuumRelative": "97", "ZEndPosition": "43658500", "ZTargetPosition": "43650458"}, "ElectricalMeasurement": null, "Dip": null}, {"HeadSegmentId": "67588", "Measures": {"MeasureList": [{"CameraIndividualId": "4033", "MeasurementResult": "0", "PhiDeviation": "-331687", "TimeStampSinceStationStarted": "1326147.33037", "VisionDumpPath": "C:\\Sirio\\Work\\SvDumpFiles\\PartCameraDumps\\JID_403372386_OID_448670005_SEG_1_BE-Bibliothek.A5E45275537_R1326143344.svdmp", "XDeviation": "-40404", "YDeviation": "78298"}]}, "Pick": {"ActualPickPosition": {"Angle": "0", "X": "17470", "Y": "-70910"}, "MeasuredComponentHeight": "0", "NominalPickPosition": {"Angle": "0", "X": "17909", "Y": "-70920"}, "PickupLocationId": "271", "Result": "0", "TimeStampSinceStationStarted": "1326146.531806", "VacuumAbsolute": "-796", "VacuumRelative": "-796", "ZEndPosition": "47062500", "ZTargetPosition": "47065538"}, "Place": {"ActualPlacePosition": {"Angle": "180000", "X": "54406", "Y": "75353"}, "AirkissPressure": "73", "BoardPanelId": "2", "HoldingCircuitPressure": "2147483647", "NominalPlacePosition": {"Angle": "180000", "X": "54400", "Y": "75350"}, "ReferenceDesignator": "X601_CONN_16_STECK_R", "Result": "0", "TimeStampSinceStationStarted": "1326148.225384", "VacuumAbsolute": "-811", "VacuumRelative": "89", "ZEndPosition": "38995500", "ZTargetPosition": "38997926"}, "ElectricalMeasurement": null, "Dip": null}, {"HeadSegmentId": "66049", "Measures": {"MeasureList": [{"CameraIndividualId": "1033", "MeasurementResult": "0", "PhiDeviation": "-600877", "TimeStampSinceStationStarted": "1326149.702589", "VisionDumpPath": "C:\\Sirio\\Work\\SvDumpFiles\\PartCameraDumps\\JID_103387133_OID_448670006_SEG_1_BE-Bibliothek.A5E01114436_R1326146054.svdmp", "XDeviation": "39645", "YDeviation": "2181"}]}, "Pick": {"ActualPickPosition": {"Angle": "180000", "X": "17950", "Y": "-70500"}, "MeasuredComponentHeight": "0", "NominalPickPosition": {"Angle": "180000", "X": "17881", "Y": "-70987"}, "PickupLocationId": "238", "Result": "0", "TimeStampSinceStationStarted": "1326149.241873", "VacuumAbsolute": "-773", "VacuumRelative": "-773", "ZEndPosition": "43479000", "ZTargetPosition": "43489938"}, "Place": {"ActualPlacePosition": {"Angle": "180000", "X": "168008", "Y": "169907"}, "AirkissPressure": "72", "BoardPanelId": "2", "HoldingCircuitPressure": "2147483647", "NominalPlacePosition": {"Angle": "180000", "X": "168030", "Y": "169915"}, "ReferenceDesignator": "X605_CONN_8_STECK_RC", "Result": "0", "TimeStampSinceStationStarted": "1326150.048793", "VacuumAbsolute": "-805", "VacuumRelative": "96", "ZEndPosition": "40177500", "ZTargetPosition": "40189544"}, "ElectricalMeasurement": null, "Dip": null}, {"HeadSegmentId": "67588", "Measures": {"MeasureList": [{"CameraIndividualId": "4033", "MeasurementResult": "0", "PhiDeviation": "-422472", "TimeStampSinceStationStarted": "1326150.085456", "VisionDumpPath": "C:\\Sirio\\Work\\SvDumpFiles\\PartCameraDumps\\JID_403372387_OID_448670007_SEG_1_BE-Bibliothek.A5E30621710_R1326145885.svdmp", "XDeviation": "79158", "YDeviation": "-39647"}]}, "Pick": {"ActualPickPosition": {"Angle": "0", "X": "15250", "Y": "-70500"}, "MeasuredComponentHeight": "0", "NominalPickPosition": {"Angle": "0", "X": "15260", "Y": "-70832"}, "PickupLocationId": "269", "Result": "0", "TimeStampSinceStationStarted": "1326149.072628", "VacuumAbsolute": "-783", "VacuumRelative": "-783", "ZEndPosition": "47078000", "ZTargetPosition": "47068145"}, "Place": {"ActualPlacePosition": {"Angle": "0", "X": "87901", "Y": "50137"}, "AirkissPressure": "71", "BoardPanelId": "2", "HoldingCircuitPressure": "2147483647", "NominalPlacePosition": {"Angle": "0", "X": "87900", "Y": "50130"}, "ReferenceDesignator": "D1500_TSSOP_56_IC_IN", "Result": "0", "TimeStampSinceStationStarted": "1326150.708609", "VacuumAbsolute": "-833", "VacuumRelative": "94", "ZEndPosition": "46164500", "ZTargetPosition": "46154954"}, "ElectricalMeasurement": null, "Dip": null}, {"HeadSegmentId": "133124", "Measures": {"MeasureList": [{"CameraIndividualId": "4033", "MeasurementResult": "0", "PhiDeviation": "-559624", "TimeStampSinceStationStarted": "1326150.245451", "VisionDumpPath": "C:\\Sirio\\Work\\SvDumpFiles\\PartCameraDumps\\JID_403372388_OID_448670008_SEG_2_BE-Bibliothek.A5E44859639_R1326146170.svdmp", "XDeviation": "-70325", "YDeviation": "82931"}]}, "Pick": {"ActualPickPosition": {"Angle": "0", "X": "6000", "Y": "-49500"}, "MeasuredComponentHeight": "0", "NominalPickPosition": {"Angle": "0", "X": "6029", "Y": "-49489"}, "PickupLocationId": "280", "Result": "0", "TimeStampSinceStationStarted": "1326149.357501", "VacuumAbsolute": "-848", "VacuumRelative": "-848", "ZEndPosition": "46286500", "ZTargetPosition": "46272699"}, "Place": {"ActualPlacePosition": {"Angle": "180000", "X": "37658", "Y": "27190"}, "AirkissPressure": "72", "BoardPanelId": "2", "HoldingCircuitPressure": "2147483647", "NominalPlacePosition": {"Angle": "180000", "X": "37650", "Y": "27180"}, "ReferenceDesignator": "U500_SOP_8/SOIC_8_OP", "Result": "0", "TimeStampSinceStationStarted": "1326150.950403", "VacuumAbsolute": "-848", "VacuumRelative": "97", "ZEndPosition": "43726500", "ZTargetPosition": "43715708"}, "ElectricalMeasurement": null, "Dip": null}, {"HeadSegmentId": "66049", "Measures": {"MeasureList": [{"CameraIndividualId": "1033", "MeasurementResult": "0", "PhiDeviation": "176440", "TimeStampSinceStationStarted": "1326152.553012", "VisionDumpPath": "C:\\Sirio\\Work\\SvDumpFiles\\PartCameraDumps\\JID_103387134_OID_448670009_SEG_1_BE-Bibliothek.A5E02081137_R1326148582.svdmp", "XDeviation": "102453", "YDeviation": "-907255"}]}, "Pick": {"ActualPickPosition": {"Angle": "0", "X": "29950", "Y": "-70500"}, "MeasuredComponentHeight": "0", "NominalPickPosition": {"Angle": "0", "X": "30002", "Y": "-71209"}, "PickupLocationId": "244", "Result": "0", "TimeStampSinceStationStarted": "1326151.770156", "VacuumAbsolute": "-836", "VacuumRelative": "-836", "ZEndPosition": "48719500", "ZTargetPosition": "48699748"}, "Place": {"ActualPlacePosition": {"Angle": "0", "X": "164279", "Y": "153625"}, "AirkissPressure": "76", "BoardPanelId": "2", "HoldingCircuitPressure": "2147483647", "NominalPlacePosition": {"Angle": "0", "X": "164300", "Y": "153630"}, "ReferenceDesignator": "X203_CONN_32_STECK_R", "Result": "0", "TimeStampSinceStationStarted": "1326152.973451", "VacuumAbsolute": "-837", "VacuumRelative": "106", "ZEndPosition": "30016000", "ZTargetPosition": "30036948"}, "ElectricalMeasurement": null, "Dip": null}, {"HeadSegmentId": "67588", "Measures": {"MeasureList": [{"CameraIndividualId": "4033", "MeasurementResult": "0", "PhiDeviation": "-404387", "TimeStampSinceStationStarted": "1326154.229813", "VisionDumpPath": "C:\\Sirio\\Work\\SvDumpFiles\\PartCameraDumps\\JID_403372389_OID_448670011_SEG_1_BE-Bibliothek.A5E51102635_R1326149903.svdmp", "XDeviation": "21992", "YDeviation": "-15568"}]}, "Pick": {"ActualPickPosition": {"Angle": "0", "X": "15250", "Y": "-70500"}, "MeasuredComponentHeight": "0", "NominalPickPosition": {"Angle": "0", "X": "15167", "Y": "-70447"}, "PickupLocationId": "265", "Result": "0", "TimeStampSinceStationStarted": "1326153.090551", "VacuumAbsolute": "-827", "VacuumRelative": "-827", "ZEndPosition": "47186000", "ZTargetPosition": "47175203"}, "Place": {"ActualPlacePosition": {"Angle": "180000", "X": "72054", "Y": "49987"}, "AirkissPressure": "79", "BoardPanelId": "2", "HoldingCircuitPressure": "2147483647", "NominalPlacePosition": {"Angle": "180000", "X": "72050", "Y": "49980"}, "ReferenceDesignator": "D3_BGA_63_", "Result": "0", "TimeStampSinceStationStarted": "1326154.676766", "VacuumAbsolute": "-829", "VacuumRelative": "93", "ZEndPosition": "46252000", "ZTargetPosition": "46227108"}, "ElectricalMeasurement": null, "Dip": null}, {"HeadSegmentId": "133124", "Measures": {"MeasureList": [{"CameraIndividualId": "4033", "MeasurementResult": "0", "PhiDeviation": "569710", "TimeStampSinceStationStarted": "1326154.017704", "VisionDumpPath": "C:\\Sirio\\Work\\SvDumpFiles\\PartCameraDumps\\JID_403372390_OID_448670010_SEG_2_BE-Bibliothek.A5E44859639_R1326150298.svdmp", "XDeviation": "-95340", "YDeviation": "-27279"}]}, "Pick": {"ActualPickPosition": {"Angle": "0", "X": "6000", "Y": "-49500"}, "MeasuredComponentHeight": "0", "NominalPickPosition": {"Angle": "0", "X": "6025", "Y": "-49485"}, "PickupLocationId": "280", "Result": "0", "TimeStampSinceStationStarted": "1326153.484961", "VacuumAbsolute": "-849", "VacuumRelative": "-849", "ZEndPosition": "46280000", "ZTargetPosition": "46276149"}, "Place": {"ActualPlacePosition": {"Angle": "180000", "X": "32215", "Y": "160897"}, "AirkissPressure": "71", "BoardPanelId": "2", "HoldingCircuitPressure": "2147483647", "NominalPlacePosition": {"Angle": "180000", "X": "32206", "Y": "160905"}, "ReferenceDesignator": "U2006_SOP_8/SOIC_8_O", "Result": "0", "TimeStampSinceStationStarted": "1326155.008115", "VacuumAbsolute": "-849", "VacuumRelative": "98", "ZEndPosition": "43656000", "ZTargetPosition": "43642609"}, "ElectricalMeasurement": null, "Dip": null}]}, "HeadContext": {"HeadSegments": {"HeadSegment": [{"GantryId": "1", "Head": "1", "HeadName": "Twin Head 5xx", "Id": "66049", "NozzleTypeId": "517", "SegmentNumber": "1"}, {"GantryId": "4", "Head": "1", "HeadName": "Twin Head 5xx", "Id": "67588", "NozzleTypeId": "516", "SegmentNumber": "1"}, {"GantryId": "1", "Head": "1", "HeadName": "Twin Head 5xx", "Id": "131585", "NozzleTypeId": "573", "SegmentNumber": "2"}, {"GantryId": "4", "Head": "1", "HeadName": "Twin Head 5xx", "Id": "133124", "NozzleTypeId": "597", "SegmentNumber": "2"}]}}, "SetupContext": {"PickupLocations": {"PickupLocation": [{"Division": "1", "FeederId": "32FAUE900466", "FeederType": "288", "Id": "238", "Level": "0", "Location": "1", "StartTrackNumber": "7", "SubLocation": "1", "Tower": "0", "PackagingUid": "M05328016"}, {"Division": "1", "FeederId": "24KL-L205402", "FeederType": "280", "Id": "240", "Level": "0", "Location": "1", "StartTrackNumber": "14", "SubLocation": "1", "Tower": "0", "PackagingUid": "M05255215"}, {"Division": "1", "FeederId": "44KL-K305106", "FeederType": "300", "Id": "241", "Level": "0", "Location": "1", "StartTrackNumber": "17", "SubLocation": "1", "Tower": "0", "PackagingUid": "M04859338"}, {"Division": "1", "FeederId": "24KL-K305319", "FeederType": "280", "Id": "242", "Level": "0", "Location": "1", "StartTrackNumber": "22", "SubLocation": "1", "Tower": "0", "PackagingUid": "M04790535"}, {"Division": "1", "FeederId": "56FAUE300111", "FeederType": "312", "Id": "244", "Level": "0", "Location": "1", "StartTrackNumber": "27", "SubLocation": "1", "Tower": "0", "PackagingUid": "M05301312"}, {"Division": "1", "FeederId": "24FAUE900672", "FeederType": "280", "Id": "265", "Level": "0", "Location": "4", "StartTrackNumber": "1", "SubLocation": "1", "Tower": "0", "PackagingUid": "A00061266"}, {"Division": "1", "FeederId": "32FAUE000671", "FeederType": "288", "Id": "267", "Level": "0", "Location": "4", "StartTrackNumber": "16", "SubLocation": "1", "Tower": "0", "PackagingUid": "M05305956"}, {"Division": "1", "FeederId": "24KL-N300550", "FeederType": "280", "Id": "269", "Level": "0", "Location": "4", "StartTrackNumber": "22", "SubLocation": "1", "Tower": "0", "PackagingUid": "M05263329"}, {"Division": "1", "FeederId": "32FAUE900659", "FeederType": "288", "Id": "271", "Level": "0", "Location": "4", "StartTrackNumber": "28", "SubLocation": "1", "Tower": "0", "PackagingUid": "M05325464"}, {"Division": "1", "FeederId": "12KL-F105078", "FeederType": "268", "Id": "280", "Level": "0", "Location": "4", "StartTrackNumber": "14", "SubLocation": "1", "Tower": "0", "PackagingUid": "M05245896"}]}}}}, "ProductionEndedData": {"StationTime": "2021-11-30T18:54:04.3680000+08:00", "TimeStampSinceStationStarted": "1326155.44385"}}