{"name": "PDI_Line5_3859009393_20211130174901.txt", "Timestamp": "2021-11-30T17:48:36.3716525+08:00", "TxnID": "36606302-add5-486d-b438-c704b6cd12ae", "Line": "SEWC-Lines\\Line5", "Machine": "Line5\\ST3_X3 S", "ProductionStartedData": [{"ConveyorLanePosition": "1", "ConveyorStopperPosition": "1", "Pcb": {"BarcodeReaderPosition": "0", "BoardSide": "1", "IndividualGUID": "13221fb6-487b-4341-a60d-87fd997cce7a", "LineJobGUID": "e5c1bbcc-188b-45e0-8688-0345d94b6a3b", "Path": "STAB\\A5E50302024bt02", "PcbIndividualID": "44711", "RecipePath": "Line5\\Smart_CPU_L5_702SAF\\A5E50302024bt02", "Barcode": "", "OrderNumber": null}, "ProcessingAreaPosition": "1", "SetupPath": "Line5\\Smart_CPU_L5_702SAF", "StationTime": "2021-11-30T17:46:12.0330000+08:00", "TimeStampSinceStationStarted": "1322083.129731"}], "BoardPositionsList": {"BoardPositions": [{"ActualPosition": {"Angle": "-41", "X": "-476825", "Y": "-232773", "Z": "-5000"}, "FiducialPositions": {"FiducialRecognitionResult": [{"ActualPosition": {"Angle": "21", "X": "4048", "Y": "11780", "Z": null}, "CameraIndividualId": "4034", "FiducialFunction": "0", "GantryId": "4", "MeasurementResult": "0", "NominalPosition": {"Angle": "0", "X": "4810", "Y": "11697", "Z": null}, "Path": "A5E50302024bt02/1/01/1", "StationTime": "2021-11-30T17:46:12.0330000+08:00", "TimeStampSinceStationStarted": "1322083.129731"}, {"ActualPosition": {"Angle": "-92", "X": "192150", "Y": "185909", "Z": null}, "CameraIndividualId": "4034", "FiducialFunction": "0", "GantryId": "4", "MeasurementResult": "0", "NominalPosition": {"Angle": "0", "X": "192833", "Y": "186004", "Z": null}, "Path": "A5E50302024bt02/1/02/1", "StationTime": "2021-11-30T17:46:12.0330000+08:00", "TimeStampSinceStationStarted": "1322083.129731"}]}, "NominalPosition": {"Angle": "0", "X": "-476032", "Y": "-232838", "Z": "-5000"}}]}, "ProgressDataList": {"ProductionProgressData": {"BoardContext": {"BoardPanels": {"BoardPanel": [{"Id": "2", "PanelPath": "A5E50302024bt02/A1"}]}}, "ComponentIndividuals": {"ComponentIndividual": [{"HeadSegmentId": "66049", "Measures": {"MeasureList": [{"CameraIndividualId": "1033", "MeasurementResult": "0", "PhiDeviation": "-359531", "TimeStampSinceStationStarted": "1322087.599652", "VisionDumpPath": "C:\\Sirio\\Work\\SvDumpFiles\\PartCameraDumps\\JID_103386332_OID_447110000_SEG_1_BE-Bibliothek.A5E00701727_R1322080453.svdmp", "XDeviation": "119445", "YDeviation": "156841"}]}, "Pick": {"ActualPickPosition": {"Angle": "180000", "X": "15250", "Y": "-70500"}, "MeasuredComponentHeight": "0", "NominalPickPosition": {"Angle": "180000", "X": "15268", "Y": "-70598"}, "PickupLocationId": "240", "Result": "0", "TimeStampSinceStationStarted": "1322083.660736", "VacuumAbsolute": "-796", "VacuumRelative": "-796", "ZEndPosition": "47037000", "ZTargetPosition": "47043042"}, "Place": {"ActualPlacePosition": {"Angle": "-90001", "X": "174198", "Y": "142263"}, "AirkissPressure": "75", "BoardPanelId": "2", "HoldingCircuitPressure": "2147483647", "NominalPlacePosition": {"Angle": "-90000", "X": "174220", "Y": "142270"}, "ReferenceDesignator": "C2808_CAPA_2_22_KOND", "Result": "0", "TimeStampSinceStationStarted": "1322087.884563", "VacuumAbsolute": "-810", "VacuumRelative": "98", "ZEndPosition": "36745000", "ZTargetPosition": "36811231"}, "ElectricalMeasurement": null, "Dip": null}, {"HeadSegmentId": "67588", "Measures": {"MeasureList": [{"CameraIndividualId": "4033", "MeasurementResult": "0", "PhiDeviation": "-238605", "TimeStampSinceStationStarted": "1322088.47094", "VisionDumpPath": "C:\\Sirio\\Work\\SvDumpFiles\\PartCameraDumps\\JID_403371273_OID_447110001_SEG_1_BE-Bibliothek.A5E30248076_R1322084470.svdmp", "XDeviation": "-707023", "YDeviation": "-949018"}]}, "Pick": {"ActualPickPosition": {"Angle": "180000", "X": "17020", "Y": "-69475"}, "MeasuredComponentHeight": "0", "NominalPickPosition": {"Angle": "180000", "X": "17020", "Y": "-69475"}, "PickupLocationId": "267", "Result": "0", "TimeStampSinceStationStarted": "1322087.677696", "VacuumAbsolute": "-700", "VacuumRelative": "-700", "ZEndPosition": "47247000", "ZTargetPosition": "47258672"}, "Place": {"ActualPlacePosition": {"Angle": "-180000", "X": "170902", "Y": "31766"}, "AirkissPressure": "71", "BoardPanelId": "2", "HoldingCircuitPressure": "2147483647", "NominalPlacePosition": {"Angle": "180000", "X": "170920", "Y": "31750"}, "ReferenceDesignator": "X802_CONN_8_38_SONST", "Result": "0", "TimeStampSinceStationStarted": "1322089.003435", "VacuumAbsolute": "-702", "VacuumRelative": "64", "ZEndPosition": "33343500", "ZTargetPosition": "33364389"}, "ElectricalMeasurement": null, "Dip": null}, {"HeadSegmentId": "131585", "Measures": {"MeasureList": [{"CameraIndividualId": "1033", "MeasurementResult": "0", "PhiDeviation": "-285874", "TimeStampSinceStationStarted": "1322089.730414", "VisionDumpPath": "C:\\Sirio\\Work\\SvDumpFiles\\PartCameraDumps\\JID_103386333_OID_447110002_SEG_2_BE-Bibliothek.A5E02285215_R1322085170.svdmp", "XDeviation": "23300", "YDeviation": "724036"}]}, "Pick": {"ActualPickPosition": {"Angle": "180000", "X": "23950", "Y": "-70500"}, "MeasuredComponentHeight": "0", "NominalPickPosition": {"Angle": "180000", "X": "23950", "Y": "-70500"}, "PickupLocationId": "241", "Result": "0", "TimeStampSinceStationStarted": "1322088.377834", "VacuumAbsolute": "-855", "VacuumRelative": "-855", "ZEndPosition": "48465500", "ZTargetPosition": "48454311"}, "Place": {"ActualPlacePosition": {"Angle": "-90001", "X": "20882", "Y": "24277"}, "AirkissPressure": "71", "BoardPanelId": "2", "HoldingCircuitPressure": "2147483647", "NominalPlacePosition": {"Angle": "-90000", "X": "20870", "Y": "24250"}, "ReferenceDesignator": "X501_CONN_DSUB_9_STE", "Result": "0", "TimeStampSinceStationStarted": "1322090.386556", "VacuumAbsolute": "-856", "VacuumRelative": "102", "ZEndPosition": "36356000", "ZTargetPosition": "36311311"}, "ElectricalMeasurement": null, "Dip": null}, {"HeadSegmentId": "66049", "Measures": {"MeasureList": [{"CameraIndividualId": "1033", "MeasurementResult": "0", "PhiDeviation": "341908", "TimeStampSinceStationStarted": "1322090.025745", "VisionDumpPath": "C:\\Sirio\\Work\\SvDumpFiles\\PartCameraDumps\\JID_103386334_OID_447110003_SEG_1_BE-Bibliothek.A5E00189819_R1322085588.svdmp", "XDeviation": "-257632", "YDeviation": "-116224"}]}, "Pick": {"ActualPickPosition": {"Angle": "0", "X": "15250", "Y": "-70500"}, "MeasuredComponentHeight": "0", "NominalPickPosition": {"Angle": "0", "X": "15156", "Y": "-70424"}, "PickupLocationId": "242", "Result": "0", "TimeStampSinceStationStarted": "1322088.795345", "VacuumAbsolute": "-811", "VacuumRelative": "-811", "ZEndPosition": "47329000", "ZTargetPosition": "47374163"}, "Place": {"ActualPlacePosition": {"Angle": "-2", "X": "132188", "Y": "142324"}, "AirkissPressure": "71", "BoardPanelId": "2", "HoldingCircuitPressure": "2147483647", "NominalPlacePosition": {"Angle": "0", "X": "132200", "Y": "142330"}, "ReferenceDesignator": "T2800_EX120_TRAFO_SC", "Result": "0", "TimeStampSinceStationStarted": "1322090.746052", "VacuumAbsolute": "-811", "VacuumRelative": "98", "ZEndPosition": "41214000", "ZTargetPosition": "41284010"}, "ElectricalMeasurement": null, "Dip": null}, {"HeadSegmentId": "133124", "Measures": {"MeasureList": [{"CameraIndividualId": "4033", "MeasurementResult": "0", "PhiDeviation": "-719396", "TimeStampSinceStationStarted": "1322090.75018", "VisionDumpPath": "C:\\Sirio\\Work\\SvDumpFiles\\PartCameraDumps\\JID_403371274_OID_447110004_SEG_2_BE-Bibliothek.A5E44859639_R1322086621.svdmp", "XDeviation": "107918", "YDeviation": "6541"}]}, "Pick": {"ActualPickPosition": {"Angle": "0", "X": "6000", "Y": "-49500"}, "MeasuredComponentHeight": "0", "NominalPickPosition": {"Angle": "0", "X": "5977", "Y": "-49480"}, "PickupLocationId": "280", "Result": "0", "TimeStampSinceStationStarted": "1322089.829309", "VacuumAbsolute": "-847", "VacuumRelative": "-847", "ZEndPosition": "46274000", "ZTargetPosition": "46267974"}, "Place": {"ActualPlacePosition": {"Angle": "-180000", "X": "25024", "Y": "160890"}, "AirkissPressure": "76", "BoardPanelId": "2", "HoldingCircuitPressure": "2147483647", "NominalPlacePosition": {"Angle": "180000", "X": "25006", "Y": "160905"}, "ReferenceDesignator": "U2005_SOP_8/SOIC_8_O", "Result": "0", "TimeStampSinceStationStarted": "1322091.307877", "VacuumAbsolute": "-846", "VacuumRelative": "97", "ZEndPosition": "43626500", "ZTargetPosition": "43615281"}, "ElectricalMeasurement": null, "Dip": null}, {"HeadSegmentId": "67588", "Measures": {"MeasureList": [{"CameraIndividualId": "4033", "MeasurementResult": "0", "PhiDeviation": "-103408", "TimeStampSinceStationStarted": "1322090.962485", "VisionDumpPath": "C:\\Sirio\\Work\\SvDumpFiles\\PartCameraDumps\\JID_403371275_OID_447110005_SEG_1_BE-Bibliothek.A5E45275537_R1322086955.svdmp", "XDeviation": "180052", "YDeviation": "-52738"}]}, "Pick": {"ActualPickPosition": {"Angle": "0", "X": "17470", "Y": "-70910"}, "MeasuredComponentHeight": "0", "NominalPickPosition": {"Angle": "0", "X": "17790", "Y": "-70955"}, "PickupLocationId": "271", "Result": "0", "TimeStampSinceStationStarted": "1322090.162151", "VacuumAbsolute": "-801", "VacuumRelative": "-801", "ZEndPosition": "47067000", "ZTargetPosition": "47096447"}, "Place": {"ActualPlacePosition": {"Angle": "-180000", "X": "54411", "Y": "75356"}, "AirkissPressure": "73", "BoardPanelId": "2", "HoldingCircuitPressure": "2147483647", "NominalPlacePosition": {"Angle": "180000", "X": "54400", "Y": "75350"}, "ReferenceDesignator": "X601_CONN_16_STECK_R", "Result": "0", "TimeStampSinceStationStarted": "1322091.677061", "VacuumAbsolute": "-817", "VacuumRelative": "90", "ZEndPosition": "38943000", "ZTargetPosition": "38985658"}, "ElectricalMeasurement": null, "Dip": null}, {"HeadSegmentId": "66049", "Measures": {"MeasureList": [{"CameraIndividualId": "1033", "MeasurementResult": "0", "PhiDeviation": "-102134", "TimeStampSinceStationStarted": "1322093.135984", "VisionDumpPath": "C:\\Sirio\\Work\\SvDumpFiles\\PartCameraDumps\\JID_103386335_OID_447110006_SEG_1_BE-Bibliothek.A5E01114436_R1322089467.svdmp", "XDeviation": "-87412", "YDeviation": "179054"}]}, "Pick": {"ActualPickPosition": {"Angle": "180000", "X": "17950", "Y": "-70500"}, "MeasuredComponentHeight": "0", "NominalPickPosition": {"Angle": "180000", "X": "17921", "Y": "-70833"}, "PickupLocationId": "238", "Result": "0", "TimeStampSinceStationStarted": "1322092.674622", "VacuumAbsolute": "-771", "VacuumRelative": "-771", "ZEndPosition": "43477000", "ZTargetPosition": "43487326"}, "Place": {"ActualPlacePosition": {"Angle": "179998", "X": "168010", "Y": "169901"}, "AirkissPressure": "73", "BoardPanelId": "2", "HoldingCircuitPressure": "2147483647", "NominalPlacePosition": {"Angle": "180000", "X": "168030", "Y": "169915"}, "ReferenceDesignator": "X605_CONN_8_STECK_RC", "Result": "0", "TimeStampSinceStationStarted": "1322093.48155", "VacuumAbsolute": "-804", "VacuumRelative": "96", "ZEndPosition": "40169000", "ZTargetPosition": "40173898"}, "ElectricalMeasurement": null, "Dip": null}, {"HeadSegmentId": "67588", "Measures": {"MeasureList": [{"CameraIndividualId": "4033", "MeasurementResult": "0", "PhiDeviation": "-317071", "TimeStampSinceStationStarted": "1322093.5178", "VisionDumpPath": "C:\\Sirio\\Work\\SvDumpFiles\\PartCameraDumps\\JID_403371276_OID_447110007_SEG_1_BE-Bibliothek.A5E30621710_R1322089313.svdmp", "XDeviation": "-101545", "YDeviation": "-79337"}]}, "Pick": {"ActualPickPosition": {"Angle": "0", "X": "15250", "Y": "-70500"}, "MeasuredComponentHeight": "0", "NominalPickPosition": {"Angle": "0", "X": "15220", "Y": "-70728"}, "PickupLocationId": "269", "Result": "0", "TimeStampSinceStationStarted": "1322092.521457", "VacuumAbsolute": "-780", "VacuumRelative": "-780", "ZEndPosition": "47071500", "ZTargetPosition": "47049355"}, "Place": {"ActualPlacePosition": {"Angle": "0", "X": "87903", "Y": "50142"}, "AirkissPressure": "75", "BoardPanelId": "2", "HoldingCircuitPressure": "2147483647", "NominalPlacePosition": {"Angle": "0", "X": "87900", "Y": "50130"}, "ReferenceDesignator": "D1500_TSSOP_56_IC_IN", "Result": "0", "TimeStampSinceStationStarted": "1322094.140842", "VacuumAbsolute": "-830", "VacuumRelative": "93", "ZEndPosition": "46110000", "ZTargetPosition": "46141092"}, "ElectricalMeasurement": null, "Dip": null}, {"HeadSegmentId": "133124", "Measures": {"MeasureList": [{"CameraIndividualId": "4033", "MeasurementResult": "0", "PhiDeviation": "-535677", "TimeStampSinceStationStarted": "1322093.677679", "VisionDumpPath": "C:\\Sirio\\Work\\SvDumpFiles\\PartCameraDumps\\JID_403371277_OID_447110008_SEG_2_BE-Bibliothek.A5E44859639_R1322089600.svdmp", "XDeviation": "-122680", "YDeviation": "69290"}]}, "Pick": {"ActualPickPosition": {"Angle": "0", "X": "6000", "Y": "-49500"}, "MeasuredComponentHeight": "0", "NominalPickPosition": {"Angle": "0", "X": "5982", "Y": "-49479"}, "PickupLocationId": "280", "Result": "0", "TimeStampSinceStationStarted": "1322092.808559", "VacuumAbsolute": "-847", "VacuumRelative": "-847", "ZEndPosition": "46273000", "ZTargetPosition": "46269480"}, "Place": {"ActualPlacePosition": {"Angle": "-180000", "X": "37665", "Y": "27198"}, "AirkissPressure": "76", "BoardPanelId": "2", "HoldingCircuitPressure": "2147483647", "NominalPlacePosition": {"Angle": "180000", "X": "37650", "Y": "27180"}, "ReferenceDesignator": "U500_SOP_8/SOIC_8_OP", "Result": "0", "TimeStampSinceStationStarted": "1322094.387368", "VacuumAbsolute": "-847", "VacuumRelative": "97", "ZEndPosition": "43699500", "ZTargetPosition": "43678421"}, "ElectricalMeasurement": null, "Dip": null}, {"HeadSegmentId": "66049", "Measures": {"MeasureList": [{"CameraIndividualId": "1033", "MeasurementResult": "0", "PhiDeviation": "-42932", "TimeStampSinceStationStarted": "1322096.005619", "VisionDumpPath": "C:\\Sirio\\Work\\SvDumpFiles\\PartCameraDumps\\JID_103386336_OID_447110009_SEG_1_BE-Bibliothek.A5E02081137_R1322092018.svdmp", "XDeviation": "61442", "YDeviation": "-680178"}]}, "Pick": {"ActualPickPosition": {"Angle": "0", "X": "29950", "Y": "-70500"}, "MeasuredComponentHeight": "0", "NominalPickPosition": {"Angle": "0", "X": "30031", "Y": "-71452"}, "PickupLocationId": "244", "Result": "0", "TimeStampSinceStationStarted": "1322095.225353", "VacuumAbsolute": "-834", "VacuumRelative": "-834", "ZEndPosition": "48702000", "ZTargetPosition": "48713947"}, "Place": {"ActualPlacePosition": {"Angle": "-2", "X": "164281", "Y": "153620"}, "AirkissPressure": "73", "BoardPanelId": "2", "HoldingCircuitPressure": "2147483647", "NominalPlacePosition": {"Angle": "0", "X": "164300", "Y": "153630"}, "ReferenceDesignator": "X203_CONN_32_STECK_R", "Result": "0", "TimeStampSinceStationStarted": "1322096.425455", "VacuumAbsolute": "-835", "VacuumRelative": "105", "ZEndPosition": "29999000", "ZTargetPosition": "30004655"}, "ElectricalMeasurement": null, "Dip": null}, {"HeadSegmentId": "67588", "Measures": {"MeasureList": [{"CameraIndividualId": "4033", "MeasurementResult": "0", "PhiDeviation": "-246036", "TimeStampSinceStationStarted": "1322097.671023", "VisionDumpPath": "C:\\Sirio\\Work\\SvDumpFiles\\PartCameraDumps\\JID_403371278_OID_447110011_SEG_1_BE-Bibliothek.A5E51102635_R1322093340.svdmp", "XDeviation": "-196439", "YDeviation": "-12711"}]}, "Pick": {"ActualPickPosition": {"Angle": "0", "X": "15250", "Y": "-70500"}, "MeasuredComponentHeight": "0", "NominalPickPosition": {"Angle": "0", "X": "15180", "Y": "-70494"}, "PickupLocationId": "265", "Result": "0", "TimeStampSinceStationStarted": "1322096.547493", "VacuumAbsolute": "-825", "VacuumRelative": "-825", "ZEndPosition": "47233500", "ZTargetPosition": "47239547"}, "Place": {"ActualPlacePosition": {"Angle": "-180000", "X": "72057", "Y": "49992"}, "AirkissPressure": "73", "BoardPanelId": "2", "HoldingCircuitPressure": "2147483647", "NominalPlacePosition": {"Angle": "180000", "X": "72050", "Y": "49980"}, "ReferenceDesignator": "D3_BGA_63_", "Result": "0", "TimeStampSinceStationStarted": "1322098.117981", "VacuumAbsolute": "-827", "VacuumRelative": "93", "ZEndPosition": "46201500", "ZTargetPosition": "46215450"}, "ElectricalMeasurement": null, "Dip": null}, {"HeadSegmentId": "133124", "Measures": {"MeasureList": [{"CameraIndividualId": "4033", "MeasurementResult": "0", "PhiDeviation": "-277332", "TimeStampSinceStationStarted": "1322097.459027", "VisionDumpPath": "C:\\Sirio\\Work\\SvDumpFiles\\PartCameraDumps\\JID_403371279_OID_447110010_SEG_2_BE-Bibliothek.A5E44859639_R1322093733.svdmp", "XDeviation": "123606", "YDeviation": "67288"}]}, "Pick": {"ActualPickPosition": {"Angle": "0", "X": "6000", "Y": "-49500"}, "MeasuredComponentHeight": "0", "NominalPickPosition": {"Angle": "0", "X": "5976", "Y": "-49476"}, "PickupLocationId": "280", "Result": "0", "TimeStampSinceStationStarted": "1322096.940763", "VacuumAbsolute": "-847", "VacuumRelative": "-847", "ZEndPosition": "46273500", "ZTargetPosition": "46270360"}, "Place": {"ActualPlacePosition": {"Angle": "-180000", "X": "32222", "Y": "160890"}, "AirkissPressure": "73", "BoardPanelId": "2", "HoldingCircuitPressure": "2147483647", "NominalPlacePosition": {"Angle": "180000", "X": "32206", "Y": "160905"}, "ReferenceDesignator": "U2006_SOP_8/SOIC_8_O", "Result": "0", "TimeStampSinceStationStarted": "1322098.448579", "VacuumAbsolute": "-847", "VacuumRelative": "97", "ZEndPosition": "43611500", "ZTargetPosition": "43622878"}, "ElectricalMeasurement": null, "Dip": null}]}, "HeadContext": {"HeadSegments": {"HeadSegment": [{"GantryId": "1", "Head": "1", "HeadName": "Twin Head 5xx", "Id": "66049", "NozzleTypeId": "517", "SegmentNumber": "1"}, {"GantryId": "4", "Head": "1", "HeadName": "Twin Head 5xx", "Id": "67588", "NozzleTypeId": "516", "SegmentNumber": "1"}, {"GantryId": "1", "Head": "1", "HeadName": "Twin Head 5xx", "Id": "131585", "NozzleTypeId": "573", "SegmentNumber": "2"}, {"GantryId": "4", "Head": "1", "HeadName": "Twin Head 5xx", "Id": "133124", "NozzleTypeId": "597", "SegmentNumber": "2"}]}}, "SetupContext": {"PickupLocations": {"PickupLocation": [{"Division": "1", "FeederId": "32FAUE900466", "FeederType": "288", "Id": "238", "Level": "0", "Location": "1", "StartTrackNumber": "7", "SubLocation": "1", "Tower": "0", "PackagingUid": "M05328016"}, {"Division": "1", "FeederId": "24KL-L205402", "FeederType": "280", "Id": "240", "Level": "0", "Location": "1", "StartTrackNumber": "14", "SubLocation": "1", "Tower": "0", "PackagingUid": "M05187748"}, {"Division": "1", "FeederId": "44KL-K305106", "FeederType": "300", "Id": "241", "Level": "0", "Location": "1", "StartTrackNumber": "17", "SubLocation": "1", "Tower": "0", "PackagingUid": "M04859330"}, {"Division": "1", "FeederId": "24KL-K305319", "FeederType": "280", "Id": "242", "Level": "0", "Location": "1", "StartTrackNumber": "22", "SubLocation": "1", "Tower": "0", "PackagingUid": "M04790535"}, {"Division": "1", "FeederId": "56FAUE300111", "FeederType": "312", "Id": "244", "Level": "0", "Location": "1", "StartTrackNumber": "27", "SubLocation": "1", "Tower": "0", "PackagingUid": "M05301307"}, {"Division": "1", "FeederId": "24FAUE900672", "FeederType": "280", "Id": "265", "Level": "0", "Location": "4", "StartTrackNumber": "1", "SubLocation": "1", "Tower": "0", "PackagingUid": "A00061487"}, {"Division": "1", "FeederId": "32FAUE000671", "FeederType": "288", "Id": "267", "Level": "0", "Location": "4", "StartTrackNumber": "16", "SubLocation": "1", "Tower": "0", "PackagingUid": "M05305956"}, {"Division": "1", "FeederId": "24KL-N300550", "FeederType": "280", "Id": "269", "Level": "0", "Location": "4", "StartTrackNumber": "22", "SubLocation": "1", "Tower": "0", "PackagingUid": "M05263329"}, {"Division": "1", "FeederId": "32FAUE900659", "FeederType": "288", "Id": "271", "Level": "0", "Location": "4", "StartTrackNumber": "28", "SubLocation": "1", "Tower": "0", "PackagingUid": "M05325464"}, {"Division": "1", "FeederId": "12KL-F105078", "FeederType": "268", "Id": "280", "Level": "0", "Location": "4", "StartTrackNumber": "14", "SubLocation": "1", "Tower": "0", "PackagingUid": "M05245896"}]}}}}, "ProductionEndedData": {"StationTime": "2021-11-30T17:46:27.8050000+08:00", "TimeStampSinceStationStarted": "1322098.900623"}}