{"name": "PDI_Line5_3797398567_20211130223242.txt", "Timestamp": "2021-11-30T22:32:30.2574966+08:00", "TxnID": "8a415919-2ee5-4148-8cf1-0688ead6b739", "Line": "SEWC-Lines\\Line5", "Machine": "Line5\\ST3_X3 S", "ProductionStartedData": [{"ConveyorLanePosition": "1", "ConveyorStopperPosition": "1", "Pcb": {"BarcodeReaderPosition": "0", "BoardSide": "1", "IndividualGUID": "8aadc57e-8f2a-4b2f-9dcd-b6df932931c2", "LineJobGUID": "0eac2a39-09f1-470d-9bd7-2a5e9815b5ca", "Path": "STAB\\A5E50302024lt02", "PcbIndividualID": "45329", "RecipePath": "Line5\\Smart_CPU_L5_702SAF\\A5E50302024lt02", "Barcode": "", "OrderNumber": null}, "ProcessingAreaPosition": "1", "SetupPath": "Line5\\Smart_CPU_L5_702SAF", "StationTime": "2021-11-30T22:30:05.4310000+08:00", "TimeStampSinceStationStarted": "1339116.442649"}], "BoardPositionsList": {"BoardPositions": [{"ActualPosition": {"Angle": "9", "X": "-476798", "Y": "-232817", "Z": "-5000"}, "FiducialPositions": {"FiducialRecognitionResult": [{"ActualPosition": {"Angle": "-9", "X": "193399", "Y": "12046", "Z": null}, "CameraIndividualId": "4034", "FiducialFunction": "0", "GantryId": "4", "MeasurementResult": "0", "NominalPosition": {"Angle": "0", "X": "194170", "Y": "11990", "Z": null}, "Path": "A5E50302024lt02/1/01/1", "StationTime": "2021-11-30T22:30:08.3750000+08:00", "TimeStampSinceStationStarted": "1339119.386587"}, {"ActualPosition": {"Angle": "29", "X": "4246", "Y": "184246", "Z": null}, "CameraIndividualId": "4034", "FiducialFunction": "0", "GantryId": "4", "MeasurementResult": "0", "NominalPosition": {"Angle": "0", "X": "5040", "Y": "184226", "Z": null}, "Path": "A5E50302024lt02/1/02/1", "StationTime": "2021-11-30T22:30:08.3750000+08:00", "TimeStampSinceStationStarted": "1339119.386587"}]}, "NominalPosition": {"Angle": "0", "X": "-476032", "Y": "-232838", "Z": "-5000"}}]}, "ProgressDataList": {"ProductionProgressData": {"BoardContext": {"BoardPanels": {"BoardPanel": [{"Id": "2", "PanelPath": "A5E50302024lt02/A1"}]}}, "ComponentIndividuals": {"ComponentIndividual": [{"HeadSegmentId": "67588", "Measures": {"MeasureList": [{"CameraIndividualId": "4033", "MeasurementResult": "0", "PhiDeviation": "-138911", "TimeStampSinceStationStarted": "1339120.055386", "VisionDumpPath": "C:\\Sirio\\Work\\SvDumpFiles\\PartCameraDumps\\JID_403373930_OID_453290000_SEG_1_BE-Bibliothek.A5E00277754_R1339113510.svdmp", "XDeviation": "-145493", "YDeviation": "-133702"}]}, "Pick": {"ActualPickPosition": {"Angle": "0", "X": "18028", "Y": "-70606"}, "MeasuredComponentHeight": "0", "NominalPickPosition": {"Angle": "0", "X": "17761", "Y": "-70359"}, "PickupLocationId": "272", "Result": "0", "TimeStampSinceStationStarted": "1339116.633106", "VacuumAbsolute": "-826", "VacuumRelative": "-826", "ZEndPosition": "47233500", "ZTargetPosition": "47230115"}, "Place": {"ActualPlacePosition": {"Angle": "180000", "X": "172148", "Y": "50426"}, "AirkissPressure": "73", "BoardPanelId": "2", "HoldingCircuitPressure": "2147483647", "NominalPlacePosition": {"Angle": "180000", "X": "172150", "Y": "50425"}, "ReferenceDesignator": "X101_EXSOP_14_STECK_", "Result": "0", "TimeStampSinceStationStarted": "1339120.45028", "VacuumAbsolute": "-847", "VacuumRelative": "97", "ZEndPosition": "38924500", "ZTargetPosition": "38909142"}, "ElectricalMeasurement": null, "Dip": null}, {"HeadSegmentId": "67588", "Measures": {"MeasureList": [{"CameraIndividualId": "4033", "MeasurementResult": "0", "PhiDeviation": "-197982", "TimeStampSinceStationStarted": "1339121.714958", "VisionDumpPath": "C:\\Sirio\\Work\\SvDumpFiles\\PartCameraDumps\\JID_403373931_OID_453290001_SEG_1_BE-Bibliothek.A5E50179091_R1339118140.svdmp", "XDeviation": "1598", "YDeviation": "35039"}]}, "Pick": {"ActualPickPosition": {"Angle": "0", "X": "15126", "Y": "-71150"}, "MeasuredComponentHeight": "0", "NominalPickPosition": {"Angle": "0", "X": "15193", "Y": "-71291"}, "PickupLocationId": "266", "Result": "0", "TimeStampSinceStationStarted": "1339121.263448", "VacuumAbsolute": "-784", "VacuumRelative": "-784", "ZEndPosition": "47651500", "ZTargetPosition": "47639040"}, "Place": {"ActualPlacePosition": {"Angle": "0", "X": "146299", "Y": "29332"}, "AirkissPressure": "76", "BoardPanelId": "2", "HoldingCircuitPressure": "2147483647", "NominalPlacePosition": {"Angle": "0", "X": "146300", "Y": "29330"}, "ReferenceDesignator": "D2_BGA_90_IC_DRAM_51", "Result": "0", "TimeStampSinceStationStarted": "1339122.118053", "VacuumAbsolute": "-833", "VacuumRelative": "94", "ZEndPosition": "46556000", "ZTargetPosition": "46562154"}, "ElectricalMeasurement": null, "Dip": null}]}, "HeadContext": {"HeadSegments": {"HeadSegment": [{"GantryId": "4", "Head": "1", "HeadName": "Twin Head 5xx", "Id": "67588", "NozzleTypeId": "516", "SegmentNumber": "1"}]}}, "SetupContext": {"PickupLocations": {"PickupLocation": [{"Division": "1", "FeederId": "24FAUE600590", "FeederType": "280", "Id": "266", "Level": "0", "Location": "4", "StartTrackNumber": "4", "SubLocation": "1", "Tower": "0", "PackagingUid": "A00055530"}, {"Division": "1", "FeederId": "32KL-K405124", "FeederType": "288", "Id": "272", "Level": "0", "Location": "4", "StartTrackNumber": "32", "SubLocation": "1", "Tower": "0", "PackagingUid": "M05323054"}]}}}}, "ProductionEndedData": {"StationTime": "2021-11-30T22:30:11.4620000+08:00", "TimeStampSinceStationStarted": "1339122.474259"}}