{"name": "PDI_Line5_4015635617_20211130040728.txt", "Timestamp": "2021-11-30T04:06:52.1348347+08:00", "TxnID": "2fd182f8-0ba4-466b-8b61-67d9a527c05a", "Line": "SEWC-Lines\\Line5", "Machine": "Line5\\ST3_X3 S", "ProductionStartedData": [{"ConveyorLanePosition": "1", "ConveyorStopperPosition": "1", "Pcb": {"BarcodeReaderPosition": "0", "BoardSide": "1", "IndividualGUID": "fd48011d-83da-4875-9e7b-a9ace84443d8", "LineJobGUID": "91449f40-bfe4-4d9b-a39c-1259ec0522d9", "Path": "STAB\\A5E50302021bt01", "PcbIndividualID": "43237", "RecipePath": "Line5\\Smart_CPU_L5_702SAF\\A5E50302021bt01", "Barcode": "", "OrderNumber": null}, "ProcessingAreaPosition": "1", "SetupPath": "Line5\\Smart_CPU_L5_702SAF", "StationTime": "2021-11-30T04:04:28.8730000+08:00", "TimeStampSinceStationStarted": "1272780.214472"}], "BoardPositionsList": {"BoardPositions": [{"ActualPosition": {"Angle": "36", "X": "-528651", "Y": "-232836", "Z": "-5000"}, "FiducialPositions": {"FiducialRecognitionResult": [{"ActualPosition": {"Angle": "40", "X": "5854", "Y": "10537", "Z": null}, "CameraIndividualId": "4034", "FiducialFunction": "0", "GantryId": "4", "MeasurementResult": "0", "NominalPosition": {"Angle": "0", "X": "6480", "Y": "10530", "Z": null}, "Path": "A5E50302021bt01/1/02/1", "StationTime": "2021-11-30T04:04:28.8730000+08:00", "TimeStampSinceStationStarted": "1272780.214472"}, {"ActualPosition": {"Angle": "22", "X": "241088", "Y": "192186", "Z": null}, "CameraIndividualId": "4034", "FiducialFunction": "0", "GantryId": "4", "MeasurementResult": "0", "NominalPosition": {"Angle": "0", "X": "241830", "Y": "192030", "Z": null}, "Path": "A5E50302021bt01/1/01/1", "StationTime": "2021-11-30T04:04:28.8730000+08:00", "TimeStampSinceStationStarted": "1272780.214472"}]}, "NominalPosition": {"Angle": "0", "X": "-528032", "Y": "-232838", "Z": "-5000"}}]}, "ProgressDataList": {"ProductionProgressData": {"BoardContext": {"BoardPanels": {"BoardPanel": [{"Id": "2", "PanelPath": "A5E50302021bt01/A1"}, {"Id": "3", "PanelPath": "A5E50302021bt01/B1"}]}}, "ComponentIndividuals": {"ComponentIndividual": [{"HeadSegmentId": "66049", "Measures": {"MeasureList": [{"CameraIndividualId": "1033", "MeasurementResult": "0", "PhiDeviation": "-365228", "TimeStampSinceStationStarted": "1272788.348704", "VisionDumpPath": "C:\\Sirio\\Work\\SvDumpFiles\\PartCameraDumps\\JID_103378500_OID_432370000_SEG_1_BE-Bibliothek.A5E01114436_R1272777283.svdmp", "XDeviation": "-2998", "YDeviation": "125574"}]}, "Pick": {"ActualPickPosition": {"Angle": "180000", "X": "17950", "Y": "-70500"}, "MeasuredComponentHeight": "0", "NominalPickPosition": {"Angle": "180000", "X": "17940", "Y": "-70745"}, "PickupLocationId": "238", "Result": "0", "TimeStampSinceStationStarted": "1272780.735877", "VacuumAbsolute": "-781", "VacuumRelative": "-781", "ZEndPosition": "43453500", "ZTargetPosition": "43442789"}, "Place": {"ActualPlacePosition": {"Angle": "179999", "X": "100448", "Y": "171756"}, "AirkissPressure": "74", "BoardPanelId": "3", "HoldingCircuitPressure": "2147483647", "NominalPlacePosition": {"Angle": "180000", "X": "100457", "Y": "171753"}, "ReferenceDesignator": "X605_CONN_8_STECK_RC", "Result": "0", "TimeStampSinceStationStarted": "1272788.833707", "VacuumAbsolute": "-820", "VacuumRelative": "100", "ZEndPosition": "40145500", "ZTargetPosition": "40151598"}, "ElectricalMeasurement": null, "Dip": null}, {"HeadSegmentId": "131585", "Measures": {"MeasureList": [{"CameraIndividualId": "1033", "MeasurementResult": "0", "PhiDeviation": "-447822", "TimeStampSinceStationStarted": "1272788.513718", "VisionDumpPath": "C:\\Sirio\\Work\\SvDumpFiles\\PartCameraDumps\\JID_103378501_OID_432370001_SEG_2_BE-Bibliothek.A5E00189819_R1272777559.svdmp", "XDeviation": "99243", "YDeviation": "89311"}]}, "Pick": {"ActualPickPosition": {"Angle": "0", "X": "15250", "Y": "-70500"}, "MeasuredComponentHeight": "0", "NominalPickPosition": {"Angle": "0", "X": "15258", "Y": "-70382"}, "PickupLocationId": "242", "Result": "0", "TimeStampSinceStationStarted": "1272781.012902", "VacuumAbsolute": "-844", "VacuumRelative": "-844", "ZEndPosition": "47490500", "ZTargetPosition": "47467891"}, "Place": {"ActualPlacePosition": {"Angle": "-1", "X": "73572", "Y": "151034"}, "AirkissPressure": "71", "BoardPanelId": "3", "HoldingCircuitPressure": "2147483647", "NominalPlacePosition": {"Angle": "0", "X": "73580", "Y": "151030"}, "ReferenceDesignator": "T2200_EX120_TRAFO_SC", "Result": "0", "TimeStampSinceStationStarted": "1272788.997623", "VacuumAbsolute": "-845", "VacuumRelative": "100", "ZEndPosition": "41372000", "ZTargetPosition": "41365368"}, "ElectricalMeasurement": null, "Dip": null}, {"HeadSegmentId": "133124", "Measures": {"MeasureList": [{"CameraIndividualId": "4033", "MeasurementResult": "0", "PhiDeviation": "-226789", "TimeStampSinceStationStarted": "1272789.3596", "VisionDumpPath": "C:\\Sirio\\Work\\SvDumpFiles\\PartCameraDumps\\JID_403359175_OID_432370002_SEG_2_BE-Bibliothek.A5E44859639_R1272785014.svdmp", "XDeviation": "-74192", "YDeviation": "63990"}]}, "Pick": {"ActualPickPosition": {"Angle": "0", "X": "6000", "Y": "-49500"}, "MeasuredComponentHeight": "0", "NominalPickPosition": {"Angle": "0", "X": "5977", "Y": "-49436"}, "PickupLocationId": "280", "Result": "0", "TimeStampSinceStationStarted": "1272788.467307", "VacuumAbsolute": "-852", "VacuumRelative": "-852", "ZEndPosition": "43384500", "ZTargetPosition": "43389915"}, "Place": {"ActualPlacePosition": {"Angle": "-180000", "X": "22580", "Y": "162630"}, "AirkissPressure": "73", "BoardPanelId": "3", "HoldingCircuitPressure": "2147483647", "NominalPlacePosition": {"Angle": "180000", "X": "22580", "Y": "162630"}, "ReferenceDesignator": "U1700_SOP_8/SOIC_8_O", "Result": "0", "TimeStampSinceStationStarted": "1272789.913328", "VacuumAbsolute": "-853", "VacuumRelative": "99", "ZEndPosition": "40900000", "ZTargetPosition": "40940970"}, "ElectricalMeasurement": null, "Dip": null}, {"HeadSegmentId": "67588", "Measures": {"MeasureList": [{"CameraIndividualId": "4033", "MeasurementResult": "0", "PhiDeviation": "-14848", "TimeStampSinceStationStarted": "1272789.568796", "VisionDumpPath": "C:\\Sirio\\Work\\SvDumpFiles\\PartCameraDumps\\JID_403359176_OID_432370003_SEG_1_BE-Bibliothek.A5E45275537_R1272785340.svdmp", "XDeviation": "-19633", "YDeviation": "34949"}]}, "Pick": {"ActualPickPosition": {"Angle": "0", "X": "17470", "Y": "-70910"}, "MeasuredComponentHeight": "0", "NominalPickPosition": {"Angle": "0", "X": "17575", "Y": "-70825"}, "PickupLocationId": "271", "Result": "0", "TimeStampSinceStationStarted": "1272788.792905", "VacuumAbsolute": "-809", "VacuumRelative": "-809", "ZEndPosition": "47008500", "ZTargetPosition": "47002703"}, "Place": {"ActualPlacePosition": {"Angle": "-180000", "X": "51775", "Y": "74120"}, "AirkissPressure": "74", "BoardPanelId": "3", "HoldingCircuitPressure": "2147483647", "NominalPlacePosition": {"Angle": "180000", "X": "51775", "Y": "74120"}, "ReferenceDesignator": "X601_CONN_16_STECK_R", "Result": "0", "TimeStampSinceStationStarted": "1272790.228232", "VacuumAbsolute": "-829", "VacuumRelative": "91", "ZEndPosition": "38977500", "ZTargetPosition": "38987944"}, "ElectricalMeasurement": null, "Dip": null}, {"HeadSegmentId": "66049", "Measures": {"MeasureList": [{"CameraIndividualId": "1033", "MeasurementResult": "0", "PhiDeviation": "-555984", "TimeStampSinceStationStarted": "1272790.686301", "VisionDumpPath": "C:\\Sirio\\Work\\SvDumpFiles\\PartCameraDumps\\JID_103378502_OID_432370004_SEG_1_BE-Bibliothek.A5E01114436_R1272786154.svdmp", "XDeviation": "94117", "YDeviation": "55683"}]}, "Pick": {"ActualPickPosition": {"Angle": "180000", "X": "17950", "Y": "-70500"}, "MeasuredComponentHeight": "0", "NominalPickPosition": {"Angle": "180000", "X": "17940", "Y": "-70751"}, "PickupLocationId": "238", "Result": "0", "TimeStampSinceStationStarted": "1272789.606939", "VacuumAbsolute": "-782", "VacuumRelative": "-782", "ZEndPosition": "43456000", "ZTargetPosition": "43445466"}, "Place": {"ActualPlacePosition": {"Angle": "179999", "X": "220946", "Y": "171754"}, "AirkissPressure": "73", "BoardPanelId": "2", "HoldingCircuitPressure": "2147483647", "NominalPlacePosition": {"Angle": "180000", "X": "220957", "Y": "171753"}, "ReferenceDesignator": "X605_CONN_8_STECK_RC", "Result": "0", "TimeStampSinceStationStarted": "1272791.072798", "VacuumAbsolute": "-821", "VacuumRelative": "100", "ZEndPosition": "40416500", "ZTargetPosition": "40393114"}, "ElectricalMeasurement": null, "Dip": null}, {"HeadSegmentId": "131585", "Measures": {"MeasureList": [{"CameraIndividualId": "1033", "MeasurementResult": "0", "PhiDeviation": "-1012649", "TimeStampSinceStationStarted": "1272790.827987", "VisionDumpPath": "C:\\Sirio\\Work\\SvDumpFiles\\PartCameraDumps\\JID_103378503_OID_432370005_SEG_2_BE-Bibliothek.A5E00701727_R1272786450.svdmp", "XDeviation": "90740", "YDeviation": "-43072"}]}, "Pick": {"ActualPickPosition": {"Angle": "180000", "X": "15250", "Y": "-70500"}, "MeasuredComponentHeight": "0", "NominalPickPosition": {"Angle": "180000", "X": "15201", "Y": "-70573"}, "PickupLocationId": "240", "Result": "0", "TimeStampSinceStationStarted": "1272789.902861", "VacuumAbsolute": "-825", "VacuumRelative": "-825", "ZEndPosition": "47075500", "ZTargetPosition": "47087387"}, "Place": {"ActualPlacePosition": {"Angle": "-1", "X": "88571", "Y": "151133"}, "AirkissPressure": "76", "BoardPanelId": "3", "HoldingCircuitPressure": "2147483647", "NominalPlacePosition": {"Angle": "0", "X": "88580", "Y": "151130"}, "ReferenceDesignator": "C2209_CAPA_2_22_KOND", "Result": "0", "TimeStampSinceStationStarted": "1272791.247768", "VacuumAbsolute": "-841", "VacuumRelative": "99", "ZEndPosition": "36808500", "ZTargetPosition": "36824178"}, "ElectricalMeasurement": null, "Dip": null}, {"HeadSegmentId": "133124", "Measures": {"MeasureList": [{"CameraIndividualId": "4033", "MeasurementResult": "0", "PhiDeviation": "156671", "TimeStampSinceStationStarted": "1272791.749518", "VisionDumpPath": "C:\\Sirio\\Work\\SvDumpFiles\\PartCameraDumps\\JID_403359177_OID_432370006_SEG_2_BE-Bibliothek.A5E44859639_R1272787435.svdmp", "XDeviation": "202993", "YDeviation": "63567"}]}, "Pick": {"ActualPickPosition": {"Angle": "0", "X": "6000", "Y": "-49500"}, "MeasuredComponentHeight": "0", "NominalPickPosition": {"Angle": "0", "X": "5973", "Y": "-49433"}, "PickupLocationId": "280", "Result": "0", "TimeStampSinceStationStarted": "1272790.888417", "VacuumAbsolute": "-850", "VacuumRelative": "-850", "ZEndPosition": "43385000", "ZTargetPosition": "43388562"}, "Place": {"ActualPlacePosition": {"Angle": "-180000", "X": "157480", "Y": "162630"}, "AirkissPressure": "74", "BoardPanelId": "2", "HoldingCircuitPressure": "2147483647", "NominalPlacePosition": {"Angle": "180000", "X": "157480", "Y": "162630"}, "ReferenceDesignator": "U1800_SOP_8/SOIC_8_O", "Result": "0", "TimeStampSinceStationStarted": "1272792.302735", "VacuumAbsolute": "-850", "VacuumRelative": "99", "ZEndPosition": "40797500", "ZTargetPosition": "40801832"}, "ElectricalMeasurement": null, "Dip": null}, {"HeadSegmentId": "67588", "Measures": {"MeasureList": [{"CameraIndividualId": "4033", "MeasurementResult": "0", "PhiDeviation": "-409332", "TimeStampSinceStationStarted": "1272791.958926", "VisionDumpPath": "C:\\Sirio\\Work\\SvDumpFiles\\PartCameraDumps\\JID_403359178_OID_432370007_SEG_1_BE-Bibliothek.A5E45275537_R1272787748.svdmp", "XDeviation": "71713", "YDeviation": "-12507"}]}, "Pick": {"ActualPickPosition": {"Angle": "0", "X": "17470", "Y": "-70910"}, "MeasuredComponentHeight": "0", "NominalPickPosition": {"Angle": "0", "X": "17574", "Y": "-70823"}, "PickupLocationId": "271", "Result": "0", "TimeStampSinceStationStarted": "1272791.200879", "VacuumAbsolute": "-811", "VacuumRelative": "-811", "ZEndPosition": "46929500", "ZTargetPosition": "47004152"}, "Place": {"ActualPlacePosition": {"Angle": "-180000", "X": "172275", "Y": "74120"}, "AirkissPressure": "73", "BoardPanelId": "2", "HoldingCircuitPressure": "2147483647", "NominalPlacePosition": {"Angle": "180000", "X": "172275", "Y": "74120"}, "ReferenceDesignator": "X601_CONN_16_STECK_R", "Result": "0", "TimeStampSinceStationStarted": "1272792.636217", "VacuumAbsolute": "-838", "VacuumRelative": "94", "ZEndPosition": "39102500", "ZTargetPosition": "39113978"}, "ElectricalMeasurement": null, "Dip": null}, {"HeadSegmentId": "66049", "Measures": {"MeasureList": [{"CameraIndividualId": "1033", "MeasurementResult": "0", "PhiDeviation": "237923", "TimeStampSinceStationStarted": "1272793.942584", "VisionDumpPath": "C:\\Sirio\\Work\\SvDumpFiles\\PartCameraDumps\\JID_103378504_OID_432370008_SEG_1_BE-Bibliothek.A5E00701727_R1272789759.svdmp", "XDeviation": "-10497", "YDeviation": "13632"}]}, "Pick": {"ActualPickPosition": {"Angle": "180000", "X": "15250", "Y": "-70500"}, "MeasuredComponentHeight": "0", "NominalPickPosition": {"Angle": "180000", "X": "15196", "Y": "-70571"}, "PickupLocationId": "240", "Result": "0", "TimeStampSinceStationStarted": "1272793.212694", "VacuumAbsolute": "-811", "VacuumRelative": "-811", "ZEndPosition": "47040000", "ZTargetPosition": "47030915"}, "Place": {"ActualPlacePosition": {"Angle": "-1", "X": "209069", "Y": "151132"}, "AirkissPressure": "76", "BoardPanelId": "2", "HoldingCircuitPressure": "2147483647", "NominalPlacePosition": {"Angle": "0", "X": "209080", "Y": "151130"}, "ReferenceDesignator": "C2209_CAPA_2_22_KOND", "Result": "0", "TimeStampSinceStationStarted": "1272794.333546", "VacuumAbsolute": "-831", "VacuumRelative": "102", "ZEndPosition": "37053000", "ZTargetPosition": "37056031"}, "ElectricalMeasurement": null, "Dip": null}, {"HeadSegmentId": "131585", "Measures": {"MeasureList": [{"CameraIndividualId": "1033", "MeasurementResult": "0", "PhiDeviation": "1214840", "TimeStampSinceStationStarted": "1272794.082368", "VisionDumpPath": "C:\\Sirio\\Work\\SvDumpFiles\\PartCameraDumps\\JID_103378505_OID_432370009_SEG_2_BE-Bibliothek.A5E00701727_R1272790029.svdmp", "XDeviation": "-40756", "YDeviation": "-107513"}]}, "Pick": {"ActualPickPosition": {"Angle": "180000", "X": "15250", "Y": "-70500"}, "MeasuredComponentHeight": "0", "NominalPickPosition": {"Angle": "180000", "X": "15196", "Y": "-70571"}, "PickupLocationId": "240", "Result": "0", "TimeStampSinceStationStarted": "1272793.482963", "VacuumAbsolute": "-821", "VacuumRelative": "-821", "ZEndPosition": "47074000", "ZTargetPosition": "47084415"}, "Place": {"ActualPlacePosition": {"Angle": "-1", "X": "102571", "Y": "151133"}, "AirkissPressure": "75", "BoardPanelId": "3", "HoldingCircuitPressure": "2147483647", "NominalPlacePosition": {"Angle": "0", "X": "102580", "Y": "151130"}, "ReferenceDesignator": "C2206_CAPA_2_22_KOND", "Result": "0", "TimeStampSinceStationStarted": "1272794.508255", "VacuumAbsolute": "-835", "VacuumRelative": "98", "ZEndPosition": "36784000", "ZTargetPosition": "36807967"}, "ElectricalMeasurement": null, "Dip": null}, {"HeadSegmentId": "133124", "Measures": {"MeasureList": [{"CameraIndividualId": "4033", "MeasurementResult": "0", "PhiDeviation": "198922", "TimeStampSinceStationStarted": "1272794.517918", "VisionDumpPath": "C:\\Sirio\\Work\\SvDumpFiles\\PartCameraDumps\\JID_403359179_OID_432370010_SEG_2_BE-Bibliothek.A5E44859639_R1272789845.svdmp", "XDeviation": "169364", "YDeviation": "-29362"}]}, "Pick": {"ActualPickPosition": {"Angle": "0", "X": "6000", "Y": "-49500"}, "MeasuredComponentHeight": "0", "NominalPickPosition": {"Angle": "0", "X": "5984", "Y": "-49429"}, "PickupLocationId": "280", "Result": "0", "TimeStampSinceStationStarted": "1272793.298486", "VacuumAbsolute": "-852", "VacuumRelative": "-852", "ZEndPosition": "43389000", "ZTargetPosition": "43387671"}, "Place": {"ActualPlacePosition": {"Angle": "-180000", "X": "34643", "Y": "25851"}, "AirkissPressure": "76", "BoardPanelId": "3", "HoldingCircuitPressure": "2147483647", "NominalPlacePosition": {"Angle": "180000", "X": "34643", "Y": "25851"}, "ReferenceDesignator": "U500_SOP_8/SOIC_8_OP", "Result": "0", "TimeStampSinceStationStarted": "1272795.341332", "VacuumAbsolute": "-852", "VacuumRelative": "99", "ZEndPosition": "40827000", "ZTargetPosition": "40835791"}, "ElectricalMeasurement": null, "Dip": null}, {"HeadSegmentId": "67588", "Measures": {"MeasureList": [{"CameraIndividualId": "4033", "MeasurementResult": "0", "PhiDeviation": "43713", "TimeStampSinceStationStarted": "1272794.807417", "VisionDumpPath": "C:\\Sirio\\Work\\SvDumpFiles\\PartCameraDumps\\JID_403359180_OID_432370011_SEG_1_BE-Bibliothek.A5E30248076_R1272790097.svdmp", "XDeviation": "-609083", "YDeviation": "-850009"}]}, "Pick": {"ActualPickPosition": {"Angle": "180000", "X": "17125", "Y": "-69482"}, "MeasuredComponentHeight": "0", "NominalPickPosition": {"Angle": "180000", "X": "17125", "Y": "-69482"}, "PickupLocationId": "267", "Result": "0", "TimeStampSinceStationStarted": "1272793.550372", "VacuumAbsolute": "-737", "VacuumRelative": "-737", "ZEndPosition": "47286500", "ZTargetPosition": "47300465"}, "Place": {"ActualPlacePosition": {"Angle": "-180000", "X": "103250", "Y": "30530"}, "AirkissPressure": "75", "BoardPanelId": "3", "HoldingCircuitPressure": "2147483647", "NominalPlacePosition": {"Angle": "180000", "X": "103250", "Y": "30530"}, "ReferenceDesignator": "X802_CONN_8_38_SONST", "Result": "0", "TimeStampSinceStationStarted": "1272795.618766", "VacuumAbsolute": "-736", "VacuumRelative": "64", "ZEndPosition": "33025000", "ZTargetPosition": "32994943"}, "ElectricalMeasurement": null, "Dip": null}, {"HeadSegmentId": "66049", "Measures": {"MeasureList": [{"CameraIndividualId": "1033", "MeasurementResult": "0", "PhiDeviation": "1462323", "TimeStampSinceStationStarted": "1272796.984137", "VisionDumpPath": "C:\\Sirio\\Work\\SvDumpFiles\\PartCameraDumps\\JID_103378506_OID_432370013_SEG_1_BE-Bibliothek.A5E00701727_R1272792488.svdmp", "XDeviation": "9657", "YDeviation": "-18627"}]}, "Pick": {"ActualPickPosition": {"Angle": "180000", "X": "15250", "Y": "-70500"}, "MeasuredComponentHeight": "0", "NominalPickPosition": {"Angle": "180000", "X": "15199", "Y": "-70567"}, "PickupLocationId": "240", "Result": "0", "TimeStampSinceStationStarted": "1272795.941301", "VacuumAbsolute": "-811", "VacuumRelative": "-811", "ZEndPosition": "47089500", "ZTargetPosition": "47030015"}, "Place": {"ActualPlacePosition": {"Angle": "-1", "X": "223069", "Y": "151132"}, "AirkissPressure": "72", "BoardPanelId": "2", "HoldingCircuitPressure": "2147483647", "NominalPlacePosition": {"Angle": "0", "X": "223080", "Y": "151130"}, "ReferenceDesignator": "C2206_CAPA_2_22_KOND", "Result": "0", "TimeStampSinceStationStarted": "1272797.620716", "VacuumAbsolute": "-832", "VacuumRelative": "102", "ZEndPosition": "37184000", "ZTargetPosition": "37151888"}, "ElectricalMeasurement": null, "Dip": null}, {"HeadSegmentId": "131585", "Measures": {"MeasureList": [{"CameraIndividualId": "1033", "MeasurementResult": "0", "PhiDeviation": "76219", "TimeStampSinceStationStarted": "1272797.204455", "VisionDumpPath": "C:\\Sirio\\Work\\SvDumpFiles\\PartCameraDumps\\JID_103378507_OID_432370012_SEG_2_BE-Bibliothek.A5E02285215_R1272792759.svdmp", "XDeviation": "-165915", "YDeviation": "301146"}]}, "Pick": {"ActualPickPosition": {"Angle": "180000", "X": "23950", "Y": "-70500"}, "MeasuredComponentHeight": "0", "NominalPickPosition": {"Angle": "180000", "X": "23950", "Y": "-70500"}, "PickupLocationId": "241", "Result": "0", "TimeStampSinceStationStarted": "1272796.212774", "VacuumAbsolute": "-862", "VacuumRelative": "-862", "ZEndPosition": "48532000", "ZTargetPosition": "48480986"}, "Place": {"ActualPlacePosition": {"Angle": "-90000", "X": "18432", "Y": "22906"}, "AirkissPressure": "76", "BoardPanelId": "3", "HoldingCircuitPressure": "2147483647", "NominalPlacePosition": {"Angle": "-90000", "X": "18439", "Y": "22900"}, "ReferenceDesignator": "X501_CONN_DSUB_9_STE", "Result": "0", "TimeStampSinceStationStarted": "1272797.994544", "VacuumAbsolute": "-863", "VacuumRelative": "103", "ZEndPosition": "36325000", "ZTargetPosition": "36297056"}, "ElectricalMeasurement": null, "Dip": null}, {"HeadSegmentId": "133124", "Measures": {"MeasureList": [{"CameraIndividualId": "4033", "MeasurementResult": "0", "PhiDeviation": "-868321", "TimeStampSinceStationStarted": "1272797.642402", "VisionDumpPath": "C:\\Sirio\\Work\\SvDumpFiles\\PartCameraDumps\\JID_403359181_OID_432370014_SEG_2_BE-Bibliothek.A5E44859639_R1272793001.svdmp", "XDeviation": "-107887", "YDeviation": "-7829"}]}, "Pick": {"ActualPickPosition": {"Angle": "0", "X": "6000", "Y": "-49500"}, "MeasuredComponentHeight": "0", "NominalPickPosition": {"Angle": "0", "X": "5992", "Y": "-49431"}, "PickupLocationId": "280", "Result": "0", "TimeStampSinceStationStarted": "1272796.454257", "VacuumAbsolute": "-853", "VacuumRelative": "-853", "ZEndPosition": "43393500", "ZTargetPosition": "43388003"}, "Place": {"ActualPlacePosition": {"Angle": "-180000", "X": "155143", "Y": "25851"}, "AirkissPressure": "75", "BoardPanelId": "2", "HoldingCircuitPressure": "2147483647", "NominalPlacePosition": {"Angle": "180000", "X": "155143", "Y": "25851"}, "ReferenceDesignator": "U500_SOP_8/SOIC_8_OP", "Result": "0", "TimeStampSinceStationStarted": "1272798.626798", "VacuumAbsolute": "-852", "VacuumRelative": "99", "ZEndPosition": "40808000", "ZTargetPosition": "40826731"}, "ElectricalMeasurement": null, "Dip": null}, {"HeadSegmentId": "67588", "Measures": {"MeasureList": [{"CameraIndividualId": "4033", "MeasurementResult": "0", "PhiDeviation": "-14643", "TimeStampSinceStationStarted": "1272797.932147", "VisionDumpPath": "C:\\Sirio\\Work\\SvDumpFiles\\PartCameraDumps\\JID_403359182_OID_432370015_SEG_1_BE-Bibliothek.A5E30248076_R1272793254.svdmp", "XDeviation": "-519099", "YDeviation": "-673407"}]}, "Pick": {"ActualPickPosition": {"Angle": "180000", "X": "17125", "Y": "-69482"}, "MeasuredComponentHeight": "0", "NominalPickPosition": {"Angle": "180000", "X": "17125", "Y": "-69482"}, "PickupLocationId": "267", "Result": "0", "TimeStampSinceStationStarted": "1272796.706298", "VacuumAbsolute": "-827", "VacuumRelative": "-827", "ZEndPosition": "47328500", "ZTargetPosition": "47296974"}, "Place": {"ActualPlacePosition": {"Angle": "-180000", "X": "223750", "Y": "30530"}, "AirkissPressure": "75", "BoardPanelId": "2", "HoldingCircuitPressure": "2147483647", "NominalPlacePosition": {"Angle": "180000", "X": "223750", "Y": "30530"}, "ReferenceDesignator": "X802_CONN_8_38_SONST", "Result": "0", "TimeStampSinceStationStarted": "1272798.901735", "VacuumAbsolute": "-826", "VacuumRelative": "90", "ZEndPosition": "33375000", "ZTargetPosition": "33398424"}, "ElectricalMeasurement": null, "Dip": null}, {"HeadSegmentId": "131585", "Measures": {"MeasureList": [{"CameraIndividualId": "1033", "MeasurementResult": "0", "PhiDeviation": "520343", "TimeStampSinceStationStarted": "1272799.872251", "VisionDumpPath": "C:\\Sirio\\Work\\SvDumpFiles\\PartCameraDumps\\JID_103378508_OID_432370016_SEG_2_BE-Bibliothek.A5E02285215_R1272795281.svdmp", "XDeviation": "-83453", "YDeviation": "590119"}]}, "Pick": {"ActualPickPosition": {"Angle": "180000", "X": "23950", "Y": "-70500"}, "MeasuredComponentHeight": "0", "NominalPickPosition": {"Angle": "180000", "X": "23950", "Y": "-70500"}, "PickupLocationId": "241", "Result": "0", "TimeStampSinceStationStarted": "1272798.733807", "VacuumAbsolute": "-861", "VacuumRelative": "-861", "ZEndPosition": "48441500", "ZTargetPosition": "48493740"}, "Place": {"ActualPlacePosition": {"Angle": "-90000", "X": "138930", "Y": "22904"}, "AirkissPressure": "77", "BoardPanelId": "2", "HoldingCircuitPressure": "2147483647", "NominalPlacePosition": {"Angle": "-90000", "X": "138939", "Y": "22900"}, "ReferenceDesignator": "X501_CONN_DSUB_9_STE", "Result": "0", "TimeStampSinceStationStarted": "1272800.523565", "VacuumAbsolute": "-864", "VacuumRelative": "103", "ZEndPosition": "36264000", "ZTargetPosition": "36300942"}, "ElectricalMeasurement": null, "Dip": null}, {"HeadSegmentId": "66049", "Measures": {"MeasureList": [{"CameraIndividualId": "1033", "MeasurementResult": "0", "PhiDeviation": "-1088927", "TimeStampSinceStationStarted": "1272800.169338", "VisionDumpPath": "C:\\Sirio\\Work\\SvDumpFiles\\PartCameraDumps\\JID_103378509_OID_432370017_SEG_1_BE-Bibliothek.A5E00189819_R1272795675.svdmp", "XDeviation": "-95201", "YDeviation": "64106"}]}, "Pick": {"ActualPickPosition": {"Angle": "0", "X": "15250", "Y": "-70500"}, "MeasuredComponentHeight": "0", "NominalPickPosition": {"Angle": "0", "X": "15263", "Y": "-70378"}, "PickupLocationId": "242", "Result": "0", "TimeStampSinceStationStarted": "1272799.127822", "VacuumAbsolute": "-809", "VacuumRelative": "-809", "ZEndPosition": "47431000", "ZTargetPosition": "47420043"}, "Place": {"ActualPlacePosition": {"Angle": "-1", "X": "194069", "Y": "151032"}, "AirkissPressure": "71", "BoardPanelId": "2", "HoldingCircuitPressure": "2147483647", "NominalPlacePosition": {"Angle": "0", "X": "194080", "Y": "151030"}, "ReferenceDesignator": "T2200_EX120_TRAFO_SC", "Result": "0", "TimeStampSinceStationStarted": "1272800.873954", "VacuumAbsolute": "-810", "VacuumRelative": "98", "ZEndPosition": "41513000", "ZTargetPosition": "41503430"}, "ElectricalMeasurement": null, "Dip": null}, {"HeadSegmentId": "67588", "Measures": {"MeasureList": [{"CameraIndividualId": "4033", "MeasurementResult": "0", "PhiDeviation": "-346030", "TimeStampSinceStationStarted": "1272802.213814", "VisionDumpPath": "C:\\Sirio\\Work\\SvDumpFiles\\PartCameraDumps\\JID_403359183_OID_432370019_SEG_1_BE-Bibliothek.A5E51102635_R1272797646.svdmp", "XDeviation": "-211820", "YDeviation": "24948"}]}, "Pick": {"ActualPickPosition": {"Angle": "0", "X": "15250", "Y": "-70500"}, "MeasuredComponentHeight": "0", "NominalPickPosition": {"Angle": "0", "X": "15197", "Y": "-70488"}, "PickupLocationId": "265", "Result": "0", "TimeStampSinceStationStarted": "1272801.099782", "VacuumAbsolute": "-834", "VacuumRelative": "-834", "ZEndPosition": "47255000", "ZTargetPosition": "47234199"}, "Place": {"ActualPlacePosition": {"Angle": "-180000", "X": "69619", "Y": "48630"}, "AirkissPressure": "75", "BoardPanelId": "3", "HoldingCircuitPressure": "2147483647", "NominalPlacePosition": {"Angle": "180000", "X": "69619", "Y": "48630"}, "ReferenceDesignator": "D3_BGA_63_", "Result": "0", "TimeStampSinceStationStarted": "1272802.661131", "VacuumAbsolute": "-838", "VacuumRelative": "94", "ZEndPosition": "46302500", "ZTargetPosition": "46291431"}, "ElectricalMeasurement": null, "Dip": null}, {"HeadSegmentId": "133124", "Measures": {"MeasureList": [{"CameraIndividualId": "4033", "MeasurementResult": "0", "PhiDeviation": "-597586", "TimeStampSinceStationStarted": "1272802.0044", "VisionDumpPath": "C:\\Sirio\\Work\\SvDumpFiles\\PartCameraDumps\\JID_403359184_OID_432370018_SEG_2_BE-Bibliothek.A5E44859639_R1272798042.svdmp", "XDeviation": "-131901", "YDeviation": "-12072"}]}, "Pick": {"ActualPickPosition": {"Angle": "0", "X": "6000", "Y": "-49500"}, "MeasuredComponentHeight": "0", "NominalPickPosition": {"Angle": "0", "X": "5987", "Y": "-49431"}, "PickupLocationId": "280", "Result": "0", "TimeStampSinceStationStarted": "1272801.495017", "VacuumAbsolute": "-852", "VacuumRelative": "-852", "ZEndPosition": "43386500", "ZTargetPosition": "43389378"}, "Place": {"ActualPlacePosition": {"Angle": "-180000", "X": "150280", "Y": "162630"}, "AirkissPressure": "71", "BoardPanelId": "2", "HoldingCircuitPressure": "2147483647", "NominalPlacePosition": {"Angle": "180000", "X": "150280", "Y": "162630"}, "ReferenceDesignator": "U1704_SOP_8/SOIC_8_O", "Result": "0", "TimeStampSinceStationStarted": "1272802.99391", "VacuumAbsolute": "-853", "VacuumRelative": "99", "ZEndPosition": "40774500", "ZTargetPosition": "40769283"}, "ElectricalMeasurement": null, "Dip": null}, {"HeadSegmentId": "133124", "Measures": {"MeasureList": [{"CameraIndividualId": "4033", "MeasurementResult": "0", "PhiDeviation": "-798544", "TimeStampSinceStationStarted": "1272804.548165", "VisionDumpPath": "C:\\Sirio\\Work\\SvDumpFiles\\PartCameraDumps\\JID_403359185_OID_432370020_SEG_2_BE-Bibliothek.A5E44859639_R1272800253.svdmp", "XDeviation": "-64214", "YDeviation": "-31640"}]}, "Pick": {"ActualPickPosition": {"Angle": "0", "X": "6000", "Y": "-49500"}, "MeasuredComponentHeight": "0", "NominalPickPosition": {"Angle": "0", "X": "5980", "Y": "-49432"}, "PickupLocationId": "280", "Result": "0", "TimeStampSinceStationStarted": "1272803.706735", "VacuumAbsolute": "-852", "VacuumRelative": "-852", "ZEndPosition": "43386000", "ZTargetPosition": "43388658"}, "Place": {"ActualPlacePosition": {"Angle": "-180000", "X": "29780", "Y": "162630"}, "AirkissPressure": "76", "BoardPanelId": "3", "HoldingCircuitPressure": "2147483647", "NominalPlacePosition": {"Angle": "180000", "X": "29780", "Y": "162630"}, "ReferenceDesignator": "U1704_SOP_8/SOIC_8_O", "Result": "0", "TimeStampSinceStationStarted": "1272805.103014", "VacuumAbsolute": "-853", "VacuumRelative": "99", "ZEndPosition": "40889500", "ZTargetPosition": "40927370"}, "ElectricalMeasurement": null, "Dip": null}, {"HeadSegmentId": "67588", "Measures": {"MeasureList": [{"CameraIndividualId": "4033", "MeasurementResult": "0", "PhiDeviation": "-386478", "TimeStampSinceStationStarted": "1272804.757787", "VisionDumpPath": "C:\\Sirio\\Work\\SvDumpFiles\\PartCameraDumps\\JID_403359186_OID_432370021_SEG_1_BE-Bibliothek.A5E51102635_R1272800496.svdmp", "XDeviation": "85329", "YDeviation": "-49024"}]}, "Pick": {"ActualPickPosition": {"Angle": "0", "X": "15250", "Y": "-70500"}, "MeasuredComponentHeight": "0", "NominalPickPosition": {"Angle": "0", "X": "15186", "Y": "-70487"}, "PickupLocationId": "265", "Result": "0", "TimeStampSinceStationStarted": "1272803.949855", "VacuumAbsolute": "-825", "VacuumRelative": "-825", "ZEndPosition": "47228500", "ZTargetPosition": "47239399"}, "Place": {"ActualPlacePosition": {"Angle": "-180000", "X": "190119", "Y": "48630"}, "AirkissPressure": "72", "BoardPanelId": "2", "HoldingCircuitPressure": "2147483647", "NominalPlacePosition": {"Angle": "180000", "X": "190119", "Y": "48630"}, "ReferenceDesignator": "D3_BGA_63_", "Result": "0", "TimeStampSinceStationStarted": "1272805.48341", "VacuumAbsolute": "-826", "VacuumRelative": "90", "ZEndPosition": "46442500", "ZTargetPosition": "46450026"}, "ElectricalMeasurement": null, "Dip": null}, {"HeadSegmentId": "67588", "Measures": {"MeasureList": [{"CameraIndividualId": "4033", "MeasurementResult": "0", "PhiDeviation": "-871422", "TimeStampSinceStationStarted": "1272808.593432", "VisionDumpPath": "C:\\Sirio\\Work\\SvDumpFiles\\PartCameraDumps\\JID_403359187_OID_432370022_SEG_1_BE-Bibliothek.A5E44859639_R1272804103.svdmp", "XDeviation": "-109366", "YDeviation": "11592"}]}, "Pick": {"ActualPickPosition": {"Angle": "0", "X": "6000", "Y": "-49500"}, "MeasuredComponentHeight": "0", "NominalPickPosition": {"Angle": "0", "X": "5977", "Y": "-49433"}, "PickupLocationId": "280", "Result": "0", "TimeStampSinceStationStarted": "1272807.556057", "VacuumAbsolute": "-852", "VacuumRelative": "-852", "ZEndPosition": "46234000", "ZTargetPosition": "46203994"}, "Place": {"ActualPlacePosition": {"Angle": "-180000", "X": "143080", "Y": "162630"}, "AirkissPressure": "74", "BoardPanelId": "2", "HoldingCircuitPressure": "2147483647", "NominalPlacePosition": {"Angle": "180000", "X": "143080", "Y": "162630"}, "ReferenceDesignator": "U1700_SOP_8/SOIC_8_O", "Result": "0", "TimeStampSinceStationStarted": "1272809.008109", "VacuumAbsolute": "-854", "VacuumRelative": "99", "ZEndPosition": "43572000", "ZTargetPosition": "43569813"}, "ElectricalMeasurement": null, "Dip": null}, {"HeadSegmentId": "133124", "Measures": {"MeasureList": [{"CameraIndividualId": "4033", "MeasurementResult": "0", "PhiDeviation": "1426325", "TimeStampSinceStationStarted": "1272808.365956", "VisionDumpPath": "C:\\Sirio\\Work\\SvDumpFiles\\PartCameraDumps\\JID_403359188_OID_432370023_SEG_2_BE-Bibliothek.A5E44859639_R1272804404.svdmp", "XDeviation": "167086", "YDeviation": "-45531"}]}, "Pick": {"ActualPickPosition": {"Angle": "0", "X": "6000", "Y": "-49500"}, "MeasuredComponentHeight": "0", "NominalPickPosition": {"Angle": "0", "X": "5977", "Y": "-49433"}, "PickupLocationId": "280", "Result": "0", "TimeStampSinceStationStarted": "1272807.856707", "VacuumAbsolute": "-851", "VacuumRelative": "-851", "ZEndPosition": "43382500", "ZTargetPosition": "43387994"}, "Place": {"ActualPlacePosition": {"Angle": "-180000", "X": "36980", "Y": "162630"}, "AirkissPressure": "72", "BoardPanelId": "3", "HoldingCircuitPressure": "2147483647", "NominalPlacePosition": {"Angle": "180000", "X": "36980", "Y": "162630"}, "ReferenceDesignator": "U1800_SOP_8/SOIC_8_O", "Result": "0", "TimeStampSinceStationStarted": "1272809.305944", "VacuumAbsolute": "-852", "VacuumRelative": "99", "ZEndPosition": "40869500", "ZTargetPosition": "40908158"}, "ElectricalMeasurement": null, "Dip": null}]}, "HeadContext": {"HeadSegments": {"HeadSegment": [{"GantryId": "1", "Head": "1", "HeadName": "Twin Head 5xx", "Id": "66049", "NozzleTypeId": "581", "SegmentNumber": "1"}, {"GantryId": "4", "Head": "1", "HeadName": "Twin Head 5xx", "Id": "67588", "NozzleTypeId": "516", "SegmentNumber": "1"}, {"GantryId": "1", "Head": "1", "HeadName": "Twin Head 5xx", "Id": "131585", "NozzleTypeId": "517", "SegmentNumber": "2"}, {"GantryId": "4", "Head": "1", "HeadName": "Twin Head 5xx", "Id": "133124", "NozzleTypeId": "597", "SegmentNumber": "2"}]}}, "SetupContext": {"PickupLocations": {"PickupLocation": [{"Division": "1", "FeederId": "32FAUE900466", "FeederType": "288", "Id": "238", "Level": "0", "Location": "1", "StartTrackNumber": "7", "SubLocation": "1", "Tower": "0", "PackagingUid": "M05323133"}, {"Division": "1", "FeederId": "24KL-L205402", "FeederType": "280", "Id": "240", "Level": "0", "Location": "1", "StartTrackNumber": "14", "SubLocation": "1", "Tower": "0", "PackagingUid": "M05187809"}, {"Division": "1", "FeederId": "44KL-K305106", "FeederType": "300", "Id": "241", "Level": "0", "Location": "1", "StartTrackNumber": "17", "SubLocation": "1", "Tower": "0", "PackagingUid": "M04893762"}, {"Division": "1", "FeederId": "24KL-K305319", "FeederType": "280", "Id": "242", "Level": "0", "Location": "1", "StartTrackNumber": "22", "SubLocation": "1", "Tower": "0", "PackagingUid": "M04790527"}, {"Division": "1", "FeederId": "24FAUE900672", "FeederType": "280", "Id": "265", "Level": "0", "Location": "4", "StartTrackNumber": "1", "SubLocation": "1", "Tower": "0", "PackagingUid": "A00061484"}, {"Division": "1", "FeederId": "32FAUE000671", "FeederType": "288", "Id": "267", "Level": "0", "Location": "4", "StartTrackNumber": "16", "SubLocation": "1", "Tower": "0", "PackagingUid": "M05302015"}, {"Division": "1", "FeederId": "32FAUE900659", "FeederType": "288", "Id": "271", "Level": "0", "Location": "4", "StartTrackNumber": "28", "SubLocation": "1", "Tower": "0", "PackagingUid": "M05299897"}, {"Division": "1", "FeederId": "12KL-F105078", "FeederType": "268", "Id": "280", "Level": "0", "Location": "4", "StartTrackNumber": "14", "SubLocation": "1", "Tower": "0", "PackagingUid": "M05245877"}]}}}}, "ProductionEndedData": {"StationTime": "2021-11-30T04:04:58.2410000+08:00", "TimeStampSinceStationStarted": "1272809.582698"}}