{"name": "PDI_Line5_4013682335_20211130023720.txt", "Timestamp": "2021-11-30T02:36:56.9752341+08:00", "TxnID": "af15da08-36e2-4ef7-ade9-4b6f691a7d0a", "Line": "SEWC-Lines\\Line5", "Machine": "Line5\\ST1_X4 S", "ProductionStartedData": [{"ConveyorLanePosition": "2", "ConveyorStopperPosition": "1", "Pcb": {"BarcodeReaderPosition": "0", "BoardSide": "1", "IndividualGUID": "2c1b0f72-19a6-46fe-acb2-9565412bf1cf", "LineJobGUID": "3a5e1e40-f5b9-457f-8e3c-d7ab63795644", "Path": "STAB\\A5E50302021lt01", "PcbIndividualID": "4192", "RecipePath": "Line5\\Smart_CPU_L5_702SAF\\A5E50302021lt01", "Barcode": "", "OrderNumber": null}, "ProcessingAreaPosition": "2", "SetupPath": "Line5\\Smart_CPU_L5_702SAF", "StationTime": "2021-11-30T02:35:24.4850000+08:00", "TimeStampSinceStationStarted": "113705.650014"}], "BoardPositionsList": {"BoardPositions": [{"ActualPosition": {"Angle": "-203", "X": "458181", "Y": "17368", "Z": "-5000"}, "FiducialPositions": {"FiducialRecognitionResult": [{"ActualPosition": {"Angle": "-33", "X": "243520", "Y": "9968", "Z": null}, "CameraIndividualId": "3034", "FiducialFunction": "0", "GantryId": "3", "MeasurementResult": "0", "NominalPosition": {"Angle": "0", "X": "243420", "Y": "10530", "Z": null}, "Path": "A5E50302021lt01/1/01/1", "StationTime": "2021-11-30T02:35:24.4850000+08:00", "TimeStampSinceStationStarted": "113705.650014"}, {"ActualPosition": {"Angle": "-6", "X": "7958", "Y": "191460", "Z": null}, "CameraIndividualId": "3034", "FiducialFunction": "0", "GantryId": "3", "MeasurementResult": "0", "NominalPosition": {"Angle": "0", "X": "7970", "Y": "192030", "Z": null}, "Path": "A5E50302021lt01/1/02/1", "StationTime": "2021-11-30T02:35:24.4850000+08:00", "TimeStampSinceStationStarted": "113705.650014"}]}, "NominalPosition": {"Angle": "0", "X": "458251", "Y": "15618", "Z": "-5000"}}]}, "ProgressDataList": {"ProductionProgressData": {"BoardContext": {"BoardPanels": {"BoardPanel": [{"Id": "2", "PanelPath": "A5E50302021lt01/A1"}, {"Id": "3", "PanelPath": "A5E50302021lt01/B1"}]}}, "ComponentIndividuals": {"ComponentIndividual": [{"HeadSegmentId": "985091", "Measures": {"MeasureList": [{"CameraIndividualId": "3023", "MeasurementResult": "0", "PhiDeviation": "-836583", "TimeStampSinceStationStarted": "113724.470202", "VisionDumpPath": "C:\\Sirio\\Work\\SvDumpFiles\\PartCameraDumps\\JID_302331480_OID_41920391_SEG_15_BE-Bibliothek.A5E00257456_R113714954.svdmp", "XDeviation": "63707", "YDeviation": "11234"}]}, "Pick": {"ActualPickPosition": {"Angle": "180000", "X": "877", "Y": "-51018"}, "MeasuredComponentHeight": "805426", "NominalPickPosition": {"Angle": "180000", "X": "895", "Y": "-50937"}, "PickupLocationId": "84", "Result": "0", "TimeStampSinceStationStarted": "113724.231318", "VacuumAbsolute": "-709", "VacuumRelative": "-709", "ZEndPosition": "9362000", "ZTargetPosition": "9347434"}, "Place": {"ActualPlacePosition": {"Angle": "-179986", "X": "101928", "Y": "18385"}, "AirkissPressure": "102", "BoardPanelId": "2", "HoldingCircuitPressure": "-687", "NominalPlacePosition": {"Angle": "180000", "X": "101870", "Y": "18980"}, "ReferenceDesignator": "C501_0603_KOND_KER_V", "Result": "0", "TimeStampSinceStationStarted": "113726.301063", "VacuumAbsolute": "-716", "VacuumRelative": "41", "ZEndPosition": "10222500", "ZTargetPosition": "10191248"}, "ElectricalMeasurement": null, "Dip": null}, {"HeadSegmentId": "1050627", "Measures": {"MeasureList": [{"CameraIndividualId": "3023", "MeasurementResult": "0", "PhiDeviation": "-846562", "TimeStampSinceStationStarted": "113724.503647", "VisionDumpPath": "C:\\Sirio\\Work\\SvDumpFiles\\PartCameraDumps\\JID_302331481_OID_41920392_SEG_16_BE-Bibliothek.A5E00257456_R113715005.svdmp", "XDeviation": "-54511", "YDeviation": "-13156"}]}, "Pick": {"ActualPickPosition": {"Angle": "180000", "X": "877", "Y": "-51018"}, "MeasuredComponentHeight": "807961", "NominalPickPosition": {"Angle": "180000", "X": "895", "Y": "-50937"}, "PickupLocationId": "84", "Result": "0", "TimeStampSinceStationStarted": "113724.282543", "VacuumAbsolute": "-709", "VacuumRelative": "-709", "ZEndPosition": "9361000", "ZTargetPosition": "9342575"}, "Place": {"ActualPlacePosition": {"Angle": "-179986", "X": "222462", "Y": "18415"}, "AirkissPressure": "100", "BoardPanelId": "3", "HoldingCircuitPressure": "-696", "NominalPlacePosition": {"Angle": "180000", "X": "222370", "Y": "18980"}, "ReferenceDesignator": "C501_0603_KOND_KER_V", "Result": "0", "TimeStampSinceStationStarted": "113726.427648", "VacuumAbsolute": "-723", "VacuumRelative": "48", "ZEndPosition": "10166000", "ZTargetPosition": "10192211"}, "ElectricalMeasurement": null, "Dip": null}]}, "HeadContext": {"HeadSegments": {"HeadSegment": [{"GantryId": "3", "Head": "1", "HeadName": "C&P 20 P 4xxx", "Id": "985091", "NozzleTypeId": "4004", "SegmentNumber": "15"}, {"GantryId": "3", "Head": "1", "HeadName": "C&P 20 P 4xxx", "Id": "1050627", "NozzleTypeId": "4004", "SegmentNumber": "16"}]}}, "SetupContext": {"PickupLocations": {"PickupLocation": [{"Division": "1", "FeederId": "08KL-K806307", "FeederType": "264", "Id": "84", "Level": "0", "Location": "3", "StartTrackNumber": "10", "SubLocation": "1", "Tower": "0", "PackagingUid": "M05307987"}]}}}}, "ProductionEndedData": {"StationTime": "2021-11-30T02:35:45.3480000+08:00", "TimeStampSinceStationStarted": "113726.5142"}}