{"name": "PDI_Line5_3857299682_20211130141605.txt", "Timestamp": "2021-11-30T14:15:56.9626803+08:00", "TxnID": "8548a8c7-5a57-4630-8987-77d0c8cf6364", "Line": "SEWC-Lines\\Line5", "Machine": "Line5\\ST3_X3 S", "ProductionStartedData": [{"ConveyorLanePosition": "1", "ConveyorStopperPosition": "1", "Pcb": {"BarcodeReaderPosition": "0", "BoardSide": "1", "IndividualGUID": "a6ebfd9b-fbe1-4957-ad04-e72f61850b42", "LineJobGUID": "3f68c8d2-071f-4795-8aa5-1d45806eb923", "Path": "STAB\\A5E50302024lt02", "PcbIndividualID": "44329", "RecipePath": "Line5\\Smart_CPU_L5_702SAF\\A5E50302024lt02", "Barcode": "", "OrderNumber": null}, "ProcessingAreaPosition": "2", "SetupPath": "Line5\\Smart_CPU_L5_702SAF", "StationTime": "2021-11-30T14:13:32.8540000+08:00", "TimeStampSinceStationStarted": "1309324.012489"}], "BoardPositionsList": {"BoardPositions": [{"ActualPosition": {"Angle": "20", "X": "509565", "Y": "-232949", "Z": "-5000"}, "FiducialPositions": {"FiducialRecognitionResult": []}, "NominalPosition": {"Angle": "0", "X": "509820", "Y": "-233646", "Z": "-5000"}}]}, "ProgressDataList": {"ProductionProgressData": {"BoardContext": {"BoardPanels": {"BoardPanel": [{"Id": "2", "PanelPath": "A5E50302024lt02/A1"}]}}, "ComponentIndividuals": {"ComponentIndividual": [{"HeadSegmentId": "132355", "Measures": {"MeasureList": [{"CameraIndividualId": "3033", "MeasurementResult": "0", "PhiDeviation": "919749", "TimeStampSinceStationStarted": "1309329.800169", "VisionDumpPath": "C:\\Sirio\\Work\\SvDumpFiles\\PartCameraDumps\\JID_303389077_OID_443290002_SEG_2_BE-Bibliothek.A5E01058093_R1309325270.svdmp", "XDeviation": "13575", "YDeviation": "-540777"}]}, "Pick": {"ActualPickPosition": {"Angle": "0", "X": "23950", "Y": "-70500"}, "MeasuredComponentHeight": "0", "NominalPickPosition": {"Angle": "0", "X": "23933", "Y": "-70495"}, "PickupLocationId": "263", "Result": "0", "TimeStampSinceStationStarted": "1309328.540595", "VacuumAbsolute": "-445", "VacuumRelative": "-445", "ZEndPosition": "50152000", "ZTargetPosition": "50254094"}, "Place": {"ActualPlacePosition": {"Angle": "0", "X": "67699", "Y": "66329"}, "AirkissPressure": "71", "BoardPanelId": "2", "HoldingCircuitPressure": "2147483647", "NominalPlacePosition": {"Angle": "0", "X": "67700", "Y": "66330"}, "ReferenceDesignator": "X102_CONN_28_STECK_R", "Result": "0", "TimeStampSinceStationStarted": "1309331.193379", "VacuumAbsolute": "-519", "VacuumRelative": "47", "ZEndPosition": "41512500", "ZTargetPosition": "41565311"}, "ElectricalMeasurement": null, "Dip": null}, {"HeadSegmentId": "66819", "Measures": {"MeasureList": [{"CameraIndividualId": "3033", "MeasurementResult": "0", "PhiDeviation": "696055", "TimeStampSinceStationStarted": "1309330.258752", "VisionDumpPath": "C:\\Sirio\\Work\\SvDumpFiles\\PartCameraDumps\\JID_303389076_OID_443290003_SEG_1_BE-Bibliothek.A5E02081140_R1309324350.svdmp", "XDeviation": "-140131", "YDeviation": "3517"}]}, "Pick": {"ActualPickPosition": {"Angle": "0", "X": "30273", "Y": "-70772"}, "MeasuredComponentHeight": "0", "NominalPickPosition": {"Angle": "0", "X": "30929", "Y": "-70606"}, "PickupLocationId": "247", "Result": "0", "TimeStampSinceStationStarted": "1309327.62087", "VacuumAbsolute": "-828", "VacuumRelative": "-828", "ZEndPosition": "49555500", "ZTargetPosition": "49530096"}, "Place": {"ActualPlacePosition": {"Angle": "0", "X": "35198", "Y": "66329"}, "AirkissPressure": "72", "BoardPanelId": "2", "HoldingCircuitPressure": "2147483647", "NominalPlacePosition": {"Angle": "0", "X": "35200", "Y": "66330"}, "ReferenceDesignator": "X103_CONN_32_STECK_R", "Result": "0", "TimeStampSinceStationStarted": "1309331.438392", "VacuumAbsolute": "-858", "VacuumRelative": "102", "ZEndPosition": "40709500", "ZTargetPosition": "40689575"}, "ElectricalMeasurement": null, "Dip": null}]}, "HeadContext": {"HeadSegments": {"HeadSegment": [{"GantryId": "3", "Head": "1", "HeadName": "Twin Head 5xx", "Id": "66819", "NozzleTypeId": "573", "SegmentNumber": "1"}, {"GantryId": "3", "Head": "1", "HeadName": "Twin Head 5xx", "Id": "132355", "NozzleTypeId": "573", "SegmentNumber": "2"}]}}, "SetupContext": {"PickupLocations": {"PickupLocation": [{"Division": "1", "FeederId": "56FAUC000504", "FeederType": "312", "Id": "247", "Level": "0", "Location": "2", "StartTrackNumber": "1", "SubLocation": "1", "Tower": "0", "PackagingUid": "M05297978"}, {"Division": "1", "FeederId": "44FAUD200890", "FeederType": "300", "Id": "263", "Level": "0", "Location": "3", "StartTrackNumber": "30", "SubLocation": "1", "Tower": "0", "PackagingUid": "M05298574"}]}}}}, "ProductionEndedData": {"StationTime": "2021-11-30T14:13:40.7140000+08:00", "TimeStampSinceStationStarted": "1309331.872341"}}