{"name": "PDI_Line5_3855820066_20211130010432.txt", "Timestamp": "2021-11-30T01:04:23.9112033+08:00", "TxnID": "35fdba2b-3637-46a6-8bca-372183a2304f", "Line": "SEWC-Lines\\Line5", "Machine": "Line5\\ST3_X3 S", "ProductionStartedData": [{"ConveyorLanePosition": "2", "ConveyorStopperPosition": "1", "Pcb": {"BarcodeReaderPosition": "0", "BoardSide": "1", "IndividualGUID": "d6bc2969-2e3c-40e3-946d-d7c9eaf9d12c", "LineJobGUID": "3a5e1e40-f5b9-457f-8e3c-d7ab63795644", "Path": "STAB\\A5E50302021lt01", "PcbIndividualID": "41814", "RecipePath": "Line5\\Smart_CPU_L5_702SAF\\A5E50302021lt01", "Barcode": "", "OrderNumber": null}, "ProcessingAreaPosition": "2", "SetupPath": "Line5\\Smart_CPU_L5_702SAF", "StationTime": "2021-11-30T01:02:00.7010000+08:00", "TimeStampSinceStationStarted": "1261832.096473"}], "BoardPositionsList": {"BoardPositions": [{"ActualPosition": {"Angle": "13", "X": "458381", "Y": "16672", "Z": "-5000"}, "FiducialPositions": {"FiducialRecognitionResult": []}, "NominalPosition": {"Angle": "0", "X": "458392", "Y": "16359", "Z": "-5000"}}]}, "ProgressDataList": {"ProductionProgressData": {"BoardContext": {"BoardPanels": {"BoardPanel": [{"Id": "2", "PanelPath": "A5E50302021lt01/A1"}, {"Id": "3", "PanelPath": "A5E50302021lt01/B1"}]}}, "ComponentIndividuals": {"ComponentIndividual": [{"HeadSegmentId": "66819", "Measures": {"MeasureList": [{"CameraIndividualId": "3033", "MeasurementResult": "0", "PhiDeviation": "-17061", "TimeStampSinceStationStarted": "1261837.441204", "VisionDumpPath": "C:\\Sirio\\Work\\SvDumpFiles\\PartCameraDumps\\JID_303375493_OID_418140004_SEG_1_BE-Bibliothek.A5E01058093_R1261831996.svdmp", "XDeviation": "30667", "YDeviation": "-78457"}]}, "Pick": {"ActualPickPosition": {"Angle": "0", "X": "23950", "Y": "-70500"}, "MeasuredComponentHeight": "0", "NominalPickPosition": {"Angle": "0", "X": "23938", "Y": "-70608"}, "PickupLocationId": "263", "Result": "0", "TimeStampSinceStationStarted": "1261835.502498", "VacuumAbsolute": "-453", "VacuumRelative": "-453", "ZEndPosition": "50323500", "ZTargetPosition": "50267794"}, "Place": {"ActualPlacePosition": {"Angle": "180000", "X": "32392", "Y": "69801"}, "AirkissPressure": "71", "BoardPanelId": "2", "HoldingCircuitPressure": "2147483647", "NominalPlacePosition": {"Angle": "180000", "X": "32420", "Y": "69810"}, "ReferenceDesignator": "X102_CONN_28_STECK_R", "Result": "0", "TimeStampSinceStationStarted": "1261838.800991", "VacuumAbsolute": "-454", "VacuumRelative": "27", "ZEndPosition": "41711500", "ZTargetPosition": "41706970"}, "ElectricalMeasurement": null, "Dip": null}, {"HeadSegmentId": "132355", "Measures": {"MeasureList": [{"CameraIndividualId": "3033", "MeasurementResult": "0", "PhiDeviation": "1145481", "TimeStampSinceStationStarted": "1261837.967246", "VisionDumpPath": "C:\\Sirio\\Work\\SvDumpFiles\\PartCameraDumps\\JID_303375494_OID_418140005_SEG_2_BE-Bibliothek.A5E01058093_R1261832661.svdmp", "XDeviation": "34978", "YDeviation": "-410407"}]}, "Pick": {"ActualPickPosition": {"Angle": "0", "X": "23950", "Y": "-70500"}, "MeasuredComponentHeight": "0", "NominalPickPosition": {"Angle": "0", "X": "23938", "Y": "-70608"}, "PickupLocationId": "263", "Result": "0", "TimeStampSinceStationStarted": "1261836.167619", "VacuumAbsolute": "-438", "VacuumRelative": "-438", "ZEndPosition": "50378500", "ZTargetPosition": "50294721"}, "Place": {"ActualPlacePosition": {"Angle": "180000", "X": "152928", "Y": "69801"}, "AirkissPressure": "72", "BoardPanelId": "3", "HoldingCircuitPressure": "2147483647", "NominalPlacePosition": {"Angle": "180000", "X": "152920", "Y": "69810"}, "ReferenceDesignator": "X102_CONN_28_STECK_R", "Result": "0", "TimeStampSinceStationStarted": "1261839.269646", "VacuumAbsolute": "-503", "VacuumRelative": "43", "ZEndPosition": "41769000", "ZTargetPosition": "41754969"}, "ElectricalMeasurement": null, "Dip": null}]}, "HeadContext": {"HeadSegments": {"HeadSegment": [{"GantryId": "3", "Head": "1", "HeadName": "Twin Head 5xx", "Id": "66819", "NozzleTypeId": "573", "SegmentNumber": "1"}, {"GantryId": "3", "Head": "1", "HeadName": "Twin Head 5xx", "Id": "132355", "NozzleTypeId": "573", "SegmentNumber": "2"}]}}, "SetupContext": {"PickupLocations": {"PickupLocation": [{"Division": "1", "FeederId": "44FAUD200890", "FeederType": "300", "Id": "263", "Level": "0", "Location": "3", "StartTrackNumber": "30", "SubLocation": "1", "Tower": "0", "PackagingUid": "M05298566"}]}}}}, "ProductionEndedData": {"StationTime": "2021-11-30T01:02:08.3320000+08:00", "TimeStampSinceStationStarted": "1261839.726801"}}