{"name": "PDI_Line5_3990700978_20211130024601.txt", "Timestamp": "2021-11-30T02:45:48.4424377+08:00", "TxnID": "faf0616b-ad84-4e96-9860-0d236add4c39", "Line": "SEWC-Lines\\Line5", "Machine": "Line5\\ST3_X3 S", "ProductionStartedData": [{"ConveyorLanePosition": "2", "ConveyorStopperPosition": "1", "Pcb": {"BarcodeReaderPosition": "0", "BoardSide": "1", "IndividualGUID": "7098b25b-d5e3-49f6-8fea-e74687b50de8", "LineJobGUID": "3a5e1e40-f5b9-457f-8e3c-d7ab63795644", "Path": "STAB\\A5E50302021lt01", "PcbIndividualID": "42066", "RecipePath": "Line5\\Smart_CPU_L5_702SAF\\A5E50302021lt01", "Barcode": "", "OrderNumber": null}, "ProcessingAreaPosition": "1", "SetupPath": "Line5\\Smart_CPU_L5_702SAF", "StationTime": "2021-11-30T02:43:25.2120000+08:00", "TimeStampSinceStationStarted": "1267916.576581"}], "BoardPositionsList": {"BoardPositions": [{"ActualPosition": {"Angle": "64", "X": "-528010", "Y": "16566", "Z": "-5000"}, "FiducialPositions": {"FiducialRecognitionResult": [{"ActualPosition": {"Angle": "70", "X": "243333", "Y": "10650", "Z": null}, "CameraIndividualId": "4034", "FiducialFunction": "0", "GantryId": "4", "MeasurementResult": "0", "NominalPosition": {"Angle": "0", "X": "243420", "Y": "10530", "Z": null}, "Path": "A5E50302021lt01/1/01/1", "StationTime": "2021-11-30T02:43:27.9880000+08:00", "TimeStampSinceStationStarted": "1267919.352145"}, {"ActualPosition": {"Angle": "51", "X": "7619", "Y": "191933", "Z": null}, "CameraIndividualId": "4034", "FiducialFunction": "0", "GantryId": "4", "MeasurementResult": "0", "NominalPosition": {"Angle": "0", "X": "7970", "Y": "192030", "Z": null}, "Path": "A5E50302021lt01/1/02/1", "StationTime": "2021-11-30T02:43:27.9880000+08:00", "TimeStampSinceStationStarted": "1267919.352145"}]}, "NominalPosition": {"Angle": "0", "X": "-527904", "Y": "16695", "Z": "-5000"}}]}, "ProgressDataList": {"ProductionProgressData": {"BoardContext": {"BoardPanels": {"BoardPanel": [{"Id": "2", "PanelPath": "A5E50302021lt01/A1"}, {"Id": "3", "PanelPath": "A5E50302021lt01/B1"}]}}, "ComponentIndividuals": {"ComponentIndividual": [{"HeadSegmentId": "67588", "Measures": {"MeasureList": [{"CameraIndividualId": "4033", "MeasurementResult": "0", "PhiDeviation": "-181730", "TimeStampSinceStationStarted": "1267919.905211", "VisionDumpPath": "C:\\Sirio\\Work\\SvDumpFiles\\PartCameraDumps\\JID_403358311_OID_420660000_SEG_1_BE-Bibliothek.A5E50179091_R1267913749.svdmp", "XDeviation": "26399", "YDeviation": "37345"}]}, "Pick": {"ActualPickPosition": {"Angle": "0", "X": "15126", "Y": "-71150"}, "MeasuredComponentHeight": "0", "NominalPickPosition": {"Angle": "0", "X": "15222", "Y": "-71326"}, "PickupLocationId": "266", "Result": "0", "TimeStampSinceStationStarted": "1267917.226154", "VacuumAbsolute": "-787", "VacuumRelative": "-787", "ZEndPosition": "47590500", "ZTargetPosition": "47636882"}, "Place": {"ActualPlacePosition": {"Angle": "0", "X": "200750", "Y": "27961"}, "AirkissPressure": "78", "BoardPanelId": "3", "HoldingCircuitPressure": "2147483647", "NominalPlacePosition": {"Angle": "0", "X": "200731", "Y": "27980"}, "ReferenceDesignator": "D2_BGA_90_IC_DRAM_51", "Result": "0", "TimeStampSinceStationStarted": "1267920.209285", "VacuumAbsolute": "-839", "VacuumRelative": "96", "ZEndPosition": "46620500", "ZTargetPosition": "46644110"}, "ElectricalMeasurement": null, "Dip": null}, {"HeadSegmentId": "67588", "Measures": {"MeasureList": [{"CameraIndividualId": "4033", "MeasurementResult": "0", "PhiDeviation": "279413", "TimeStampSinceStationStarted": "1267921.441497", "VisionDumpPath": "C:\\Sirio\\Work\\SvDumpFiles\\PartCameraDumps\\JID_403358312_OID_420660001_SEG_1_BE-Bibliothek.A5E00277754_R1267917266.svdmp", "XDeviation": "-44606", "YDeviation": "-47738"}]}, "Pick": {"ActualPickPosition": {"Angle": "0", "X": "18028", "Y": "-70606"}, "MeasuredComponentHeight": "0", "NominalPickPosition": {"Angle": "0", "X": "17713", "Y": "-70500"}, "PickupLocationId": "272", "Result": "0", "TimeStampSinceStationStarted": "1267920.743327", "VacuumAbsolute": "-822", "VacuumRelative": "-822", "ZEndPosition": "47249500", "ZTargetPosition": "47273157"}, "Place": {"ActualPlacePosition": {"Angle": "180000", "X": "226607", "Y": "49067"}, "AirkissPressure": "71", "BoardPanelId": "3", "HoldingCircuitPressure": "2147483647", "NominalPlacePosition": {"Angle": "180000", "X": "226581", "Y": "49080"}, "ReferenceDesignator": "X101_EXSOP_14_STECK_", "Result": "0", "TimeStampSinceStationStarted": "1267921.825772", "VacuumAbsolute": "-847", "VacuumRelative": "98", "ZEndPosition": "39009000", "ZTargetPosition": "39043667"}, "ElectricalMeasurement": null, "Dip": null}, {"HeadSegmentId": "133124", "Measures": {"MeasureList": [{"CameraIndividualId": "4033", "MeasurementResult": "0", "PhiDeviation": "253117", "TimeStampSinceStationStarted": "1267921.583411", "VisionDumpPath": "C:\\Sirio\\Work\\SvDumpFiles\\PartCameraDumps\\JID_403358313_OID_420660002_SEG_2_BE-Bibliothek.A5E00277754_R1267917484.svdmp", "XDeviation": "-184354", "YDeviation": "-81709"}]}, "Pick": {"ActualPickPosition": {"Angle": "0", "X": "18028", "Y": "-70606"}, "MeasuredComponentHeight": "0", "NominalPickPosition": {"Angle": "0", "X": "17713", "Y": "-70500"}, "PickupLocationId": "272", "Result": "0", "TimeStampSinceStationStarted": "1267920.96173", "VacuumAbsolute": "-832", "VacuumRelative": "-832", "ZEndPosition": "47320000", "ZTargetPosition": "47293657"}, "Place": {"ActualPlacePosition": {"Angle": "180000", "X": "106076", "Y": "49067"}, "AirkissPressure": "77", "BoardPanelId": "2", "HoldingCircuitPressure": "2147483647", "NominalPlacePosition": {"Angle": "180000", "X": "106081", "Y": "49080"}, "ReferenceDesignator": "X101_EXSOP_14_STECK_", "Result": "0", "TimeStampSinceStationStarted": "1267921.993405", "VacuumAbsolute": "-845", "VacuumRelative": "98", "ZEndPosition": "38832000", "ZTargetPosition": "38838265"}, "ElectricalMeasurement": null, "Dip": null}, {"HeadSegmentId": "67588", "Measures": {"MeasureList": [{"CameraIndividualId": "4033", "MeasurementResult": "0", "PhiDeviation": "-333197", "TimeStampSinceStationStarted": "1267923.086269", "VisionDumpPath": "C:\\Sirio\\Work\\SvDumpFiles\\PartCameraDumps\\JID_403358314_OID_420660003_SEG_1_BE-Bibliothek.A5E50179091_R1267919161.svdmp", "XDeviation": "9409", "YDeviation": "-30577"}]}, "Pick": {"ActualPickPosition": {"Angle": "0", "X": "15126", "Y": "-71150"}, "MeasuredComponentHeight": "0", "NominalPickPosition": {"Angle": "0", "X": "15223", "Y": "-71324"}, "PickupLocationId": "266", "Result": "0", "TimeStampSinceStationStarted": "1267922.637121", "VacuumAbsolute": "-785", "VacuumRelative": "-785", "ZEndPosition": "47630500", "ZTargetPosition": "47625286"}, "Place": {"ActualPlacePosition": {"Angle": "0", "X": "80219", "Y": "27961"}, "AirkissPressure": "72", "BoardPanelId": "2", "HoldingCircuitPressure": "2147483647", "NominalPlacePosition": {"Angle": "0", "X": "80231", "Y": "27980"}, "ReferenceDesignator": "D2_BGA_90_IC_DRAM_51", "Result": "0", "TimeStampSinceStationStarted": "1267923.390248", "VacuumAbsolute": "-835", "VacuumRelative": "96", "ZEndPosition": "46617500", "ZTargetPosition": "46638752"}, "ElectricalMeasurement": null, "Dip": null}]}, "HeadContext": {"HeadSegments": {"HeadSegment": [{"GantryId": "4", "Head": "1", "HeadName": "Twin Head 5xx", "Id": "67588", "NozzleTypeId": "516", "SegmentNumber": "1"}, {"GantryId": "4", "Head": "1", "HeadName": "Twin Head 5xx", "Id": "133124", "NozzleTypeId": "516", "SegmentNumber": "2"}]}}, "SetupContext": {"PickupLocations": {"PickupLocation": [{"Division": "1", "FeederId": "24FAUE600590", "FeederType": "280", "Id": "266", "Level": "0", "Location": "4", "StartTrackNumber": "4", "SubLocation": "1", "Tower": "0", "PackagingUid": "M05320388"}, {"Division": "1", "FeederId": "32KL-K405124", "FeederType": "288", "Id": "272", "Level": "0", "Location": "4", "StartTrackNumber": "32", "SubLocation": "1", "Tower": "0", "PackagingUid": "M05323047"}]}}}}, "ProductionEndedData": {"StationTime": "2021-11-30T02:43:32.4020000+08:00", "TimeStampSinceStationStarted": "1267923.76647"}}