{"name": "PDI_Line5_4010911042_20211130060117.txt", "Timestamp": "2021-11-30T06:00:38.6345862+08:00", "TxnID": "1a237810-45eb-4bae-929d-11f4f9bd3353", "Line": "SEWC-Lines\\Line5", "Machine": "Line5\\ST3_X3 S", "ProductionStartedData": [{"ConveyorLanePosition": "2", "ConveyorStopperPosition": "1", "Pcb": {"BarcodeReaderPosition": "0", "BoardSide": "1", "IndividualGUID": "3c70a779-ae6b-4555-b712-f33f729b3c5f", "LineJobGUID": "6988db80-5e00-4bf6-9fe9-d6c95f7592d7", "Path": "STAB\\A5E50302021bt01", "PcbIndividualID": "42426", "RecipePath": "Line5\\Smart_CPU_L5_702SAF\\A5E50302021bt01", "Barcode": "", "OrderNumber": null}, "ProcessingAreaPosition": "1", "SetupPath": "Line5\\Smart_CPU_L5_702SAF", "StationTime": "2021-11-30T05:58:14.9580000+08:00", "TimeStampSinceStationStarted": "1279606.265517"}], "BoardPositionsList": {"BoardPositions": [{"ActualPosition": {"Angle": "-142", "X": "-527983", "Y": "17517", "Z": "-5000"}, "FiducialPositions": {"FiducialRecognitionResult": [{"ActualPosition": {"Angle": "-171", "X": "6428", "Y": "11338", "Z": null}, "CameraIndividualId": "4034", "FiducialFunction": "0", "GantryId": "4", "MeasurementResult": "0", "NominalPosition": {"Angle": "0", "X": "6480", "Y": "10530", "Z": null}, "Path": "A5E50302021bt01/1/02/1", "StationTime": "2021-11-30T05:58:15.6930000+08:00", "TimeStampSinceStationStarted": "1279607.000071"}, {"ActualPosition": {"Angle": "-146", "X": "242224", "Y": "192254", "Z": null}, "CameraIndividualId": "4034", "FiducialFunction": "0", "GantryId": "4", "MeasurementResult": "0", "NominalPosition": {"Angle": "0", "X": "241830", "Y": "192030", "Z": null}, "Path": "A5E50302021bt01/1/01/1", "StationTime": "2021-11-30T05:58:15.6930000+08:00", "TimeStampSinceStationStarted": "1279607.000071"}, {"ActualPosition": {"Angle": "-31", "X": "6478", "Y": "10539", "Z": null}, "CameraIndividualId": "1034", "FiducialFunction": "0", "GantryId": "1", "MeasurementResult": "0", "NominalPosition": {"Angle": "0", "X": "6480", "Y": "10530", "Z": null}, "Path": "A5E50302021bt01/1/02/1", "StationTime": "2021-11-30T05:58:15.6930000+08:00", "TimeStampSinceStationStarted": "1279607.000071"}]}, "NominalPosition": {"Angle": "0", "X": "-527904", "Y": "16695", "Z": "-5000"}}]}, "ProgressDataList": {"ProductionProgressData": {"BoardContext": {"BoardPanels": {"BoardPanel": [{"Id": "2", "PanelPath": "A5E50302021bt01/A1"}, {"Id": "3", "PanelPath": "A5E50302021bt01/B1"}]}}, "ComponentIndividuals": {"ComponentIndividual": [{"HeadSegmentId": "66049", "Measures": {"MeasureList": [{"CameraIndividualId": "1033", "MeasurementResult": "0", "PhiDeviation": "-430482", "TimeStampSinceStationStarted": "1279613.377026", "VisionDumpPath": "C:\\Sirio\\Work\\SvDumpFiles\\PartCameraDumps\\JID_103380269_OID_424260000_SEG_1_BE-Bibliothek.A5E01114436_R1279603370.svdmp", "XDeviation": "6885", "YDeviation": "109665"}]}, "Pick": {"ActualPickPosition": {"Angle": "180000", "X": "17950", "Y": "-70500"}, "MeasuredComponentHeight": "0", "NominalPickPosition": {"Angle": "180000", "X": "18014", "Y": "-70804"}, "PickupLocationId": "238", "Result": "0", "TimeStampSinceStationStarted": "1279606.789099", "VacuumAbsolute": "-780", "VacuumRelative": "-780", "ZEndPosition": "43459500", "ZTargetPosition": "43462914"}, "Place": {"ActualPlacePosition": {"Angle": "179999", "X": "100454", "Y": "171763"}, "AirkissPressure": "74", "BoardPanelId": "3", "HoldingCircuitPressure": "2147483647", "NominalPlacePosition": {"Angle": "180000", "X": "100457", "Y": "171753"}, "ReferenceDesignator": "X605_CONN_8_STECK_RC", "Result": "0", "TimeStampSinceStationStarted": "1279614.323549", "VacuumAbsolute": "-822", "VacuumRelative": "101", "ZEndPosition": "40200000", "ZTargetPosition": "40141072"}, "ElectricalMeasurement": null, "Dip": null}, {"HeadSegmentId": "131585", "Measures": {"MeasureList": [{"CameraIndividualId": "1033", "MeasurementResult": "0", "PhiDeviation": "-175955", "TimeStampSinceStationStarted": "1279613.542072", "VisionDumpPath": "C:\\Sirio\\Work\\SvDumpFiles\\PartCameraDumps\\JID_103380270_OID_424260001_SEG_2_BE-Bibliothek.A5E00189819_R1279603643.svdmp", "XDeviation": "97689", "YDeviation": "8204"}]}, "Pick": {"ActualPickPosition": {"Angle": "0", "X": "15250", "Y": "-70500"}, "MeasuredComponentHeight": "0", "NominalPickPosition": {"Angle": "0", "X": "15255", "Y": "-70278"}, "PickupLocationId": "242", "Result": "0", "TimeStampSinceStationStarted": "1279607.06187", "VacuumAbsolute": "-845", "VacuumRelative": "-845", "ZEndPosition": "47492000", "ZTargetPosition": "47405482"}, "Place": {"ActualPlacePosition": {"Angle": "-1", "X": "73577", "Y": "151040"}, "AirkissPressure": "71", "BoardPanelId": "3", "HoldingCircuitPressure": "2147483647", "NominalPlacePosition": {"Angle": "0", "X": "73580", "Y": "151030"}, "ReferenceDesignator": "T2200_EX120_TRAFO_SC", "Result": "0", "TimeStampSinceStationStarted": "1279614.494125", "VacuumAbsolute": "-847", "VacuumRelative": "100", "ZEndPosition": "41340000", "ZTargetPosition": "41273974"}, "ElectricalMeasurement": null, "Dip": null}, {"HeadSegmentId": "133124", "Measures": {"MeasureList": [{"CameraIndividualId": "4033", "MeasurementResult": "0", "PhiDeviation": "78711", "TimeStampSinceStationStarted": "1279613.90378", "VisionDumpPath": "C:\\Sirio\\Work\\SvDumpFiles\\PartCameraDumps\\JID_403361651_OID_424260002_SEG_2_BE-Bibliothek.A5E44859639_R1279608730.svdmp", "XDeviation": "-119691", "YDeviation": "-99972"}]}, "Pick": {"ActualPickPosition": {"Angle": "0", "X": "6000", "Y": "-49500"}, "MeasuredComponentHeight": "0", "NominalPickPosition": {"Angle": "0", "X": "6029", "Y": "-49427"}, "PickupLocationId": "280", "Result": "0", "TimeStampSinceStationStarted": "1279612.148838", "VacuumAbsolute": "-853", "VacuumRelative": "-853", "ZEndPosition": "46289000", "ZTargetPosition": "46261646"}, "Place": {"ActualPlacePosition": {"Angle": "-180000", "X": "22581", "Y": "162629"}, "AirkissPressure": "77", "BoardPanelId": "3", "HoldingCircuitPressure": "2147483647", "NominalPlacePosition": {"Angle": "180000", "X": "22580", "Y": "162630"}, "ReferenceDesignator": "U1700_SOP_8/SOIC_8_O", "Result": "0", "TimeStampSinceStationStarted": "1279615.191177", "VacuumAbsolute": "-853", "VacuumRelative": "99", "ZEndPosition": "43757000", "ZTargetPosition": "43695635"}, "ElectricalMeasurement": null, "Dip": null}, {"HeadSegmentId": "67588", "Measures": {"MeasureList": [{"CameraIndividualId": "4033", "MeasurementResult": "0", "PhiDeviation": "-589813", "TimeStampSinceStationStarted": "1279614.945845", "VisionDumpPath": "C:\\Sirio\\Work\\SvDumpFiles\\PartCameraDumps\\JID_403361652_OID_424260003_SEG_1_BE-Bibliothek.A5E45275537_R1279609063.svdmp", "XDeviation": "-25602", "YDeviation": "-54624"}]}, "Pick": {"ActualPickPosition": {"Angle": "0", "X": "17470", "Y": "-70910"}, "MeasuredComponentHeight": "0", "NominalPickPosition": {"Angle": "0", "X": "17626", "Y": "-70800"}, "PickupLocationId": "271", "Result": "0", "TimeStampSinceStationStarted": "1279612.481914", "VacuumAbsolute": "-802", "VacuumRelative": "-802", "ZEndPosition": "46944500", "ZTargetPosition": "46957583"}, "Place": {"ActualPlacePosition": {"Angle": "-180000", "X": "51776", "Y": "74120"}, "AirkissPressure": "71", "BoardPanelId": "3", "HoldingCircuitPressure": "2147483647", "NominalPlacePosition": {"Angle": "180000", "X": "51775", "Y": "74120"}, "ReferenceDesignator": "X601_CONN_16_STECK_R", "Result": "0", "TimeStampSinceStationStarted": "1279615.519276", "VacuumAbsolute": "-816", "VacuumRelative": "92", "ZEndPosition": "38905000", "ZTargetPosition": "38888141"}, "ElectricalMeasurement": null, "Dip": null}, {"HeadSegmentId": "66049", "Measures": {"MeasureList": [{"CameraIndividualId": "1033", "MeasurementResult": "0", "PhiDeviation": "-189979", "TimeStampSinceStationStarted": "1279615.883382", "VisionDumpPath": "C:\\Sirio\\Work\\SvDumpFiles\\PartCameraDumps\\JID_103380271_OID_424260004_SEG_1_BE-Bibliothek.A5E01114436_R1279611778.svdmp", "XDeviation": "-131462", "YDeviation": "71545"}]}, "Pick": {"ActualPickPosition": {"Angle": "180000", "X": "17950", "Y": "-70500"}, "MeasuredComponentHeight": "0", "NominalPickPosition": {"Angle": "180000", "X": "18013", "Y": "-70810"}, "PickupLocationId": "238", "Result": "0", "TimeStampSinceStationStarted": "1279615.196648", "VacuumAbsolute": "-782", "VacuumRelative": "-782", "ZEndPosition": "43495000", "ZTargetPosition": "43462061"}, "Place": {"ActualPlacePosition": {"Angle": "179999", "X": "220951", "Y": "171762"}, "AirkissPressure": "75", "BoardPanelId": "2", "HoldingCircuitPressure": "2147483647", "NominalPlacePosition": {"Angle": "180000", "X": "220957", "Y": "171753"}, "ReferenceDesignator": "X605_CONN_8_STECK_RC", "Result": "0", "TimeStampSinceStationStarted": "1279616.369174", "VacuumAbsolute": "-825", "VacuumRelative": "101", "ZEndPosition": "40352000", "ZTargetPosition": "40390120"}, "ElectricalMeasurement": null, "Dip": null}, {"HeadSegmentId": "131585", "Measures": {"MeasureList": [{"CameraIndividualId": "1033", "MeasurementResult": "0", "PhiDeviation": "-1005159", "TimeStampSinceStationStarted": "1279616.025011", "VisionDumpPath": "C:\\Sirio\\Work\\SvDumpFiles\\PartCameraDumps\\JID_103380272_OID_424260005_SEG_2_BE-Bibliothek.A5E00701727_R1279612002.svdmp", "XDeviation": "-38152", "YDeviation": "-69681"}]}, "Pick": {"ActualPickPosition": {"Angle": "180000", "X": "15250", "Y": "-70500"}, "MeasuredComponentHeight": "0", "NominalPickPosition": {"Angle": "180000", "X": "15292", "Y": "-70637"}, "PickupLocationId": "240", "Result": "0", "TimeStampSinceStationStarted": "1279615.420648", "VacuumAbsolute": "-826", "VacuumRelative": "-826", "ZEndPosition": "47136500", "ZTargetPosition": "47085569"}, "Place": {"ActualPlacePosition": {"Angle": "-1", "X": "88577", "Y": "151140"}, "AirkissPressure": "71", "BoardPanelId": "3", "HoldingCircuitPressure": "2147483647", "NominalPlacePosition": {"Angle": "0", "X": "88580", "Y": "151130"}, "ReferenceDesignator": "C2209_CAPA_2_22_KOND", "Result": "0", "TimeStampSinceStationStarted": "1279616.556501", "VacuumAbsolute": "-841", "VacuumRelative": "99", "ZEndPosition": "36785500", "ZTargetPosition": "36757321"}, "ElectricalMeasurement": null, "Dip": null}, {"HeadSegmentId": "133124", "Measures": {"MeasureList": [{"CameraIndividualId": "4033", "MeasurementResult": "0", "PhiDeviation": "103204", "TimeStampSinceStationStarted": "1279617.027421", "VisionDumpPath": "C:\\Sirio\\Work\\SvDumpFiles\\PartCameraDumps\\JID_403361653_OID_424260006_SEG_2_BE-Bibliothek.A5E44859639_R1279612662.svdmp", "XDeviation": "115375", "YDeviation": "-54458"}]}, "Pick": {"ActualPickPosition": {"Angle": "0", "X": "6000", "Y": "-49500"}, "MeasuredComponentHeight": "0", "NominalPickPosition": {"Angle": "0", "X": "6023", "Y": "-49432"}, "PickupLocationId": "280", "Result": "0", "TimeStampSinceStationStarted": "1279616.080374", "VacuumAbsolute": "-852", "VacuumRelative": "-852", "ZEndPosition": "46267000", "ZTargetPosition": "46268485"}, "Place": {"ActualPlacePosition": {"Angle": "-180000", "X": "157480", "Y": "162629"}, "AirkissPressure": "75", "BoardPanelId": "2", "HoldingCircuitPressure": "2147483647", "NominalPlacePosition": {"Angle": "180000", "X": "157480", "Y": "162630"}, "ReferenceDesignator": "U1800_SOP_8/SOIC_8_O", "Result": "0", "TimeStampSinceStationStarted": "1279617.484719", "VacuumAbsolute": "-852", "VacuumRelative": "98", "ZEndPosition": "43695500", "ZTargetPosition": "43679116"}, "ElectricalMeasurement": null, "Dip": null}, {"HeadSegmentId": "67588", "Measures": {"MeasureList": [{"CameraIndividualId": "4033", "MeasurementResult": "0", "PhiDeviation": "2404", "TimeStampSinceStationStarted": "1279617.239351", "VisionDumpPath": "C:\\Sirio\\Work\\SvDumpFiles\\PartCameraDumps\\JID_403361654_OID_424260007_SEG_1_BE-Bibliothek.A5E45275537_R1279612979.svdmp", "XDeviation": "22806", "YDeviation": "107255"}]}, "Pick": {"ActualPickPosition": {"Angle": "0", "X": "17470", "Y": "-70910"}, "MeasuredComponentHeight": "0", "NominalPickPosition": {"Angle": "0", "X": "17625", "Y": "-70803"}, "PickupLocationId": "271", "Result": "0", "TimeStampSinceStationStarted": "1279616.398015", "VacuumAbsolute": "-806", "VacuumRelative": "-806", "ZEndPosition": "46933500", "ZTargetPosition": "46954312"}, "Place": {"ActualPlacePosition": {"Angle": "-180000", "X": "172275", "Y": "74120"}, "AirkissPressure": "75", "BoardPanelId": "2", "HoldingCircuitPressure": "2147483647", "NominalPlacePosition": {"Angle": "180000", "X": "172275", "Y": "74120"}, "ReferenceDesignator": "X601_CONN_16_STECK_R", "Result": "0", "TimeStampSinceStationStarted": "1279617.823573", "VacuumAbsolute": "-829", "VacuumRelative": "95", "ZEndPosition": "39050000", "ZTargetPosition": "39086396"}, "ElectricalMeasurement": null, "Dip": null}, {"HeadSegmentId": "66049", "Measures": {"MeasureList": [{"CameraIndividualId": "1033", "MeasurementResult": "0", "PhiDeviation": "-1373126", "TimeStampSinceStationStarted": "1279619.355113", "VisionDumpPath": "C:\\Sirio\\Work\\SvDumpFiles\\PartCameraDumps\\JID_103380273_OID_424260008_SEG_1_BE-Bibliothek.A5E00701727_R1279615199.svdmp", "XDeviation": "-32526", "YDeviation": "68699"}]}, "Pick": {"ActualPickPosition": {"Angle": "180000", "X": "15250", "Y": "-70500"}, "MeasuredComponentHeight": "0", "NominalPickPosition": {"Angle": "180000", "X": "15294", "Y": "-70634"}, "PickupLocationId": "240", "Result": "0", "TimeStampSinceStationStarted": "1279618.61782", "VacuumAbsolute": "-797", "VacuumRelative": "-797", "ZEndPosition": "47083500", "ZTargetPosition": "47061302"}, "Place": {"ActualPlacePosition": {"Angle": "-1", "X": "209074", "Y": "151138"}, "AirkissPressure": "76", "BoardPanelId": "2", "HoldingCircuitPressure": "2147483647", "NominalPlacePosition": {"Angle": "0", "X": "209080", "Y": "151130"}, "ReferenceDesignator": "C2209_CAPA_2_22_KOND", "Result": "0", "TimeStampSinceStationStarted": "1279619.846086", "VacuumAbsolute": "-807", "VacuumRelative": "98", "ZEndPosition": "36941000", "ZTargetPosition": "36971755"}, "ElectricalMeasurement": null, "Dip": null}, {"HeadSegmentId": "131585", "Measures": {"MeasureList": [{"CameraIndividualId": "1033", "MeasurementResult": "0", "PhiDeviation": "431531", "TimeStampSinceStationStarted": "1279619.494685", "VisionDumpPath": "C:\\Sirio\\Work\\SvDumpFiles\\PartCameraDumps\\JID_103380274_OID_424260009_SEG_2_BE-Bibliothek.A5E00701727_R1279615475.svdmp", "XDeviation": "-27485", "YDeviation": "130487"}]}, "Pick": {"ActualPickPosition": {"Angle": "180000", "X": "15250", "Y": "-70500"}, "MeasuredComponentHeight": "0", "NominalPickPosition": {"Angle": "180000", "X": "15294", "Y": "-70634"}, "PickupLocationId": "240", "Result": "0", "TimeStampSinceStationStarted": "1279618.893987", "VacuumAbsolute": "-823", "VacuumRelative": "-823", "ZEndPosition": "47090000", "ZTargetPosition": "47098302"}, "Place": {"ActualPlacePosition": {"Angle": "-1", "X": "102576", "Y": "151140"}, "AirkissPressure": "71", "BoardPanelId": "3", "HoldingCircuitPressure": "2147483647", "NominalPlacePosition": {"Angle": "0", "X": "102580", "Y": "151130"}, "ReferenceDesignator": "C2206_CAPA_2_22_KOND", "Result": "0", "TimeStampSinceStationStarted": "1279620.020288", "VacuumAbsolute": "-839", "VacuumRelative": "99", "ZEndPosition": "36751500", "ZTargetPosition": "36699191"}, "ElectricalMeasurement": null, "Dip": null}, {"HeadSegmentId": "133124", "Measures": {"MeasureList": [{"CameraIndividualId": "4033", "MeasurementResult": "0", "PhiDeviation": "769561", "TimeStampSinceStationStarted": "1279620.585171", "VisionDumpPath": "C:\\Sirio\\Work\\SvDumpFiles\\PartCameraDumps\\JID_403361655_OID_424260010_SEG_2_BE-Bibliothek.A5E44859639_R1279614964.svdmp", "XDeviation": "109503", "YDeviation": "-50108"}]}, "Pick": {"ActualPickPosition": {"Angle": "0", "X": "6000", "Y": "-49500"}, "MeasuredComponentHeight": "0", "NominalPickPosition": {"Angle": "0", "X": "6029", "Y": "-49435"}, "PickupLocationId": "280", "Result": "0", "TimeStampSinceStationStarted": "1279618.383541", "VacuumAbsolute": "-853", "VacuumRelative": "-853", "ZEndPosition": "46262500", "ZTargetPosition": "46268113"}, "Place": {"ActualPlacePosition": {"Angle": "-180000", "X": "34644", "Y": "25852"}, "AirkissPressure": "75", "BoardPanelId": "3", "HoldingCircuitPressure": "2147483647", "NominalPlacePosition": {"Angle": "180000", "X": "34643", "Y": "25851"}, "ReferenceDesignator": "U500_SOP_8/SOIC_8_OP", "Result": "0", "TimeStampSinceStationStarted": "1279621.312958", "VacuumAbsolute": "-852", "VacuumRelative": "98", "ZEndPosition": "43783500", "ZTargetPosition": "43816178"}, "ElectricalMeasurement": null, "Dip": null}, {"HeadSegmentId": "67588", "Measures": {"MeasureList": [{"CameraIndividualId": "4033", "MeasurementResult": "0", "PhiDeviation": "-299899", "TimeStampSinceStationStarted": "1279620.87687", "VisionDumpPath": "C:\\Sirio\\Work\\SvDumpFiles\\PartCameraDumps\\JID_403361656_OID_424260011_SEG_1_BE-Bibliothek.A5E30248076_R1279615221.svdmp", "XDeviation": "-790182", "YDeviation": "-806095"}]}, "Pick": {"ActualPickPosition": {"Angle": "180000", "X": "17020", "Y": "-69475"}, "MeasuredComponentHeight": "0", "NominalPickPosition": {"Angle": "180000", "X": "17020", "Y": "-69475"}, "PickupLocationId": "267", "Result": "0", "TimeStampSinceStationStarted": "1279618.640413", "VacuumAbsolute": "-812", "VacuumRelative": "-812", "ZEndPosition": "47331000", "ZTargetPosition": "47317865"}, "Place": {"ActualPlacePosition": {"Angle": "-180000", "X": "103250", "Y": "30531"}, "AirkissPressure": "74", "BoardPanelId": "3", "HoldingCircuitPressure": "2147483647", "NominalPlacePosition": {"Angle": "180000", "X": "103250", "Y": "30530"}, "ReferenceDesignator": "X802_CONN_8_38_SONST", "Result": "0", "TimeStampSinceStationStarted": "1279621.581082", "VacuumAbsolute": "-812", "VacuumRelative": "92", "ZEndPosition": "33110500", "ZTargetPosition": "33132439"}, "ElectricalMeasurement": null, "Dip": null}, {"HeadSegmentId": "66049", "Measures": {"MeasureList": [{"CameraIndividualId": "1033", "MeasurementResult": "0", "PhiDeviation": "526675", "TimeStampSinceStationStarted": "1279622.58562", "VisionDumpPath": "C:\\Sirio\\Work\\SvDumpFiles\\PartCameraDumps\\JID_103380275_OID_424260013_SEG_1_BE-Bibliothek.A5E00701727_R1279618131.svdmp", "XDeviation": "-105372", "YDeviation": "-74029"}]}, "Pick": {"ActualPickPosition": {"Angle": "180000", "X": "15250", "Y": "-70500"}, "MeasuredComponentHeight": "0", "NominalPickPosition": {"Angle": "180000", "X": "15297", "Y": "-70644"}, "PickupLocationId": "240", "Result": "0", "TimeStampSinceStationStarted": "1279621.54976", "VacuumAbsolute": "-788", "VacuumRelative": "-788", "ZEndPosition": "47029000", "ZTargetPosition": "47063389"}, "Place": {"ActualPlacePosition": {"Angle": "-1", "X": "223073", "Y": "151138"}, "AirkissPressure": "74", "BoardPanelId": "2", "HoldingCircuitPressure": "2147483647", "NominalPlacePosition": {"Angle": "0", "X": "223080", "Y": "151130"}, "ReferenceDesignator": "C2206_CAPA_2_22_KOND", "Result": "0", "TimeStampSinceStationStarted": "1279623.838647", "VacuumAbsolute": "-799", "VacuumRelative": "96", "ZEndPosition": "36884000", "ZTargetPosition": "37012708"}, "ElectricalMeasurement": null, "Dip": null}, {"HeadSegmentId": "131585", "Measures": {"MeasureList": [{"CameraIndividualId": "1033", "MeasurementResult": "0", "PhiDeviation": "52814", "TimeStampSinceStationStarted": "1279622.805589", "VisionDumpPath": "C:\\Sirio\\Work\\SvDumpFiles\\PartCameraDumps\\JID_103380276_OID_424260012_SEG_2_BE-Bibliothek.A5E02285215_R1279618401.svdmp", "XDeviation": "-79593", "YDeviation": "478699"}]}, "Pick": {"ActualPickPosition": {"Angle": "180000", "X": "23950", "Y": "-70500"}, "MeasuredComponentHeight": "0", "NominalPickPosition": {"Angle": "180000", "X": "23950", "Y": "-70500"}, "PickupLocationId": "241", "Result": "0", "TimeStampSinceStationStarted": "1279621.820367", "VacuumAbsolute": "-860", "VacuumRelative": "-860", "ZEndPosition": "48455500", "ZTargetPosition": "48449525"}, "Place": {"ActualPlacePosition": {"Angle": "-90000", "X": "18437", "Y": "22909"}, "AirkissPressure": "76", "BoardPanelId": "3", "HoldingCircuitPressure": "2147483647", "NominalPlacePosition": {"Angle": "-90000", "X": "18439", "Y": "22900"}, "ReferenceDesignator": "X501_CONN_DSUB_9_STE", "Result": "0", "TimeStampSinceStationStarted": "1279624.166584", "VacuumAbsolute": "-861", "VacuumRelative": "103", "ZEndPosition": "36447500", "ZTargetPosition": "36421853"}, "ElectricalMeasurement": null, "Dip": null}, {"HeadSegmentId": "133124", "Measures": {"MeasureList": [{"CameraIndividualId": "4033", "MeasurementResult": "0", "PhiDeviation": "-1128374", "TimeStampSinceStationStarted": "1279623.319256", "VisionDumpPath": "C:\\Sirio\\Work\\SvDumpFiles\\PartCameraDumps\\JID_403361657_OID_424260014_SEG_2_BE-Bibliothek.A5E44859639_R1279618888.svdmp", "XDeviation": "40401", "YDeviation": "-54980"}]}, "Pick": {"ActualPickPosition": {"Angle": "0", "X": "6000", "Y": "-49500"}, "MeasuredComponentHeight": "0", "NominalPickPosition": {"Angle": "0", "X": "6034", "Y": "-49437"}, "PickupLocationId": "280", "Result": "0", "TimeStampSinceStationStarted": "1279622.307169", "VacuumAbsolute": "-852", "VacuumRelative": "-852", "ZEndPosition": "46256500", "ZTargetPosition": "46266710"}, "Place": {"ActualPlacePosition": {"Angle": "-180000", "X": "155143", "Y": "25852"}, "AirkissPressure": "74", "BoardPanelId": "2", "HoldingCircuitPressure": "2147483647", "NominalPlacePosition": {"Angle": "180000", "X": "155143", "Y": "25851"}, "ReferenceDesignator": "U500_SOP_8/SOIC_8_OP", "Result": "0", "TimeStampSinceStationStarted": "1279625.106572", "VacuumAbsolute": "-852", "VacuumRelative": "98", "ZEndPosition": "43794500", "ZTargetPosition": "43805073"}, "ElectricalMeasurement": null, "Dip": null}, {"HeadSegmentId": "67588", "Measures": {"MeasureList": [{"CameraIndividualId": "4033", "MeasurementResult": "0", "PhiDeviation": "13319", "TimeStampSinceStationStarted": "1279624.672628", "VisionDumpPath": "C:\\Sirio\\Work\\SvDumpFiles\\PartCameraDumps\\JID_403361658_OID_424260015_SEG_1_BE-Bibliothek.A5E30248076_R1279619145.svdmp", "XDeviation": "-835832", "YDeviation": "-960911"}]}, "Pick": {"ActualPickPosition": {"Angle": "180000", "X": "17020", "Y": "-69475"}, "MeasuredComponentHeight": "0", "NominalPickPosition": {"Angle": "180000", "X": "17020", "Y": "-69475"}, "PickupLocationId": "267", "Result": "0", "TimeStampSinceStationStarted": "1279622.563509", "VacuumAbsolute": "-742", "VacuumRelative": "-742", "ZEndPosition": "47311000", "ZTargetPosition": "47321149"}, "Place": {"ActualPlacePosition": {"Angle": "-180000", "X": "223749", "Y": "30531"}, "AirkissPressure": "73", "BoardPanelId": "2", "HoldingCircuitPressure": "2147483647", "NominalPlacePosition": {"Angle": "180000", "X": "223750", "Y": "30530"}, "ReferenceDesignator": "X802_CONN_8_38_SONST", "Result": "0", "TimeStampSinceStationStarted": "1279625.386366", "VacuumAbsolute": "-742", "VacuumRelative": "79", "ZEndPosition": "33454500", "ZTargetPosition": "33474057"}, "ElectricalMeasurement": null, "Dip": null}, {"HeadSegmentId": "131585", "Measures": {"MeasureList": [{"CameraIndividualId": "1033", "MeasurementResult": "0", "PhiDeviation": "178646", "TimeStampSinceStationStarted": "1279626.05444", "VisionDumpPath": "C:\\Sirio\\Work\\SvDumpFiles\\PartCameraDumps\\JID_103380277_OID_424260016_SEG_2_BE-Bibliothek.A5E02285215_R1279621489.svdmp", "XDeviation": "-19059", "YDeviation": "384443"}]}, "Pick": {"ActualPickPosition": {"Angle": "180000", "X": "23950", "Y": "-70500"}, "MeasuredComponentHeight": "0", "NominalPickPosition": {"Angle": "180000", "X": "23950", "Y": "-70500"}, "PickupLocationId": "241", "Result": "0", "TimeStampSinceStationStarted": "1279624.908387", "VacuumAbsolute": "-860", "VacuumRelative": "-860", "ZEndPosition": "48433000", "ZTargetPosition": "48451019"}, "Place": {"ActualPlacePosition": {"Angle": "-90000", "X": "138934", "Y": "22907"}, "AirkissPressure": "75", "BoardPanelId": "2", "HoldingCircuitPressure": "2147483647", "NominalPlacePosition": {"Angle": "-90000", "X": "138939", "Y": "22900"}, "ReferenceDesignator": "X501_CONN_DSUB_9_STE", "Result": "0", "TimeStampSinceStationStarted": "1279626.818983", "VacuumAbsolute": "-861", "VacuumRelative": "103", "ZEndPosition": "36463000", "ZTargetPosition": "36444549"}, "ElectricalMeasurement": null, "Dip": null}, {"HeadSegmentId": "66049", "Measures": {"MeasureList": [{"CameraIndividualId": "1033", "MeasurementResult": "0", "PhiDeviation": "30248", "TimeStampSinceStationStarted": "1279626.351132", "VisionDumpPath": "C:\\Sirio\\Work\\SvDumpFiles\\PartCameraDumps\\JID_103380278_OID_424260017_SEG_1_BE-Bibliothek.A5E00189819_R1279621887.svdmp", "XDeviation": "-14937", "YDeviation": "71000"}]}, "Pick": {"ActualPickPosition": {"Angle": "0", "X": "15250", "Y": "-70500"}, "MeasuredComponentHeight": "0", "NominalPickPosition": {"Angle": "0", "X": "15260", "Y": "-70278"}, "PickupLocationId": "242", "Result": "0", "TimeStampSinceStationStarted": "1279625.30575", "VacuumAbsolute": "-780", "VacuumRelative": "-780", "ZEndPosition": "47428000", "ZTargetPosition": "47390112"}, "Place": {"ActualPlacePosition": {"Angle": "-1", "X": "194074", "Y": "151039"}, "AirkissPressure": "73", "BoardPanelId": "2", "HoldingCircuitPressure": "2147483647", "NominalPlacePosition": {"Angle": "0", "X": "194080", "Y": "151030"}, "ReferenceDesignator": "T2200_EX120_TRAFO_SC", "Result": "0", "TimeStampSinceStationStarted": "1279627.172135", "VacuumAbsolute": "-781", "VacuumRelative": "93", "ZEndPosition": "41460500", "ZTargetPosition": "41463276"}, "ElectricalMeasurement": null, "Dip": null}, {"HeadSegmentId": "67588", "Measures": {"MeasureList": [{"CameraIndividualId": "4033", "MeasurementResult": "0", "PhiDeviation": "-193389", "TimeStampSinceStationStarted": "1279628.614374", "VisionDumpPath": "C:\\Sirio\\Work\\SvDumpFiles\\PartCameraDumps\\JID_403361659_OID_424260019_SEG_1_BE-Bibliothek.A5E51102635_R1279624067.svdmp", "XDeviation": "-52411", "YDeviation": "-27194"}]}, "Pick": {"ActualPickPosition": {"Angle": "0", "X": "15250", "Y": "-70500"}, "MeasuredComponentHeight": "0", "NominalPickPosition": {"Angle": "0", "X": "15143", "Y": "-70472"}, "PickupLocationId": "265", "Result": "0", "TimeStampSinceStationStarted": "1279627.48624", "VacuumAbsolute": "-829", "VacuumRelative": "-829", "ZEndPosition": "47204000", "ZTargetPosition": "47251936"}, "Place": {"ActualPlacePosition": {"Angle": "-180000", "X": "69619", "Y": "48630"}, "AirkissPressure": "71", "BoardPanelId": "3", "HoldingCircuitPressure": "2147483647", "NominalPlacePosition": {"Angle": "180000", "X": "69619", "Y": "48630"}, "ReferenceDesignator": "D3_BGA_63_", "Result": "0", "TimeStampSinceStationStarted": "1279628.958464", "VacuumAbsolute": "-831", "VacuumRelative": "95", "ZEndPosition": "46278000", "ZTargetPosition": "46316279"}, "ElectricalMeasurement": null, "Dip": null}, {"HeadSegmentId": "133124", "Measures": {"MeasureList": [{"CameraIndividualId": "4033", "MeasurementResult": "0", "PhiDeviation": "-1233012", "TimeStampSinceStationStarted": "1279628.402157", "VisionDumpPath": "C:\\Sirio\\Work\\SvDumpFiles\\PartCameraDumps\\JID_403361660_OID_424260018_SEG_2_BE-Bibliothek.A5E44859639_R1279624452.svdmp", "XDeviation": "-57664", "YDeviation": "-68043"}]}, "Pick": {"ActualPickPosition": {"Angle": "0", "X": "6000", "Y": "-49500"}, "MeasuredComponentHeight": "0", "NominalPickPosition": {"Angle": "0", "X": "6036", "Y": "-49440"}, "PickupLocationId": "280", "Result": "0", "TimeStampSinceStationStarted": "1279627.871176", "VacuumAbsolute": "-852", "VacuumRelative": "-852", "ZEndPosition": "46264500", "ZTargetPosition": "46264158"}, "Place": {"ActualPlacePosition": {"Angle": "-180000", "X": "150280", "Y": "162629"}, "AirkissPressure": "75", "BoardPanelId": "2", "HoldingCircuitPressure": "2147483647", "NominalPlacePosition": {"Angle": "180000", "X": "150280", "Y": "162630"}, "ReferenceDesignator": "U1704_SOP_8/SOIC_8_O", "Result": "0", "TimeStampSinceStationStarted": "1279629.28804", "VacuumAbsolute": "-854", "VacuumRelative": "99", "ZEndPosition": "43680000", "ZTargetPosition": "43657697"}, "ElectricalMeasurement": null, "Dip": null}, {"HeadSegmentId": "133124", "Measures": {"MeasureList": [{"CameraIndividualId": "4033", "MeasurementResult": "0", "PhiDeviation": "189087", "TimeStampSinceStationStarted": "1279630.732095", "VisionDumpPath": "C:\\Sirio\\Work\\SvDumpFiles\\PartCameraDumps\\JID_403361661_OID_424260020_SEG_2_BE-Bibliothek.A5E44859639_R1279626482.svdmp", "XDeviation": "70969", "YDeviation": "-67085"}]}, "Pick": {"ActualPickPosition": {"Angle": "0", "X": "6000", "Y": "-49500"}, "MeasuredComponentHeight": "0", "NominalPickPosition": {"Angle": "0", "X": "6033", "Y": "-49444"}, "PickupLocationId": "280", "Result": "0", "TimeStampSinceStationStarted": "1279629.900852", "VacuumAbsolute": "-852", "VacuumRelative": "-852", "ZEndPosition": "46260000", "ZTargetPosition": "46264243"}, "Place": {"ActualPlacePosition": {"Angle": "-180000", "X": "29781", "Y": "162629"}, "AirkissPressure": "73", "BoardPanelId": "3", "HoldingCircuitPressure": "2147483647", "NominalPlacePosition": {"Angle": "180000", "X": "29780", "Y": "162630"}, "ReferenceDesignator": "U1704_SOP_8/SOIC_8_O", "Result": "0", "TimeStampSinceStationStarted": "1279631.189747", "VacuumAbsolute": "-852", "VacuumRelative": "98", "ZEndPosition": "43740500", "ZTargetPosition": "43682904"}, "ElectricalMeasurement": null, "Dip": null}, {"HeadSegmentId": "67588", "Measures": {"MeasureList": [{"CameraIndividualId": "4033", "MeasurementResult": "0", "PhiDeviation": "-166724", "TimeStampSinceStationStarted": "1279630.944116", "VisionDumpPath": "C:\\Sirio\\Work\\SvDumpFiles\\PartCameraDumps\\JID_403361662_OID_424260021_SEG_1_BE-Bibliothek.A5E51102635_R1279626718.svdmp", "XDeviation": "-103497", "YDeviation": "-7260"}]}, "Pick": {"ActualPickPosition": {"Angle": "0", "X": "15250", "Y": "-70500"}, "MeasuredComponentHeight": "0", "NominalPickPosition": {"Angle": "0", "X": "15141", "Y": "-70473"}, "PickupLocationId": "265", "Result": "0", "TimeStampSinceStationStarted": "1279630.136946", "VacuumAbsolute": "-821", "VacuumRelative": "-821", "ZEndPosition": "47199000", "ZTargetPosition": "47239952"}, "Place": {"ActualPlacePosition": {"Angle": "-180000", "X": "190118", "Y": "48630"}, "AirkissPressure": "75", "BoardPanelId": "2", "HoldingCircuitPressure": "2147483647", "NominalPlacePosition": {"Angle": "180000", "X": "190119", "Y": "48630"}, "ReferenceDesignator": "D3_BGA_63_", "Result": "0", "TimeStampSinceStationStarted": "1279631.581095", "VacuumAbsolute": "-822", "VacuumRelative": "93", "ZEndPosition": "46342500", "ZTargetPosition": "46445039"}, "ElectricalMeasurement": null, "Dip": null}, {"HeadSegmentId": "67588", "Measures": {"MeasureList": [{"CameraIndividualId": "4033", "MeasurementResult": "0", "PhiDeviation": "1019846", "TimeStampSinceStationStarted": "1279636.734142", "VisionDumpPath": "C:\\Sirio\\Work\\SvDumpFiles\\PartCameraDumps\\JID_403361663_OID_424260022_SEG_1_BE-Bibliothek.A5E44859639_R1279632282.svdmp", "XDeviation": "63517", "YDeviation": "6580"}]}, "Pick": {"ActualPickPosition": {"Angle": "0", "X": "6000", "Y": "-49500"}, "MeasuredComponentHeight": "0", "NominalPickPosition": {"Angle": "0", "X": "6037", "Y": "-49447"}, "PickupLocationId": "280", "Result": "0", "TimeStampSinceStationStarted": "1279635.700349", "VacuumAbsolute": "-839", "VacuumRelative": "-839", "ZEndPosition": "46236500", "ZTargetPosition": "46262682"}, "Place": {"ActualPlacePosition": {"Angle": "-180000", "X": "143080", "Y": "162629"}, "AirkissPressure": "75", "BoardPanelId": "2", "HoldingCircuitPressure": "2147483647", "NominalPlacePosition": {"Angle": "180000", "X": "143080", "Y": "162630"}, "ReferenceDesignator": "U1700_SOP_8/SOIC_8_O", "Result": "0", "TimeStampSinceStationStarted": "1279637.04951", "VacuumAbsolute": "-839", "VacuumRelative": "95", "ZEndPosition": "43632000", "ZTargetPosition": "43604825"}, "ElectricalMeasurement": null, "Dip": null}, {"HeadSegmentId": "133124", "Measures": {"MeasureList": [{"CameraIndividualId": "4033", "MeasurementResult": "0", "PhiDeviation": "413076", "TimeStampSinceStationStarted": "1279636.503902", "VisionDumpPath": "C:\\Sirio\\Work\\SvDumpFiles\\PartCameraDumps\\JID_403361664_OID_424260023_SEG_2_BE-Bibliothek.A5E44859639_R1279632566.svdmp", "XDeviation": "-85211", "YDeviation": "-77300"}]}, "Pick": {"ActualPickPosition": {"Angle": "0", "X": "6000", "Y": "-49500"}, "MeasuredComponentHeight": "0", "NominalPickPosition": {"Angle": "0", "X": "6037", "Y": "-49447"}, "PickupLocationId": "280", "Result": "0", "TimeStampSinceStationStarted": "1279635.985129", "VacuumAbsolute": "-852", "VacuumRelative": "-852", "ZEndPosition": "46264500", "ZTargetPosition": "46263182"}, "Place": {"ActualPlacePosition": {"Angle": "-180000", "X": "36981", "Y": "162629"}, "AirkissPressure": "76", "BoardPanelId": "3", "HoldingCircuitPressure": "2147483647", "NominalPlacePosition": {"Angle": "180000", "X": "36980", "Y": "162630"}, "ReferenceDesignator": "U1800_SOP_8/SOIC_8_O", "Result": "0", "TimeStampSinceStationStarted": "1279637.346204", "VacuumAbsolute": "-853", "VacuumRelative": "99", "ZEndPosition": "43739000", "ZTargetPosition": "43678818"}, "ElectricalMeasurement": null, "Dip": null}]}, "HeadContext": {"HeadSegments": {"HeadSegment": [{"GantryId": "1", "Head": "1", "HeadName": "Twin Head 5xx", "Id": "66049", "NozzleTypeId": "581", "SegmentNumber": "1"}, {"GantryId": "4", "Head": "1", "HeadName": "Twin Head 5xx", "Id": "67588", "NozzleTypeId": "516", "SegmentNumber": "1"}, {"GantryId": "1", "Head": "1", "HeadName": "Twin Head 5xx", "Id": "131585", "NozzleTypeId": "517", "SegmentNumber": "2"}, {"GantryId": "4", "Head": "1", "HeadName": "Twin Head 5xx", "Id": "133124", "NozzleTypeId": "597", "SegmentNumber": "2"}]}}, "SetupContext": {"PickupLocations": {"PickupLocation": [{"Division": "1", "FeederId": "32FAUE900466", "FeederType": "288", "Id": "238", "Level": "0", "Location": "1", "StartTrackNumber": "7", "SubLocation": "1", "Tower": "0", "PackagingUid": "M05323114"}, {"Division": "1", "FeederId": "24KL-L205402", "FeederType": "280", "Id": "240", "Level": "0", "Location": "1", "StartTrackNumber": "14", "SubLocation": "1", "Tower": "0", "PackagingUid": "M05187742"}, {"Division": "1", "FeederId": "44KL-K305106", "FeederType": "300", "Id": "241", "Level": "0", "Location": "1", "StartTrackNumber": "17", "SubLocation": "1", "Tower": "0", "PackagingUid": "M04859692"}, {"Division": "1", "FeederId": "24KL-K305319", "FeederType": "280", "Id": "242", "Level": "0", "Location": "1", "StartTrackNumber": "22", "SubLocation": "1", "Tower": "0", "PackagingUid": "M04790527"}, {"Division": "1", "FeederId": "24FAUE900672", "FeederType": "280", "Id": "265", "Level": "0", "Location": "4", "StartTrackNumber": "1", "SubLocation": "1", "Tower": "0", "PackagingUid": "A00061484"}, {"Division": "1", "FeederId": "32FAUE000671", "FeederType": "288", "Id": "267", "Level": "0", "Location": "4", "StartTrackNumber": "16", "SubLocation": "1", "Tower": "0", "PackagingUid": "M05305960"}, {"Division": "1", "FeederId": "32FAUE900659", "FeederType": "288", "Id": "271", "Level": "0", "Location": "4", "StartTrackNumber": "28", "SubLocation": "1", "Tower": "0", "PackagingUid": "M05299897"}, {"Division": "1", "FeederId": "12KL-F105078", "FeederType": "268", "Id": "280", "Level": "0", "Location": "4", "StartTrackNumber": "14", "SubLocation": "1", "Tower": "0", "PackagingUid": "M05245903"}]}}}}, "ProductionEndedData": {"StationTime": "2021-11-30T05:58:46.3410000+08:00", "TimeStampSinceStationStarted": "1279637.647762"}}