{"name": "PDI_Line5_4211314832_20211130225314.txt", "Timestamp": "2021-11-30T22:52:59.7677957+08:00", "TxnID": "15a78477-6126-4686-a706-a7cad9dbb711", "Line": "SEWC-Lines\\Line5", "Machine": "Line5\\ST3_X3 S", "ProductionStartedData": [{"ConveyorLanePosition": "2", "ConveyorStopperPosition": "1", "Pcb": {"BarcodeReaderPosition": "0", "BoardSide": "1", "IndividualGUID": "871ed4d5-10c4-41e7-ae74-ee463addf488", "LineJobGUID": "0eac2a39-09f1-470d-9bd7-2a5e9815b5ca", "Path": "STAB\\A5E50302024lt02", "PcbIndividualID": "44398", "RecipePath": "Line5\\Smart_CPU_L5_702SAF\\A5E50302024lt02", "Barcode": "", "OrderNumber": null}, "ProcessingAreaPosition": "1", "SetupPath": "Line5\\Smart_CPU_L5_702SAF", "StationTime": "2021-11-30T22:50:35.3950000+08:00", "TimeStampSinceStationStarted": "1340346.400786"}], "BoardPositionsList": {"BoardPositions": [{"ActualPosition": {"Angle": "-226", "X": "-476404", "Y": "17595", "Z": "-5000"}, "FiducialPositions": {"FiducialRecognitionResult": [{"ActualPosition": {"Angle": "-230", "X": "193722", "Y": "12120", "Z": null}, "CameraIndividualId": "4034", "FiducialFunction": "0", "GantryId": "4", "MeasurementResult": "0", "NominalPosition": {"Angle": "0", "X": "194170", "Y": "11990", "Z": null}, "Path": "A5E50302024lt02/1/01/1", "StationTime": "2021-11-30T22:50:37.9960000+08:00", "TimeStampSinceStationStarted": "1340349.001816"}, {"ActualPosition": {"Angle": "-242", "X": "5260", "Y": "185111", "Z": null}, "CameraIndividualId": "4034", "FiducialFunction": "0", "GantryId": "4", "MeasurementResult": "0", "NominalPosition": {"Angle": "0", "X": "5040", "Y": "184226", "Z": null}, "Path": "A5E50302024lt02/1/02/1", "StationTime": "2021-11-30T22:50:37.9960000+08:00", "TimeStampSinceStationStarted": "1340349.001816"}]}, "NominalPosition": {"Angle": "0", "X": "-475904", "Y": "16695", "Z": "-5000"}}]}, "ProgressDataList": {"ProductionProgressData": {"BoardContext": {"BoardPanels": {"BoardPanel": [{"Id": "2", "PanelPath": "A5E50302024lt02/A1"}]}}, "ComponentIndividuals": {"ComponentIndividual": [{"HeadSegmentId": "67588", "Measures": {"MeasureList": [{"CameraIndividualId": "4033", "MeasurementResult": "0", "PhiDeviation": "605951", "TimeStampSinceStationStarted": "1340349.651767", "VisionDumpPath": "C:\\Sirio\\Work\\SvDumpFiles\\PartCameraDumps\\JID_403374094_OID_443980000_SEG_1_BE-Bibliothek.A5E00277754_R1340343473.svdmp", "XDeviation": "-159014", "YDeviation": "-913"}]}, "Pick": {"ActualPickPosition": {"Angle": "0", "X": "18028", "Y": "-70606"}, "MeasuredComponentHeight": "0", "NominalPickPosition": {"Angle": "0", "X": "17734", "Y": "-70487"}, "PickupLocationId": "272", "Result": "0", "TimeStampSinceStationStarted": "1340346.591316", "VacuumAbsolute": "-819", "VacuumRelative": "-819", "ZEndPosition": "47265000", "ZTargetPosition": "47260552"}, "Place": {"ActualPlacePosition": {"Angle": "180000", "X": "172155", "Y": "50422"}, "AirkissPressure": "77", "BoardPanelId": "2", "HoldingCircuitPressure": "2147483647", "NominalPlacePosition": {"Angle": "180000", "X": "172150", "Y": "50425"}, "ReferenceDesignator": "X101_EXSOP_14_STECK_", "Result": "0", "TimeStampSinceStationStarted": "1340349.9479", "VacuumAbsolute": "-838", "VacuumRelative": "95", "ZEndPosition": "38878500", "ZTargetPosition": "38932090"}, "ElectricalMeasurement": null, "Dip": null}, {"HeadSegmentId": "67588", "Measures": {"MeasureList": [{"CameraIndividualId": "4033", "MeasurementResult": "0", "PhiDeviation": "-509621", "TimeStampSinceStationStarted": "1340351.192141", "VisionDumpPath": "C:\\Sirio\\Work\\SvDumpFiles\\PartCameraDumps\\JID_403374095_OID_443980001_SEG_1_BE-Bibliothek.A5E50179091_R1340347648.svdmp", "XDeviation": "58571", "YDeviation": "12135"}]}, "Pick": {"ActualPickPosition": {"Angle": "0", "X": "15126", "Y": "-71150"}, "MeasuredComponentHeight": "0", "NominalPickPosition": {"Angle": "0", "X": "15199", "Y": "-71293"}, "PickupLocationId": "266", "Result": "0", "TimeStampSinceStationStarted": "1340350.766396", "VacuumAbsolute": "-781", "VacuumRelative": "-781", "ZEndPosition": "47536000", "ZTargetPosition": "47625540"}, "Place": {"ActualPlacePosition": {"Angle": "0", "X": "146303", "Y": "29326"}, "AirkissPressure": "77", "BoardPanelId": "2", "HoldingCircuitPressure": "2147483647", "NominalPlacePosition": {"Angle": "0", "X": "146300", "Y": "29330"}, "ReferenceDesignator": "D2_BGA_90_IC_DRAM_51", "Result": "0", "TimeStampSinceStationStarted": "1340351.494928", "VacuumAbsolute": "-833", "VacuumRelative": "94", "ZEndPosition": "46588000", "ZTargetPosition": "46618102"}, "ElectricalMeasurement": null, "Dip": null}]}, "HeadContext": {"HeadSegments": {"HeadSegment": [{"GantryId": "4", "Head": "1", "HeadName": "Twin Head 5xx", "Id": "67588", "NozzleTypeId": "516", "SegmentNumber": "1"}]}}, "SetupContext": {"PickupLocations": {"PickupLocation": [{"Division": "1", "FeederId": "24FAUE600590", "FeederType": "280", "Id": "266", "Level": "0", "Location": "4", "StartTrackNumber": "4", "SubLocation": "1", "Tower": "0", "PackagingUid": "A00055530"}, {"Division": "1", "FeederId": "32KL-K405124", "FeederType": "288", "Id": "272", "Level": "0", "Location": "4", "StartTrackNumber": "32", "SubLocation": "1", "Tower": "0", "PackagingUid": "M05323054"}]}}}}, "ProductionEndedData": {"StationTime": "2021-11-30T22:50:40.8570000+08:00", "TimeStampSinceStationStarted": "1340351.863459"}}