{"name": "PDI_Line5_3819101120_20211130181542.txt", "Timestamp": "2021-11-30T18:15:21.1999535+08:00", "TxnID": "43910a6e-2478-409a-a65f-7d8eb9e9706c", "Line": "SEWC-Lines\\Line5", "Machine": "Line5\\ST2_X4 S", "ProductionStartedData": [{"ConveyorLanePosition": "2", "ConveyorStopperPosition": "1", "Pcb": {"BarcodeReaderPosition": "0", "BoardSide": "1", "IndividualGUID": "a99a3823-88a9-4d98-b468-53b24a16261c", "LineJobGUID": "e5c1bbcc-188b-45e0-8688-0345d94b6a3b", "Path": "STAB\\A5E50302024bt02", "PcbIndividualID": "43782", "RecipePath": "Line5\\Smart_CPU_L5_702SAF\\A5E50302024bt02", "Barcode": "", "OrderNumber": null}, "ProcessingAreaPosition": "1", "SetupPath": "Line5\\Smart_CPU_L5_702SAF", "StationTime": "2021-11-30T18:15:40.4080000+08:00", "TimeStampSinceStationStarted": "1323681.825627"}], "BoardPositionsList": {"BoardPositions": [{"ActualPosition": {"Angle": "21", "X": "-476086", "Y": "18723", "Z": "-5000"}, "FiducialPositions": {"FiducialRecognitionResult": [{"ActualPosition": {"Angle": "35", "X": "192297", "Y": "186437", "Z": null}, "CameraIndividualId": "4034", "FiducialFunction": "0", "GantryId": "4", "MeasurementResult": "0", "NominalPosition": {"Angle": "0", "X": "192833", "Y": "186004", "Z": null}, "Path": "A5E50302024bt02/1/02/1", "StationTime": "2021-11-30T18:15:42.2080000+08:00", "TimeStampSinceStationStarted": "1323683.625737"}, {"ActualPosition": {"Angle": "46", "X": "4370", "Y": "12088", "Z": null}, "CameraIndividualId": "4034", "FiducialFunction": "0", "GantryId": "4", "MeasurementResult": "0", "NominalPosition": {"Angle": "0", "X": "4810", "Y": "11697", "Z": null}, "Path": "A5E50302024bt02/1/01/1", "StationTime": "2021-11-30T18:15:42.2080000+08:00", "TimeStampSinceStationStarted": "1323683.625737"}]}, "NominalPosition": {"Angle": "0", "X": "-475635", "Y": "18348", "Z": "-5000"}}]}, "ProgressDataList": {"ProductionProgressData": {"BoardContext": {"BoardPanels": {"BoardPanel": [{"Id": "2", "PanelPath": "A5E50302024bt02/A1"}]}}, "ComponentIndividuals": {"ComponentIndividual": [{"HeadSegmentId": "66049", "Measures": {"MeasureList": [{"CameraIndividualId": "1030", "MeasurementResult": "0", "PhiDeviation": "-13119", "TimeStampSinceStationStarted": "1323683.923752", "VisionDumpPath": "C:\\Sirio\\Work\\SvDumpFiles\\PartCameraDumps\\JID_103031380_OID_437820000_SEG_1_BE-Bibliothek.A5E00132529_R1323684679.svdmp", "XDeviation": "-17735", "YDeviation": "-49975"}]}, "Pick": {"ActualPickPosition": {"Angle": "0", "X": "8000", "Y": "-51500"}, "MeasuredComponentHeight": "1028731", "NominalPickPosition": {"Angle": "0", "X": "8110", "Y": "-51417"}, "PickupLocationId": "148", "Result": "0", "TimeStampSinceStationStarted": "1323683.21299", "VacuumAbsolute": "-828", "VacuumRelative": "-828", "ZEndPosition": "16482000", "ZTargetPosition": "16422380"}, "Place": {"ActualPlacePosition": {"Angle": "-3", "X": "99446", "Y": "50074"}, "AirkissPressure": "60", "BoardPanelId": "2", "HoldingCircuitPressure": "-589", "NominalPlacePosition": {"Angle": "0", "X": "99450", "Y": "50030"}, "ReferenceDesignator": "D1200_TSSOP_20_IC_IN", "Result": "0", "TimeStampSinceStationStarted": "1323684.771023", "VacuumAbsolute": "-771", "VacuumRelative": "75", "ZEndPosition": "15655500", "ZTargetPosition": "15631825"}, "ElectricalMeasurement": null, "Dip": null}, {"HeadSegmentId": "131585", "Measures": {"MeasureList": [{"CameraIndividualId": "1030", "MeasurementResult": "0", "PhiDeviation": "-73951", "TimeStampSinceStationStarted": "1323684.00128", "VisionDumpPath": "C:\\Sirio\\Work\\SvDumpFiles\\PartCameraDumps\\JID_103031381_OID_437820001_SEG_2_BE-Bibliothek.A5E00132529_R1323684832.svdmp", "XDeviation": "-55155", "YDeviation": "-71591"}]}, "Pick": {"ActualPickPosition": {"Angle": "0", "X": "8000", "Y": "-51500"}, "MeasuredComponentHeight": "1022612", "NominalPickPosition": {"Angle": "0", "X": "8110", "Y": "-51417"}, "PickupLocationId": "148", "Result": "0", "TimeStampSinceStationStarted": "1323683.366383", "VacuumAbsolute": "-852", "VacuumRelative": "-852", "ZEndPosition": "16475500", "ZTargetPosition": "16431785"}, "Place": {"ActualPlacePosition": {"Angle": "-3", "X": "119333", "Y": "50273"}, "AirkissPressure": "52", "BoardPanelId": "2", "HoldingCircuitPressure": "-605", "NominalPlacePosition": {"Angle": "0", "X": "119350", "Y": "50230"}, "ReferenceDesignator": "D1204_TSSOP_20_IC_IN", "Result": "0", "TimeStampSinceStationStarted": "1323684.85066", "VacuumAbsolute": "-785", "VacuumRelative": "92", "ZEndPosition": "15689500", "ZTargetPosition": "15657794"}, "ElectricalMeasurement": null, "Dip": null}, {"HeadSegmentId": "197121", "Measures": {"MeasureList": [{"CameraIndividualId": "1030", "MeasurementResult": "0", "PhiDeviation": "-473322", "TimeStampSinceStationStarted": "1323684.080844", "VisionDumpPath": "C:\\Sirio\\Work\\SvDumpFiles\\PartCameraDumps\\JID_103031382_OID_437820002_SEG_3_BE-Bibliothek.A5E00207035_R1323685059.svdmp", "XDeviation": "49122", "YDeviation": "-4829"}]}, "Pick": {"ActualPickPosition": {"Angle": "0", "X": "1000", "Y": "-50000"}, "MeasuredComponentHeight": "510834", "NominalPickPosition": {"Angle": "0", "X": "893", "Y": "-49773"}, "PickupLocationId": "156", "Result": "0", "TimeStampSinceStationStarted": "1323683.593256", "VacuumAbsolute": "-749", "VacuumRelative": "-749", "ZEndPosition": "13791000", "ZTargetPosition": "13760300"}, "Place": {"ActualPlacePosition": {"Angle": "-3", "X": "101396", "Y": "55673"}, "AirkissPressure": "51", "BoardPanelId": "2", "HoldingCircuitPressure": "-537", "NominalPlacePosition": {"Angle": "0", "X": "101400", "Y": "55630"}, "ReferenceDesignator": "R1209_1206_8_WID_NET", "Result": "0", "TimeStampSinceStationStarted": "1323684.934269", "VacuumAbsolute": "-793", "VacuumRelative": "78", "ZEndPosition": "14175500", "ZTargetPosition": "14135764"}, "ElectricalMeasurement": null, "Dip": null}, {"HeadSegmentId": "262657", "Measures": {"MeasureList": [{"CameraIndividualId": "1030", "MeasurementResult": "0", "PhiDeviation": "-92138", "TimeStampSinceStationStarted": "1323684.200845", "VisionDumpPath": "C:\\Sirio\\Work\\SvDumpFiles\\PartCameraDumps\\JID_103031383_OID_437820003_SEG_4_BE-Bibliothek.A5E00207035_R1323685130.svdmp", "XDeviation": "71528", "YDeviation": "31558"}]}, "Pick": {"ActualPickPosition": {"Angle": "0", "X": "1000", "Y": "-50000"}, "MeasuredComponentHeight": "525542", "NominalPickPosition": {"Angle": "0", "X": "893", "Y": "-49773"}, "PickupLocationId": "156", "Result": "0", "TimeStampSinceStationStarted": "1323683.664365", "VacuumAbsolute": "-718", "VacuumRelative": "-718", "ZEndPosition": "13865000", "ZTargetPosition": "13846475"}, "Place": {"ActualPlacePosition": {"Angle": "179997", "X": "97548", "Y": "55673"}, "AirkissPressure": "55", "BoardPanelId": "2", "HoldingCircuitPressure": "-418", "NominalPlacePosition": {"Angle": "180000", "X": "97550", "Y": "55630"}, "ReferenceDesignator": "R1203_1206_8_WID_NET", "Result": "0", "TimeStampSinceStationStarted": "1323685.001871", "VacuumAbsolute": "-742", "VacuumRelative": "68", "ZEndPosition": "14250500", "ZTargetPosition": "14216142"}, "ElectricalMeasurement": null, "Dip": null}, {"HeadSegmentId": "328193", "Measures": {"MeasureList": [{"CameraIndividualId": "1030", "MeasurementResult": "0", "PhiDeviation": "2916199", "TimeStampSinceStationStarted": "1323684.257415", "VisionDumpPath": "C:\\Sirio\\Work\\SvDumpFiles\\PartCameraDumps\\JID_103031384_OID_437820004_SEG_5_BE-Bibliothek.A5E00207035_R1323685203.svdmp", "XDeviation": "-10068", "YDeviation": "-96459"}]}, "Pick": {"ActualPickPosition": {"Angle": "0", "X": "1000", "Y": "-50000"}, "MeasuredComponentHeight": "534951", "NominalPickPosition": {"Angle": "0", "X": "893", "Y": "-49773"}, "PickupLocationId": "156", "Result": "0", "TimeStampSinceStationStarted": "1323683.737446", "VacuumAbsolute": "-789", "VacuumRelative": "-789", "ZEndPosition": "12854000", "ZTargetPosition": "12800606"}, "Place": {"ActualPlacePosition": {"Angle": "-3", "X": "118734", "Y": "55972"}, "AirkissPressure": "54", "BoardPanelId": "2", "HoldingCircuitPressure": "-564", "NominalPlacePosition": {"Angle": "0", "X": "118750", "Y": "55930"}, "ReferenceDesignator": "R1207_1206_8_WID_NET", "Result": "0", "TimeStampSinceStationStarted": "1323685.075996", "VacuumAbsolute": "-830", "VacuumRelative": "96", "ZEndPosition": "13224000", "ZTargetPosition": "13182836"}, "ElectricalMeasurement": null, "Dip": null}, {"HeadSegmentId": "393729", "Measures": {"MeasureList": [{"CameraIndividualId": "1030", "MeasurementResult": "0", "PhiDeviation": "86948", "TimeStampSinceStationStarted": "1323684.311613", "VisionDumpPath": "C:\\Sirio\\Work\\SvDumpFiles\\PartCameraDumps\\JID_103031385_OID_437820005_SEG_6_BE-Bibliothek.A5E00726333_R1323685303.svdmp", "XDeviation": "-69008", "YDeviation": "-122393"}]}, "Pick": {"ActualPickPosition": {"Angle": "0", "X": "1090", "Y": "-50930"}, "MeasuredComponentHeight": "1375149", "NominalPickPosition": {"Angle": "0", "X": "1090", "Y": "-50930"}, "PickupLocationId": "159", "Result": "0", "TimeStampSinceStationStarted": "1323683.837158", "VacuumAbsolute": "-791", "VacuumRelative": "-791", "ZEndPosition": "13536000", "ZTargetPosition": "13610808"}, "Place": {"ActualPlacePosition": {"Angle": "89995", "X": "169996", "Y": "38572"}, "AirkissPressure": "56", "BoardPanelId": "2", "HoldingCircuitPressure": "-446", "NominalPlacePosition": {"Angle": "90000", "X": "170050", "Y": "38530"}, "ReferenceDesignator": "C807_0805_KOND_KER_V", "Result": "0", "TimeStampSinceStationStarted": "1323685.176531", "VacuumAbsolute": "-822", "VacuumRelative": "87", "ZEndPosition": "12873500", "ZTargetPosition": "12855685"}, "ElectricalMeasurement": null, "Dip": null}, {"HeadSegmentId": "459265", "Measures": {"MeasureList": [{"CameraIndividualId": "1030", "MeasurementResult": "0", "PhiDeviation": "-1935542", "TimeStampSinceStationStarted": "1323684.778234", "VisionDumpPath": "C:\\Sirio\\Work\\SvDumpFiles\\PartCameraDumps\\JID_103031386_OID_437820006_SEG_7_BE-Bibliothek.A5E00726333_R1323685379.svdmp", "XDeviation": "-67949", "YDeviation": "-188501"}]}, "Pick": {"ActualPickPosition": {"Angle": "0", "X": "1090", "Y": "-50930"}, "MeasuredComponentHeight": "1322928", "NominalPickPosition": {"Angle": "0", "X": "1090", "Y": "-50930"}, "PickupLocationId": "159", "Result": "0", "TimeStampSinceStationStarted": "1323683.913793", "VacuumAbsolute": "-795", "VacuumRelative": "-795", "ZEndPosition": "13659500", "ZTargetPosition": "13620106"}, "Place": {"ActualPlacePosition": {"Angle": "-3", "X": "169545", "Y": "26575"}, "AirkissPressure": "57", "BoardPanelId": "2", "HoldingCircuitPressure": "-471", "NominalPlacePosition": {"Angle": "0", "X": "169600", "Y": "26530"}, "ReferenceDesignator": "C940_0805_KOND_KER_V", "Result": "0", "TimeStampSinceStationStarted": "1323685.26347", "VacuumAbsolute": "-828", "VacuumRelative": "87", "ZEndPosition": "13111500", "ZTargetPosition": "13035079"}, "ElectricalMeasurement": null, "Dip": null}, {"HeadSegmentId": "524801", "Measures": {"MeasureList": [{"CameraIndividualId": "1030", "MeasurementResult": "0", "PhiDeviation": "-163", "TimeStampSinceStationStarted": "1323684.86094", "VisionDumpPath": "C:\\Sirio\\Work\\SvDumpFiles\\PartCameraDumps\\JID_103031387_OID_437820007_SEG_8_BE-Bibliothek.A5E00726333_R1323685457.svdmp", "XDeviation": "-97652", "YDeviation": "-124561"}]}, "Pick": {"ActualPickPosition": {"Angle": "0", "X": "1090", "Y": "-50930"}, "MeasuredComponentHeight": "1359414", "NominalPickPosition": {"Angle": "0", "X": "1090", "Y": "-50930"}, "PickupLocationId": "159", "Result": "0", "TimeStampSinceStationStarted": "1323683.991289", "VacuumAbsolute": "-791", "VacuumRelative": "-791", "ZEndPosition": "13631000", "ZTargetPosition": "13634454"}, "Place": {"ActualPlacePosition": {"Angle": "89995", "X": "76780", "Y": "29089"}, "AirkissPressure": "55", "BoardPanelId": "2", "HoldingCircuitPressure": "-504", "NominalPlacePosition": {"Angle": "90000", "X": "76770", "Y": "29040"}, "ReferenceDesignator": "C902_0805_KOND_KER_V", "Result": "0", "TimeStampSinceStationStarted": "1323685.390993", "VacuumAbsolute": "-827", "VacuumRelative": "87", "ZEndPosition": "12869000", "ZTargetPosition": "12866465"}, "ElectricalMeasurement": null, "Dip": null}, {"HeadSegmentId": "590337", "Measures": {"MeasureList": [{"CameraIndividualId": "1030", "MeasurementResult": "0", "PhiDeviation": "-663115", "TimeStampSinceStationStarted": "1323684.939711", "VisionDumpPath": "C:\\Sirio\\Work\\SvDumpFiles\\PartCameraDumps\\JID_103031388_OID_437820008_SEG_9_BE-Bibliothek.A5E00726333_R1323685536.svdmp", "XDeviation": "-219254", "YDeviation": "-144089"}]}, "Pick": {"ActualPickPosition": {"Angle": "0", "X": "1090", "Y": "-50930"}, "MeasuredComponentHeight": "1319570", "NominalPickPosition": {"Angle": "0", "X": "1090", "Y": "-50930"}, "PickupLocationId": "159", "Result": "0", "TimeStampSinceStationStarted": "1323684.070874", "VacuumAbsolute": "-778", "VacuumRelative": "-778", "ZEndPosition": "13576000", "ZTargetPosition": "13570091"}, "Place": {"ActualPlacePosition": {"Angle": "-3", "X": "68367", "Y": "31229"}, "AirkissPressure": "53", "BoardPanelId": "2", "HoldingCircuitPressure": "-553", "NominalPlacePosition": {"Angle": "0", "X": "68350", "Y": "31180"}, "ReferenceDesignator": "C926_0805_KOND_KER_V", "Result": "0", "TimeStampSinceStationStarted": "1323685.457639", "VacuumAbsolute": "-803", "VacuumRelative": "77", "ZEndPosition": "12838500", "ZTargetPosition": "12764366"}, "ElectricalMeasurement": null, "Dip": null}, {"HeadSegmentId": "655873", "Measures": {"MeasureList": [{"CameraIndividualId": "1030", "MeasurementResult": "0", "PhiDeviation": "-155024", "TimeStampSinceStationStarted": "1323685.01183", "VisionDumpPath": "C:\\Sirio\\Work\\SvDumpFiles\\PartCameraDumps\\JID_103031389_OID_437820009_SEG_10_BE-Bibliothek.A5E00818233_R1323685658.svdmp", "XDeviation": "48171", "YDeviation": "20968"}]}, "Pick": {"ActualPickPosition": {"Angle": "0", "X": "899", "Y": "-51449"}, "MeasuredComponentHeight": "494475", "NominalPickPosition": {"Angle": "0", "X": "957", "Y": "-51446"}, "PickupLocationId": "164", "Result": "0", "TimeStampSinceStationStarted": "1323684.193164", "VacuumAbsolute": "-753", "VacuumRelative": "-753", "ZEndPosition": "11724000", "ZTargetPosition": "11744000"}, "Place": {"ActualPlacePosition": {"Angle": "89995", "X": "59422", "Y": "25781"}, "AirkissPressure": "53", "BoardPanelId": "2", "HoldingCircuitPressure": "-641", "NominalPlacePosition": {"Angle": "90000", "X": "59400", "Y": "25730"}, "ReferenceDesignator": "C999_0402_2_KOND_KER", "Result": "0", "TimeStampSinceStationStarted": "1323685.535935", "VacuumAbsolute": "-857", "VacuumRelative": "174", "ZEndPosition": "12783500", "ZTargetPosition": "12743370"}, "ElectricalMeasurement": null, "Dip": null}, {"HeadSegmentId": "721409", "Measures": {"MeasureList": [{"CameraIndividualId": "1030", "MeasurementResult": "0", "PhiDeviation": "-1548747", "TimeStampSinceStationStarted": "1323685.086731", "VisionDumpPath": "C:\\Sirio\\Work\\SvDumpFiles\\PartCameraDumps\\JID_103031390_OID_437820010_SEG_11_BE-Bibliothek.A5E00818233_R1323685713.svdmp", "XDeviation": "40142", "YDeviation": "10215"}]}, "Pick": {"ActualPickPosition": {"Angle": "0", "X": "899", "Y": "-51449"}, "MeasuredComponentHeight": "500480", "NominalPickPosition": {"Angle": "0", "X": "957", "Y": "-51446"}, "PickupLocationId": "164", "Result": "0", "TimeStampSinceStationStarted": "1323684.247371", "VacuumAbsolute": "-690", "VacuumRelative": "-690", "ZEndPosition": "11735500", "ZTargetPosition": "11754500"}, "Place": {"ActualPlacePosition": {"Angle": "-3", "X": "57424", "Y": "25131"}, "AirkissPressure": "53", "BoardPanelId": "2", "HoldingCircuitPressure": "-696", "NominalPlacePosition": {"Angle": "0", "X": "57400", "Y": "25080"}, "ReferenceDesignator": "C998_0402_2_KOND_KER", "Result": "0", "TimeStampSinceStationStarted": "1323685.602988", "VacuumAbsolute": "-838", "VacuumRelative": "91", "ZEndPosition": "12815500", "ZTargetPosition": "12770272"}, "ElectricalMeasurement": null, "Dip": null}, {"HeadSegmentId": "786945", "Measures": {"MeasureList": [{"CameraIndividualId": "1030", "MeasurementResult": "0", "PhiDeviation": "-1926516", "TimeStampSinceStationStarted": "1323685.187227", "VisionDumpPath": "C:\\Sirio\\Work\\SvDumpFiles\\PartCameraDumps\\JID_103031391_OID_437820011_SEG_12_BE-Bibliothek.A5E00818233_R1323685767.svdmp", "XDeviation": "59417", "YDeviation": "-4636"}]}, "Pick": {"ActualPickPosition": {"Angle": "0", "X": "899", "Y": "-51449"}, "MeasuredComponentHeight": "504104", "NominalPickPosition": {"Angle": "0", "X": "957", "Y": "-51446"}, "PickupLocationId": "164", "Result": "0", "TimeStampSinceStationStarted": "1323684.301541", "VacuumAbsolute": "-790", "VacuumRelative": "-790", "ZEndPosition": "11688000", "ZTargetPosition": "11708500"}, "Place": {"ActualPlacePosition": {"Angle": "-3", "X": "55725", "Y": "25131"}, "AirkissPressure": "53", "BoardPanelId": "2", "HoldingCircuitPressure": "-764", "NominalPlacePosition": {"Angle": "0", "X": "55700", "Y": "25080"}, "ReferenceDesignator": "C955_0402_2_KOND_KER", "Result": "0", "TimeStampSinceStationStarted": "1323685.670359", "VacuumAbsolute": "-838", "VacuumRelative": "33", "ZEndPosition": "12772000", "ZTargetPosition": "12736497"}, "ElectricalMeasurement": null, "Dip": null}, {"HeadSegmentId": "199428", "Measures": {"MeasureList": [{"CameraIndividualId": "4030", "MeasurementResult": "0", "PhiDeviation": "-1827450", "TimeStampSinceStationStarted": "1323684.931897", "VisionDumpPath": "C:\\Sirio\\Work\\SvDumpFiles\\PartCameraDumps\\JID_403060174_OID_437820012_SEG_3_BE-Bibliothek.A5E00150936_R1323685812.svdmp", "XDeviation": "21985", "YDeviation": "1143"}]}, "Pick": {"ActualPickPosition": {"Angle": "0", "X": "1000", "Y": "-51000"}, "MeasuredComponentHeight": "870649", "NominalPickPosition": {"Angle": "0", "X": "856", "Y": "-50960"}, "PickupLocationId": "215", "Result": "0", "TimeStampSinceStationStarted": "1323684.346759", "VacuumAbsolute": "-815", "VacuumRelative": "-815", "ZEndPosition": "12412000", "ZTargetPosition": "12432500"}, "Place": {"ActualPlacePosition": {"Angle": "-90000", "X": "33831", "Y": "75654"}, "AirkissPressure": "55", "BoardPanelId": "2", "HoldingCircuitPressure": "-822", "NominalPlacePosition": {"Angle": "-90000", "X": "33820", "Y": "75650"}, "ReferenceDesignator": "H401_0603_2_DIO_LED_", "Result": "0", "TimeStampSinceStationStarted": "1323686.088668", "VacuumAbsolute": "-841", "VacuumRelative": "90", "ZEndPosition": "12215000", "ZTargetPosition": "12148747"}, "ElectricalMeasurement": null, "Dip": null}, {"HeadSegmentId": "264964", "Measures": {"MeasureList": [{"CameraIndividualId": "4030", "MeasurementResult": "0", "PhiDeviation": "5740231", "TimeStampSinceStationStarted": "1323684.990865", "VisionDumpPath": "C:\\Sirio\\Work\\SvDumpFiles\\PartCameraDumps\\JID_403060175_OID_437820013_SEG_4_BE-Bibliothek.A5E00115146_R1323685882.svdmp", "XDeviation": "88341", "YDeviation": "-89669"}]}, "Pick": {"ActualPickPosition": {"Angle": "0", "X": "982", "Y": "-50918"}, "MeasuredComponentHeight": "454871", "NominalPickPosition": {"Angle": "0", "X": "910", "Y": "-50885"}, "PickupLocationId": "217", "Result": "0", "TimeStampSinceStationStarted": "1323684.417056", "VacuumAbsolute": "-823", "VacuumRelative": "-823", "ZEndPosition": "11991500", "ZTargetPosition": "12011500"}, "Place": {"ActualPlacePosition": {"Angle": "-180000", "X": "82733", "Y": "56137"}, "AirkissPressure": "55", "BoardPanelId": "2", "HoldingCircuitPressure": "-836", "NominalPlacePosition": {"Angle": "180000", "X": "82730", "Y": "56130"}, "ReferenceDesignator": "R1501_0603_WID_MET_S", "Result": "0", "TimeStampSinceStationStarted": "1323686.189629", "VacuumAbsolute": "-869", "VacuumRelative": "86", "ZEndPosition": "12640000", "ZTargetPosition": "12623546"}, "ElectricalMeasurement": null, "Dip": null}, {"HeadSegmentId": "330500", "Measures": {"MeasureList": [{"CameraIndividualId": "4030", "MeasurementResult": "0", "PhiDeviation": "168639", "TimeStampSinceStationStarted": "1323685.049733", "VisionDumpPath": "C:\\Sirio\\Work\\SvDumpFiles\\PartCameraDumps\\JID_403060176_OID_437820014_SEG_5_BE-Bibliothek.A5E00150936_R1323685951.svdmp", "XDeviation": "14341", "YDeviation": "-31496"}]}, "Pick": {"ActualPickPosition": {"Angle": "0", "X": "1000", "Y": "-51000"}, "MeasuredComponentHeight": "885402", "NominalPickPosition": {"Angle": "0", "X": "856", "Y": "-50960"}, "PickupLocationId": "215", "Result": "0", "TimeStampSinceStationStarted": "1323684.486362", "VacuumAbsolute": "-825", "VacuumRelative": "-825", "ZEndPosition": "12437000", "ZTargetPosition": "12456500"}, "Place": {"ActualPlacePosition": {"Angle": "0", "X": "84472", "Y": "68655"}, "AirkissPressure": "53", "BoardPanelId": "2", "HoldingCircuitPressure": "-829", "NominalPlacePosition": {"Angle": "0", "X": "84470", "Y": "68650"}, "ReferenceDesignator": "H1102_0603_2_DIO_LED", "Result": "0", "TimeStampSinceStationStarted": "1323686.279179", "VacuumAbsolute": "-867", "VacuumRelative": "130", "ZEndPosition": "12013000", "ZTargetPosition": "11972765"}, "ElectricalMeasurement": null, "Dip": null}, {"HeadSegmentId": "396036", "Measures": {"MeasureList": [{"CameraIndividualId": "4030", "MeasurementResult": "0", "PhiDeviation": "-1170284", "TimeStampSinceStationStarted": "1323685.168726", "VisionDumpPath": "C:\\Sirio\\Work\\SvDumpFiles\\PartCameraDumps\\JID_403060177_OID_437820015_SEG_6_BE-Bibliothek.A5E00907098_R1323686052.svdmp", "XDeviation": "53534", "YDeviation": "6978"}]}, "Pick": {"ActualPickPosition": {"Angle": "0", "X": "1000", "Y": "-50000"}, "MeasuredComponentHeight": "1752413", "NominalPickPosition": {"Angle": "0", "X": "1035", "Y": "-50108"}, "PickupLocationId": "220", "Result": "0", "TimeStampSinceStationStarted": "1323684.586616", "VacuumAbsolute": "-790", "VacuumRelative": "-790", "ZEndPosition": "14842500", "ZTargetPosition": "14844311"}, "Place": {"ActualPlacePosition": {"Angle": "90000", "X": "113198", "Y": "142973"}, "AirkissPressure": "56", "BoardPanelId": "2", "HoldingCircuitPressure": "-731", "NominalPlacePosition": {"Angle": "90000", "X": "113200", "Y": "142980"}, "ReferenceDesignator": "C2802_1206_KOND_KER_", "Result": "0", "TimeStampSinceStationStarted": "1323686.430861", "VacuumAbsolute": "-846", "VacuumRelative": "90", "ZEndPosition": "13666000", "ZTargetPosition": "13651672"}, "ElectricalMeasurement": null, "Dip": null}, {"HeadSegmentId": "461572", "Measures": {"MeasureList": [{"CameraIndividualId": "4030", "MeasurementResult": "0", "PhiDeviation": "-1349256", "TimeStampSinceStationStarted": "1323685.25268", "VisionDumpPath": "C:\\Sirio\\Work\\SvDumpFiles\\PartCameraDumps\\JID_403060178_OID_437820016_SEG_7_BE-Bibliothek.A5E00511631_R1323686152.svdmp", "XDeviation": "92340", "YDeviation": "38708"}]}, "Pick": {"ActualPickPosition": {"Angle": "0", "X": "1000", "Y": "-51000"}, "MeasuredComponentHeight": "1233633", "NominalPickPosition": {"Angle": "0", "X": "973", "Y": "-51260"}, "PickupLocationId": "223", "Result": "0", "TimeStampSinceStationStarted": "1323684.685747", "VacuumAbsolute": "-826", "VacuumRelative": "-826", "ZEndPosition": "13832500", "ZTargetPosition": "13819667"}, "Place": {"ActualPlacePosition": {"Angle": "0", "X": "21493", "Y": "130345"}, "AirkissPressure": "51", "BoardPanelId": "2", "HoldingCircuitPressure": "-238", "NominalPlacePosition": {"Angle": "0", "X": "21480", "Y": "130350"}, "ReferenceDesignator": "C2819_1206_KOND_KER_", "Result": "0", "TimeStampSinceStationStarted": "1323686.559583", "VacuumAbsolute": "-845", "VacuumRelative": "101", "ZEndPosition": "13049000", "ZTargetPosition": "12978382"}, "ElectricalMeasurement": null, "Dip": null}, {"HeadSegmentId": "527108", "Measures": {"MeasureList": [{"CameraIndividualId": "4030", "MeasurementResult": "0", "PhiDeviation": "-682280", "TimeStampSinceStationStarted": "1323685.313825", "VisionDumpPath": "C:\\Sirio\\Work\\SvDumpFiles\\PartCameraDumps\\JID_403060179_OID_437820017_SEG_8_BE-Bibliothek.A5E00081516_R1323686306.svdmp", "XDeviation": "-130396", "YDeviation": "-3912"}]}, "Pick": {"ActualPickPosition": {"Angle": "0", "X": "6000", "Y": "-49500"}, "MeasuredComponentHeight": "996506", "NominalPickPosition": {"Angle": "0", "X": "6082", "Y": "-49661"}, "PickupLocationId": "230", "Result": "0", "TimeStampSinceStationStarted": "1323684.84019", "VacuumAbsolute": "-789", "VacuumRelative": "-789", "ZEndPosition": "14516500", "ZTargetPosition": "14513287"}, "Place": {"ActualPlacePosition": {"Angle": "90000", "X": "26439", "Y": "148005"}, "AirkissPressure": "53", "BoardPanelId": "2", "HoldingCircuitPressure": "-831", "NominalPlacePosition": {"Angle": "90000", "X": "26427", "Y": "148013"}, "ReferenceDesignator": "U2000_TSSOP_14_IC_KO", "Result": "0", "TimeStampSinceStationStarted": "1323686.657764", "VacuumAbsolute": "-869", "VacuumRelative": "100", "ZEndPosition": "14093000", "ZTargetPosition": "14048334"}, "ElectricalMeasurement": null, "Dip": null}, {"HeadSegmentId": "789252", "Measures": {"MeasureList": [{"CameraIndividualId": "4030", "MeasurementResult": "0", "PhiDeviation": "-3448609", "TimeStampSinceStationStarted": "1323686.436421", "VisionDumpPath": "C:\\Sirio\\Work\\SvDumpFiles\\PartCameraDumps\\JID_403060180_OID_437820018_SEG_12_BE-Bibliothek.A5E32552243_R1323686623.svdmp", "XDeviation": "25058", "YDeviation": "-80043"}]}, "Pick": {"ActualPickPosition": {"Angle": "0", "X": "8000", "Y": "-51500"}, "MeasuredComponentHeight": "2330751", "NominalPickPosition": {"Angle": "0", "X": "8063", "Y": "-51489"}, "PickupLocationId": "234", "Result": "0", "TimeStampSinceStationStarted": "1323685.157528", "VacuumAbsolute": "-766", "VacuumRelative": "-766", "ZEndPosition": "17488500", "ZTargetPosition": "17473847"}, "Place": {"ActualPlacePosition": {"Angle": "90000", "X": "62056", "Y": "84532"}, "AirkissPressure": "55", "BoardPanelId": "2", "HoldingCircuitPressure": "-723", "NominalPlacePosition": {"Angle": "90000", "X": "62050", "Y": "84530"}, "ReferenceDesignator": "D601_SOP_8_", "Result": "0", "TimeStampSinceStationStarted": "1323686.854643", "VacuumAbsolute": "-842", "VacuumRelative": "99", "ZEndPosition": "15290500", "ZTargetPosition": "15256529"}, "ElectricalMeasurement": null, "Dip": null}, {"HeadSegmentId": "66049", "Measures": {"MeasureList": [{"CameraIndividualId": "1030", "MeasurementResult": "0", "PhiDeviation": "103790", "TimeStampSinceStationStarted": "1323686.839832", "VisionDumpPath": "C:\\Sirio\\Work\\SvDumpFiles\\PartCameraDumps\\JID_103031392_OID_437820019_SEG_1_BE-Bibliothek.A5E00132529_R1323687605.svdmp", "XDeviation": "2031", "YDeviation": "35159"}]}, "Pick": {"ActualPickPosition": {"Angle": "0", "X": "8000", "Y": "-51500"}, "MeasuredComponentHeight": "1020673", "NominalPickPosition": {"Angle": "0", "X": "8107", "Y": "-51423"}, "PickupLocationId": "148", "Result": "0", "TimeStampSinceStationStarted": "1323686.140377", "VacuumAbsolute": "-833", "VacuumRelative": "-833", "ZEndPosition": "16479000", "ZTargetPosition": "16448214"}, "Place": {"ActualPlacePosition": {"Angle": "-3", "X": "135371", "Y": "50272"}, "AirkissPressure": "55", "BoardPanelId": "2", "HoldingCircuitPressure": "-600", "NominalPlacePosition": {"Angle": "0", "X": "135400", "Y": "50230"}, "ReferenceDesignator": "D1203_TSSOP_20_IC_IN", "Result": "0", "TimeStampSinceStationStarted": "1323687.713757", "VacuumAbsolute": "-773", "VacuumRelative": "76", "ZEndPosition": "15743500", "ZTargetPosition": "15706170"}, "ElectricalMeasurement": null, "Dip": null}, {"HeadSegmentId": "131585", "Measures": {"MeasureList": [{"CameraIndividualId": "1030", "MeasurementResult": "0", "PhiDeviation": "-128926", "TimeStampSinceStationStarted": "1323686.916932", "VisionDumpPath": "C:\\Sirio\\Work\\SvDumpFiles\\PartCameraDumps\\JID_103031393_OID_437820020_SEG_2_BE-Bibliothek.A5E00132529_R1323687750.svdmp", "XDeviation": "64484", "YDeviation": "-18415"}]}, "Pick": {"ActualPickPosition": {"Angle": "0", "X": "8000", "Y": "-51500"}, "MeasuredComponentHeight": "1017209", "NominalPickPosition": {"Angle": "0", "X": "8107", "Y": "-51423"}, "PickupLocationId": "148", "Result": "0", "TimeStampSinceStationStarted": "1323686.283746", "VacuumAbsolute": "-852", "VacuumRelative": "-852", "ZEndPosition": "16425500", "ZTargetPosition": "16450410"}, "Place": {"ActualPlacePosition": {"Angle": "179997", "X": "61574", "Y": "64273"}, "AirkissPressure": "53", "BoardPanelId": "2", "HoldingCircuitPressure": "-605", "NominalPlacePosition": {"Angle": "180000", "X": "61550", "Y": "64230"}, "ReferenceDesignator": "D1101_TSSOP_20_IC_IN", "Result": "0", "TimeStampSinceStationStarted": "1323687.836662", "VacuumAbsolute": "-795", "VacuumRelative": "96", "ZEndPosition": "15650500", "ZTargetPosition": "15601239"}, "ElectricalMeasurement": null, "Dip": null}, {"HeadSegmentId": "197121", "Measures": {"MeasureList": [{"CameraIndividualId": "1030", "MeasurementResult": "0", "PhiDeviation": "-133802", "TimeStampSinceStationStarted": "1323686.996591", "VisionDumpPath": "C:\\Sirio\\Work\\SvDumpFiles\\PartCameraDumps\\JID_103031394_OID_437820021_SEG_3_BE-Bibliothek.A5E00207035_R1323687976.svdmp", "XDeviation": "-65294", "YDeviation": "-13958"}]}, "Pick": {"ActualPickPosition": {"Angle": "0", "X": "1000", "Y": "-50000"}, "MeasuredComponentHeight": "505250", "NominalPickPosition": {"Angle": "0", "X": "898", "Y": "-49777"}, "PickupLocationId": "156", "Result": "0", "TimeStampSinceStationStarted": "1323686.510035", "VacuumAbsolute": "-746", "VacuumRelative": "-746", "ZEndPosition": "13790500", "ZTargetPosition": "13785955"}, "Place": {"ActualPlacePosition": {"Angle": "179997", "X": "67370", "Y": "57374"}, "AirkissPressure": "51", "BoardPanelId": "2", "HoldingCircuitPressure": "-523", "NominalPlacePosition": {"Angle": "180000", "X": "67350", "Y": "57330"}, "ReferenceDesignator": "R1309_1206_8_WID_NET", "Result": "0", "TimeStampSinceStationStarted": "1323687.92516", "VacuumAbsolute": "-791", "VacuumRelative": "78", "ZEndPosition": "14247500", "ZTargetPosition": "14208203"}, "ElectricalMeasurement": null, "Dip": null}, {"HeadSegmentId": "262657", "Measures": {"MeasureList": [{"CameraIndividualId": "1030", "MeasurementResult": "0", "PhiDeviation": "-655164", "TimeStampSinceStationStarted": "1323687.116925", "VisionDumpPath": "C:\\Sirio\\Work\\SvDumpFiles\\PartCameraDumps\\JID_103031395_OID_437820022_SEG_4_BE-Bibliothek.A5E00207035_R1323688047.svdmp", "XDeviation": "54731", "YDeviation": "30811"}]}, "Pick": {"ActualPickPosition": {"Angle": "0", "X": "1000", "Y": "-50000"}, "MeasuredComponentHeight": "506532", "NominalPickPosition": {"Angle": "0", "X": "898", "Y": "-49777"}, "PickupLocationId": "156", "Result": "0", "TimeStampSinceStationStarted": "1323686.581353", "VacuumAbsolute": "-729", "VacuumRelative": "-729", "ZEndPosition": "13829500", "ZTargetPosition": "13865591"}, "Place": {"ActualPlacePosition": {"Angle": "179997", "X": "71167", "Y": "57374"}, "AirkissPressure": "54", "BoardPanelId": "2", "HoldingCircuitPressure": "-455", "NominalPlacePosition": {"Angle": "180000", "X": "71150", "Y": "57330"}, "ReferenceDesignator": "R1308_1206_8_WID_NET", "Result": "0", "TimeStampSinceStationStarted": "1323687.992999", "VacuumAbsolute": "-759", "VacuumRelative": "75", "ZEndPosition": "14287500", "ZTargetPosition": "14264524"}, "ElectricalMeasurement": null, "Dip": null}, {"HeadSegmentId": "328193", "Measures": {"MeasureList": [{"CameraIndividualId": "1030", "MeasurementResult": "0", "PhiDeviation": "4064021", "TimeStampSinceStationStarted": "1323687.186021", "VisionDumpPath": "C:\\Sirio\\Work\\SvDumpFiles\\PartCameraDumps\\JID_103031396_OID_437820023_SEG_5_BE-Bibliothek.A5E00726333_R1323688143.svdmp", "XDeviation": "-126909", "YDeviation": "-229071"}]}, "Pick": {"ActualPickPosition": {"Angle": "0", "X": "1090", "Y": "-50930"}, "MeasuredComponentHeight": "1323588", "NominalPickPosition": {"Angle": "0", "X": "1090", "Y": "-50930"}, "PickupLocationId": "159", "Result": "0", "TimeStampSinceStationStarted": "1323686.677746", "VacuumAbsolute": "-792", "VacuumRelative": "-792", "ZEndPosition": "13578500", "ZTargetPosition": "13560568"}, "Place": {"ActualPlacePosition": {"Angle": "179997", "X": "32343", "Y": "41779"}, "AirkissPressure": "53", "BoardPanelId": "2", "HoldingCircuitPressure": "-511", "NominalPlacePosition": {"Angle": "180000", "X": "32300", "Y": "41730"}, "ReferenceDesignator": "C400_0805_KOND_KER_V", "Result": "0", "TimeStampSinceStationStarted": "1323688.087017", "VacuumAbsolute": "-822", "VacuumRelative": "91", "ZEndPosition": "12851500", "ZTargetPosition": "12808165"}, "ElectricalMeasurement": null, "Dip": null}, {"HeadSegmentId": "393729", "Measures": {"MeasureList": [{"CameraIndividualId": "1030", "MeasurementResult": "0", "PhiDeviation": "-2384473", "TimeStampSinceStationStarted": "1323687.248877", "VisionDumpPath": "C:\\Sirio\\Work\\SvDumpFiles\\PartCameraDumps\\JID_103031397_OID_437820024_SEG_6_BE-Bibliothek.A5E00726333_R1323688219.svdmp", "XDeviation": "-64510", "YDeviation": "-134673"}]}, "Pick": {"ActualPickPosition": {"Angle": "0", "X": "1090", "Y": "-50930"}, "MeasuredComponentHeight": "1383986", "NominalPickPosition": {"Angle": "0", "X": "1090", "Y": "-50930"}, "PickupLocationId": "159", "Result": "0", "TimeStampSinceStationStarted": "1323686.753991", "VacuumAbsolute": "-787", "VacuumRelative": "-787", "ZEndPosition": "13518500", "ZTargetPosition": "13607051"}, "Place": {"ActualPlacePosition": {"Angle": "179997", "X": "62920", "Y": "28380"}, "AirkissPressure": "53", "BoardPanelId": "2", "HoldingCircuitPressure": "-435", "NominalPlacePosition": {"Angle": "180000", "X": "62900", "Y": "28330"}, "ReferenceDesignator": "C929_0805_KOND_KER_V", "Result": "0", "TimeStampSinceStationStarted": "1323688.176303", "VacuumAbsolute": "-818", "VacuumRelative": "85", "ZEndPosition": "12844500", "ZTargetPosition": "12839991"}, "ElectricalMeasurement": null, "Dip": null}, {"HeadSegmentId": "459265", "Measures": {"MeasureList": [{"CameraIndividualId": "1030", "MeasurementResult": "0", "PhiDeviation": "-623438", "TimeStampSinceStationStarted": "1323687.720895", "VisionDumpPath": "C:\\Sirio\\Work\\SvDumpFiles\\PartCameraDumps\\JID_103031398_OID_437820025_SEG_7_BE-Bibliothek.A5E00726333_R1323688296.svdmp", "XDeviation": "-100167", "YDeviation": "-144449"}]}, "Pick": {"ActualPickPosition": {"Angle": "0", "X": "1090", "Y": "-50930"}, "MeasuredComponentHeight": "1309321", "NominalPickPosition": {"Angle": "0", "X": "1090", "Y": "-50930"}, "PickupLocationId": "159", "Result": "0", "TimeStampSinceStationStarted": "1323686.829946", "VacuumAbsolute": "-797", "VacuumRelative": "-797", "ZEndPosition": "13656500", "ZTargetPosition": "13612913"}, "Place": {"ActualPlacePosition": {"Angle": "89995", "X": "65568", "Y": "29580"}, "AirkissPressure": "52", "BoardPanelId": "2", "HoldingCircuitPressure": "-477", "NominalPlacePosition": {"Angle": "90000", "X": "65550", "Y": "29530"}, "ReferenceDesignator": "C952_0805_KOND_KER_V", "Result": "0", "TimeStampSinceStationStarted": "1323688.243129", "VacuumAbsolute": "-803", "VacuumRelative": "71", "ZEndPosition": "12936500", "ZTargetPosition": "12873899"}, "ElectricalMeasurement": null, "Dip": null}, {"HeadSegmentId": "524801", "Measures": {"MeasureList": [{"CameraIndividualId": "1030", "MeasurementResult": "0", "PhiDeviation": "-240183", "TimeStampSinceStationStarted": "1323687.847412", "VisionDumpPath": "C:\\Sirio\\Work\\SvDumpFiles\\PartCameraDumps\\JID_103031399_OID_437820026_SEG_8_BE-Bibliothek.A5E00726333_R1323688372.svdmp", "XDeviation": "-44446", "YDeviation": "-122563"}]}, "Pick": {"ActualPickPosition": {"Angle": "0", "X": "1090", "Y": "-50930"}, "MeasuredComponentHeight": "1358935", "NominalPickPosition": {"Angle": "0", "X": "1090", "Y": "-50930"}, "PickupLocationId": "159", "Result": "0", "TimeStampSinceStationStarted": "1323686.906985", "VacuumAbsolute": "-788", "VacuumRelative": "-788", "ZEndPosition": "13628000", "ZTargetPosition": "13628310"}, "Place": {"ActualPlacePosition": {"Angle": "-90005", "X": "65569", "Y": "32779"}, "AirkissPressure": "56", "BoardPanelId": "2", "HoldingCircuitPressure": "-500", "NominalPlacePosition": {"Angle": "-90000", "X": "65550", "Y": "32730"}, "ReferenceDesignator": "C920_0805_KOND_KER_V", "Result": "0", "TimeStampSinceStationStarted": "1323688.310301", "VacuumAbsolute": "-797", "VacuumRelative": "69", "ZEndPosition": "12849000", "ZTargetPosition": "12837269"}, "ElectricalMeasurement": null, "Dip": null}, {"HeadSegmentId": "590337", "Measures": {"MeasureList": [{"CameraIndividualId": "1030", "MeasurementResult": "0", "PhiDeviation": "109797", "TimeStampSinceStationStarted": "1323687.930694", "VisionDumpPath": "C:\\Sirio\\Work\\SvDumpFiles\\PartCameraDumps\\JID_103031400_OID_437820027_SEG_9_BE-Bibliothek.A5E00726333_R1323688452.svdmp", "XDeviation": "-194701", "YDeviation": "-166312"}]}, "Pick": {"ActualPickPosition": {"Angle": "0", "X": "1090", "Y": "-50930"}, "MeasuredComponentHeight": "1319678", "NominalPickPosition": {"Angle": "0", "X": "1090", "Y": "-50930"}, "PickupLocationId": "159", "Result": "0", "TimeStampSinceStationStarted": "1323686.986667", "VacuumAbsolute": "-779", "VacuumRelative": "-779", "ZEndPosition": "13579500", "ZTargetPosition": "13564732"}, "Place": {"ActualPlacePosition": {"Angle": "-3", "X": "68367", "Y": "33279"}, "AirkissPressure": "55", "BoardPanelId": "2", "HoldingCircuitPressure": "-557", "NominalPlacePosition": {"Angle": "0", "X": "68350", "Y": "33230"}, "ReferenceDesignator": "C923_0805_KOND_KER_V", "Result": "0", "TimeStampSinceStationStarted": "1323688.377183", "VacuumAbsolute": "-807", "VacuumRelative": "79", "ZEndPosition": "12789500", "ZTargetPosition": "12723466"}, "ElectricalMeasurement": null, "Dip": null}, {"HeadSegmentId": "655873", "Measures": {"MeasureList": [{"CameraIndividualId": "1030", "MeasurementResult": "0", "PhiDeviation": "688647", "TimeStampSinceStationStarted": "1323688.002957", "VisionDumpPath": "C:\\Sirio\\Work\\SvDumpFiles\\PartCameraDumps\\JID_103031401_OID_437820028_SEG_10_BE-Bibliothek.A5E00818233_R1323688575.svdmp", "XDeviation": "-18914", "YDeviation": "-12121"}]}, "Pick": {"ActualPickPosition": {"Angle": "0", "X": "899", "Y": "-51449"}, "MeasuredComponentHeight": "497106", "NominalPickPosition": {"Angle": "0", "X": "964", "Y": "-51445"}, "PickupLocationId": "164", "Result": "0", "TimeStampSinceStationStarted": "1323687.10919", "VacuumAbsolute": "-748", "VacuumRelative": "-748", "ZEndPosition": "11723500", "ZTargetPosition": "11744000"}, "Place": {"ActualPlacePosition": {"Angle": "-3", "X": "48630", "Y": "25132"}, "AirkissPressure": "57", "BoardPanelId": "2", "HoldingCircuitPressure": "-637", "NominalPlacePosition": {"Angle": "0", "X": "48600", "Y": "25080"}, "ReferenceDesignator": "C9990_0402_2_KOND_KE", "Result": "0", "TimeStampSinceStationStarted": "1323688.460286", "VacuumAbsolute": "-861", "VacuumRelative": "187", "ZEndPosition": "12818000", "ZTargetPosition": "12777752"}, "ElectricalMeasurement": null, "Dip": null}, {"HeadSegmentId": "721409", "Measures": {"MeasureList": [{"CameraIndividualId": "1030", "MeasurementResult": "0", "PhiDeviation": "172596", "TimeStampSinceStationStarted": "1323688.095133", "VisionDumpPath": "C:\\Sirio\\Work\\SvDumpFiles\\PartCameraDumps\\JID_103031402_OID_437820029_SEG_11_BE-Bibliothek.A5E00091702_R1323688644.svdmp", "XDeviation": "-39779", "YDeviation": "22418"}]}, "Pick": {"ActualPickPosition": {"Angle": "0", "X": "988", "Y": "-50853"}, "MeasuredComponentHeight": "304110", "NominalPickPosition": {"Angle": "0", "X": "946", "Y": "-50886"}, "PickupLocationId": "162", "Result": "0", "TimeStampSinceStationStarted": "1323687.178741", "VacuumAbsolute": "-775", "VacuumRelative": "-775", "ZEndPosition": "11787500", "ZTargetPosition": "11806500"}, "Place": {"ActualPlacePosition": {"Angle": "-3", "X": "36291", "Y": "57326"}, "AirkissPressure": "51", "BoardPanelId": "2", "HoldingCircuitPressure": "-706", "NominalPlacePosition": {"Angle": "0", "X": "36250", "Y": "57280"}, "ReferenceDesignator": "R706_0402_WID_MET_SH", "Result": "0", "TimeStampSinceStationStarted": "1323688.572422", "VacuumAbsolute": "-871", "VacuumRelative": "183", "ZEndPosition": "12729500", "ZTargetPosition": "12698332"}, "ElectricalMeasurement": null, "Dip": null}, {"HeadSegmentId": "786945", "Measures": {"MeasureList": [{"CameraIndividualId": "1030", "MeasurementResult": "0", "PhiDeviation": "3404516", "TimeStampSinceStationStarted": "1323688.183378", "VisionDumpPath": "C:\\Sirio\\Work\\SvDumpFiles\\PartCameraDumps\\JID_103031403_OID_437820030_SEG_12_BE-Bibliothek.A5E00091702_R1323688704.svdmp", "XDeviation": "-30963", "YDeviation": "-8030"}]}, "Pick": {"ActualPickPosition": {"Angle": "0", "X": "988", "Y": "-50853"}, "MeasuredComponentHeight": "295953", "NominalPickPosition": {"Angle": "0", "X": "946", "Y": "-50886"}, "PickupLocationId": "162", "Result": "0", "TimeStampSinceStationStarted": "1323687.238716", "VacuumAbsolute": "-791", "VacuumRelative": "-791", "ZEndPosition": "11740500", "ZTargetPosition": "11760500"}, "Place": {"ActualPlacePosition": {"Angle": "-3", "X": "36292", "Y": "59326"}, "AirkissPressure": "57", "BoardPanelId": "2", "HoldingCircuitPressure": "-807", "NominalPlacePosition": {"Angle": "0", "X": "36250", "Y": "59280"}, "ReferenceDesignator": "R709_0402_WID_MET_SH", "Result": "0", "TimeStampSinceStationStarted": "1323688.640017", "VacuumAbsolute": "-843", "VacuumRelative": "42", "ZEndPosition": "12673500", "ZTargetPosition": "12634940"}, "ElectricalMeasurement": null, "Dip": null}, {"HeadSegmentId": "68356", "Measures": {"MeasureList": [{"CameraIndividualId": "4030", "MeasurementResult": "0", "PhiDeviation": "-324035", "TimeStampSinceStationStarted": "1323687.81679", "VisionDumpPath": "C:\\Sirio\\Work\\SvDumpFiles\\PartCameraDumps\\JID_403060181_OID_437820031_SEG_1_BE-Bibliothek.A5E00150936_R1323688742.svdmp", "XDeviation": "-60849", "YDeviation": "27515"}]}, "Pick": {"ActualPickPosition": {"Angle": "0", "X": "1000", "Y": "-51000"}, "MeasuredComponentHeight": "875988", "NominalPickPosition": {"Angle": "0", "X": "858", "Y": "-50961"}, "PickupLocationId": "215", "Result": "0", "TimeStampSinceStationStarted": "1323687.277016", "VacuumAbsolute": "-813", "VacuumRelative": "-813", "ZEndPosition": "12440000", "ZTargetPosition": "12458500"}, "Place": {"ActualPlacePosition": {"Angle": "0", "X": "86972", "Y": "68655"}, "AirkissPressure": "51", "BoardPanelId": "2", "HoldingCircuitPressure": "-606", "NominalPlacePosition": {"Angle": "0", "X": "86970", "Y": "68650"}, "ReferenceDesignator": "H1103_0603_2_DIO_LED", "Result": "0", "TimeStampSinceStationStarted": "1323689.060311", "VacuumAbsolute": "-841", "VacuumRelative": "47", "ZEndPosition": "12038500", "ZTargetPosition": "11981687"}, "ElectricalMeasurement": null, "Dip": null}, {"HeadSegmentId": "133892", "Measures": {"MeasureList": [{"CameraIndividualId": "4030", "MeasurementResult": "0", "PhiDeviation": "-2131164", "TimeStampSinceStationStarted": "1323687.978675", "VisionDumpPath": "C:\\Sirio\\Work\\SvDumpFiles\\PartCameraDumps\\JID_403060182_OID_437820032_SEG_2_BE-Bibliothek.A5E00150936_R1323688834.svdmp", "XDeviation": "53261", "YDeviation": "-29904"}]}, "Pick": {"ActualPickPosition": {"Angle": "0", "X": "1000", "Y": "-51000"}, "MeasuredComponentHeight": "876044", "NominalPickPosition": {"Angle": "0", "X": "858", "Y": "-50961"}, "PickupLocationId": "215", "Result": "0", "TimeStampSinceStationStarted": "1323687.369084", "VacuumAbsolute": "-812", "VacuumRelative": "-812", "ZEndPosition": "12434500", "ZTargetPosition": "12454500"}, "Place": {"ActualPlacePosition": {"Angle": "0", "X": "89472", "Y": "68655"}, "AirkissPressure": "53", "BoardPanelId": "2", "HoldingCircuitPressure": "-839", "NominalPlacePosition": {"Angle": "0", "X": "89470", "Y": "68650"}, "ReferenceDesignator": "H1104_0603_2_DIO_LED", "Result": "0", "TimeStampSinceStationStarted": "1323689.127729", "VacuumAbsolute": "-843", "VacuumRelative": "51", "ZEndPosition": "11989500", "ZTargetPosition": "11965624"}, "ElectricalMeasurement": null, "Dip": null}, {"HeadSegmentId": "199428", "Measures": {"MeasureList": [{"CameraIndividualId": "4030", "MeasurementResult": "0", "PhiDeviation": "2026245", "TimeStampSinceStationStarted": "1323688.051402", "VisionDumpPath": "C:\\Sirio\\Work\\SvDumpFiles\\PartCameraDumps\\JID_403060183_OID_437820033_SEG_3_BE-Bibliothek.A5E00150936_R1323688923.svdmp", "XDeviation": "75391", "YDeviation": "-34825"}]}, "Pick": {"ActualPickPosition": {"Angle": "0", "X": "1000", "Y": "-51000"}, "MeasuredComponentHeight": "874862", "NominalPickPosition": {"Angle": "0", "X": "858", "Y": "-50961"}, "PickupLocationId": "215", "Result": "0", "TimeStampSinceStationStarted": "1323687.457499", "VacuumAbsolute": "-821", "VacuumRelative": "-821", "ZEndPosition": "12413500", "ZTargetPosition": "12432500"}, "Place": {"ActualPlacePosition": {"Angle": "0", "X": "96970", "Y": "68655"}, "AirkissPressure": "51", "BoardPanelId": "2", "HoldingCircuitPressure": "-831", "NominalPlacePosition": {"Angle": "0", "X": "96970", "Y": "68650"}, "ReferenceDesignator": "H1107_0603_2_DIO_LED", "Result": "0", "TimeStampSinceStationStarted": "1323689.194717", "VacuumAbsolute": "-843", "VacuumRelative": "100", "ZEndPosition": "11966000", "ZTargetPosition": "11937973"}, "ElectricalMeasurement": null, "Dip": null}, {"HeadSegmentId": "264964", "Measures": {"MeasureList": [{"CameraIndividualId": "4030", "MeasurementResult": "0", "PhiDeviation": "-100417", "TimeStampSinceStationStarted": "1323688.145402", "VisionDumpPath": "C:\\Sirio\\Work\\SvDumpFiles\\PartCameraDumps\\JID_403060184_OID_437820034_SEG_4_BE-Bibliothek.A5E00150936_R1323689011.svdmp", "XDeviation": "-14038", "YDeviation": "-10368"}]}, "Pick": {"ActualPickPosition": {"Angle": "0", "X": "1000", "Y": "-51000"}, "MeasuredComponentHeight": "872403", "NominalPickPosition": {"Angle": "0", "X": "858", "Y": "-50961"}, "PickupLocationId": "215", "Result": "0", "TimeStampSinceStationStarted": "1323687.546105", "VacuumAbsolute": "-828", "VacuumRelative": "-828", "ZEndPosition": "12533000", "ZTargetPosition": "12551500"}, "Place": {"ActualPlacePosition": {"Angle": "0", "X": "106969", "Y": "68655"}, "AirkissPressure": "54", "BoardPanelId": "2", "HoldingCircuitPressure": "-836", "NominalPlacePosition": {"Angle": "0", "X": "106970", "Y": "68650"}, "ReferenceDesignator": "H1109_0603_2_DIO_LED", "Result": "0", "TimeStampSinceStationStarted": "1323689.262766", "VacuumAbsolute": "-843", "VacuumRelative": "-31", "ZEndPosition": "12080500", "ZTargetPosition": "12053503"}, "ElectricalMeasurement": null, "Dip": null}, {"HeadSegmentId": "330500", "Measures": {"MeasureList": [{"CameraIndividualId": "4030", "MeasurementResult": "0", "PhiDeviation": "-1467757", "TimeStampSinceStationStarted": "1323688.240405", "VisionDumpPath": "C:\\Sirio\\Work\\SvDumpFiles\\PartCameraDumps\\JID_403060185_OID_437820035_SEG_5_BE-Bibliothek.A5E00150936_R1323689099.svdmp", "XDeviation": "-8815", "YDeviation": "-22328"}]}, "Pick": {"ActualPickPosition": {"Angle": "0", "X": "1000", "Y": "-51000"}, "MeasuredComponentHeight": "882677", "NominalPickPosition": {"Angle": "0", "X": "858", "Y": "-50961"}, "PickupLocationId": "215", "Result": "0", "TimeStampSinceStationStarted": "1323687.634378", "VacuumAbsolute": "-821", "VacuumRelative": "-821", "ZEndPosition": "12437000", "ZTargetPosition": "12456500"}, "Place": {"ActualPlacePosition": {"Angle": "0", "X": "116967", "Y": "68655"}, "AirkissPressure": "52", "BoardPanelId": "2", "HoldingCircuitPressure": "-834", "NominalPlacePosition": {"Angle": "0", "X": "116970", "Y": "68650"}, "ReferenceDesignator": "H1113_0603_2_DIO_LED", "Result": "0", "TimeStampSinceStationStarted": "1323689.329848", "VacuumAbsolute": "-843", "VacuumRelative": "69", "ZEndPosition": "12004000", "ZTargetPosition": "11981336"}, "ElectricalMeasurement": null, "Dip": null}, {"HeadSegmentId": "396036", "Measures": {"MeasureList": [{"CameraIndividualId": "4030", "MeasurementResult": "0", "PhiDeviation": "-469950", "TimeStampSinceStationStarted": "1323688.346661", "VisionDumpPath": "C:\\Sirio\\Work\\SvDumpFiles\\PartCameraDumps\\JID_403060186_OID_437820036_SEG_6_BE-Bibliothek.A5E00907098_R1323689200.svdmp", "XDeviation": "-133315", "YDeviation": "52615"}]}, "Pick": {"ActualPickPosition": {"Angle": "0", "X": "1000", "Y": "-50000"}, "MeasuredComponentHeight": "1729435", "NominalPickPosition": {"Angle": "0", "X": "1038", "Y": "-50108"}, "PickupLocationId": "220", "Result": "0", "TimeStampSinceStationStarted": "1323687.734598", "VacuumAbsolute": "-785", "VacuumRelative": "-785", "ZEndPosition": "14812000", "ZTargetPosition": "14843858"}, "Place": {"ActualPlacePosition": {"Angle": "90000", "X": "115747", "Y": "142973"}, "AirkissPressure": "53", "BoardPanelId": "2", "HoldingCircuitPressure": "-721", "NominalPlacePosition": {"Angle": "90000", "X": "115750", "Y": "142980"}, "ReferenceDesignator": "C2800_1206_KOND_KER_", "Result": "0", "TimeStampSinceStationStarted": "1323689.479007", "VacuumAbsolute": "-842", "VacuumRelative": "89", "ZEndPosition": "13652500", "ZTargetPosition": "13664241"}, "ElectricalMeasurement": null, "Dip": null}, {"HeadSegmentId": "527108", "Measures": {"MeasureList": [{"CameraIndividualId": "4030", "MeasurementResult": "0", "PhiDeviation": "-824553", "TimeStampSinceStationStarted": "1323689.137554", "VisionDumpPath": "C:\\Sirio\\Work\\SvDumpFiles\\PartCameraDumps\\JID_403060187_OID_437820037_SEG_8_BE-Bibliothek.A5E00081516_R1323689436.svdmp", "XDeviation": "238383", "YDeviation": "52300"}]}, "Pick": {"ActualPickPosition": {"Angle": "0", "X": "6000", "Y": "-49500"}, "MeasuredComponentHeight": "996004", "NominalPickPosition": {"Angle": "0", "X": "6075", "Y": "-49661"}, "PickupLocationId": "230", "Result": "0", "TimeStampSinceStationStarted": "1323687.970601", "VacuumAbsolute": "-786", "VacuumRelative": "-786", "ZEndPosition": "14513500", "ZTargetPosition": "14514091"}, "Place": {"ActualPlacePosition": {"Angle": "90000", "X": "96940", "Y": "148205"}, "AirkissPressure": "51", "BoardPanelId": "2", "HoldingCircuitPressure": "-829", "NominalPlacePosition": {"Angle": "90000", "X": "96940", "Y": "148213"}, "ReferenceDesignator": "U2403_TSSOP_14_IC_KO", "Result": "0", "TimeStampSinceStationStarted": "1323689.567019", "VacuumAbsolute": "-837", "VacuumRelative": "89", "ZEndPosition": "14203500", "ZTargetPosition": "14176711"}, "ElectricalMeasurement": null, "Dip": null}, {"HeadSegmentId": "592644", "Measures": {"MeasureList": [{"CameraIndividualId": "4030", "MeasurementResult": "0", "PhiDeviation": "-1351960", "TimeStampSinceStationStarted": "1323689.204299", "VisionDumpPath": "C:\\Sirio\\Work\\SvDumpFiles\\PartCameraDumps\\JID_403060188_OID_437820038_SEG_9_BE-Bibliothek.A5E00081516_R1323689530.svdmp", "XDeviation": "294094", "YDeviation": "-20459"}]}, "Pick": {"ActualPickPosition": {"Angle": "0", "X": "6000", "Y": "-49500"}, "MeasuredComponentHeight": "994430", "NominalPickPosition": {"Angle": "0", "X": "6075", "Y": "-49661"}, "PickupLocationId": "230", "Result": "0", "TimeStampSinceStationStarted": "1323688.064603", "VacuumAbsolute": "-752", "VacuumRelative": "-752", "ZEndPosition": "14470500", "ZTargetPosition": "14492443"}, "Place": {"ActualPlacePosition": {"Angle": "90000", "X": "88152", "Y": "148205"}, "AirkissPressure": "53", "BoardPanelId": "2", "HoldingCircuitPressure": "-622", "NominalPlacePosition": {"Angle": "90000", "X": "88150", "Y": "148213"}, "ReferenceDesignator": "U2401_TSSOP_14_IC_KO", "Result": "0", "TimeStampSinceStationStarted": "1323689.684257", "VacuumAbsolute": "-789", "VacuumRelative": "88", "ZEndPosition": "14111500", "ZTargetPosition": "14089608"}, "ElectricalMeasurement": null, "Dip": null}, {"HeadSegmentId": "658180", "Measures": {"MeasureList": [{"CameraIndividualId": "4030", "MeasurementResult": "0", "PhiDeviation": "-706241", "TimeStampSinceStationStarted": "1323689.272492", "VisionDumpPath": "C:\\Sirio\\Work\\SvDumpFiles\\PartCameraDumps\\JID_403060189_OID_437820039_SEG_10_BE-Bibliothek.A5E00081516_R1323689624.svdmp", "XDeviation": "-120929", "YDeviation": "34734"}]}, "Pick": {"ActualPickPosition": {"Angle": "0", "X": "6000", "Y": "-49500"}, "MeasuredComponentHeight": "994885", "NominalPickPosition": {"Angle": "0", "X": "6075", "Y": "-49661"}, "PickupLocationId": "230", "Result": "0", "TimeStampSinceStationStarted": "1323688.158495", "VacuumAbsolute": "-784", "VacuumRelative": "-784", "ZEndPosition": "14529000", "ZTargetPosition": "14518957"}, "Place": {"ActualPlacePosition": {"Angle": "90000", "X": "79403", "Y": "148205"}, "AirkissPressure": "52", "BoardPanelId": "2", "HoldingCircuitPressure": "-779", "NominalPlacePosition": {"Angle": "90000", "X": "79400", "Y": "148213"}, "ReferenceDesignator": "U2303_TSSOP_14_IC_KO", "Result": "0", "TimeStampSinceStationStarted": "1323689.800465", "VacuumAbsolute": "-824", "VacuumRelative": "84", "ZEndPosition": "14191500", "ZTargetPosition": "14151823"}, "ElectricalMeasurement": null, "Dip": null}, {"HeadSegmentId": "723716", "Measures": {"MeasureList": [{"CameraIndividualId": "4030", "MeasurementResult": "0", "PhiDeviation": "-571809", "TimeStampSinceStationStarted": "1323689.339711", "VisionDumpPath": "C:\\Sirio\\Work\\SvDumpFiles\\PartCameraDumps\\JID_403060190_OID_437820040_SEG_11_BE-Bibliothek.A5E00081516_R1323689719.svdmp", "XDeviation": "-39308", "YDeviation": "-3101"}]}, "Pick": {"ActualPickPosition": {"Angle": "0", "X": "6000", "Y": "-49500"}, "MeasuredComponentHeight": "998108", "NominalPickPosition": {"Angle": "0", "X": "6075", "Y": "-49661"}, "PickupLocationId": "230", "Result": "0", "TimeStampSinceStationStarted": "1323688.253738", "VacuumAbsolute": "-784", "VacuumRelative": "-784", "ZEndPosition": "14527500", "ZTargetPosition": "14521468"}, "Place": {"ActualPlacePosition": {"Angle": "90000", "X": "70655", "Y": "148205"}, "AirkissPressure": "54", "BoardPanelId": "2", "HoldingCircuitPressure": "-804", "NominalPlacePosition": {"Angle": "90000", "X": "70650", "Y": "148213"}, "ReferenceDesignator": "U2301_TSSOP_14_IC_KO", "Result": "0", "TimeStampSinceStationStarted": "1323689.91951", "VacuumAbsolute": "-829", "VacuumRelative": "103", "ZEndPosition": "14171000", "ZTargetPosition": "14168001"}, "ElectricalMeasurement": null, "Dip": null}, {"HeadSegmentId": "789252", "Measures": {"MeasureList": [{"CameraIndividualId": "4030", "MeasurementResult": "0", "PhiDeviation": "-792178", "TimeStampSinceStationStarted": "1323689.484597", "VisionDumpPath": "C:\\Sirio\\Work\\SvDumpFiles\\PartCameraDumps\\JID_403060191_OID_437820041_SEG_12_BE-Bibliothek.A5E38213077_R1323689801.svdmp", "XDeviation": "15835", "YDeviation": "41404"}]}, "Pick": {"ActualPickPosition": {"Angle": "0", "X": "6000", "Y": "-49500"}, "MeasuredComponentHeight": "874063", "NominalPickPosition": {"Angle": "0", "X": "6167", "Y": "-49561"}, "PickupLocationId": "231", "Result": "0", "TimeStampSinceStationStarted": "1323688.335937", "VacuumAbsolute": "-759", "VacuumRelative": "-759", "ZEndPosition": "17481500", "ZTargetPosition": "17478101"}, "Place": {"ActualPlacePosition": {"Angle": "90000", "X": "26512", "Y": "46089"}, "AirkissPressure": "56", "BoardPanelId": "2", "HoldingCircuitPressure": "-723", "NominalPlacePosition": {"Angle": "90000", "X": "26500", "Y": "46080"}, "ReferenceDesignator": "D401_QFN_32_IC_PERI_", "Result": "0", "TimeStampSinceStationStarted": "1323690.133194", "VacuumAbsolute": "-846", "VacuumRelative": "100", "ZEndPosition": "17348000", "ZTargetPosition": "17287976"}, "ElectricalMeasurement": null, "Dip": null}, {"HeadSegmentId": "131585", "Measures": {"MeasureList": [{"CameraIndividualId": "1030", "MeasurementResult": "0", "PhiDeviation": "-102534", "TimeStampSinceStationStarted": "1323689.746792", "VisionDumpPath": "C:\\Sirio\\Work\\SvDumpFiles\\PartCameraDumps\\JID_103031404_OID_437820042_SEG_2_BE-Bibliothek.A5E00132529_R1323690589.svdmp", "XDeviation": "101221", "YDeviation": "3991"}]}, "Pick": {"ActualPickPosition": {"Angle": "0", "X": "8000", "Y": "-51500"}, "MeasuredComponentHeight": "1035407", "NominalPickPosition": {"Angle": "0", "X": "8110", "Y": "-51422"}, "PickupLocationId": "148", "Result": "0", "TimeStampSinceStationStarted": "1323689.124196", "VacuumAbsolute": "-848", "VacuumRelative": "-848", "ZEndPosition": "16449500", "ZTargetPosition": "16444183"}, "Place": {"ActualPlacePosition": {"Angle": "179997", "X": "52980", "Y": "64274"}, "AirkissPressure": "58", "BoardPanelId": "2", "HoldingCircuitPressure": "-648", "NominalPlacePosition": {"Angle": "180000", "X": "52950", "Y": "64230"}, "ReferenceDesignator": "D1102_TSSOP_20_IC_IN", "Result": "0", "TimeStampSinceStationStarted": "1323690.632108", "VacuumAbsolute": "-798", "VacuumRelative": "97", "ZEndPosition": "15696000", "ZTargetPosition": "15664822"}, "ElectricalMeasurement": null, "Dip": null}, {"HeadSegmentId": "197121", "Measures": {"MeasureList": [{"CameraIndividualId": "1030", "MeasurementResult": "0", "PhiDeviation": "-110341", "TimeStampSinceStationStarted": "1323689.820389", "VisionDumpPath": "C:\\Sirio\\Work\\SvDumpFiles\\PartCameraDumps\\JID_103031405_OID_437820043_SEG_3_BE-Bibliothek.A5E00439671_R1323690777.svdmp", "XDeviation": "65998", "YDeviation": "55721"}]}, "Pick": {"ActualPickPosition": {"Angle": "0", "X": "6000", "Y": "-49500"}, "MeasuredComponentHeight": "999063", "NominalPickPosition": {"Angle": "0", "X": "6140", "Y": "-49423"}, "PickupLocationId": "152", "Result": "0", "TimeStampSinceStationStarted": "1323689.311204", "VacuumAbsolute": "-790", "VacuumRelative": "-790", "ZEndPosition": "14401000", "ZTargetPosition": "14421743"}, "Place": {"ActualPlacePosition": {"Angle": "-90005", "X": "36289", "Y": "33681"}, "AirkissPressure": "55", "BoardPanelId": "2", "HoldingCircuitPressure": "-676", "NominalPlacePosition": {"Angle": "-90000", "X": "36250", "Y": "33630"}, "ReferenceDesignator": "D500_TSSOP_14_IC_INT", "Result": "0", "TimeStampSinceStationStarted": "1323690.750672", "VacuumAbsolute": "-825", "VacuumRelative": "90", "ZEndPosition": "13918000", "ZTargetPosition": "13886057"}, "ElectricalMeasurement": null, "Dip": null}, {"HeadSegmentId": "262657", "Measures": {"MeasureList": [{"CameraIndividualId": "1030", "MeasurementResult": "0", "PhiDeviation": "1333273", "TimeStampSinceStationStarted": "1323689.911046", "VisionDumpPath": "C:\\Sirio\\Work\\SvDumpFiles\\PartCameraDumps\\JID_103031406_OID_437820044_SEG_4_BE-Bibliothek.A5E00032567_R1323690900.svdmp", "XDeviation": "91970", "YDeviation": "120908"}]}, "Pick": {"ActualPickPosition": {"Angle": "0", "X": "6000", "Y": "-51500"}, "MeasuredComponentHeight": "585774", "NominalPickPosition": {"Angle": "0", "X": "6065", "Y": "-51623"}, "PickupLocationId": "155", "Result": "0", "TimeStampSinceStationStarted": "1323689.434204", "VacuumAbsolute": "-747", "VacuumRelative": "-747", "ZEndPosition": "14113500", "ZTargetPosition": "14133000"}, "Place": {"ActualPlacePosition": {"Angle": "-90005", "X": "41790", "Y": "84221"}, "AirkissPressure": "53", "BoardPanelId": "2", "HoldingCircuitPressure": "-589", "NominalPlacePosition": {"Angle": "-90000", "X": "41750", "Y": "84180"}, "ReferenceDesignator": "R416_2010_WID_MET_SH", "Result": "0", "TimeStampSinceStationStarted": "1323690.932654", "VacuumAbsolute": "-815", "VacuumRelative": "96", "ZEndPosition": "14192000", "ZTargetPosition": "14146003"}, "ElectricalMeasurement": null, "Dip": null}, {"HeadSegmentId": "328193", "Measures": {"MeasureList": [{"CameraIndividualId": "1030", "MeasurementResult": "0", "PhiDeviation": "273187", "TimeStampSinceStationStarted": "1323689.973893", "VisionDumpPath": "C:\\Sirio\\Work\\SvDumpFiles\\PartCameraDumps\\JID_103031407_OID_437820045_SEG_5_BE-Bibliothek.A5E00198243_R1323690988.svdmp", "XDeviation": "99841", "YDeviation": "679"}]}, "Pick": {"ActualPickPosition": {"Angle": "0", "X": "1000", "Y": "-50000"}, "MeasuredComponentHeight": "546441", "NominalPickPosition": {"Angle": "0", "X": "783", "Y": "-49774"}, "PickupLocationId": "158", "Result": "0", "TimeStampSinceStationStarted": "1323689.522679", "VacuumAbsolute": "-796", "VacuumRelative": "-796", "ZEndPosition": "12138000", "ZTargetPosition": "12158000"}, "Place": {"ActualPlacePosition": {"Angle": "-90005", "X": "68476", "Y": "137309"}, "AirkissPressure": "59", "BoardPanelId": "2", "HoldingCircuitPressure": "-643", "NominalPlacePosition": {"Angle": "-90000", "X": "68450", "Y": "137280"}, "ReferenceDesignator": "R2509_1206_WID_MET_S", "Result": "0", "TimeStampSinceStationStarted": "1323691.065506", "VacuumAbsolute": "-850", "VacuumRelative": "108", "ZEndPosition": "13463500", "ZTargetPosition": "13432615"}, "ElectricalMeasurement": null, "Dip": null}, {"HeadSegmentId": "393729", "Measures": {"MeasureList": [{"CameraIndividualId": "1030", "MeasurementResult": "0", "PhiDeviation": "-1973767", "TimeStampSinceStationStarted": "1323690.034068", "VisionDumpPath": "C:\\Sirio\\Work\\SvDumpFiles\\PartCameraDumps\\JID_103031408_OID_437820046_SEG_6_BE-Bibliothek.A5E00198243_R1323691059.svdmp", "XDeviation": "-94424", "YDeviation": "-16082"}]}, "Pick": {"ActualPickPosition": {"Angle": "0", "X": "1000", "Y": "-50000"}, "MeasuredComponentHeight": "544240", "NominalPickPosition": {"Angle": "0", "X": "783", "Y": "-49774"}, "PickupLocationId": "158", "Result": "0", "TimeStampSinceStationStarted": "1323689.59291", "VacuumAbsolute": "-797", "VacuumRelative": "-797", "ZEndPosition": "12156000", "ZTargetPosition": "12175000"}, "Place": {"ActualPlacePosition": {"Angle": "-90005", "X": "71324", "Y": "137309"}, "AirkissPressure": "56", "BoardPanelId": "2", "HoldingCircuitPressure": "-577", "NominalPlacePosition": {"Angle": "-90000", "X": "71300", "Y": "137280"}, "ReferenceDesignator": "R2508_1206_WID_MET_S", "Result": "0", "TimeStampSinceStationStarted": "1323691.133135", "VacuumAbsolute": "-819", "VacuumRelative": "86", "ZEndPosition": "13497500", "ZTargetPosition": "13506685"}, "ElectricalMeasurement": null, "Dip": null}, {"HeadSegmentId": "459265", "Measures": {"MeasureList": [{"CameraIndividualId": "1030", "MeasurementResult": "0", "PhiDeviation": "4366458", "TimeStampSinceStationStarted": "1323690.094419", "VisionDumpPath": "C:\\Sirio\\Work\\SvDumpFiles\\PartCameraDumps\\JID_103031409_OID_437820047_SEG_7_BE-Bibliothek.A5E00198243_R1323691130.svdmp", "XDeviation": "-59797", "YDeviation": "-93327"}]}, "Pick": {"ActualPickPosition": {"Angle": "0", "X": "1000", "Y": "-50000"}, "MeasuredComponentHeight": "542491", "NominalPickPosition": {"Angle": "0", "X": "783", "Y": "-49774"}, "PickupLocationId": "158", "Result": "0", "TimeStampSinceStationStarted": "1323689.664709", "VacuumAbsolute": "-802", "VacuumRelative": "-802", "ZEndPosition": "12200000", "ZTargetPosition": "12220000"}, "Place": {"ActualPlacePosition": {"Angle": "-90005", "X": "109797", "Y": "137257"}, "AirkissPressure": "56", "BoardPanelId": "2", "HoldingCircuitPressure": "-477", "NominalPlacePosition": {"Angle": "-90000", "X": "109800", "Y": "137230"}, "ReferenceDesignator": "R2603_1206_WID_MET_S", "Result": "0", "TimeStampSinceStationStarted": "1323691.223752", "VacuumAbsolute": "-865", "VacuumRelative": "111", "ZEndPosition": "13654500", "ZTargetPosition": "13619314"}, "ElectricalMeasurement": null, "Dip": null}, {"HeadSegmentId": "524801", "Measures": {"MeasureList": [{"CameraIndividualId": "1030", "MeasurementResult": "0", "PhiDeviation": "759777", "TimeStampSinceStationStarted": "1323690.640862", "VisionDumpPath": "C:\\Sirio\\Work\\SvDumpFiles\\PartCameraDumps\\JID_103031410_OID_437820048_SEG_8_BE-Bibliothek.A5E00198243_R1323691202.svdmp", "XDeviation": "-113373", "YDeviation": "-64991"}]}, "Pick": {"ActualPickPosition": {"Angle": "0", "X": "1000", "Y": "-50000"}, "MeasuredComponentHeight": "539076", "NominalPickPosition": {"Angle": "0", "X": "783", "Y": "-49774"}, "PickupLocationId": "158", "Result": "0", "TimeStampSinceStationStarted": "1323689.736879", "VacuumAbsolute": "-811", "VacuumRelative": "-811", "ZEndPosition": "12200000", "ZTargetPosition": "12220500"}, "Place": {"ActualPlacePosition": {"Angle": "-90005", "X": "112645", "Y": "137256"}, "AirkissPressure": "53", "BoardPanelId": "2", "HoldingCircuitPressure": "-600", "NominalPlacePosition": {"Angle": "-90000", "X": "112650", "Y": "137230"}, "ReferenceDesignator": "R2602_1206_WID_MET_S", "Result": "0", "TimeStampSinceStationStarted": "1323691.291968", "VacuumAbsolute": "-830", "VacuumRelative": "89", "ZEndPosition": "13641500", "ZTargetPosition": "13654157"}, "ElectricalMeasurement": null, "Dip": null}, {"HeadSegmentId": "590337", "Measures": {"MeasureList": [{"CameraIndividualId": "1030", "MeasurementResult": "0", "PhiDeviation": "-1112418", "TimeStampSinceStationStarted": "1323690.757401", "VisionDumpPath": "C:\\Sirio\\Work\\SvDumpFiles\\PartCameraDumps\\JID_103031411_OID_437820049_SEG_9_BE-Bibliothek.A5E00726333_R1323691276.svdmp", "XDeviation": "-65057", "YDeviation": "-101373"}]}, "Pick": {"ActualPickPosition": {"Angle": "0", "X": "1090", "Y": "-50930"}, "MeasuredComponentHeight": "1301258", "NominalPickPosition": {"Angle": "0", "X": "1090", "Y": "-50930"}, "PickupLocationId": "159", "Result": "0", "TimeStampSinceStationStarted": "1323689.810805", "VacuumAbsolute": "-790", "VacuumRelative": "-790", "ZEndPosition": "13578000", "ZTargetPosition": "13568424"}, "Place": {"ActualPlacePosition": {"Angle": "-90005", "X": "76310", "Y": "25880"}, "AirkissPressure": "55", "BoardPanelId": "2", "HoldingCircuitPressure": "-561", "NominalPlacePosition": {"Angle": "-90000", "X": "76300", "Y": "25830"}, "ReferenceDesignator": "C903_0805_KOND_KER_V", "Result": "0", "TimeStampSinceStationStarted": "1323691.462343", "VacuumAbsolute": "-838", "VacuumRelative": "97", "ZEndPosition": "12905500", "ZTargetPosition": "12833596"}, "ElectricalMeasurement": null, "Dip": null}, {"HeadSegmentId": "655873", "Measures": {"MeasureList": [{"CameraIndividualId": "1030", "MeasurementResult": "0", "PhiDeviation": "5709150", "TimeStampSinceStationStarted": "1323690.938902", "VisionDumpPath": "C:\\Sirio\\Work\\SvDumpFiles\\PartCameraDumps\\JID_103031412_OID_437820050_SEG_10_BE-Bibliothek.A5E00091713_R1323691369.svdmp", "XDeviation": "85658", "YDeviation": "-872"}]}, "Pick": {"ActualPickPosition": {"Angle": "0", "X": "953", "Y": "-50972"}, "MeasuredComponentHeight": "300830", "NominalPickPosition": {"Angle": "0", "X": "924", "Y": "-50969"}, "PickupLocationId": "161", "Result": "0", "TimeStampSinceStationStarted": "1323689.903777", "VacuumAbsolute": "-795", "VacuumRelative": "-795", "ZEndPosition": "11863500", "ZTargetPosition": "11884000"}, "Place": {"ActualPlacePosition": {"Angle": "179997", "X": "40488", "Y": "53277"}, "AirkissPressure": "52", "BoardPanelId": "2", "HoldingCircuitPressure": "-657", "NominalPlacePosition": {"Angle": "180000", "X": "40450", "Y": "53230"}, "ReferenceDesignator": "R615_0402_WID_MET_SH", "Result": "0", "TimeStampSinceStationStarted": "1323691.571886", "VacuumAbsolute": "-873", "VacuumRelative": "225", "ZEndPosition": "12733500", "ZTargetPosition": "12691504"}, "ElectricalMeasurement": null, "Dip": null}, {"HeadSegmentId": "721409", "Measures": {"MeasureList": [{"CameraIndividualId": "1030", "MeasurementResult": "0", "PhiDeviation": "60461", "TimeStampSinceStationStarted": "1323691.071653", "VisionDumpPath": "C:\\Sirio\\Work\\SvDumpFiles\\PartCameraDumps\\JID_103031413_OID_437820051_SEG_11_BE-Bibliothek.A5E00091713_R1323691429.svdmp", "XDeviation": "80288", "YDeviation": "-40377"}]}, "Pick": {"ActualPickPosition": {"Angle": "0", "X": "953", "Y": "-50972"}, "MeasuredComponentHeight": "304582", "NominalPickPosition": {"Angle": "0", "X": "924", "Y": "-50969"}, "PickupLocationId": "161", "Result": "0", "TimeStampSinceStationStarted": "1323689.963834", "VacuumAbsolute": "-754", "VacuumRelative": "-754", "ZEndPosition": "11874500", "ZTargetPosition": "11894500"}, "Place": {"ActualPlacePosition": {"Angle": "179997", "X": "40488", "Y": "54276"}, "AirkissPressure": "53", "BoardPanelId": "2", "HoldingCircuitPressure": "-704", "NominalPlacePosition": {"Angle": "180000", "X": "40450", "Y": "54230"}, "ReferenceDesignator": "R616_0402_WID_MET_SH", "Result": "0", "TimeStampSinceStationStarted": "1323691.639324", "VacuumAbsolute": "-844", "VacuumRelative": "108", "ZEndPosition": "12721000", "ZTargetPosition": "12693409"}, "ElectricalMeasurement": null, "Dip": null}, {"HeadSegmentId": "786945", "Measures": {"MeasureList": [{"CameraIndividualId": "1030", "MeasurementResult": "0", "PhiDeviation": "301542", "TimeStampSinceStationStarted": "1323691.142963", "VisionDumpPath": "C:\\Sirio\\Work\\SvDumpFiles\\PartCameraDumps\\JID_103031414_OID_437820052_SEG_12_BE-Bibliothek.A5E00091702_R1323691490.svdmp", "XDeviation": "-45817", "YDeviation": "29817"}]}, "Pick": {"ActualPickPosition": {"Angle": "0", "X": "988", "Y": "-50853"}, "MeasuredComponentHeight": "306340", "NominalPickPosition": {"Angle": "0", "X": "943", "Y": "-50885"}, "PickupLocationId": "162", "Result": "0", "TimeStampSinceStationStarted": "1323690.024209", "VacuumAbsolute": "-808", "VacuumRelative": "-808", "ZEndPosition": "11742000", "ZTargetPosition": "11760500"}, "Place": {"ActualPlacePosition": {"Angle": "-3", "X": "36292", "Y": "60325"}, "AirkissPressure": "56", "BoardPanelId": "2", "HoldingCircuitPressure": "-779", "NominalPlacePosition": {"Angle": "0", "X": "36250", "Y": "60280"}, "ReferenceDesignator": "R707_0402_WID_MET_SH", "Result": "0", "TimeStampSinceStationStarted": "1323691.719277", "VacuumAbsolute": "-865", "VacuumRelative": "83", "ZEndPosition": "12672500", "ZTargetPosition": "12607098"}, "ElectricalMeasurement": null, "Dip": null}, {"HeadSegmentId": "68356", "Measures": {"MeasureList": [{"CameraIndividualId": "4030", "MeasurementResult": "0", "PhiDeviation": "-3123397", "TimeStampSinceStationStarted": "1323691.11238", "VisionDumpPath": "C:\\Sirio\\Work\\SvDumpFiles\\PartCameraDumps\\JID_403060192_OID_437820053_SEG_1_BE-Bibliothek.A5E00150936_R1323692035.svdmp", "XDeviation": "-33672", "YDeviation": "-39116"}]}, "Pick": {"ActualPickPosition": {"Angle": "0", "X": "1000", "Y": "-51000"}, "MeasuredComponentHeight": "902241", "NominalPickPosition": {"Angle": "0", "X": "860", "Y": "-50965"}, "PickupLocationId": "215", "Result": "0", "TimeStampSinceStationStarted": "1323690.569585", "VacuumAbsolute": "-818", "VacuumRelative": "-818", "ZEndPosition": "12438500", "ZTargetPosition": "12458500"}, "Place": {"ActualPlacePosition": {"Angle": "0", "X": "119467", "Y": "68655"}, "AirkissPressure": "51", "BoardPanelId": "2", "HoldingCircuitPressure": "-606", "NominalPlacePosition": {"Angle": "0", "X": "119470", "Y": "68650"}, "ReferenceDesignator": "H1119_0603_2_DIO_LED", "Result": "0", "TimeStampSinceStationStarted": "1323692.139982", "VacuumAbsolute": "-840", "VacuumRelative": "45", "ZEndPosition": "12052000", "ZTargetPosition": "11994700"}, "ElectricalMeasurement": null, "Dip": null}, {"HeadSegmentId": "133892", "Measures": {"MeasureList": [{"CameraIndividualId": "4030", "MeasurementResult": "0", "PhiDeviation": "-2565384", "TimeStampSinceStationStarted": "1323691.274201", "VisionDumpPath": "C:\\Sirio\\Work\\SvDumpFiles\\PartCameraDumps\\JID_403060193_OID_437820054_SEG_2_BE-Bibliothek.A5E00150936_R1323692130.svdmp", "XDeviation": "-2391", "YDeviation": "-67872"}]}, "Pick": {"ActualPickPosition": {"Angle": "0", "X": "1000", "Y": "-51000"}, "MeasuredComponentHeight": "895408", "NominalPickPosition": {"Angle": "0", "X": "860", "Y": "-50965"}, "PickupLocationId": "215", "Result": "0", "TimeStampSinceStationStarted": "1323690.664284", "VacuumAbsolute": "-821", "VacuumRelative": "-821", "ZEndPosition": "12435500", "ZTargetPosition": "12454500"}, "Place": {"ActualPlacePosition": {"Angle": "0", "X": "129465", "Y": "68655"}, "AirkissPressure": "52", "BoardPanelId": "2", "HoldingCircuitPressure": "-834", "NominalPlacePosition": {"Angle": "0", "X": "129470", "Y": "68650"}, "ReferenceDesignator": "H1212_0603_2_DIO_LED", "Result": "0", "TimeStampSinceStationStarted": "1323692.207595", "VacuumAbsolute": "-842", "VacuumRelative": "50", "ZEndPosition": "12064000", "ZTargetPosition": "12024399"}, "ElectricalMeasurement": null, "Dip": null}, {"HeadSegmentId": "199428", "Measures": {"MeasureList": [{"CameraIndividualId": "4030", "MeasurementResult": "0", "PhiDeviation": "-1510772", "TimeStampSinceStationStarted": "1323691.346847", "VisionDumpPath": "C:\\Sirio\\Work\\SvDumpFiles\\PartCameraDumps\\JID_403060194_OID_437820055_SEG_3_BE-Bibliothek.A5E00150936_R1323692219.svdmp", "XDeviation": "-41491", "YDeviation": "-60413"}]}, "Pick": {"ActualPickPosition": {"Angle": "0", "X": "1000", "Y": "-51000"}, "MeasuredComponentHeight": "869271", "NominalPickPosition": {"Angle": "0", "X": "860", "Y": "-50965"}, "PickupLocationId": "215", "Result": "0", "TimeStampSinceStationStarted": "1323690.752855", "VacuumAbsolute": "-816", "VacuumRelative": "-816", "ZEndPosition": "12414000", "ZTargetPosition": "12432500"}, "Place": {"ActualPlacePosition": {"Angle": "0", "X": "131965", "Y": "68655"}, "AirkissPressure": "51", "BoardPanelId": "2", "HoldingCircuitPressure": "-827", "NominalPlacePosition": {"Angle": "0", "X": "131970", "Y": "68650"}, "ReferenceDesignator": "H1213_0603_2_DIO_LED", "Result": "0", "TimeStampSinceStationStarted": "1323692.274654", "VacuumAbsolute": "-842", "VacuumRelative": "95", "ZEndPosition": "12082500", "ZTargetPosition": "12019205"}, "ElectricalMeasurement": null, "Dip": null}, {"HeadSegmentId": "264964", "Measures": {"MeasureList": [{"CameraIndividualId": "4030", "MeasurementResult": "0", "PhiDeviation": "-542800", "TimeStampSinceStationStarted": "1323691.441294", "VisionDumpPath": "C:\\Sirio\\Work\\SvDumpFiles\\PartCameraDumps\\JID_403060195_OID_437820056_SEG_4_BE-Bibliothek.A5E00150936_R1323692307.svdmp", "XDeviation": "-29152", "YDeviation": "-39284"}]}, "Pick": {"ActualPickPosition": {"Angle": "0", "X": "1000", "Y": "-51000"}, "MeasuredComponentHeight": "862802", "NominalPickPosition": {"Angle": "0", "X": "860", "Y": "-50965"}, "PickupLocationId": "215", "Result": "0", "TimeStampSinceStationStarted": "1323690.841237", "VacuumAbsolute": "-826", "VacuumRelative": "-826", "ZEndPosition": "12532000", "ZTargetPosition": "12551500"}, "Place": {"ActualPlacePosition": {"Angle": "0", "X": "136964", "Y": "68655"}, "AirkissPressure": "53", "BoardPanelId": "2", "HoldingCircuitPressure": "-836", "NominalPlacePosition": {"Angle": "0", "X": "136970", "Y": "68650"}, "ReferenceDesignator": "H1215_0603_2_DIO_LED", "Result": "0", "TimeStampSinceStationStarted": "1323692.342078", "VacuumAbsolute": "-844", "VacuumRelative": "-27", "ZEndPosition": "12216000", "ZTargetPosition": "12147726"}, "ElectricalMeasurement": null, "Dip": null}, {"HeadSegmentId": "330500", "Measures": {"MeasureList": [{"CameraIndividualId": "4030", "MeasurementResult": "0", "PhiDeviation": "-41641", "TimeStampSinceStationStarted": "1323691.536397", "VisionDumpPath": "C:\\Sirio\\Work\\SvDumpFiles\\PartCameraDumps\\JID_403060196_OID_437820057_SEG_5_BE-Bibliothek.A5E00150936_R1323692395.svdmp", "XDeviation": "-26350", "YDeviation": "-13501"}]}, "Pick": {"ActualPickPosition": {"Angle": "0", "X": "1000", "Y": "-51000"}, "MeasuredComponentHeight": "899633", "NominalPickPosition": {"Angle": "0", "X": "860", "Y": "-50965"}, "PickupLocationId": "215", "Result": "0", "TimeStampSinceStationStarted": "1323690.929664", "VacuumAbsolute": "-821", "VacuumRelative": "-821", "ZEndPosition": "12436500", "ZTargetPosition": "12456500"}, "Place": {"ActualPlacePosition": {"Angle": "0", "X": "141963", "Y": "68655"}, "AirkissPressure": "56", "BoardPanelId": "2", "HoldingCircuitPressure": "-833", "NominalPlacePosition": {"Angle": "0", "X": "141970", "Y": "68650"}, "ReferenceDesignator": "H1217_0603_2_DIO_LED", "Result": "0", "TimeStampSinceStationStarted": "1323692.41", "VacuumAbsolute": "-844", "VacuumRelative": "71", "ZEndPosition": "12154000", "ZTargetPosition": "12091381"}, "ElectricalMeasurement": null, "Dip": null}, {"HeadSegmentId": "396036", "Measures": {"MeasureList": [{"CameraIndividualId": "4030", "MeasurementResult": "0", "PhiDeviation": "1121435", "TimeStampSinceStationStarted": "1323691.663248", "VisionDumpPath": "C:\\Sirio\\Work\\SvDumpFiles\\PartCameraDumps\\JID_403060197_OID_437820058_SEG_6_BE-Bibliothek.A5E00907098_R1323692496.svdmp", "XDeviation": "-144963", "YDeviation": "-7823"}]}, "Pick": {"ActualPickPosition": {"Angle": "0", "X": "1000", "Y": "-50000"}, "MeasuredComponentHeight": "1730826", "NominalPickPosition": {"Angle": "0", "X": "1031", "Y": "-50105"}, "PickupLocationId": "220", "Result": "0", "TimeStampSinceStationStarted": "1323691.029854", "VacuumAbsolute": "-787", "VacuumRelative": "-787", "ZEndPosition": "14827000", "ZTargetPosition": "14835893"}, "Place": {"ActualPlacePosition": {"Angle": "-90000", "X": "157140", "Y": "169903"}, "AirkissPressure": "53", "BoardPanelId": "2", "HoldingCircuitPressure": "-725", "NominalPlacePosition": {"Angle": "-90000", "X": "157150", "Y": "169915"}, "ReferenceDesignator": "C2801_1206_KOND_KER_", "Result": "0", "TimeStampSinceStationStarted": "1323692.578401", "VacuumAbsolute": "-844", "VacuumRelative": "90", "ZEndPosition": "13782500", "ZTargetPosition": "13763366"}, "ElectricalMeasurement": null, "Dip": null}, {"HeadSegmentId": "527108", "Measures": {"MeasureList": [{"CameraIndividualId": "4030", "MeasurementResult": "0", "PhiDeviation": "-91769", "TimeStampSinceStationStarted": "1323692.217293", "VisionDumpPath": "C:\\Sirio\\Work\\SvDumpFiles\\PartCameraDumps\\JID_403060198_OID_437820059_SEG_8_BE-Bibliothek.A5E00081516_R1323692732.svdmp", "XDeviation": "-128883", "YDeviation": "21413"}]}, "Pick": {"ActualPickPosition": {"Angle": "0", "X": "6000", "Y": "-49500"}, "MeasuredComponentHeight": "985378", "NominalPickPosition": {"Angle": "0", "X": "6091", "Y": "-49659"}, "PickupLocationId": "230", "Result": "0", "TimeStampSinceStationStarted": "1323691.266157", "VacuumAbsolute": "-787", "VacuumRelative": "-787", "ZEndPosition": "14527000", "ZTargetPosition": "14512476"}, "Place": {"ActualPlacePosition": {"Angle": "90000", "X": "61906", "Y": "148205"}, "AirkissPressure": "53", "BoardPanelId": "2", "HoldingCircuitPressure": "-829", "NominalPlacePosition": {"Angle": "90000", "X": "61900", "Y": "148213"}, "ReferenceDesignator": "U2203_TSSOP_14_IC_KO", "Result": "0", "TimeStampSinceStationStarted": "1323692.709158", "VacuumAbsolute": "-869", "VacuumRelative": "100", "ZEndPosition": "14137500", "ZTargetPosition": "14124886"}, "ElectricalMeasurement": null, "Dip": null}, {"HeadSegmentId": "592644", "Measures": {"MeasureList": [{"CameraIndividualId": "4030", "MeasurementResult": "0", "PhiDeviation": "-980992", "TimeStampSinceStationStarted": "1323692.28438", "VisionDumpPath": "C:\\Sirio\\Work\\SvDumpFiles\\PartCameraDumps\\JID_403060199_OID_437820060_SEG_9_BE-Bibliothek.A5E00081516_R1323692826.svdmp", "XDeviation": "-97593", "YDeviation": "-20025"}]}, "Pick": {"ActualPickPosition": {"Angle": "0", "X": "6000", "Y": "-49500"}, "MeasuredComponentHeight": "993573", "NominalPickPosition": {"Angle": "0", "X": "6091", "Y": "-49659"}, "PickupLocationId": "230", "Result": "0", "TimeStampSinceStationStarted": "1323691.360583", "VacuumAbsolute": "-749", "VacuumRelative": "-749", "ZEndPosition": "14473500", "ZTargetPosition": "14494607"}, "Place": {"ActualPlacePosition": {"Angle": "90000", "X": "53158", "Y": "148205"}, "AirkissPressure": "55", "BoardPanelId": "2", "HoldingCircuitPressure": "-622", "NominalPlacePosition": {"Angle": "90000", "X": "53150", "Y": "148213"}, "ReferenceDesignator": "U2201_TSSOP_14_IC_KO", "Result": "0", "TimeStampSinceStationStarted": "1323692.824234", "VacuumAbsolute": "-787", "VacuumRelative": "87", "ZEndPosition": "14027000", "ZTargetPosition": "14024023"}, "ElectricalMeasurement": null, "Dip": null}, {"HeadSegmentId": "658180", "Measures": {"MeasureList": [{"CameraIndividualId": "4030", "MeasurementResult": "0", "PhiDeviation": "-948398", "TimeStampSinceStationStarted": "1323692.351796", "VisionDumpPath": "C:\\Sirio\\Work\\SvDumpFiles\\PartCameraDumps\\JID_403060200_OID_437820061_SEG_10_BE-Bibliothek.A5E00081516_R1323692920.svdmp", "XDeviation": "242092", "YDeviation": "27349"}]}, "Pick": {"ActualPickPosition": {"Angle": "0", "X": "6000", "Y": "-49500"}, "MeasuredComponentHeight": "994914", "NominalPickPosition": {"Angle": "0", "X": "6091", "Y": "-49659"}, "PickupLocationId": "230", "Result": "0", "TimeStampSinceStationStarted": "1323691.454627", "VacuumAbsolute": "-784", "VacuumRelative": "-784", "ZEndPosition": "14527000", "ZTargetPosition": "14521330"}, "Place": {"ActualPlacePosition": {"Angle": "90000", "X": "44409", "Y": "148205"}, "AirkissPressure": "55", "BoardPanelId": "2", "HoldingCircuitPressure": "-775", "NominalPlacePosition": {"Angle": "90000", "X": "44400", "Y": "148213"}, "ReferenceDesignator": "U2103_TSSOP_14_IC_KO", "Result": "0", "TimeStampSinceStationStarted": "1323692.937848", "VacuumAbsolute": "-825", "VacuumRelative": "85", "ZEndPosition": "14114500", "ZTargetPosition": "14094109"}, "ElectricalMeasurement": null, "Dip": null}, {"HeadSegmentId": "723716", "Measures": {"MeasureList": [{"CameraIndividualId": "4030", "MeasurementResult": "0", "PhiDeviation": "-559269", "TimeStampSinceStationStarted": "1323692.419635", "VisionDumpPath": "C:\\Sirio\\Work\\SvDumpFiles\\PartCameraDumps\\JID_403060201_OID_437820062_SEG_11_BE-Bibliothek.A5E00081516_R1323693015.svdmp", "XDeviation": "296794", "YDeviation": "16914"}]}, "Pick": {"ActualPickPosition": {"Angle": "0", "X": "6000", "Y": "-49500"}, "MeasuredComponentHeight": "985331", "NominalPickPosition": {"Angle": "0", "X": "6091", "Y": "-49659"}, "PickupLocationId": "230", "Result": "0", "TimeStampSinceStationStarted": "1323691.549553", "VacuumAbsolute": "-783", "VacuumRelative": "-783", "ZEndPosition": "14525000", "ZTargetPosition": "14522748"}, "Place": {"ActualPlacePosition": {"Angle": "90000", "X": "35660", "Y": "148205"}, "AirkissPressure": "53", "BoardPanelId": "2", "HoldingCircuitPressure": "-771", "NominalPlacePosition": {"Angle": "90000", "X": "35650", "Y": "148213"}, "ReferenceDesignator": "U2101_TSSOP_14_IC_KO", "Result": "0", "TimeStampSinceStationStarted": "1323693.053983", "VacuumAbsolute": "-831", "VacuumRelative": "103", "ZEndPosition": "14123500", "ZTargetPosition": "14075582"}, "ElectricalMeasurement": null, "Dip": null}, {"HeadSegmentId": "789252", "Measures": {"MeasureList": [{"CameraIndividualId": "4030", "MeasurementResult": "0", "PhiDeviation": "-1059448", "TimeStampSinceStationStarted": "1323692.584491", "VisionDumpPath": "C:\\Sirio\\Work\\SvDumpFiles\\PartCameraDumps\\JID_403060202_OID_437820063_SEG_12_BE-Bibliothek.A5E00186101_R1323693118.svdmp", "XDeviation": "14507", "YDeviation": "14904"}]}, "Pick": {"ActualPickPosition": {"Angle": "0", "X": "6000", "Y": "-49500"}, "MeasuredComponentHeight": "3157297", "NominalPickPosition": {"Angle": "0", "X": "6163", "Y": "-49494"}, "PickupLocationId": "232", "Result": "0", "TimeStampSinceStationStarted": "1323691.652759", "VacuumAbsolute": "-771", "VacuumRelative": "-771", "ZEndPosition": "17468000", "ZTargetPosition": "17465298"}, "Place": {"ActualPlacePosition": {"Angle": "0", "X": "31211", "Y": "27192"}, "AirkissPressure": "46", "BoardPanelId": "2", "HoldingCircuitPressure": "-726", "NominalPlacePosition": {"Angle": "0", "X": "31200", "Y": "27180"}, "ReferenceDesignator": "U501_SOP_8/SOIC_8_OP", "Result": "0", "TimeStampSinceStationStarted": "1323693.285166", "VacuumAbsolute": "-846", "VacuumRelative": "100", "ZEndPosition": "15142500", "ZTargetPosition": "15083002"}, "ElectricalMeasurement": null, "Dip": null}, {"HeadSegmentId": "197121", "Measures": {"MeasureList": [{"CameraIndividualId": "1030", "MeasurementResult": "0", "PhiDeviation": "-17293", "TimeStampSinceStationStarted": "1323692.686173", "VisionDumpPath": "C:\\Sirio\\Work\\SvDumpFiles\\PartCameraDumps\\JID_103031415_OID_437820064_SEG_3_BE-Bibliothek.A5E00207035_R1323693673.svdmp", "XDeviation": "51599", "YDeviation": "6048"}]}, "Pick": {"ActualPickPosition": {"Angle": "0", "X": "1000", "Y": "-50000"}, "MeasuredComponentHeight": "517672", "NominalPickPosition": {"Angle": "0", "X": "898", "Y": "-49776"}, "PickupLocationId": "156", "Result": "0", "TimeStampSinceStationStarted": "1323692.206659", "VacuumAbsolute": "-746", "VacuumRelative": "-746", "ZEndPosition": "13687000", "ZTargetPosition": "13778068"}, "Place": {"ActualPlacePosition": {"Angle": "179997", "X": "133623", "Y": "55921"}, "AirkissPressure": "56", "BoardPanelId": "2", "HoldingCircuitPressure": "-583", "NominalPlacePosition": {"Angle": "180000", "X": "133650", "Y": "55880"}, "ReferenceDesignator": "R1205_1206_8_WID_NET", "Result": "0", "TimeStampSinceStationStarted": "1323693.835577", "VacuumAbsolute": "-802", "VacuumRelative": "82", "ZEndPosition": "14252000", "ZTargetPosition": "14200697"}, "ElectricalMeasurement": null, "Dip": null}, {"HeadSegmentId": "262657", "Measures": {"MeasureList": [{"CameraIndividualId": "1030", "MeasurementResult": "0", "PhiDeviation": "-746102", "TimeStampSinceStationStarted": "1323692.787591", "VisionDumpPath": "C:\\Sirio\\Work\\SvDumpFiles\\PartCameraDumps\\JID_103031416_OID_437820065_SEG_4_BE-Bibliothek.A5E00207035_R1323693743.svdmp", "XDeviation": "-17369", "YDeviation": "7714"}]}, "Pick": {"ActualPickPosition": {"Angle": "0", "X": "1000", "Y": "-50000"}, "MeasuredComponentHeight": "507330", "NominalPickPosition": {"Angle": "0", "X": "898", "Y": "-49776"}, "PickupLocationId": "156", "Result": "0", "TimeStampSinceStationStarted": "1323692.277357", "VacuumAbsolute": "-729", "VacuumRelative": "-729", "ZEndPosition": "13778000", "ZTargetPosition": "13833801"}, "Place": {"ActualPlacePosition": {"Angle": "179997", "X": "138170", "Y": "55921"}, "AirkissPressure": "53", "BoardPanelId": "2", "HoldingCircuitPressure": "-521", "NominalPlacePosition": {"Angle": "180000", "X": "138200", "Y": "55880"}, "ReferenceDesignator": "R1204_1206_8_WID_NET", "Result": "0", "TimeStampSinceStationStarted": "1323693.903835", "VacuumAbsolute": "-763", "VacuumRelative": "76", "ZEndPosition": "14357500", "ZTargetPosition": "14304879"}, "ElectricalMeasurement": null, "Dip": null}, {"HeadSegmentId": "328193", "Measures": {"MeasureList": [{"CameraIndividualId": "1030", "MeasurementResult": "0", "PhiDeviation": "4283557", "TimeStampSinceStationStarted": "1323692.850271", "VisionDumpPath": "C:\\Sirio\\Work\\SvDumpFiles\\PartCameraDumps\\JID_103031417_OID_437820066_SEG_5_BE-Bibliothek.A5E00726333_R1323693839.svdmp", "XDeviation": "-66371", "YDeviation": "-187347"}]}, "Pick": {"ActualPickPosition": {"Angle": "0", "X": "1090", "Y": "-50930"}, "MeasuredComponentHeight": "1378456", "NominalPickPosition": {"Angle": "0", "X": "1090", "Y": "-50930"}, "PickupLocationId": "159", "Result": "0", "TimeStampSinceStationStarted": "1323692.37353", "VacuumAbsolute": "-792", "VacuumRelative": "-792", "ZEndPosition": "13556500", "ZTargetPosition": "13559818"}, "Place": {"ActualPlacePosition": {"Angle": "179997", "X": "46132", "Y": "24582"}, "AirkissPressure": "55", "BoardPanelId": "2", "HoldingCircuitPressure": "-643", "NominalPlacePosition": {"Angle": "180000", "X": "46100", "Y": "24530"}, "ReferenceDesignator": "C947_0805_KOND_KER_V", "Result": "0", "TimeStampSinceStationStarted": "1323694.031182", "VacuumAbsolute": "-820", "VacuumRelative": "90", "ZEndPosition": "12951000", "ZTargetPosition": "12921731"}, "ElectricalMeasurement": null, "Dip": null}, {"HeadSegmentId": "393729", "Measures": {"MeasureList": [{"CameraIndividualId": "1030", "MeasurementResult": "0", "PhiDeviation": "-841997", "TimeStampSinceStationStarted": "1323692.897785", "VisionDumpPath": "C:\\Sirio\\Work\\SvDumpFiles\\PartCameraDumps\\JID_103031418_OID_437820067_SEG_6_BE-Bibliothek.A5E00726333_R1323693914.svdmp", "XDeviation": "-46608", "YDeviation": "-151169"}]}, "Pick": {"ActualPickPosition": {"Angle": "0", "X": "1090", "Y": "-50930"}, "MeasuredComponentHeight": "1312680", "NominalPickPosition": {"Angle": "0", "X": "1090", "Y": "-50930"}, "PickupLocationId": "159", "Result": "0", "TimeStampSinceStationStarted": "1323692.447923", "VacuumAbsolute": "-803", "VacuumRelative": "-803", "ZEndPosition": "13572000", "ZTargetPosition": "13600989"}, "Place": {"ActualPlacePosition": {"Angle": "89995", "X": "41685", "Y": "25982"}, "AirkissPressure": "53", "BoardPanelId": "2", "HoldingCircuitPressure": "-577", "NominalPlacePosition": {"Angle": "90000", "X": "41650", "Y": "25930"}, "ReferenceDesignator": "C511_0805_KOND_KER_V", "Result": "0", "TimeStampSinceStationStarted": "1323694.098764", "VacuumAbsolute": "-804", "VacuumRelative": "77", "ZEndPosition": "13003000", "ZTargetPosition": "12930887"}, "ElectricalMeasurement": null, "Dip": null}, {"HeadSegmentId": "459265", "Measures": {"MeasureList": [{"CameraIndividualId": "1030", "MeasurementResult": "0", "PhiDeviation": "109847", "TimeStampSinceStationStarted": "1323692.945627", "VisionDumpPath": "C:\\Sirio\\Work\\SvDumpFiles\\PartCameraDumps\\JID_103031419_OID_437820068_SEG_7_BE-Bibliothek.A5E00726333_R1323693989.svdmp", "XDeviation": "-48879", "YDeviation": "-176393"}]}, "Pick": {"ActualPickPosition": {"Angle": "0", "X": "1090", "Y": "-50930"}, "MeasuredComponentHeight": "1329118", "NominalPickPosition": {"Angle": "0", "X": "1090", "Y": "-50930"}, "PickupLocationId": "159", "Result": "0", "TimeStampSinceStationStarted": "1323692.522881", "VacuumAbsolute": "-797", "VacuumRelative": "-797", "ZEndPosition": "13617500", "ZTargetPosition": "13621742"}, "Place": {"ActualPlacePosition": {"Angle": "179997", "X": "36938", "Y": "21583"}, "AirkissPressure": "51", "BoardPanelId": "2", "HoldingCircuitPressure": "-477", "NominalPlacePosition": {"Angle": "180000", "X": "36900", "Y": "21530"}, "ReferenceDesignator": "C1615_0805_KOND_KER_", "Result": "0", "TimeStampSinceStationStarted": "1323694.171192", "VacuumAbsolute": "-813", "VacuumRelative": "78", "ZEndPosition": "13103500", "ZTargetPosition": "13048579"}, "ElectricalMeasurement": null, "Dip": null}, {"HeadSegmentId": "524801", "Measures": {"MeasureList": [{"CameraIndividualId": "1030", "MeasurementResult": "0", "PhiDeviation": "1599730", "TimeStampSinceStationStarted": "1323692.993059", "VisionDumpPath": "C:\\Sirio\\Work\\SvDumpFiles\\PartCameraDumps\\JID_103031420_OID_437820069_SEG_8_BE-Bibliothek.A5E00726333_R1323694065.svdmp", "XDeviation": "-170008", "YDeviation": "-194008"}]}, "Pick": {"ActualPickPosition": {"Angle": "0", "X": "1090", "Y": "-50930"}, "MeasuredComponentHeight": "1315432", "NominalPickPosition": {"Angle": "0", "X": "1090", "Y": "-50930"}, "PickupLocationId": "159", "Result": "0", "TimeStampSinceStationStarted": "1323692.598972", "VacuumAbsolute": "-801", "VacuumRelative": "-801", "ZEndPosition": "13639500", "ZTargetPosition": "13625181"}, "Place": {"ActualPlacePosition": {"Angle": "179997", "X": "36938", "Y": "19533"}, "AirkissPressure": "54", "BoardPanelId": "2", "HoldingCircuitPressure": "-600", "NominalPlacePosition": {"Angle": "180000", "X": "36900", "Y": "19480"}, "ReferenceDesignator": "C1614_0805_KOND_KER_", "Result": "0", "TimeStampSinceStationStarted": "1323694.238878", "VacuumAbsolute": "-808", "VacuumRelative": "75", "ZEndPosition": "13155000", "ZTargetPosition": "13093604"}, "ElectricalMeasurement": null, "Dip": null}, {"HeadSegmentId": "590337", "Measures": {"MeasureList": [{"CameraIndividualId": "1030", "MeasurementResult": "0", "PhiDeviation": "419569", "TimeStampSinceStationStarted": "1323693.843544", "VisionDumpPath": "C:\\Sirio\\Work\\SvDumpFiles\\PartCameraDumps\\JID_103031421_OID_437820070_SEG_9_BE-Bibliothek.A5E00726333_R1323694142.svdmp", "XDeviation": "-75468", "YDeviation": "-191683"}]}, "Pick": {"ActualPickPosition": {"Angle": "0", "X": "1090", "Y": "-50930"}, "MeasuredComponentHeight": "1361069", "NominalPickPosition": {"Angle": "0", "X": "1090", "Y": "-50930"}, "PickupLocationId": "159", "Result": "0", "TimeStampSinceStationStarted": "1323692.676233", "VacuumAbsolute": "-786", "VacuumRelative": "-786", "ZEndPosition": "13559500", "ZTargetPosition": "13565261"}, "Place": {"ActualPlacePosition": {"Angle": "179997", "X": "36937", "Y": "17484"}, "AirkissPressure": "55", "BoardPanelId": "2", "HoldingCircuitPressure": "-549", "NominalPlacePosition": {"Angle": "180000", "X": "36900", "Y": "17430"}, "ReferenceDesignator": "C1600_0805_KOND_KER_", "Result": "0", "TimeStampSinceStationStarted": "1323694.306882", "VacuumAbsolute": "-795", "VacuumRelative": "72", "ZEndPosition": "13053500", "ZTargetPosition": "13028116"}, "ElectricalMeasurement": null, "Dip": null}, {"HeadSegmentId": "655873", "Measures": {"MeasureList": [{"CameraIndividualId": "1030", "MeasurementResult": "0", "PhiDeviation": "2119337", "TimeStampSinceStationStarted": "1323693.913793", "VisionDumpPath": "C:\\Sirio\\Work\\SvDumpFiles\\PartCameraDumps\\JID_103031422_OID_437820071_SEG_10_BE-Bibliothek.A5E00091702_R1323694246.svdmp", "XDeviation": "85845", "YDeviation": "-5639"}]}, "Pick": {"ActualPickPosition": {"Angle": "0", "X": "988", "Y": "-50853"}, "MeasuredComponentHeight": "314497", "NominalPickPosition": {"Angle": "0", "X": "940", "Y": "-50884"}, "PickupLocationId": "162", "Result": "0", "TimeStampSinceStationStarted": "1323692.780411", "VacuumAbsolute": "-801", "VacuumRelative": "-801", "ZEndPosition": "11776500", "ZTargetPosition": "11796000"}, "Place": {"ActualPlacePosition": {"Angle": "-3", "X": "36292", "Y": "61325"}, "AirkissPressure": "51", "BoardPanelId": "2", "HoldingCircuitPressure": "-676", "NominalPlacePosition": {"Angle": "0", "X": "36250", "Y": "61280"}, "ReferenceDesignator": "R705_0402_WID_MET_SH", "Result": "0", "TimeStampSinceStationStarted": "1323694.430967", "VacuumAbsolute": "-873", "VacuumRelative": "225", "ZEndPosition": "12679500", "ZTargetPosition": "12646512"}, "ElectricalMeasurement": null, "Dip": null}]}, "HeadContext": {"HeadSegments": {"HeadSegment": [{"GantryId": "1", "Head": "1", "HeadName": "CPP 12 2xxx", "Id": "66049", "NozzleTypeId": "2037", "SegmentNumber": "1"}, {"GantryId": "4", "Head": "1", "HeadName": "CPP 12 2xxx", "Id": "68356", "NozzleTypeId": "2003", "SegmentNumber": "1"}, {"GantryId": "1", "Head": "1", "HeadName": "CPP 12 2xxx", "Id": "131585", "NozzleTypeId": "2037", "SegmentNumber": "2"}, {"GantryId": "4", "Head": "1", "HeadName": "CPP 12 2xxx", "Id": "133892", "NozzleTypeId": "2003", "SegmentNumber": "2"}, {"GantryId": "1", "Head": "1", "HeadName": "CPP 12 2xxx", "Id": "197121", "NozzleTypeId": "2035", "SegmentNumber": "3"}, {"GantryId": "4", "Head": "1", "HeadName": "CPP 12 2xxx", "Id": "199428", "NozzleTypeId": "2003", "SegmentNumber": "3"}, {"GantryId": "1", "Head": "1", "HeadName": "CPP 12 2xxx", "Id": "262657", "NozzleTypeId": "2035", "SegmentNumber": "4"}, {"GantryId": "4", "Head": "1", "HeadName": "CPP 12 2xxx", "Id": "264964", "NozzleTypeId": "2003", "SegmentNumber": "4"}, {"GantryId": "1", "Head": "1", "HeadName": "CPP 12 2xxx", "Id": "328193", "NozzleTypeId": "2004", "SegmentNumber": "5"}, {"GantryId": "4", "Head": "1", "HeadName": "CPP 12 2xxx", "Id": "330500", "NozzleTypeId": "2003", "SegmentNumber": "5"}, {"GantryId": "1", "Head": "1", "HeadName": "CPP 12 2xxx", "Id": "393729", "NozzleTypeId": "2004", "SegmentNumber": "6"}, {"GantryId": "4", "Head": "1", "HeadName": "CPP 12 2xxx", "Id": "396036", "NozzleTypeId": "2033", "SegmentNumber": "6"}, {"GantryId": "1", "Head": "1", "HeadName": "CPP 12 2xxx", "Id": "459265", "NozzleTypeId": "2004", "SegmentNumber": "7"}, {"GantryId": "4", "Head": "1", "HeadName": "CPP 12 2xxx", "Id": "461572", "NozzleTypeId": "2004", "SegmentNumber": "7"}, {"GantryId": "1", "Head": "1", "HeadName": "CPP 12 2xxx", "Id": "524801", "NozzleTypeId": "2004", "SegmentNumber": "8"}, {"GantryId": "4", "Head": "1", "HeadName": "CPP 12 2xxx", "Id": "527108", "NozzleTypeId": "2035", "SegmentNumber": "8"}, {"GantryId": "1", "Head": "1", "HeadName": "CPP 12 2xxx", "Id": "590337", "NozzleTypeId": "2004", "SegmentNumber": "9"}, {"GantryId": "4", "Head": "1", "HeadName": "CPP 12 2xxx", "Id": "592644", "NozzleTypeId": "2035", "SegmentNumber": "9"}, {"GantryId": "1", "Head": "1", "HeadName": "CPP 12 2xxx", "Id": "655873", "NozzleTypeId": "2003", "SegmentNumber": "10"}, {"GantryId": "4", "Head": "1", "HeadName": "CPP 12 2xxx", "Id": "658180", "NozzleTypeId": "2035", "SegmentNumber": "10"}, {"GantryId": "1", "Head": "1", "HeadName": "CPP 12 2xxx", "Id": "721409", "NozzleTypeId": "2003", "SegmentNumber": "11"}, {"GantryId": "4", "Head": "1", "HeadName": "CPP 12 2xxx", "Id": "723716", "NozzleTypeId": "2035", "SegmentNumber": "11"}, {"GantryId": "1", "Head": "1", "HeadName": "CPP 12 2xxx", "Id": "786945", "NozzleTypeId": "2003", "SegmentNumber": "12"}, {"GantryId": "4", "Head": "1", "HeadName": "CPP 12 2xxx", "Id": "789252", "NozzleTypeId": "2038", "SegmentNumber": "12"}]}}, "SetupContext": {"PickupLocations": {"PickupLocation": [{"Division": "1", "FeederId": "17ATMJ705061", "FeederType": "273", "Id": "148", "Level": "0", "Location": "1", "StartTrackNumber": "12", "SubLocation": "1", "Tower": "0", "PackagingUid": "M05327284"}, {"Division": "1", "FeederId": "12ATMLN01023", "FeederType": "268", "Id": "152", "Level": "0", "Location": "1", "StartTrackNumber": "20", "SubLocation": "1", "Tower": "0", "PackagingUid": "M05057609"}, {"Division": "1", "FeederId": "12KL-CN00325", "FeederType": "268", "Id": "155", "Level": "0", "Location": "1", "StartTrackNumber": "26", "SubLocation": "1", "Tower": "0", "PackagingUid": "M05241625"}, {"Division": "1", "FeederId": "08KL-K405983", "FeederType": "264", "Id": "156", "Level": "0", "Location": "1", "StartTrackNumber": "28", "SubLocation": "1", "Tower": "0", "PackagingUid": "M04898217"}, {"Division": "1", "FeederId": "08KL-F800736", "FeederType": "264", "Id": "158", "Level": "0", "Location": "1", "StartTrackNumber": "30", "SubLocation": "1", "Tower": "0", "PackagingUid": "M04773241"}, {"Division": "1", "FeederId": "08FAUE601549", "FeederType": "264", "Id": "159", "Level": "0", "Location": "1", "StartTrackNumber": "31", "SubLocation": "1", "Tower": "0", "PackagingUid": "M04682907"}, {"Division": "1", "FeederId": "08ATML904062", "FeederType": "264", "Id": "161", "Level": "0", "Location": "1", "StartTrackNumber": "33", "SubLocation": "1", "Tower": "0", "PackagingUid": "M04872259"}, {"Division": "1", "FeederId": "08ATMLN00817", "FeederType": "264", "Id": "162", "Level": "0", "Location": "1", "StartTrackNumber": "34", "SubLocation": "1", "Tower": "0", "PackagingUid": "M04821274"}, {"Division": "1", "FeederId": "08KL-K806306", "FeederType": "264", "Id": "164", "Level": "0", "Location": "1", "StartTrackNumber": "36", "SubLocation": "1", "Tower": "0", "PackagingUid": "M05199699"}, {"Division": "1", "FeederId": "08KL-JD05112", "FeederType": "264", "Id": "215", "Level": "0", "Location": "4", "StartTrackNumber": "6", "SubLocation": "1", "Tower": "0", "PackagingUid": "M05267759"}, {"Division": "1", "FeederId": "08ATMJ706492", "FeederType": "264", "Id": "217", "Level": "0", "Location": "4", "StartTrackNumber": "8", "SubLocation": "1", "Tower": "0", "PackagingUid": "M04948129"}, {"Division": "1", "FeederId": "08FAUC901346", "FeederType": "264", "Id": "220", "Level": "0", "Location": "4", "StartTrackNumber": "11", "SubLocation": "1", "Tower": "0", "PackagingUid": "M05332301"}, {"Division": "1", "FeederId": "08FAUE300108", "FeederType": "264", "Id": "223", "Level": "0", "Location": "4", "StartTrackNumber": "14", "SubLocation": "1", "Tower": "0", "PackagingUid": "M04998924"}, {"Division": "1", "FeederId": "12KL-CN00258", "FeederType": "268", "Id": "230", "Level": "0", "Location": "4", "StartTrackNumber": "27", "SubLocation": "1", "Tower": "0", "PackagingUid": "M05227096"}, {"Division": "1", "FeederId": "12KL-F805190", "FeederType": "268", "Id": "231", "Level": "0", "Location": "4", "StartTrackNumber": "29", "SubLocation": "1", "Tower": "0", "PackagingUid": "M05328119"}, {"Division": "1", "FeederId": "12KL-F805204", "FeederType": "268", "Id": "232", "Level": "0", "Location": "4", "StartTrackNumber": "31", "SubLocation": "1", "Tower": "0", "PackagingUid": "M05309110"}, {"Division": "1", "FeederId": "17ATMH505294", "FeederType": "273", "Id": "234", "Level": "0", "Location": "4", "StartTrackNumber": "35", "SubLocation": "1", "Tower": "0", "PackagingUid": "M05277159"}]}}}}, "ProductionEndedData": {"StationTime": "2021-11-30T18:15:53.0970000+08:00", "TimeStampSinceStationStarted": "1323694.514303"}}