{"name": "PDI_Line5_4070353313_20211130052714.txt", "Timestamp": "2021-11-30T05:26:40.0481313+08:00", "TxnID": "a8f68be3-ffba-4b47-b795-945d055a3b96", "Line": "SEWC-Lines\\Line5", "Machine": "Line5\\ST3_X3 S", "ProductionStartedData": [{"ConveyorLanePosition": "1", "ConveyorStopperPosition": "1", "Pcb": {"BarcodeReaderPosition": "0", "BoardSide": "1", "IndividualGUID": "2bc46e16-ea71-403a-9704-7b4ffaa04e92", "LineJobGUID": "99c44632-6fb4-4a82-b2b6-96f12cf58afb", "Path": "STAB\\A5E50302021bt01", "PcbIndividualID": "43369", "RecipePath": "Line5\\Smart_CPU_L5_702SAF\\A5E50302021bt01", "Barcode": "", "OrderNumber": null}, "ProcessingAreaPosition": "1", "SetupPath": "Line5\\Smart_CPU_L5_702SAF", "StationTime": "2021-11-30T05:24:16.6330000+08:00", "TimeStampSinceStationStarted": "1277567.950195"}], "BoardPositionsList": {"BoardPositions": [{"ActualPosition": {"Angle": "-77", "X": "-528754", "Y": "-232515", "Z": "-5000"}, "FiducialPositions": {"FiducialRecognitionResult": [{"ActualPosition": {"Angle": "-76", "X": "5773", "Y": "10845", "Z": null}, "CameraIndividualId": "4034", "FiducialFunction": "0", "GantryId": "4", "MeasurementResult": "0", "NominalPosition": {"Angle": "0", "X": "6480", "Y": "10530", "Z": null}, "Path": "A5E50302021bt01/1/02/1", "StationTime": "2021-11-30T05:24:16.6330000+08:00", "TimeStampSinceStationStarted": "1277567.950195"}, {"ActualPosition": {"Angle": "-102", "X": "241364", "Y": "192028", "Z": null}, "CameraIndividualId": "4034", "FiducialFunction": "0", "GantryId": "4", "MeasurementResult": "0", "NominalPosition": {"Angle": "0", "X": "241830", "Y": "192030", "Z": null}, "Path": "A5E50302021bt01/1/01/1", "StationTime": "2021-11-30T05:24:16.6330000+08:00", "TimeStampSinceStationStarted": "1277567.950195"}, {"ActualPosition": {"Angle": "-8", "X": "6474", "Y": "10532", "Z": null}, "CameraIndividualId": "1034", "FiducialFunction": "0", "GantryId": "1", "MeasurementResult": "0", "NominalPosition": {"Angle": "0", "X": "6480", "Y": "10530", "Z": null}, "Path": "A5E50302021bt01/1/02/1", "StationTime": "2021-11-30T05:24:16.6330000+08:00", "TimeStampSinceStationStarted": "1277567.950195"}]}, "NominalPosition": {"Angle": "0", "X": "-528032", "Y": "-232838", "Z": "-5000"}}]}, "ProgressDataList": {"ProductionProgressData": {"BoardContext": {"BoardPanels": {"BoardPanel": [{"Id": "2", "PanelPath": "A5E50302021bt01/A1"}, {"Id": "3", "PanelPath": "A5E50302021bt01/B1"}]}}, "ComponentIndividuals": {"ComponentIndividual": [{"HeadSegmentId": "66049", "Measures": {"MeasureList": [{"CameraIndividualId": "1033", "MeasurementResult": "0", "PhiDeviation": "-212558", "TimeStampSinceStationStarted": "1277577.739652", "VisionDumpPath": "C:\\Sirio\\Work\\SvDumpFiles\\PartCameraDumps\\JID_103379859_OID_433690000_SEG_1_BE-Bibliothek.A5E01114436_R1277565051.svdmp", "XDeviation": "83240", "YDeviation": "-29405"}]}, "Pick": {"ActualPickPosition": {"Angle": "180000", "X": "17950", "Y": "-70500"}, "MeasuredComponentHeight": "0", "NominalPickPosition": {"Angle": "180000", "X": "17921", "Y": "-70806"}, "PickupLocationId": "238", "Result": "0", "TimeStampSinceStationStarted": "1277568.48008", "VacuumAbsolute": "-780", "VacuumRelative": "-780", "ZEndPosition": "43484500", "ZTargetPosition": "43475970"}, "Place": {"ActualPlacePosition": {"Angle": "-180000", "X": "100445", "Y": "171755"}, "AirkissPressure": "74", "BoardPanelId": "3", "HoldingCircuitPressure": "2147483647", "NominalPlacePosition": {"Angle": "180000", "X": "100457", "Y": "171753"}, "ReferenceDesignator": "X605_CONN_8_STECK_RC", "Result": "0", "TimeStampSinceStationStarted": "1277578.224875", "VacuumAbsolute": "-822", "VacuumRelative": "101", "ZEndPosition": "40184500", "ZTargetPosition": "40156066"}, "ElectricalMeasurement": null, "Dip": null}, {"HeadSegmentId": "131585", "Measures": {"MeasureList": [{"CameraIndividualId": "1033", "MeasurementResult": "0", "PhiDeviation": "-1053643", "TimeStampSinceStationStarted": "1277577.904748", "VisionDumpPath": "C:\\Sirio\\Work\\SvDumpFiles\\PartCameraDumps\\JID_103379860_OID_433690001_SEG_2_BE-Bibliothek.A5E00189819_R1277565327.svdmp", "XDeviation": "356930", "YDeviation": "-66408"}]}, "Pick": {"ActualPickPosition": {"Angle": "0", "X": "15250", "Y": "-70500"}, "MeasuredComponentHeight": "0", "NominalPickPosition": {"Angle": "0", "X": "15225", "Y": "-70268"}, "PickupLocationId": "242", "Result": "0", "TimeStampSinceStationStarted": "1277568.755855", "VacuumAbsolute": "-838", "VacuumRelative": "-838", "ZEndPosition": "47496000", "ZTargetPosition": "47482234"}, "Place": {"ActualPlacePosition": {"Angle": "0", "X": "73569", "Y": "151032"}, "AirkissPressure": "76", "BoardPanelId": "3", "HoldingCircuitPressure": "2147483647", "NominalPlacePosition": {"Angle": "0", "X": "73580", "Y": "151030"}, "ReferenceDesignator": "T2200_EX120_TRAFO_SC", "Result": "0", "TimeStampSinceStationStarted": "1277578.396535", "VacuumAbsolute": "-840", "VacuumRelative": "99", "ZEndPosition": "41389000", "ZTargetPosition": "41353736"}, "ElectricalMeasurement": null, "Dip": null}, {"HeadSegmentId": "133124", "Measures": {"MeasureList": [{"CameraIndividualId": "4033", "MeasurementResult": "0", "PhiDeviation": "-693209", "TimeStampSinceStationStarted": "1277578.256126", "VisionDumpPath": "C:\\Sirio\\Work\\SvDumpFiles\\PartCameraDumps\\JID_403361084_OID_433690002_SEG_2_BE-Bibliothek.A5E44859639_R1277573383.svdmp", "XDeviation": "-112866", "YDeviation": "-27771"}]}, "Pick": {"ActualPickPosition": {"Angle": "0", "X": "6000", "Y": "-49500"}, "MeasuredComponentHeight": "0", "NominalPickPosition": {"Angle": "0", "X": "6010", "Y": "-49423"}, "PickupLocationId": "280", "Result": "0", "TimeStampSinceStationStarted": "1277576.812442", "VacuumAbsolute": "-844", "VacuumRelative": "-844", "ZEndPosition": "46287500", "ZTargetPosition": "46300871"}, "Place": {"ActualPlacePosition": {"Angle": "180000", "X": "22581", "Y": "162630"}, "AirkissPressure": "75", "BoardPanelId": "3", "HoldingCircuitPressure": "2147483647", "NominalPlacePosition": {"Angle": "180000", "X": "22580", "Y": "162630"}, "ReferenceDesignator": "U1700_SOP_8/SOIC_8_O", "Result": "0", "TimeStampSinceStationStarted": "1277578.956402", "VacuumAbsolute": "-845", "VacuumRelative": "98", "ZEndPosition": "43873000", "ZTargetPosition": "43873455"}, "ElectricalMeasurement": null, "Dip": null}, {"HeadSegmentId": "67588", "Measures": {"MeasureList": [{"CameraIndividualId": "4033", "MeasurementResult": "0", "PhiDeviation": "-246746", "TimeStampSinceStationStarted": "1277578.468424", "VisionDumpPath": "C:\\Sirio\\Work\\SvDumpFiles\\PartCameraDumps\\JID_403361085_OID_433690003_SEG_1_BE-Bibliothek.A5E45275537_R1277573700.svdmp", "XDeviation": "-44215", "YDeviation": "9122"}]}, "Pick": {"ActualPickPosition": {"Angle": "0", "X": "17470", "Y": "-70910"}, "MeasuredComponentHeight": "0", "NominalPickPosition": {"Angle": "0", "X": "17630", "Y": "-70820"}, "PickupLocationId": "271", "Result": "0", "TimeStampSinceStationStarted": "1277577.129213", "VacuumAbsolute": "-801", "VacuumRelative": "-801", "ZEndPosition": "46954000", "ZTargetPosition": "46973994"}, "Place": {"ActualPlacePosition": {"Angle": "180000", "X": "51776", "Y": "74120"}, "AirkissPressure": "74", "BoardPanelId": "3", "HoldingCircuitPressure": "2147483647", "NominalPlacePosition": {"Angle": "180000", "X": "51775", "Y": "74120"}, "ReferenceDesignator": "X601_CONN_16_STECK_R", "Result": "0", "TimeStampSinceStationStarted": "1277579.279569", "VacuumAbsolute": "-817", "VacuumRelative": "88", "ZEndPosition": "38962000", "ZTargetPosition": "38988125"}, "ElectricalMeasurement": null, "Dip": null}, {"HeadSegmentId": "66049", "Measures": {"MeasureList": [{"CameraIndividualId": "1033", "MeasurementResult": "0", "PhiDeviation": "-584820", "TimeStampSinceStationStarted": "1277579.761701", "VisionDumpPath": "C:\\Sirio\\Work\\SvDumpFiles\\PartCameraDumps\\JID_103379861_OID_433690004_SEG_1_BE-Bibliothek.A5E01114436_R1277575578.svdmp", "XDeviation": "-118982", "YDeviation": "47291"}]}, "Pick": {"ActualPickPosition": {"Angle": "180000", "X": "17950", "Y": "-70500"}, "MeasuredComponentHeight": "0", "NominalPickPosition": {"Angle": "180000", "X": "17917", "Y": "-70805"}, "PickupLocationId": "238", "Result": "0", "TimeStampSinceStationStarted": "1277579.006748", "VacuumAbsolute": "-781", "VacuumRelative": "-781", "ZEndPosition": "43461500", "ZTargetPosition": "43478102"}, "Place": {"ActualPlacePosition": {"Angle": "-180000", "X": "220941", "Y": "171757"}, "AirkissPressure": "72", "BoardPanelId": "2", "HoldingCircuitPressure": "2147483647", "NominalPlacePosition": {"Angle": "180000", "X": "220957", "Y": "171753"}, "ReferenceDesignator": "X605_CONN_8_STECK_RC", "Result": "0", "TimeStampSinceStationStarted": "1277580.147315", "VacuumAbsolute": "-821", "VacuumRelative": "100", "ZEndPosition": "40398000", "ZTargetPosition": "40413587"}, "ElectricalMeasurement": null, "Dip": null}, {"HeadSegmentId": "131585", "Measures": {"MeasureList": [{"CameraIndividualId": "1033", "MeasurementResult": "0", "PhiDeviation": "868403", "TimeStampSinceStationStarted": "1277579.903143", "VisionDumpPath": "C:\\Sirio\\Work\\SvDumpFiles\\PartCameraDumps\\JID_103379862_OID_433690005_SEG_2_BE-Bibliothek.A5E00701727_R1277575873.svdmp", "XDeviation": "59137", "YDeviation": "-52312"}]}, "Pick": {"ActualPickPosition": {"Angle": "180000", "X": "15250", "Y": "-70500"}, "MeasuredComponentHeight": "0", "NominalPickPosition": {"Angle": "180000", "X": "15294", "Y": "-70627"}, "PickupLocationId": "240", "Result": "0", "TimeStampSinceStationStarted": "1277579.301835", "VacuumAbsolute": "-825", "VacuumRelative": "-825", "ZEndPosition": "47069500", "ZTargetPosition": "47091328"}, "Place": {"ActualPlacePosition": {"Angle": "0", "X": "88569", "Y": "151132"}, "AirkissPressure": "75", "BoardPanelId": "3", "HoldingCircuitPressure": "2147483647", "NominalPlacePosition": {"Angle": "0", "X": "88580", "Y": "151130"}, "ReferenceDesignator": "C2209_CAPA_2_22_KOND", "Result": "0", "TimeStampSinceStationStarted": "1277580.33527", "VacuumAbsolute": "-841", "VacuumRelative": "99", "ZEndPosition": "36783500", "ZTargetPosition": "36794455"}, "ElectricalMeasurement": null, "Dip": null}, {"HeadSegmentId": "133124", "Measures": {"MeasureList": [{"CameraIndividualId": "4033", "MeasurementResult": "0", "PhiDeviation": "269956", "TimeStampSinceStationStarted": "1277580.821658", "VisionDumpPath": "C:\\Sirio\\Work\\SvDumpFiles\\PartCameraDumps\\JID_403361086_OID_433690006_SEG_2_BE-Bibliothek.A5E44859639_R1277576501.svdmp", "XDeviation": "150649", "YDeviation": "-74730"}]}, "Pick": {"ActualPickPosition": {"Angle": "0", "X": "6000", "Y": "-49500"}, "MeasuredComponentHeight": "0", "NominalPickPosition": {"Angle": "0", "X": "6005", "Y": "-49424"}, "PickupLocationId": "280", "Result": "0", "TimeStampSinceStationStarted": "1277579.930672", "VacuumAbsolute": "-845", "VacuumRelative": "-845", "ZEndPosition": "46306000", "ZTargetPosition": "46297528"}, "Place": {"ActualPlacePosition": {"Angle": "180000", "X": "157480", "Y": "162630"}, "AirkissPressure": "75", "BoardPanelId": "2", "HoldingCircuitPressure": "2147483647", "NominalPlacePosition": {"Angle": "180000", "X": "157480", "Y": "162630"}, "ReferenceDesignator": "U1800_SOP_8/SOIC_8_O", "Result": "0", "TimeStampSinceStationStarted": "1277581.378278", "VacuumAbsolute": "-844", "VacuumRelative": "98", "ZEndPosition": "43704500", "ZTargetPosition": "43717566"}, "ElectricalMeasurement": null, "Dip": null}, {"HeadSegmentId": "67588", "Measures": {"MeasureList": [{"CameraIndividualId": "4033", "MeasurementResult": "0", "PhiDeviation": "-106782", "TimeStampSinceStationStarted": "1277581.033764", "VisionDumpPath": "C:\\Sirio\\Work\\SvDumpFiles\\PartCameraDumps\\JID_403361087_OID_433690007_SEG_1_BE-Bibliothek.A5E45275537_R1277576827.svdmp", "XDeviation": "10538", "YDeviation": "156639"}]}, "Pick": {"ActualPickPosition": {"Angle": "0", "X": "17470", "Y": "-70910"}, "MeasuredComponentHeight": "0", "NominalPickPosition": {"Angle": "0", "X": "17628", "Y": "-70819"}, "PickupLocationId": "271", "Result": "0", "TimeStampSinceStationStarted": "1277580.256472", "VacuumAbsolute": "-793", "VacuumRelative": "-793", "ZEndPosition": "46963000", "ZTargetPosition": "46968996"}, "Place": {"ActualPlacePosition": {"Angle": "180000", "X": "172275", "Y": "74120"}, "AirkissPressure": "75", "BoardPanelId": "2", "HoldingCircuitPressure": "2147483647", "NominalPlacePosition": {"Angle": "180000", "X": "172275", "Y": "74120"}, "ReferenceDesignator": "X601_CONN_16_STECK_R", "Result": "0", "TimeStampSinceStationStarted": "1277581.711084", "VacuumAbsolute": "-811", "VacuumRelative": "86", "ZEndPosition": "39121000", "ZTargetPosition": "39126559"}, "ElectricalMeasurement": null, "Dip": null}, {"HeadSegmentId": "66049", "Measures": {"MeasureList": [{"CameraIndividualId": "1033", "MeasurementResult": "0", "PhiDeviation": "-3794874", "TimeStampSinceStationStarted": "1277583.027038", "VisionDumpPath": "C:\\Sirio\\Work\\SvDumpFiles\\PartCameraDumps\\JID_103379863_OID_433690008_SEG_1_BE-Bibliothek.A5E00701727_R1277578863.svdmp", "XDeviation": "-23977", "YDeviation": "142141"}]}, "Pick": {"ActualPickPosition": {"Angle": "180000", "X": "15250", "Y": "-70500"}, "MeasuredComponentHeight": "0", "NominalPickPosition": {"Angle": "180000", "X": "15291", "Y": "-70624"}, "PickupLocationId": "240", "Result": "0", "TimeStampSinceStationStarted": "1277582.292182", "VacuumAbsolute": "-805", "VacuumRelative": "-805", "ZEndPosition": "47046000", "ZTargetPosition": "47032371"}, "Place": {"ActualPlacePosition": {"Angle": "0", "X": "209064", "Y": "151133"}, "AirkissPressure": "74", "BoardPanelId": "2", "HoldingCircuitPressure": "2147483647", "NominalPlacePosition": {"Angle": "0", "X": "209080", "Y": "151130"}, "ReferenceDesignator": "C2209_CAPA_2_22_KOND", "Result": "0", "TimeStampSinceStationStarted": "1277583.417773", "VacuumAbsolute": "-820", "VacuumRelative": "100", "ZEndPosition": "37000000", "ZTargetPosition": "37030448"}, "ElectricalMeasurement": null, "Dip": null}, {"HeadSegmentId": "131585", "Measures": {"MeasureList": [{"CameraIndividualId": "1033", "MeasurementResult": "0", "PhiDeviation": "-1317444", "TimeStampSinceStationStarted": "1277583.166893", "VisionDumpPath": "C:\\Sirio\\Work\\SvDumpFiles\\PartCameraDumps\\JID_103379864_OID_433690009_SEG_2_BE-Bibliothek.A5E00701727_R1277579138.svdmp", "XDeviation": "-37099", "YDeviation": "5580"}]}, "Pick": {"ActualPickPosition": {"Angle": "180000", "X": "15250", "Y": "-70500"}, "MeasuredComponentHeight": "0", "NominalPickPosition": {"Angle": "180000", "X": "15291", "Y": "-70624"}, "PickupLocationId": "240", "Result": "0", "TimeStampSinceStationStarted": "1277582.567279", "VacuumAbsolute": "-825", "VacuumRelative": "-825", "ZEndPosition": "47081500", "ZTargetPosition": "47085871"}, "Place": {"ActualPlacePosition": {"Angle": "0", "X": "102568", "Y": "151133"}, "AirkissPressure": "71", "BoardPanelId": "3", "HoldingCircuitPressure": "2147483647", "NominalPlacePosition": {"Angle": "0", "X": "102580", "Y": "151130"}, "ReferenceDesignator": "C2206_CAPA_2_22_KOND", "Result": "0", "TimeStampSinceStationStarted": "1277583.591606", "VacuumAbsolute": "-841", "VacuumRelative": "99", "ZEndPosition": "36764500", "ZTargetPosition": "36738552"}, "ElectricalMeasurement": null, "Dip": null}, {"HeadSegmentId": "133124", "Measures": {"MeasureList": [{"CameraIndividualId": "4033", "MeasurementResult": "0", "PhiDeviation": "1668332", "TimeStampSinceStationStarted": "1277583.605685", "VisionDumpPath": "C:\\Sirio\\Work\\SvDumpFiles\\PartCameraDumps\\JID_403361088_OID_433690010_SEG_2_BE-Bibliothek.A5E44859639_R1277578947.svdmp", "XDeviation": "23417", "YDeviation": "-103570"}]}, "Pick": {"ActualPickPosition": {"Angle": "0", "X": "6000", "Y": "-49500"}, "MeasuredComponentHeight": "0", "NominalPickPosition": {"Angle": "0", "X": "6012", "Y": "-49428"}, "PickupLocationId": "280", "Result": "0", "TimeStampSinceStationStarted": "1277582.375819", "VacuumAbsolute": "-845", "VacuumRelative": "-845", "ZEndPosition": "46303500", "ZTargetPosition": "46299646"}, "Place": {"ActualPlacePosition": {"Angle": "180000", "X": "34644", "Y": "25852"}, "AirkissPressure": "71", "BoardPanelId": "3", "HoldingCircuitPressure": "2147483647", "NominalPlacePosition": {"Angle": "180000", "X": "34643", "Y": "25851"}, "ReferenceDesignator": "U500_SOP_8/SOIC_8_OP", "Result": "0", "TimeStampSinceStationStarted": "1277584.431678", "VacuumAbsolute": "-845", "VacuumRelative": "98", "ZEndPosition": "43741500", "ZTargetPosition": "43739699"}, "ElectricalMeasurement": null, "Dip": null}, {"HeadSegmentId": "67588", "Measures": {"MeasureList": [{"CameraIndividualId": "4033", "MeasurementResult": "0", "PhiDeviation": "35257", "TimeStampSinceStationStarted": "1277583.89806", "VisionDumpPath": "C:\\Sirio\\Work\\SvDumpFiles\\PartCameraDumps\\JID_403361089_OID_433690011_SEG_1_BE-Bibliothek.A5E30248076_R1277579202.svdmp", "XDeviation": "-816977", "YDeviation": "-1054512"}]}, "Pick": {"ActualPickPosition": {"Angle": "180000", "X": "17046", "Y": "-69744"}, "MeasuredComponentHeight": "0", "NominalPickPosition": {"Angle": "180000", "X": "17046", "Y": "-69744"}, "PickupLocationId": "267", "Result": "0", "TimeStampSinceStationStarted": "1277582.631111", "VacuumAbsolute": "-452", "VacuumRelative": "-452", "ZEndPosition": "47231000", "ZTargetPosition": "47284393"}, "Place": {"ActualPlacePosition": {"Angle": "180000", "X": "103250", "Y": "30531"}, "AirkissPressure": "71", "BoardPanelId": "3", "HoldingCircuitPressure": "2147483647", "NominalPlacePosition": {"Angle": "180000", "X": "103250", "Y": "30530"}, "ReferenceDesignator": "X802_CONN_8_38_SONST", "Result": "0", "TimeStampSinceStationStarted": "1277584.713204", "VacuumAbsolute": "-450", "VacuumRelative": "-17", "ZEndPosition": "33019500", "ZTargetPosition": "33028401"}, "ElectricalMeasurement": null, "Dip": null}, {"HeadSegmentId": "66049", "Measures": {"MeasureList": [{"CameraIndividualId": "1033", "MeasurementResult": "0", "PhiDeviation": "-147417", "TimeStampSinceStationStarted": "1277586.086813", "VisionDumpPath": "C:\\Sirio\\Work\\SvDumpFiles\\PartCameraDumps\\JID_103379865_OID_433690013_SEG_1_BE-Bibliothek.A5E00701727_R1277581607.svdmp", "XDeviation": "-40770", "YDeviation": "-26567"}]}, "Pick": {"ActualPickPosition": {"Angle": "180000", "X": "15250", "Y": "-70500"}, "MeasuredComponentHeight": "0", "NominalPickPosition": {"Angle": "180000", "X": "15294", "Y": "-70631"}, "PickupLocationId": "240", "Result": "0", "TimeStampSinceStationStarted": "1277585.036074", "VacuumAbsolute": "-804", "VacuumRelative": "-804", "ZEndPosition": "47073000", "ZTargetPosition": "47033834"}, "Place": {"ActualPlacePosition": {"Angle": "0", "X": "223064", "Y": "151134"}, "AirkissPressure": "73", "BoardPanelId": "2", "HoldingCircuitPressure": "2147483647", "NominalPlacePosition": {"Angle": "0", "X": "223080", "Y": "151130"}, "ReferenceDesignator": "C2206_CAPA_2_22_KOND", "Result": "0", "TimeStampSinceStationStarted": "1277586.722752", "VacuumAbsolute": "-820", "VacuumRelative": "100", "ZEndPosition": "37088000", "ZTargetPosition": "37082160"}, "ElectricalMeasurement": null, "Dip": null}, {"HeadSegmentId": "131585", "Measures": {"MeasureList": [{"CameraIndividualId": "1033", "MeasurementResult": "0", "PhiDeviation": "-152797", "TimeStampSinceStationStarted": "1277586.306733", "VisionDumpPath": "C:\\Sirio\\Work\\SvDumpFiles\\PartCameraDumps\\JID_103379866_OID_433690012_SEG_2_BE-Bibliothek.A5E02285215_R1277581881.svdmp", "XDeviation": "330413", "YDeviation": "568121"}]}, "Pick": {"ActualPickPosition": {"Angle": "180000", "X": "23950", "Y": "-70500"}, "MeasuredComponentHeight": "0", "NominalPickPosition": {"Angle": "180000", "X": "23950", "Y": "-70500"}, "PickupLocationId": "241", "Result": "0", "TimeStampSinceStationStarted": "1277585.31039", "VacuumAbsolute": "-860", "VacuumRelative": "-860", "ZEndPosition": "48487000", "ZTargetPosition": "48432983"}, "Place": {"ActualPlacePosition": {"Angle": "-89999", "X": "18433", "Y": "22902"}, "AirkissPressure": "73", "BoardPanelId": "3", "HoldingCircuitPressure": "2147483647", "NominalPlacePosition": {"Angle": "-90000", "X": "18439", "Y": "22900"}, "ReferenceDesignator": "X501_CONN_DSUB_9_STE", "Result": "0", "TimeStampSinceStationStarted": "1277587.098135", "VacuumAbsolute": "-861", "VacuumRelative": "103", "ZEndPosition": "36288500", "ZTargetPosition": "36294176"}, "ElectricalMeasurement": null, "Dip": null}, {"HeadSegmentId": "67588", "Measures": {"MeasureList": [{"CameraIndividualId": "4033", "MeasurementResult": "0", "PhiDeviation": "-194632", "TimeStampSinceStationStarted": "1277587.583839", "VisionDumpPath": "C:\\Sirio\\Work\\SvDumpFiles\\PartCameraDumps\\JID_403361092_OID_433690015_SEG_1_BE-Bibliothek.A5E30248076_R1277583063.svdmp", "XDeviation": "-676381", "YDeviation": "-841421"}, {"CameraIndividualId": "4033", "MeasurementResult": "1", "PhiDeviation": "0", "TimeStampSinceStationStarted": "0", "VisionDumpPath": "C:\\Sirio\\Work\\SvDumpFiles\\PartCameraDumps\\JID_403361091_OID_433690015_SEG_1_BE-Bibliothek.A5E30248076_R1277582365.svdmp", "XDeviation": "0", "YDeviation": "0"}]}, "Pick": {"ActualPickPosition": {"Angle": "180000", "X": "17046", "Y": "-69744"}, "MeasuredComponentHeight": "0", "NominalPickPosition": {"Angle": "180000", "X": "17046", "Y": "-69744"}, "PickupLocationId": "267", "Result": "0", "TimeStampSinceStationStarted": "1277585.793928", "VacuumAbsolute": "-807", "VacuumRelative": "-807", "ZEndPosition": "47310000", "ZTargetPosition": "47271045"}, "Place": {"ActualPlacePosition": {"Angle": "180000", "X": "223749", "Y": "30531"}, "AirkissPressure": "72", "BoardPanelId": "2", "HoldingCircuitPressure": "2147483647", "NominalPlacePosition": {"Angle": "180000", "X": "223750", "Y": "30530"}, "ReferenceDesignator": "X802_CONN_8_38_SONST", "Result": "0", "TimeStampSinceStationStarted": "1277588.414636", "VacuumAbsolute": "-807", "VacuumRelative": "85", "ZEndPosition": "33403500", "ZTargetPosition": "33398299"}, "ElectricalMeasurement": null, "Dip": null}, {"HeadSegmentId": "133124", "Measures": {"MeasureList": [{"CameraIndividualId": "4033", "MeasurementResult": "0", "PhiDeviation": "-1830189", "TimeStampSinceStationStarted": "1277587.877827", "VisionDumpPath": "C:\\Sirio\\Work\\SvDumpFiles\\PartCameraDumps\\JID_403361093_OID_433690014_SEG_2_BE-Bibliothek.A5E44859639_R1277583064.svdmp", "XDeviation": "104850", "YDeviation": "-52767"}, {"CameraIndividualId": "4033", "MeasurementResult": "1", "PhiDeviation": "0", "TimeStampSinceStationStarted": "0", "VisionDumpPath": "C:\\Sirio\\Work\\SvDumpFiles\\PartCameraDumps\\JID_403361090_OID_433690014_SEG_2_BE-Bibliothek.A5E44859639_R1277582109.svdmp", "XDeviation": "0", "YDeviation": "0"}]}, "Pick": {"ActualPickPosition": {"Angle": "0", "X": "6000", "Y": "-49500"}, "MeasuredComponentHeight": "0", "NominalPickPosition": {"Angle": "0", "X": "6013", "Y": "-49433"}, "PickupLocationId": "280", "Result": "0", "TimeStampSinceStationStarted": "1277585.538571", "VacuumAbsolute": "-845", "VacuumRelative": "-845", "ZEndPosition": "46302500", "ZTargetPosition": "46300609"}, "Place": {"ActualPlacePosition": {"Angle": "180000", "X": "155143", "Y": "25852"}, "AirkissPressure": "71", "BoardPanelId": "2", "HoldingCircuitPressure": "2147483647", "NominalPlacePosition": {"Angle": "180000", "X": "155143", "Y": "25851"}, "ReferenceDesignator": "U500_SOP_8/SOIC_8_OP", "Result": "0", "TimeStampSinceStationStarted": "1277588.753272", "VacuumAbsolute": "-845", "VacuumRelative": "98", "ZEndPosition": "43754000", "ZTargetPosition": "43752958"}, "ElectricalMeasurement": null, "Dip": null}, {"HeadSegmentId": "131585", "Measures": {"MeasureList": [{"CameraIndividualId": "1033", "MeasurementResult": "0", "PhiDeviation": "-125298", "TimeStampSinceStationStarted": "1277589.443696", "VisionDumpPath": "C:\\Sirio\\Work\\SvDumpFiles\\PartCameraDumps\\JID_103379867_OID_433690016_SEG_2_BE-Bibliothek.A5E02285215_R1277584406.svdmp", "XDeviation": "316885", "YDeviation": "652911"}]}, "Pick": {"ActualPickPosition": {"Angle": "180000", "X": "23950", "Y": "-70500"}, "MeasuredComponentHeight": "0", "NominalPickPosition": {"Angle": "180000", "X": "23950", "Y": "-70500"}, "PickupLocationId": "241", "Result": "0", "TimeStampSinceStationStarted": "1277587.835885", "VacuumAbsolute": "-860", "VacuumRelative": "-860", "ZEndPosition": "48425500", "ZTargetPosition": "48446487"}, "Place": {"ActualPlacePosition": {"Angle": "-89999", "X": "138928", "Y": "22903"}, "AirkissPressure": "72", "BoardPanelId": "2", "HoldingCircuitPressure": "2147483647", "NominalPlacePosition": {"Angle": "-90000", "X": "138939", "Y": "22900"}, "ReferenceDesignator": "X501_CONN_DSUB_9_STE", "Result": "0", "TimeStampSinceStationStarted": "1277590.096032", "VacuumAbsolute": "-860", "VacuumRelative": "103", "ZEndPosition": "36302000", "ZTargetPosition": "36301235"}, "ElectricalMeasurement": null, "Dip": null}, {"HeadSegmentId": "66049", "Measures": {"MeasureList": [{"CameraIndividualId": "1033", "MeasurementResult": "0", "PhiDeviation": "592897", "TimeStampSinceStationStarted": "1277589.741031", "VisionDumpPath": "C:\\Sirio\\Work\\SvDumpFiles\\PartCameraDumps\\JID_103379868_OID_433690017_SEG_1_BE-Bibliothek.A5E00189819_R1277584803.svdmp", "XDeviation": "-226540", "YDeviation": "49514"}]}, "Pick": {"ActualPickPosition": {"Angle": "0", "X": "15250", "Y": "-70500"}, "MeasuredComponentHeight": "0", "NominalPickPosition": {"Angle": "0", "X": "15243", "Y": "-70271"}, "PickupLocationId": "242", "Result": "0", "TimeStampSinceStationStarted": "1277588.232112", "VacuumAbsolute": "-816", "VacuumRelative": "-816", "ZEndPosition": "47429500", "ZTargetPosition": "47432176"}, "Place": {"ActualPlacePosition": {"Angle": "0", "X": "194065", "Y": "151033"}, "AirkissPressure": "74", "BoardPanelId": "2", "HoldingCircuitPressure": "2147483647", "NominalPlacePosition": {"Angle": "0", "X": "194080", "Y": "151030"}, "ReferenceDesignator": "T2200_EX120_TRAFO_SC", "Result": "0", "TimeStampSinceStationStarted": "1277590.449407", "VacuumAbsolute": "-817", "VacuumRelative": "100", "ZEndPosition": "41527500", "ZTargetPosition": "41517158"}, "ElectricalMeasurement": null, "Dip": null}, {"HeadSegmentId": "67588", "Measures": {"MeasureList": [{"CameraIndividualId": "4033", "MeasurementResult": "0", "PhiDeviation": "-190042", "TimeStampSinceStationStarted": "1277592.199791", "VisionDumpPath": "C:\\Sirio\\Work\\SvDumpFiles\\PartCameraDumps\\JID_403361095_OID_433690019_SEG_1_BE-Bibliothek.A5E51102635_R1277587636.svdmp", "XDeviation": "18134", "YDeviation": "-7624"}]}, "Pick": {"ActualPickPosition": {"Angle": "0", "X": "15250", "Y": "-70500"}, "MeasuredComponentHeight": "0", "NominalPickPosition": {"Angle": "0", "X": "15145", "Y": "-70476"}, "PickupLocationId": "265", "Result": "0", "TimeStampSinceStationStarted": "1277591.064587", "VacuumAbsolute": "-823", "VacuumRelative": "-823", "ZEndPosition": "47235000", "ZTargetPosition": "47256462"}, "Place": {"ActualPlacePosition": {"Angle": "180000", "X": "69619", "Y": "48630"}, "AirkissPressure": "78", "BoardPanelId": "3", "HoldingCircuitPressure": "2147483647", "NominalPlacePosition": {"Angle": "180000", "X": "69619", "Y": "48630"}, "ReferenceDesignator": "D3_BGA_63_", "Result": "0", "TimeStampSinceStationStarted": "1277592.647535", "VacuumAbsolute": "-825", "VacuumRelative": "90", "ZEndPosition": "46305000", "ZTargetPosition": "46298803"}, "ElectricalMeasurement": null, "Dip": null}, {"HeadSegmentId": "133124", "Measures": {"MeasureList": [{"CameraIndividualId": "4033", "MeasurementResult": "0", "PhiDeviation": "-1404723", "TimeStampSinceStationStarted": "1277591.987391", "VisionDumpPath": "C:\\Sirio\\Work\\SvDumpFiles\\PartCameraDumps\\JID_403361096_OID_433690018_SEG_2_BE-Bibliothek.A5E44859639_R1277588027.svdmp", "XDeviation": "-10834", "YDeviation": "-56692"}]}, "Pick": {"ActualPickPosition": {"Angle": "0", "X": "6000", "Y": "-49500"}, "MeasuredComponentHeight": "0", "NominalPickPosition": {"Angle": "0", "X": "6018", "Y": "-49436"}, "PickupLocationId": "280", "Result": "0", "TimeStampSinceStationStarted": "1277591.456013", "VacuumAbsolute": "-845", "VacuumRelative": "-845", "ZEndPosition": "46303500", "ZTargetPosition": "46301082"}, "Place": {"ActualPlacePosition": {"Angle": "180000", "X": "150280", "Y": "162630"}, "AirkissPressure": "79", "BoardPanelId": "2", "HoldingCircuitPressure": "2147483647", "NominalPlacePosition": {"Angle": "180000", "X": "150280", "Y": "162630"}, "ReferenceDesignator": "U1704_SOP_8/SOIC_8_O", "Result": "0", "TimeStampSinceStationStarted": "1277592.980476", "VacuumAbsolute": "-846", "VacuumRelative": "98", "ZEndPosition": "43684500", "ZTargetPosition": "43679828"}, "ElectricalMeasurement": null, "Dip": null}, {"HeadSegmentId": "133124", "Measures": {"MeasureList": [{"CameraIndividualId": "4033", "MeasurementResult": "0", "PhiDeviation": "297455", "TimeStampSinceStationStarted": "1277594.537107", "VisionDumpPath": "C:\\Sirio\\Work\\SvDumpFiles\\PartCameraDumps\\JID_403361097_OID_433690020_SEG_2_BE-Bibliothek.A5E44859639_R1277590263.svdmp", "XDeviation": "104041", "YDeviation": "1909"}]}, "Pick": {"ActualPickPosition": {"Angle": "0", "X": "6000", "Y": "-49500"}, "MeasuredComponentHeight": "0", "NominalPickPosition": {"Angle": "0", "X": "6018", "Y": "-49439"}, "PickupLocationId": "280", "Result": "0", "TimeStampSinceStationStarted": "1277593.693083", "VacuumAbsolute": "-845", "VacuumRelative": "-845", "ZEndPosition": "46302500", "ZTargetPosition": "46301687"}, "Place": {"ActualPlacePosition": {"Angle": "180000", "X": "29781", "Y": "162630"}, "AirkissPressure": "75", "BoardPanelId": "3", "HoldingCircuitPressure": "2147483647", "NominalPlacePosition": {"Angle": "180000", "X": "29780", "Y": "162630"}, "ReferenceDesignator": "U1704_SOP_8/SOIC_8_O", "Result": "0", "TimeStampSinceStationStarted": "1277595.093484", "VacuumAbsolute": "-845", "VacuumRelative": "98", "ZEndPosition": "43873000", "ZTargetPosition": "43853452"}, "ElectricalMeasurement": null, "Dip": null}, {"HeadSegmentId": "67588", "Measures": {"MeasureList": [{"CameraIndividualId": "4033", "MeasurementResult": "0", "PhiDeviation": "-127805", "TimeStampSinceStationStarted": "1277594.749544", "VisionDumpPath": "C:\\Sirio\\Work\\SvDumpFiles\\PartCameraDumps\\JID_403361098_OID_433690021_SEG_1_BE-Bibliothek.A5E51102635_R1277590497.svdmp", "XDeviation": "211982", "YDeviation": "-25533"}]}, "Pick": {"ActualPickPosition": {"Angle": "0", "X": "15250", "Y": "-70500"}, "MeasuredComponentHeight": "0", "NominalPickPosition": {"Angle": "0", "X": "15146", "Y": "-70477"}, "PickupLocationId": "265", "Result": "0", "TimeStampSinceStationStarted": "1277593.927005", "VacuumAbsolute": "-821", "VacuumRelative": "-821", "ZEndPosition": "47268000", "ZTargetPosition": "47251096"}, "Place": {"ActualPlacePosition": {"Angle": "180000", "X": "190119", "Y": "48630"}, "AirkissPressure": "73", "BoardPanelId": "2", "HoldingCircuitPressure": "2147483647", "NominalPlacePosition": {"Angle": "180000", "X": "190119", "Y": "48630"}, "ReferenceDesignator": "D3_BGA_63_", "Result": "0", "TimeStampSinceStationStarted": "1277595.483469", "VacuumAbsolute": "-823", "VacuumRelative": "90", "ZEndPosition": "46477500", "ZTargetPosition": "46461201"}, "ElectricalMeasurement": null, "Dip": null}, {"HeadSegmentId": "67588", "Measures": {"MeasureList": [{"CameraIndividualId": "4033", "MeasurementResult": "0", "PhiDeviation": "-1471181", "TimeStampSinceStationStarted": "1277598.45716", "VisionDumpPath": "C:\\Sirio\\Work\\SvDumpFiles\\PartCameraDumps\\JID_403361099_OID_433690022_SEG_1_BE-Bibliothek.A5E44859639_R1277593981.svdmp", "XDeviation": "-85452", "YDeviation": "-21394"}]}, "Pick": {"ActualPickPosition": {"Angle": "0", "X": "6000", "Y": "-49500"}, "MeasuredComponentHeight": "0", "NominalPickPosition": {"Angle": "0", "X": "6023", "Y": "-49439"}, "PickupLocationId": "280", "Result": "0", "TimeStampSinceStationStarted": "1277597.41049", "VacuumAbsolute": "-853", "VacuumRelative": "-853", "ZEndPosition": "46237500", "ZTargetPosition": "46254390"}, "Place": {"ActualPlacePosition": {"Angle": "180000", "X": "143080", "Y": "162630"}, "AirkissPressure": "78", "BoardPanelId": "2", "HoldingCircuitPressure": "2147483647", "NominalPlacePosition": {"Angle": "180000", "X": "143080", "Y": "162630"}, "ReferenceDesignator": "U1700_SOP_8/SOIC_8_O", "Result": "0", "TimeStampSinceStationStarted": "1277598.872292", "VacuumAbsolute": "-855", "VacuumRelative": "99", "ZEndPosition": "43589000", "ZTargetPosition": "43582529"}, "ElectricalMeasurement": null, "Dip": null}, {"HeadSegmentId": "133124", "Measures": {"MeasureList": [{"CameraIndividualId": "4033", "MeasurementResult": "0", "PhiDeviation": "1454301", "TimeStampSinceStationStarted": "1277598.227078", "VisionDumpPath": "C:\\Sirio\\Work\\SvDumpFiles\\PartCameraDumps\\JID_403361100_OID_433690023_SEG_2_BE-Bibliothek.A5E44859639_R1277594267.svdmp", "XDeviation": "12520", "YDeviation": "29866"}]}, "Pick": {"ActualPickPosition": {"Angle": "0", "X": "6000", "Y": "-49500"}, "MeasuredComponentHeight": "0", "NominalPickPosition": {"Angle": "0", "X": "6023", "Y": "-49439"}, "PickupLocationId": "280", "Result": "0", "TimeStampSinceStationStarted": "1277597.696026", "VacuumAbsolute": "-845", "VacuumRelative": "-845", "ZEndPosition": "46312000", "ZTargetPosition": "46301890"}, "Place": {"ActualPlacePosition": {"Angle": "180000", "X": "36981", "Y": "162630"}, "AirkissPressure": "74", "BoardPanelId": "3", "HoldingCircuitPressure": "2147483647", "NominalPlacePosition": {"Angle": "180000", "X": "36980", "Y": "162630"}, "ReferenceDesignator": "U1800_SOP_8/SOIC_8_O", "Result": "0", "TimeStampSinceStationStarted": "1277599.170976", "VacuumAbsolute": "-845", "VacuumRelative": "98", "ZEndPosition": "43862500", "ZTargetPosition": "43836286"}, "ElectricalMeasurement": null, "Dip": null}]}, "HeadContext": {"HeadSegments": {"HeadSegment": [{"GantryId": "1", "Head": "1", "HeadName": "Twin Head 5xx", "Id": "66049", "NozzleTypeId": "581", "SegmentNumber": "1"}, {"GantryId": "4", "Head": "1", "HeadName": "Twin Head 5xx", "Id": "67588", "NozzleTypeId": "516", "SegmentNumber": "1"}, {"GantryId": "1", "Head": "1", "HeadName": "Twin Head 5xx", "Id": "131585", "NozzleTypeId": "517", "SegmentNumber": "2"}, {"GantryId": "4", "Head": "1", "HeadName": "Twin Head 5xx", "Id": "133124", "NozzleTypeId": "597", "SegmentNumber": "2"}]}}, "SetupContext": {"PickupLocations": {"PickupLocation": [{"Division": "1", "FeederId": "32FAUE900466", "FeederType": "288", "Id": "238", "Level": "0", "Location": "1", "StartTrackNumber": "7", "SubLocation": "1", "Tower": "0", "PackagingUid": "M05323133"}, {"Division": "1", "FeederId": "24KL-L205402", "FeederType": "280", "Id": "240", "Level": "0", "Location": "1", "StartTrackNumber": "14", "SubLocation": "1", "Tower": "0", "PackagingUid": "M05187742"}, {"Division": "1", "FeederId": "44KL-K305106", "FeederType": "300", "Id": "241", "Level": "0", "Location": "1", "StartTrackNumber": "17", "SubLocation": "1", "Tower": "0", "PackagingUid": "M04859694"}, {"Division": "1", "FeederId": "24KL-K305319", "FeederType": "280", "Id": "242", "Level": "0", "Location": "1", "StartTrackNumber": "22", "SubLocation": "1", "Tower": "0", "PackagingUid": "M04790527"}, {"Division": "1", "FeederId": "24FAUE900672", "FeederType": "280", "Id": "265", "Level": "0", "Location": "4", "StartTrackNumber": "1", "SubLocation": "1", "Tower": "0", "PackagingUid": "A00061484"}, {"Division": "1", "FeederId": "32FAUE000671", "FeederType": "288", "Id": "267", "Level": "0", "Location": "4", "StartTrackNumber": "16", "SubLocation": "1", "Tower": "0", "PackagingUid": "M05305952"}, {"Division": "1", "FeederId": "32FAUE900659", "FeederType": "288", "Id": "271", "Level": "0", "Location": "4", "StartTrackNumber": "28", "SubLocation": "1", "Tower": "0", "PackagingUid": "M05299897"}, {"Division": "1", "FeederId": "12KL-F105078", "FeederType": "268", "Id": "280", "Level": "0", "Location": "4", "StartTrackNumber": "14", "SubLocation": "1", "Tower": "0", "PackagingUid": "M05245877"}]}}}}, "ProductionEndedData": {"StationTime": "2021-11-30T05:24:48.1390000+08:00", "TimeStampSinceStationStarted": "1277599.456583"}}