{"name": "PDI_Line5_4075479317_20211130015026.txt", "Timestamp": "2021-11-30T01:50:17.7803522+08:00", "TxnID": "69bbd201-62fd-42fe-851f-b5a36e6ed8df", "Line": "SEWC-Lines\\Line5", "Machine": "Line5\\ST3_X3 S", "ProductionStartedData": [{"ConveyorLanePosition": "2", "ConveyorStopperPosition": "1", "Pcb": {"BarcodeReaderPosition": "0", "BoardSide": "1", "IndividualGUID": "d82a719d-357f-4859-a2fd-68399177e7a4", "LineJobGUID": "3a5e1e40-f5b9-457f-8e3c-d7ab63795644", "Path": "STAB\\A5E50302021lt01", "PcbIndividualID": "41912", "RecipePath": "Line5\\Smart_CPU_L5_702SAF\\A5E50302021lt01", "Barcode": "", "OrderNumber": null}, "ProcessingAreaPosition": "2", "SetupPath": "Line5\\Smart_CPU_L5_702SAF", "StationTime": "2021-11-30T01:47:54.9020000+08:00", "TimeStampSinceStationStarted": "1264586.283494"}], "BoardPositionsList": {"BoardPositions": [{"ActualPosition": {"Angle": "-3", "X": "458366", "Y": "16593", "Z": "-5000"}, "FiducialPositions": {"FiducialRecognitionResult": []}, "NominalPosition": {"Angle": "0", "X": "458392", "Y": "16359", "Z": "-5000"}}]}, "ProgressDataList": {"ProductionProgressData": {"BoardContext": {"BoardPanels": {"BoardPanel": [{"Id": "2", "PanelPath": "A5E50302021lt01/A1"}, {"Id": "3", "PanelPath": "A5E50302021lt01/B1"}]}}, "ComponentIndividuals": {"ComponentIndividual": [{"HeadSegmentId": "66819", "Measures": {"MeasureList": [{"CameraIndividualId": "3033", "MeasurementResult": "0", "PhiDeviation": "-92767", "TimeStampSinceStationStarted": "1264591.627501", "VisionDumpPath": "C:\\Sirio\\Work\\SvDumpFiles\\PartCameraDumps\\JID_303375708_OID_419120004_SEG_1_BE-Bibliothek.A5E01058093_R1264586198.svdmp", "XDeviation": "139762", "YDeviation": "-84990"}]}, "Pick": {"ActualPickPosition": {"Angle": "0", "X": "23950", "Y": "-70500"}, "MeasuredComponentHeight": "0", "NominalPickPosition": {"Angle": "0", "X": "23911", "Y": "-70631"}, "PickupLocationId": "263", "Result": "0", "TimeStampSinceStationStarted": "1264589.691414", "VacuumAbsolute": "-438", "VacuumRelative": "-438", "ZEndPosition": "50314500", "ZTargetPosition": "50266535"}, "Place": {"ActualPlacePosition": {"Angle": "180000", "X": "32392", "Y": "69801"}, "AirkissPressure": "71", "BoardPanelId": "2", "HoldingCircuitPressure": "2147483647", "NominalPlacePosition": {"Angle": "180000", "X": "32420", "Y": "69810"}, "ReferenceDesignator": "X102_CONN_28_STECK_R", "Result": "0", "TimeStampSinceStationStarted": "1264592.987475", "VacuumAbsolute": "-441", "VacuumRelative": "24", "ZEndPosition": "41731000", "ZTargetPosition": "41715754"}, "ElectricalMeasurement": null, "Dip": null}, {"HeadSegmentId": "132355", "Measures": {"MeasureList": [{"CameraIndividualId": "3033", "MeasurementResult": "0", "PhiDeviation": "-848978", "TimeStampSinceStationStarted": "1264592.153923", "VisionDumpPath": "C:\\Sirio\\Work\\SvDumpFiles\\PartCameraDumps\\JID_303375709_OID_419120005_SEG_2_BE-Bibliothek.A5E01058093_R1264586863.svdmp", "XDeviation": "199455", "YDeviation": "-188675"}]}, "Pick": {"ActualPickPosition": {"Angle": "0", "X": "23950", "Y": "-70500"}, "MeasuredComponentHeight": "0", "NominalPickPosition": {"Angle": "0", "X": "23911", "Y": "-70631"}, "PickupLocationId": "263", "Result": "0", "TimeStampSinceStationStarted": "1264590.356227", "VacuumAbsolute": "-428", "VacuumRelative": "-428", "ZEndPosition": "50353500", "ZTargetPosition": "50291526"}, "Place": {"ActualPlacePosition": {"Angle": "180000", "X": "152928", "Y": "69801"}, "AirkissPressure": "72", "BoardPanelId": "3", "HoldingCircuitPressure": "2147483647", "NominalPlacePosition": {"Angle": "180000", "X": "152920", "Y": "69810"}, "ReferenceDesignator": "X102_CONN_28_STECK_R", "Result": "0", "TimeStampSinceStationStarted": "1264593.458348", "VacuumAbsolute": "-441", "VacuumRelative": "32", "ZEndPosition": "41763000", "ZTargetPosition": "41761275"}, "ElectricalMeasurement": null, "Dip": null}]}, "HeadContext": {"HeadSegments": {"HeadSegment": [{"GantryId": "3", "Head": "1", "HeadName": "Twin Head 5xx", "Id": "66819", "NozzleTypeId": "573", "SegmentNumber": "1"}, {"GantryId": "3", "Head": "1", "HeadName": "Twin Head 5xx", "Id": "132355", "NozzleTypeId": "573", "SegmentNumber": "2"}]}}, "SetupContext": {"PickupLocations": {"PickupLocation": [{"Division": "1", "FeederId": "44FAUD200890", "FeederType": "300", "Id": "263", "Level": "0", "Location": "3", "StartTrackNumber": "30", "SubLocation": "1", "Tower": "0", "PackagingUid": "M05298564"}]}}}}, "ProductionEndedData": {"StationTime": "2021-11-30T01:48:02.5370000+08:00", "TimeStampSinceStationStarted": "1264593.918413"}}