{"name": "PDI_Line5_4048292740_20211130142556.txt", "Timestamp": "2021-11-30T14:25:48.4310240+08:00", "TxnID": "594df8a8-e445-4496-bacd-73a52241e622", "Line": "SEWC-Lines\\Line5", "Machine": "Line5\\ST3_X3 S", "ProductionStartedData": [{"ConveyorLanePosition": "1", "ConveyorStopperPosition": "1", "Pcb": {"BarcodeReaderPosition": "0", "BoardSide": "1", "IndividualGUID": "1fe449c1-1f9c-43b6-b83e-d0f6fa97aab6", "LineJobGUID": "3f68c8d2-071f-4795-8aa5-1d45806eb923", "Path": "STAB\\A5E50302024lt02", "PcbIndividualID": "44361", "RecipePath": "Line5\\Smart_CPU_L5_702SAF\\A5E50302024lt02", "Barcode": "", "OrderNumber": null}, "ProcessingAreaPosition": "1", "SetupPath": "Line5\\Smart_CPU_L5_702SAF", "StationTime": "2021-11-30T14:23:23.9980000+08:00", "TimeStampSinceStationStarted": "1309915.153262"}], "BoardPositionsList": {"BoardPositions": [{"ActualPosition": {"Angle": "-59", "X": "-476730", "Y": "-232745", "Z": "-5000"}, "FiducialPositions": {"FiducialRecognitionResult": [{"ActualPosition": {"Angle": "-48", "X": "193492", "Y": "11877", "Z": null}, "CameraIndividualId": "4034", "FiducialFunction": "0", "GantryId": "4", "MeasurementResult": "0", "NominalPosition": {"Angle": "0", "X": "194170", "Y": "11990", "Z": null}, "Path": "A5E50302024lt02/1/01/1", "StationTime": "2021-11-30T14:23:26.9350000+08:00", "TimeStampSinceStationStarted": "1309918.089984"}, {"ActualPosition": {"Angle": "-50", "X": "4521", "Y": "184322", "Z": null}, "CameraIndividualId": "4034", "FiducialFunction": "0", "GantryId": "4", "MeasurementResult": "0", "NominalPosition": {"Angle": "0", "X": "5040", "Y": "184226", "Z": null}, "Path": "A5E50302024lt02/1/02/1", "StationTime": "2021-11-30T14:23:26.9350000+08:00", "TimeStampSinceStationStarted": "1309918.089984"}]}, "NominalPosition": {"Angle": "0", "X": "-476032", "Y": "-232838", "Z": "-5000"}}]}, "ProgressDataList": {"ProductionProgressData": {"BoardContext": {"BoardPanels": {"BoardPanel": [{"Id": "2", "PanelPath": "A5E50302024lt02/A1"}]}}, "ComponentIndividuals": {"ComponentIndividual": [{"HeadSegmentId": "67588", "Measures": {"MeasureList": [{"CameraIndividualId": "4033", "MeasurementResult": "0", "PhiDeviation": "1301387", "TimeStampSinceStationStarted": "1309918.758325", "VisionDumpPath": "C:\\Sirio\\Work\\SvDumpFiles\\PartCameraDumps\\JID_403369146_OID_443610000_SEG_1_BE-Bibliothek.A5E00277754_R1309912085.svdmp", "XDeviation": "-272603", "YDeviation": "28187"}]}, "Pick": {"ActualPickPosition": {"Angle": "0", "X": "18028", "Y": "-70606"}, "MeasuredComponentHeight": "0", "NominalPickPosition": {"Angle": "0", "X": "17757", "Y": "-70479"}, "PickupLocationId": "272", "Result": "0", "TimeStampSinceStationStarted": "1309915.353776", "VacuumAbsolute": "-809", "VacuumRelative": "-809", "ZEndPosition": "47251500", "ZTargetPosition": "47274234"}, "Place": {"ActualPlacePosition": {"Angle": "180000", "X": "172157", "Y": "50421"}, "AirkissPressure": "76", "BoardPanelId": "2", "HoldingCircuitPressure": "2147483647", "NominalPlacePosition": {"Angle": "180000", "X": "172150", "Y": "50425"}, "ReferenceDesignator": "X101_EXSOP_14_STECK_", "Result": "0", "TimeStampSinceStationStarted": "1309919.153249", "VacuumAbsolute": "-825", "VacuumRelative": "92", "ZEndPosition": "38903000", "ZTargetPosition": "38965772"}, "ElectricalMeasurement": null, "Dip": null}, {"HeadSegmentId": "67588", "Measures": {"MeasureList": [{"CameraIndividualId": "4033", "MeasurementResult": "0", "PhiDeviation": "-447801", "TimeStampSinceStationStarted": "1309920.391155", "VisionDumpPath": "C:\\Sirio\\Work\\SvDumpFiles\\PartCameraDumps\\JID_403369147_OID_443610001_SEG_1_BE-Bibliothek.A5E50179091_R1309916678.svdmp", "XDeviation": "6300", "YDeviation": "79418"}]}, "Pick": {"ActualPickPosition": {"Angle": "0", "X": "15126", "Y": "-71150"}, "MeasuredComponentHeight": "0", "NominalPickPosition": {"Angle": "0", "X": "15189", "Y": "-71321"}, "PickupLocationId": "266", "Result": "0", "TimeStampSinceStationStarted": "1309919.946711", "VacuumAbsolute": "-782", "VacuumRelative": "-782", "ZEndPosition": "47646000", "ZTargetPosition": "47673931"}, "Place": {"ActualPlacePosition": {"Angle": "0", "X": "146304", "Y": "29324"}, "AirkissPressure": "75", "BoardPanelId": "2", "HoldingCircuitPressure": "2147483647", "NominalPlacePosition": {"Angle": "0", "X": "146300", "Y": "29330"}, "ReferenceDesignator": "D2_BGA_90_IC_DRAM_51", "Result": "0", "TimeStampSinceStationStarted": "1309920.794215", "VacuumAbsolute": "-831", "VacuumRelative": "94", "ZEndPosition": "46604500", "ZTargetPosition": "46588795"}, "ElectricalMeasurement": null, "Dip": null}]}, "HeadContext": {"HeadSegments": {"HeadSegment": [{"GantryId": "4", "Head": "1", "HeadName": "Twin Head 5xx", "Id": "67588", "NozzleTypeId": "516", "SegmentNumber": "1"}]}}, "SetupContext": {"PickupLocations": {"PickupLocation": [{"Division": "1", "FeederId": "24FAUE600590", "FeederType": "280", "Id": "266", "Level": "0", "Location": "4", "StartTrackNumber": "4", "SubLocation": "1", "Tower": "0", "PackagingUid": "A00055530"}, {"Division": "1", "FeederId": "32KL-K405124", "FeederType": "288", "Id": "272", "Level": "0", "Location": "4", "StartTrackNumber": "32", "SubLocation": "1", "Tower": "0", "PackagingUid": "M05323063"}]}}}}, "ProductionEndedData": {"StationTime": "2021-11-30T14:23:30.0110000+08:00", "TimeStampSinceStationStarted": "1309921.166595"}}