{"name": "PDI_Line5_4143374304_20211130131930.txt", "Timestamp": "2021-11-30T13:19:21.6078702+08:00", "TxnID": "9885fef3-adb5-4d5f-b1ab-9ba497abd975", "Line": "SEWC-Lines\\Line5", "Machine": "Line5\\ST3_X3 S", "ProductionStartedData": [{"ConveyorLanePosition": "1", "ConveyorStopperPosition": "1", "Pcb": {"BarcodeReaderPosition": "0", "BoardSide": "1", "IndividualGUID": "429e2366-9fe1-4bec-b287-06793f7d8382", "LineJobGUID": "3f68c8d2-071f-4795-8aa5-1d45806eb923", "Path": "STAB\\A5E50302024lt02", "PcbIndividualID": "44187", "RecipePath": "Line5\\Smart_CPU_L5_702SAF\\A5E50302024lt02", "Barcode": "", "OrderNumber": null}, "ProcessingAreaPosition": "2", "SetupPath": "Line5\\Smart_CPU_L5_702SAF", "StationTime": "2021-11-30T13:16:57.9240000+08:00", "TimeStampSinceStationStarted": "1305929.099481"}], "BoardPositionsList": {"BoardPositions": [{"ActualPosition": {"Angle": "141", "X": "509674", "Y": "-232884", "Z": "-5000"}, "FiducialPositions": {"FiducialRecognitionResult": []}, "NominalPosition": {"Angle": "0", "X": "509820", "Y": "-233646", "Z": "-5000"}}]}, "ProgressDataList": {"ProductionProgressData": {"BoardContext": {"BoardPanels": {"BoardPanel": [{"Id": "2", "PanelPath": "A5E50302024lt02/A1"}]}}, "ComponentIndividuals": {"ComponentIndividual": [{"HeadSegmentId": "132355", "Measures": {"MeasureList": [{"CameraIndividualId": "3033", "MeasurementResult": "0", "PhiDeviation": "-903027", "TimeStampSinceStationStarted": "1305934.862092", "VisionDumpPath": "C:\\Sirio\\Work\\SvDumpFiles\\PartCameraDumps\\JID_303388790_OID_441870002_SEG_2_BE-Bibliothek.A5E01058093_R1305930302.svdmp", "XDeviation": "-35794", "YDeviation": "-111340"}]}, "Pick": {"ActualPickPosition": {"Angle": "0", "X": "23950", "Y": "-70500"}, "MeasuredComponentHeight": "0", "NominalPickPosition": {"Angle": "0", "X": "23935", "Y": "-70511"}, "PickupLocationId": "263", "Result": "0", "TimeStampSinceStationStarted": "1305933.588829", "VacuumAbsolute": "-428", "VacuumRelative": "-428", "ZEndPosition": "50319000", "ZTargetPosition": "50234801"}, "Place": {"ActualPlacePosition": {"Angle": "0", "X": "67696", "Y": "66326"}, "AirkissPressure": "71", "BoardPanelId": "2", "HoldingCircuitPressure": "2147483647", "NominalPlacePosition": {"Angle": "0", "X": "67700", "Y": "66330"}, "ReferenceDesignator": "X102_CONN_28_STECK_R", "Result": "0", "TimeStampSinceStationStarted": "1305936.257062", "VacuumAbsolute": "-433", "VacuumRelative": "32", "ZEndPosition": "41586000", "ZTargetPosition": "41564294"}, "ElectricalMeasurement": null, "Dip": null}, {"HeadSegmentId": "66819", "Measures": {"MeasureList": [{"CameraIndividualId": "3033", "MeasurementResult": "0", "PhiDeviation": "732149", "TimeStampSinceStationStarted": "1305935.322153", "VisionDumpPath": "C:\\Sirio\\Work\\SvDumpFiles\\PartCameraDumps\\JID_303388789_OID_441870003_SEG_1_BE-Bibliothek.A5E02081140_R1305929393.svdmp", "XDeviation": "29908", "YDeviation": "-24510"}]}, "Pick": {"ActualPickPosition": {"Angle": "0", "X": "30273", "Y": "-70772"}, "MeasuredComponentHeight": "0", "NominalPickPosition": {"Angle": "0", "X": "30886", "Y": "-70574"}, "PickupLocationId": "247", "Result": "0", "TimeStampSinceStationStarted": "1305932.680547", "VacuumAbsolute": "-829", "VacuumRelative": "-829", "ZEndPosition": "49546000", "ZTargetPosition": "49587654"}, "Place": {"ActualPlacePosition": {"Angle": "0", "X": "35192", "Y": "66326"}, "AirkissPressure": "72", "BoardPanelId": "2", "HoldingCircuitPressure": "2147483647", "NominalPlacePosition": {"Angle": "0", "X": "35200", "Y": "66330"}, "ReferenceDesignator": "X103_CONN_32_STECK_R", "Result": "0", "TimeStampSinceStationStarted": "1305936.512705", "VacuumAbsolute": "-860", "VacuumRelative": "102", "ZEndPosition": "40711000", "ZTargetPosition": "40676143"}, "ElectricalMeasurement": null, "Dip": null}]}, "HeadContext": {"HeadSegments": {"HeadSegment": [{"GantryId": "3", "Head": "1", "HeadName": "Twin Head 5xx", "Id": "66819", "NozzleTypeId": "573", "SegmentNumber": "1"}, {"GantryId": "3", "Head": "1", "HeadName": "Twin Head 5xx", "Id": "132355", "NozzleTypeId": "573", "SegmentNumber": "2"}]}}, "SetupContext": {"PickupLocations": {"PickupLocation": [{"Division": "1", "FeederId": "56FAUC000504", "FeederType": "312", "Id": "247", "Level": "0", "Location": "2", "StartTrackNumber": "1", "SubLocation": "1", "Tower": "0", "PackagingUid": "M05297978"}, {"Division": "1", "FeederId": "44FAUD200890", "FeederType": "300", "Id": "263", "Level": "0", "Location": "3", "StartTrackNumber": "30", "SubLocation": "1", "Tower": "0", "PackagingUid": "M05298574"}]}}}}, "ProductionEndedData": {"StationTime": "2021-11-30T13:17:05.7730000+08:00", "TimeStampSinceStationStarted": "1305936.948853"}}