{"name": "PDI_Line5_4192350407_20211130012834.txt", "Timestamp": "2021-11-30T01:28:07.0186057+08:00", "TxnID": "eb0565fc-32f5-422c-9acd-e1c17b3c0fc7", "Line": "SEWC-Lines\\Line5", "Machine": "Line5\\ST1_X4 S", "ProductionStartedData": [{"ConveyorLanePosition": "2", "ConveyorStopperPosition": "1", "Pcb": {"BarcodeReaderPosition": "0", "BoardSide": "1", "IndividualGUID": "e756279d-53af-49b4-877d-ce5d05d2a631", "LineJobGUID": "3a5e1e40-f5b9-457f-8e3c-d7ab63795644", "Path": "STAB\\A5E50302021lt01", "PcbIndividualID": "4022", "RecipePath": "Line5\\Smart_CPU_L5_702SAF\\A5E50302021lt01", "Barcode": "", "OrderNumber": null}, "ProcessingAreaPosition": "2", "SetupPath": "Line5\\Smart_CPU_L5_702SAF", "StationTime": "2021-11-30T01:26:35.0820000+08:00", "TimeStampSinceStationStarted": "109576.247054"}], "BoardPositionsList": {"BoardPositions": [{"ActualPosition": {"Angle": "95", "X": "458215", "Y": "16857", "Z": "-5000"}, "FiducialPositions": {"FiducialRecognitionResult": []}, "NominalPosition": {"Angle": "0", "X": "458251", "Y": "15618", "Z": "-5000"}}]}, "ProgressDataList": {"ProductionProgressData": {"BoardContext": {"BoardPanels": {"BoardPanel": [{"Id": "2", "PanelPath": "A5E50302021lt01/A1"}, {"Id": "3", "PanelPath": "A5E50302021lt01/B1"}]}}, "ComponentIndividuals": {"ComponentIndividual": [{"HeadSegmentId": "985091", "Measures": {"MeasureList": [{"CameraIndividualId": "3023", "MeasurementResult": "0", "PhiDeviation": "-930393", "TimeStampSinceStationStarted": "109594.38741", "VisionDumpPath": "C:\\Sirio\\Work\\SvDumpFiles\\PartCameraDumps\\JID_302313846_OID_40220391_SEG_15_BE-Bibliothek.A5E00257456_R109584872.svdmp", "XDeviation": "-53958", "YDeviation": "17854"}]}, "Pick": {"ActualPickPosition": {"Angle": "180000", "X": "877", "Y": "-51018"}, "MeasuredComponentHeight": "776880", "NominalPickPosition": {"Angle": "180000", "X": "885", "Y": "-50927"}, "PickupLocationId": "84", "Result": "0", "TimeStampSinceStationStarted": "109594.148999", "VacuumAbsolute": "-712", "VacuumRelative": "-712", "ZEndPosition": "9353000", "ZTargetPosition": "9334269"}, "Place": {"ActualPlacePosition": {"Angle": "-179985", "X": "101922", "Y": "18361"}, "AirkissPressure": "106", "BoardPanelId": "2", "HoldingCircuitPressure": "-676", "NominalPlacePosition": {"Angle": "180000", "X": "101870", "Y": "18980"}, "ReferenceDesignator": "C501_0603_KOND_KER_V", "Result": "0", "TimeStampSinceStationStarted": "109596.214143", "VacuumAbsolute": "-719", "VacuumRelative": "43", "ZEndPosition": "10227500", "ZTargetPosition": "10182267"}, "ElectricalMeasurement": null, "Dip": null}, {"HeadSegmentId": "1050627", "Measures": {"MeasureList": [{"CameraIndividualId": "3023", "MeasurementResult": "0", "PhiDeviation": "-811903", "TimeStampSinceStationStarted": "109594.420808", "VisionDumpPath": "C:\\Sirio\\Work\\SvDumpFiles\\PartCameraDumps\\JID_302313847_OID_40220392_SEG_16_BE-Bibliothek.A5E00257456_R109584922.svdmp", "XDeviation": "-5888", "YDeviation": "13602"}]}, "Pick": {"ActualPickPosition": {"Angle": "180000", "X": "877", "Y": "-51018"}, "MeasuredComponentHeight": "770255", "NominalPickPosition": {"Angle": "180000", "X": "885", "Y": "-50927"}, "PickupLocationId": "84", "Result": "0", "TimeStampSinceStationStarted": "109594.199877", "VacuumAbsolute": "-712", "VacuumRelative": "-712", "ZEndPosition": "9288000", "ZTargetPosition": "9330452"}, "Place": {"ActualPlacePosition": {"Angle": "-179985", "X": "222481", "Y": "18393"}, "AirkissPressure": "101", "BoardPanelId": "3", "HoldingCircuitPressure": "-693", "NominalPlacePosition": {"Angle": "180000", "X": "222370", "Y": "18980"}, "ReferenceDesignator": "C501_0603_KOND_KER_V", "Result": "0", "TimeStampSinceStationStarted": "109596.34097", "VacuumAbsolute": "-733", "VacuumRelative": "55", "ZEndPosition": "10240000", "ZTargetPosition": "10215363"}, "ElectricalMeasurement": null, "Dip": null}]}, "HeadContext": {"HeadSegments": {"HeadSegment": [{"GantryId": "3", "Head": "1", "HeadName": "C&P 20 P 4xxx", "Id": "985091", "NozzleTypeId": "4004", "SegmentNumber": "15"}, {"GantryId": "3", "Head": "1", "HeadName": "C&P 20 P 4xxx", "Id": "1050627", "NozzleTypeId": "4004", "SegmentNumber": "16"}]}}, "SetupContext": {"PickupLocations": {"PickupLocation": [{"Division": "1", "FeederId": "08KL-K806307", "FeederType": "264", "Id": "84", "Level": "0", "Location": "3", "StartTrackNumber": "10", "SubLocation": "1", "Tower": "0", "PackagingUid": "M05307987"}]}}}}, "ProductionEndedData": {"StationTime": "2021-11-30T01:26:55.2770000+08:00", "TimeStampSinceStationStarted": "109596.442081"}}