{"name": "PDI_Line5_3954394510_20211130095424.txt", "Timestamp": "2021-11-30T09:53:52.1146369+08:00", "TxnID": "e74a9ccc-d680-4e3f-81f0-c099f590ccc4", "Line": "SEWC-Lines\\Line5", "Machine": "Line5\\ST3_X3 S", "ProductionStartedData": [{"ConveyorLanePosition": "2", "ConveyorStopperPosition": "1", "Pcb": {"BarcodeReaderPosition": "0", "BoardSide": "1", "IndividualGUID": "58542668-0d7c-493d-a5bb-77ac73a67719", "LineJobGUID": "fead7f33-0866-4d90-8540-e9f27c9d6bcf", "Path": "STAB\\A5E50302021bt01", "PcbIndividualID": "42800", "RecipePath": "Line5\\Smart_CPU_L5_702SAF\\A5E50302021bt01", "Barcode": "", "OrderNumber": null}, "ProcessingAreaPosition": "1", "SetupPath": "Line5\\Smart_CPU_L5_702SAF", "StationTime": "2021-11-30T09:51:28.2480000+08:00", "TimeStampSinceStationStarted": "1293599.484356"}], "BoardPositionsList": {"BoardPositions": [{"ActualPosition": {"Angle": "-120", "X": "-528164", "Y": "17420", "Z": "-5000"}, "FiducialPositions": {"FiducialRecognitionResult": [{"ActualPosition": {"Angle": "-130", "X": "6250", "Y": "11248", "Z": null}, "CameraIndividualId": "4034", "FiducialFunction": "0", "GantryId": "4", "MeasurementResult": "0", "NominalPosition": {"Angle": "0", "X": "6480", "Y": "10530", "Z": null}, "Path": "A5E50302021bt01/1/02/1", "StationTime": "2021-11-30T09:51:28.2480000+08:00", "TimeStampSinceStationStarted": "1293599.484356"}, {"ActualPosition": {"Angle": "-109", "X": "241965", "Y": "192243", "Z": null}, "CameraIndividualId": "4034", "FiducialFunction": "0", "GantryId": "4", "MeasurementResult": "0", "NominalPosition": {"Angle": "0", "X": "241830", "Y": "192030", "Z": null}, "Path": "A5E50302021bt01/1/01/1", "StationTime": "2021-11-30T09:51:28.2480000+08:00", "TimeStampSinceStationStarted": "1293599.484356"}, {"ActualPosition": {"Angle": "-14", "X": "6480", "Y": "10540", "Z": null}, "CameraIndividualId": "1034", "FiducialFunction": "0", "GantryId": "1", "MeasurementResult": "0", "NominalPosition": {"Angle": "0", "X": "6480", "Y": "10530", "Z": null}, "Path": "A5E50302021bt01/1/02/1", "StationTime": "2021-11-30T09:51:28.2480000+08:00", "TimeStampSinceStationStarted": "1293599.484356"}]}, "NominalPosition": {"Angle": "0", "X": "-527904", "Y": "16695", "Z": "-5000"}}]}, "ProgressDataList": {"ProductionProgressData": {"BoardContext": {"BoardPanels": {"BoardPanel": [{"Id": "2", "PanelPath": "A5E50302021bt01/A1"}, {"Id": "3", "PanelPath": "A5E50302021bt01/B1"}]}}, "ComponentIndividuals": {"ComponentIndividual": [{"HeadSegmentId": "66049", "Measures": {"MeasureList": [{"CameraIndividualId": "1033", "MeasurementResult": "0", "PhiDeviation": "-678842", "TimeStampSinceStationStarted": "1293602.875264", "VisionDumpPath": "C:\\Sirio\\Work\\SvDumpFiles\\PartCameraDumps\\JID_103384081_OID_428000000_SEG_1_BE-Bibliothek.A5E01114436_R1293597438.svdmp", "XDeviation": "-117664", "YDeviation": "12039"}]}, "Pick": {"ActualPickPosition": {"Angle": "180000", "X": "17950", "Y": "-70500"}, "MeasuredComponentHeight": "0", "NominalPickPosition": {"Angle": "180000", "X": "18007", "Y": "-70824"}, "PickupLocationId": "238", "Result": "0", "TimeStampSinceStationStarted": "1293600.787173", "VacuumAbsolute": "-780", "VacuumRelative": "-780", "ZEndPosition": "43474000", "ZTargetPosition": "43500846"}, "Place": {"ActualPlacePosition": {"Angle": "179998", "X": "100452", "Y": "171759"}, "AirkissPressure": "71", "BoardPanelId": "3", "HoldingCircuitPressure": "2147483647", "NominalPlacePosition": {"Angle": "180000", "X": "100457", "Y": "171753"}, "ReferenceDesignator": "X605_CONN_8_STECK_RC", "Result": "0", "TimeStampSinceStationStarted": "1293603.459962", "VacuumAbsolute": "-818", "VacuumRelative": "100", "ZEndPosition": "40164500", "ZTargetPosition": "40154622"}, "ElectricalMeasurement": null, "Dip": null}, {"HeadSegmentId": "131585", "Measures": {"MeasureList": [{"CameraIndividualId": "1033", "MeasurementResult": "0", "PhiDeviation": "722303", "TimeStampSinceStationStarted": "1293603.039837", "VisionDumpPath": "C:\\Sirio\\Work\\SvDumpFiles\\PartCameraDumps\\JID_103384082_OID_428000001_SEG_2_BE-Bibliothek.A5E00189819_R1293597711.svdmp", "XDeviation": "-229665", "YDeviation": "88389"}]}, "Pick": {"ActualPickPosition": {"Angle": "0", "X": "15250", "Y": "-70500"}, "MeasuredComponentHeight": "0", "NominalPickPosition": {"Angle": "0", "X": "15076", "Y": "-70439"}, "PickupLocationId": "242", "Result": "0", "TimeStampSinceStationStarted": "1293601.059242", "VacuumAbsolute": "-841", "VacuumRelative": "-841", "ZEndPosition": "47310000", "ZTargetPosition": "47414519"}, "Place": {"ActualPlacePosition": {"Angle": "-2", "X": "73577", "Y": "151037"}, "AirkissPressure": "71", "BoardPanelId": "3", "HoldingCircuitPressure": "2147483647", "NominalPlacePosition": {"Angle": "0", "X": "73580", "Y": "151030"}, "ReferenceDesignator": "T2200_EX120_TRAFO_SC", "Result": "0", "TimeStampSinceStationStarted": "1293603.629205", "VacuumAbsolute": "-842", "VacuumRelative": "100", "ZEndPosition": "41271000", "ZTargetPosition": "41297989"}, "ElectricalMeasurement": null, "Dip": null}, {"HeadSegmentId": "133124", "Measures": {"MeasureList": [{"CameraIndividualId": "4033", "MeasurementResult": "0", "PhiDeviation": "506230", "TimeStampSinceStationStarted": "1293604.189778", "VisionDumpPath": "C:\\Sirio\\Work\\SvDumpFiles\\PartCameraDumps\\JID_403366984_OID_428000002_SEG_2_BE-Bibliothek.A5E44859639_R1293597794.svdmp", "XDeviation": "127258", "YDeviation": "79858"}]}, "Pick": {"ActualPickPosition": {"Angle": "0", "X": "6000", "Y": "-49500"}, "MeasuredComponentHeight": "0", "NominalPickPosition": {"Angle": "0", "X": "6032", "Y": "-49484"}, "PickupLocationId": "280", "Result": "0", "TimeStampSinceStationStarted": "1293601.14189", "VacuumAbsolute": "-851", "VacuumRelative": "-851", "ZEndPosition": "46267500", "ZTargetPosition": "46262036"}, "Place": {"ActualPlacePosition": {"Angle": "180000", "X": "22587", "Y": "162626"}, "AirkissPressure": "72", "BoardPanelId": "3", "HoldingCircuitPressure": "2147483647", "NominalPlacePosition": {"Angle": "180000", "X": "22580", "Y": "162630"}, "ReferenceDesignator": "U1700_SOP_8/SOIC_8_O", "Result": "0", "TimeStampSinceStationStarted": "1293604.646918", "VacuumAbsolute": "-851", "VacuumRelative": "98", "ZEndPosition": "43710500", "ZTargetPosition": "43710633"}, "ElectricalMeasurement": null, "Dip": null}, {"HeadSegmentId": "67588", "Measures": {"MeasureList": [{"CameraIndividualId": "4033", "MeasurementResult": "0", "PhiDeviation": "103628", "TimeStampSinceStationStarted": "1293604.401969", "VisionDumpPath": "C:\\Sirio\\Work\\SvDumpFiles\\PartCameraDumps\\JID_403366985_OID_428000003_SEG_1_BE-Bibliothek.A5E45275537_R1293598112.svdmp", "XDeviation": "-79769", "YDeviation": "-26884"}]}, "Pick": {"ActualPickPosition": {"Angle": "0", "X": "17470", "Y": "-70910"}, "MeasuredComponentHeight": "0", "NominalPickPosition": {"Angle": "0", "X": "17906", "Y": "-70917"}, "PickupLocationId": "271", "Result": "0", "TimeStampSinceStationStarted": "1293601.460872", "VacuumAbsolute": "-811", "VacuumRelative": "-811", "ZEndPosition": "47063500", "ZTargetPosition": "47069373"}, "Place": {"ActualPlacePosition": {"Angle": "180000", "X": "51780", "Y": "74122"}, "AirkissPressure": "76", "BoardPanelId": "3", "HoldingCircuitPressure": "2147483647", "NominalPlacePosition": {"Angle": "180000", "X": "51775", "Y": "74120"}, "ReferenceDesignator": "X601_CONN_16_STECK_R", "Result": "0", "TimeStampSinceStationStarted": "1293604.971198", "VacuumAbsolute": "-834", "VacuumRelative": "94", "ZEndPosition": "38970500", "ZTargetPosition": "38971684"}, "ElectricalMeasurement": null, "Dip": null}, {"HeadSegmentId": "66049", "Measures": {"MeasureList": [{"CameraIndividualId": "1033", "MeasurementResult": "0", "PhiDeviation": "259090", "TimeStampSinceStationStarted": "1293605.004813", "VisionDumpPath": "C:\\Sirio\\Work\\SvDumpFiles\\PartCameraDumps\\JID_103384083_OID_428000004_SEG_1_BE-Bibliothek.A5E01114436_R1293600978.svdmp", "XDeviation": "-156849", "YDeviation": "68161"}]}, "Pick": {"ActualPickPosition": {"Angle": "180000", "X": "17950", "Y": "-70500"}, "MeasuredComponentHeight": "0", "NominalPickPosition": {"Angle": "180000", "X": "18013", "Y": "-70825"}, "PickupLocationId": "238", "Result": "0", "TimeStampSinceStationStarted": "1293604.326101", "VacuumAbsolute": "-782", "VacuumRelative": "-782", "ZEndPosition": "43519500", "ZTargetPosition": "43494135"}, "Place": {"ActualPlacePosition": {"Angle": "179998", "X": "220947", "Y": "171754"}, "AirkissPressure": "73", "BoardPanelId": "2", "HoldingCircuitPressure": "2147483647", "NominalPlacePosition": {"Angle": "180000", "X": "220957", "Y": "171753"}, "ReferenceDesignator": "X605_CONN_8_STECK_RC", "Result": "0", "TimeStampSinceStationStarted": "1293605.490487", "VacuumAbsolute": "-823", "VacuumRelative": "102", "ZEndPosition": "40430500", "ZTargetPosition": "40432669"}, "ElectricalMeasurement": null, "Dip": null}, {"HeadSegmentId": "131585", "Measures": {"MeasureList": [{"CameraIndividualId": "1033", "MeasurementResult": "0", "PhiDeviation": "-711631", "TimeStampSinceStationStarted": "1293605.14638", "VisionDumpPath": "C:\\Sirio\\Work\\SvDumpFiles\\PartCameraDumps\\JID_103384084_OID_428000005_SEG_2_BE-Bibliothek.A5E00701727_R1293601198.svdmp", "XDeviation": "-53898", "YDeviation": "178339"}]}, "Pick": {"ActualPickPosition": {"Angle": "180000", "X": "15250", "Y": "-70500"}, "MeasuredComponentHeight": "0", "NominalPickPosition": {"Angle": "180000", "X": "15287", "Y": "-70325"}, "PickupLocationId": "240", "Result": "0", "TimeStampSinceStationStarted": "1293604.546054", "VacuumAbsolute": "-822", "VacuumRelative": "-822", "ZEndPosition": "47055000", "ZTargetPosition": "47061303"}, "Place": {"ActualPlacePosition": {"Angle": "-2", "X": "88576", "Y": "151136"}, "AirkissPressure": "76", "BoardPanelId": "3", "HoldingCircuitPressure": "2147483647", "NominalPlacePosition": {"Angle": "0", "X": "88580", "Y": "151130"}, "ReferenceDesignator": "C2209_CAPA_2_22_KOND", "Result": "0", "TimeStampSinceStationStarted": "1293605.680125", "VacuumAbsolute": "-836", "VacuumRelative": "98", "ZEndPosition": "36795000", "ZTargetPosition": "36784288"}, "ElectricalMeasurement": null, "Dip": null}, {"HeadSegmentId": "133124", "Measures": {"MeasureList": [{"CameraIndividualId": "4033", "MeasurementResult": "0", "PhiDeviation": "101415", "TimeStampSinceStationStarted": "1293606.42626", "VisionDumpPath": "C:\\Sirio\\Work\\SvDumpFiles\\PartCameraDumps\\JID_403366986_OID_428000006_SEG_2_BE-Bibliothek.A5E44859639_R1293602179.svdmp", "XDeviation": "-100731", "YDeviation": "59611"}]}, "Pick": {"ActualPickPosition": {"Angle": "0", "X": "6000", "Y": "-49500"}, "MeasuredComponentHeight": "0", "NominalPickPosition": {"Angle": "0", "X": "6038", "Y": "-49480"}, "PickupLocationId": "280", "Result": "0", "TimeStampSinceStationStarted": "1293605.528313", "VacuumAbsolute": "-852", "VacuumRelative": "-852", "ZEndPosition": "46274000", "ZTargetPosition": "46263402"}, "Place": {"ActualPlacePosition": {"Angle": "180000", "X": "157478", "Y": "162626"}, "AirkissPressure": "75", "BoardPanelId": "2", "HoldingCircuitPressure": "2147483647", "NominalPlacePosition": {"Angle": "180000", "X": "157480", "Y": "162630"}, "ReferenceDesignator": "U1800_SOP_8/SOIC_8_O", "Result": "0", "TimeStampSinceStationStarted": "1293606.883406", "VacuumAbsolute": "-852", "VacuumRelative": "98", "ZEndPosition": "43709000", "ZTargetPosition": "43713993"}, "ElectricalMeasurement": null, "Dip": null}, {"HeadSegmentId": "67588", "Measures": {"MeasureList": [{"CameraIndividualId": "4033", "MeasurementResult": "0", "PhiDeviation": "9193", "TimeStampSinceStationStarted": "1293606.638286", "VisionDumpPath": "C:\\Sirio\\Work\\SvDumpFiles\\PartCameraDumps\\JID_403366987_OID_428000007_SEG_1_BE-Bibliothek.A5E45275537_R1293602498.svdmp", "XDeviation": "175457", "YDeviation": "-44362"}]}, "Pick": {"ActualPickPosition": {"Angle": "0", "X": "17470", "Y": "-70910"}, "MeasuredComponentHeight": "0", "NominalPickPosition": {"Angle": "0", "X": "17902", "Y": "-70918"}, "PickupLocationId": "271", "Result": "0", "TimeStampSinceStationStarted": "1293605.846597", "VacuumAbsolute": "-805", "VacuumRelative": "-805", "ZEndPosition": "47029000", "ZTargetPosition": "47067905"}, "Place": {"ActualPlacePosition": {"Angle": "180000", "X": "172272", "Y": "74122"}, "AirkissPressure": "77", "BoardPanelId": "2", "HoldingCircuitPressure": "2147483647", "NominalPlacePosition": {"Angle": "180000", "X": "172275", "Y": "74120"}, "ReferenceDesignator": "X601_CONN_16_STECK_R", "Result": "0", "TimeStampSinceStationStarted": "1293607.216713", "VacuumAbsolute": "-826", "VacuumRelative": "92", "ZEndPosition": "39180000", "ZTargetPosition": "39217926"}, "ElectricalMeasurement": null, "Dip": null}, {"HeadSegmentId": "66049", "Measures": {"MeasureList": [{"CameraIndividualId": "1033", "MeasurementResult": "0", "PhiDeviation": "2422467", "TimeStampSinceStationStarted": "1293608.484171", "VisionDumpPath": "C:\\Sirio\\Work\\SvDumpFiles\\PartCameraDumps\\JID_103384085_OID_428000008_SEG_1_BE-Bibliothek.A5E00701727_R1293604405.svdmp", "XDeviation": "32633", "YDeviation": "-94907"}]}, "Pick": {"ActualPickPosition": {"Angle": "180000", "X": "15250", "Y": "-70500"}, "MeasuredComponentHeight": "0", "NominalPickPosition": {"Angle": "180000", "X": "15289", "Y": "-70334"}, "PickupLocationId": "240", "Result": "0", "TimeStampSinceStationStarted": "1293607.753022", "VacuumAbsolute": "-806", "VacuumRelative": "-806", "ZEndPosition": "47043500", "ZTargetPosition": "47022727"}, "Place": {"ActualPlacePosition": {"Angle": "-2", "X": "209069", "Y": "151132"}, "AirkissPressure": "74", "BoardPanelId": "2", "HoldingCircuitPressure": "2147483647", "NominalPlacePosition": {"Angle": "0", "X": "209080", "Y": "151130"}, "ReferenceDesignator": "C2209_CAPA_2_22_KOND", "Result": "0", "TimeStampSinceStationStarted": "1293608.974783", "VacuumAbsolute": "-823", "VacuumRelative": "102", "ZEndPosition": "37066500", "ZTargetPosition": "37046093"}, "ElectricalMeasurement": null, "Dip": null}, {"HeadSegmentId": "131585", "Measures": {"MeasureList": [{"CameraIndividualId": "1033", "MeasurementResult": "0", "PhiDeviation": "-1006931", "TimeStampSinceStationStarted": "1293608.623727", "VisionDumpPath": "C:\\Sirio\\Work\\SvDumpFiles\\PartCameraDumps\\JID_103384086_OID_428000009_SEG_2_BE-Bibliothek.A5E00701727_R1293604676.svdmp", "XDeviation": "54478", "YDeviation": "110202"}]}, "Pick": {"ActualPickPosition": {"Angle": "180000", "X": "15250", "Y": "-70500"}, "MeasuredComponentHeight": "0", "NominalPickPosition": {"Angle": "180000", "X": "15289", "Y": "-70334"}, "PickupLocationId": "240", "Result": "0", "TimeStampSinceStationStarted": "1293608.025238", "VacuumAbsolute": "-824", "VacuumRelative": "-824", "ZEndPosition": "47041500", "ZTargetPosition": "47059727"}, "Place": {"ActualPlacePosition": {"Angle": "-2", "X": "102575", "Y": "151136"}, "AirkissPressure": "72", "BoardPanelId": "3", "HoldingCircuitPressure": "2147483647", "NominalPlacePosition": {"Angle": "0", "X": "102580", "Y": "151130"}, "ReferenceDesignator": "C2206_CAPA_2_22_KOND", "Result": "0", "TimeStampSinceStationStarted": "1293609.1359", "VacuumAbsolute": "-840", "VacuumRelative": "99", "ZEndPosition": "36747500", "ZTargetPosition": "36745935"}, "ElectricalMeasurement": null, "Dip": null}, {"HeadSegmentId": "133124", "Measures": {"MeasureList": [{"CameraIndividualId": "4033", "MeasurementResult": "0", "PhiDeviation": "-159375", "TimeStampSinceStationStarted": "1293609.707624", "VisionDumpPath": "C:\\Sirio\\Work\\SvDumpFiles\\PartCameraDumps\\JID_403366988_OID_428000010_SEG_2_BE-Bibliothek.A5E44859639_R1293604428.svdmp", "XDeviation": "175222", "YDeviation": "-653"}]}, "Pick": {"ActualPickPosition": {"Angle": "0", "X": "6000", "Y": "-49500"}, "MeasuredComponentHeight": "0", "NominalPickPosition": {"Angle": "0", "X": "6033", "Y": "-49477"}, "PickupLocationId": "280", "Result": "0", "TimeStampSinceStationStarted": "1293607.776435", "VacuumAbsolute": "-853", "VacuumRelative": "-853", "ZEndPosition": "46280500", "ZTargetPosition": "46266052"}, "Place": {"ActualPlacePosition": {"Angle": "180000", "X": "34649", "Y": "25856"}, "AirkissPressure": "77", "BoardPanelId": "3", "HoldingCircuitPressure": "2147483647", "NominalPlacePosition": {"Angle": "180000", "X": "34643", "Y": "25851"}, "ReferenceDesignator": "U500_SOP_8/SOIC_8_OP", "Result": "0", "TimeStampSinceStationStarted": "1293610.434292", "VacuumAbsolute": "-854", "VacuumRelative": "99", "ZEndPosition": "43828500", "ZTargetPosition": "43823973"}, "ElectricalMeasurement": null, "Dip": null}, {"HeadSegmentId": "67588", "Measures": {"MeasureList": [{"CameraIndividualId": "4033", "MeasurementResult": "0", "PhiDeviation": "-177447", "TimeStampSinceStationStarted": "1293610.001465", "VisionDumpPath": "C:\\Sirio\\Work\\SvDumpFiles\\PartCameraDumps\\JID_403366989_OID_428000011_SEG_1_BE-Bibliothek.A5E30248076_R1293604686.svdmp", "XDeviation": "-803502", "YDeviation": "-550266"}]}, "Pick": {"ActualPickPosition": {"Angle": "180000", "X": "17020", "Y": "-69475"}, "MeasuredComponentHeight": "0", "NominalPickPosition": {"Angle": "180000", "X": "17020", "Y": "-69475"}, "PickupLocationId": "267", "Result": "0", "TimeStampSinceStationStarted": "1293608.034327", "VacuumAbsolute": "-841", "VacuumRelative": "-841", "ZEndPosition": "47279000", "ZTargetPosition": "47277953"}, "Place": {"ActualPlacePosition": {"Angle": "180000", "X": "103251", "Y": "30535"}, "AirkissPressure": "71", "BoardPanelId": "3", "HoldingCircuitPressure": "2147483647", "NominalPlacePosition": {"Angle": "180000", "X": "103250", "Y": "30530"}, "ReferenceDesignator": "X802_CONN_8_38_SONST", "Result": "0", "TimeStampSinceStationStarted": "1293610.706812", "VacuumAbsolute": "-842", "VacuumRelative": "96", "ZEndPosition": "33156500", "ZTargetPosition": "33151440"}, "ElectricalMeasurement": null, "Dip": null}, {"HeadSegmentId": "66049", "Measures": {"MeasureList": [{"CameraIndividualId": "1033", "MeasurementResult": "0", "PhiDeviation": "562438", "TimeStampSinceStationStarted": "1293611.677921", "VisionDumpPath": "C:\\Sirio\\Work\\SvDumpFiles\\PartCameraDumps\\JID_103384087_OID_428000013_SEG_1_BE-Bibliothek.A5E00701727_R1293607328.svdmp", "XDeviation": "69117", "YDeviation": "-105996"}]}, "Pick": {"ActualPickPosition": {"Angle": "180000", "X": "15250", "Y": "-70500"}, "MeasuredComponentHeight": "0", "NominalPickPosition": {"Angle": "180000", "X": "15285", "Y": "-70335"}, "PickupLocationId": "240", "Result": "0", "TimeStampSinceStationStarted": "1293610.67625", "VacuumAbsolute": "-806", "VacuumRelative": "-806", "ZEndPosition": "47065500", "ZTargetPosition": "47022065"}, "Place": {"ActualPlacePosition": {"Angle": "-2", "X": "223069", "Y": "151131"}, "AirkissPressure": "72", "BoardPanelId": "2", "HoldingCircuitPressure": "2147483647", "NominalPlacePosition": {"Angle": "0", "X": "223080", "Y": "151130"}, "ReferenceDesignator": "C2206_CAPA_2_22_KOND", "Result": "0", "TimeStampSinceStationStarted": "1293612.413562", "VacuumAbsolute": "-822", "VacuumRelative": "101", "ZEndPosition": "37094000", "ZTargetPosition": "37092025"}, "ElectricalMeasurement": null, "Dip": null}, {"HeadSegmentId": "131585", "Measures": {"MeasureList": [{"CameraIndividualId": "1033", "MeasurementResult": "0", "PhiDeviation": "-354594", "TimeStampSinceStationStarted": "1293611.89598", "VisionDumpPath": "C:\\Sirio\\Work\\SvDumpFiles\\PartCameraDumps\\JID_103384088_OID_428000012_SEG_2_BE-Bibliothek.A5E02285215_R1293607598.svdmp", "XDeviation": "-119109", "YDeviation": "346993"}]}, "Pick": {"ActualPickPosition": {"Angle": "180000", "X": "23950", "Y": "-70500"}, "MeasuredComponentHeight": "0", "NominalPickPosition": {"Angle": "180000", "X": "23950", "Y": "-70500"}, "PickupLocationId": "241", "Result": "0", "TimeStampSinceStationStarted": "1293610.946407", "VacuumAbsolute": "-861", "VacuumRelative": "-861", "ZEndPosition": "48352500", "ZTargetPosition": "48474373"}, "Place": {"ActualPlacePosition": {"Angle": "-90000", "X": "18438", "Y": "22909"}, "AirkissPressure": "72", "BoardPanelId": "3", "HoldingCircuitPressure": "2147483647", "NominalPlacePosition": {"Angle": "-90000", "X": "18439", "Y": "22900"}, "ReferenceDesignator": "X501_CONN_DSUB_9_STE", "Result": "0", "TimeStampSinceStationStarted": "1293612.767643", "VacuumAbsolute": "-863", "VacuumRelative": "103", "ZEndPosition": "36431500", "ZTargetPosition": "36433283"}, "ElectricalMeasurement": null, "Dip": null}, {"HeadSegmentId": "133124", "Measures": {"MeasureList": [{"CameraIndividualId": "4033", "MeasurementResult": "0", "PhiDeviation": "-87726", "TimeStampSinceStationStarted": "1293613.383287", "VisionDumpPath": "C:\\Sirio\\Work\\SvDumpFiles\\PartCameraDumps\\JID_403366990_OID_428000014_SEG_2_BE-Bibliothek.A5E44859639_R1293608085.svdmp", "XDeviation": "-14972", "YDeviation": "-13592"}]}, "Pick": {"ActualPickPosition": {"Angle": "0", "X": "6000", "Y": "-49500"}, "MeasuredComponentHeight": "0", "NominalPickPosition": {"Angle": "0", "X": "6042", "Y": "-49477"}, "PickupLocationId": "280", "Result": "0", "TimeStampSinceStationStarted": "1293611.433868", "VacuumAbsolute": "-854", "VacuumRelative": "-854", "ZEndPosition": "46251000", "ZTargetPosition": "46269664"}, "Place": {"ActualPlacePosition": {"Angle": "180000", "X": "155141", "Y": "25856"}, "AirkissPressure": "78", "BoardPanelId": "2", "HoldingCircuitPressure": "2147483647", "NominalPlacePosition": {"Angle": "180000", "X": "155143", "Y": "25851"}, "ReferenceDesignator": "U500_SOP_8/SOIC_8_OP", "Result": "0", "TimeStampSinceStationStarted": "1293614.10947", "VacuumAbsolute": "-854", "VacuumRelative": "99", "ZEndPosition": "43818000", "ZTargetPosition": "43836752"}, "ElectricalMeasurement": null, "Dip": null}, {"HeadSegmentId": "67588", "Measures": {"MeasureList": [{"CameraIndividualId": "4033", "MeasurementResult": "0", "PhiDeviation": "-240381", "TimeStampSinceStationStarted": "1293613.675646", "VisionDumpPath": "C:\\Sirio\\Work\\SvDumpFiles\\PartCameraDumps\\JID_403366991_OID_428000015_SEG_1_BE-Bibliothek.A5E30248076_R1293608342.svdmp", "XDeviation": "-723946", "YDeviation": "-788293"}]}, "Pick": {"ActualPickPosition": {"Angle": "180000", "X": "17020", "Y": "-69475"}, "MeasuredComponentHeight": "0", "NominalPickPosition": {"Angle": "180000", "X": "17020", "Y": "-69475"}, "PickupLocationId": "267", "Result": "0", "TimeStampSinceStationStarted": "1293611.690198", "VacuumAbsolute": "-780", "VacuumRelative": "-780", "ZEndPosition": "47262500", "ZTargetPosition": "47278215"}, "Place": {"ActualPlacePosition": {"Angle": "180000", "X": "223744", "Y": "30535"}, "AirkissPressure": "73", "BoardPanelId": "2", "HoldingCircuitPressure": "2147483647", "NominalPlacePosition": {"Angle": "180000", "X": "223750", "Y": "30530"}, "ReferenceDesignator": "X802_CONN_8_38_SONST", "Result": "0", "TimeStampSinceStationStarted": "1293614.392381", "VacuumAbsolute": "-779", "VacuumRelative": "82", "ZEndPosition": "33466500", "ZTargetPosition": "33521424"}, "ElectricalMeasurement": null, "Dip": null}, {"HeadSegmentId": "131585", "Measures": {"MeasureList": [{"CameraIndividualId": "1033", "MeasurementResult": "0", "PhiDeviation": "176059", "TimeStampSinceStationStarted": "1293614.654955", "VisionDumpPath": "C:\\Sirio\\Work\\SvDumpFiles\\PartCameraDumps\\JID_103384089_OID_428000016_SEG_2_BE-Bibliothek.A5E02285215_R1293610156.svdmp", "XDeviation": "-49544", "YDeviation": "329303"}]}, "Pick": {"ActualPickPosition": {"Angle": "180000", "X": "23950", "Y": "-70500"}, "MeasuredComponentHeight": "0", "NominalPickPosition": {"Angle": "180000", "X": "23950", "Y": "-70500"}, "PickupLocationId": "241", "Result": "0", "TimeStampSinceStationStarted": "1293613.504811", "VacuumAbsolute": "-862", "VacuumRelative": "-862", "ZEndPosition": "48463500", "ZTargetPosition": "48443905"}, "Place": {"ActualPlacePosition": {"Angle": "-90001", "X": "138929", "Y": "22907"}, "AirkissPressure": "73", "BoardPanelId": "2", "HoldingCircuitPressure": "2147483647", "NominalPlacePosition": {"Angle": "-90000", "X": "138939", "Y": "22900"}, "ReferenceDesignator": "X501_CONN_DSUB_9_STE", "Result": "0", "TimeStampSinceStationStarted": "1293615.420218", "VacuumAbsolute": "-864", "VacuumRelative": "103", "ZEndPosition": "36436500", "ZTargetPosition": "36467863"}, "ElectricalMeasurement": null, "Dip": null}, {"HeadSegmentId": "66049", "Measures": {"MeasureList": [{"CameraIndividualId": "1033", "MeasurementResult": "0", "PhiDeviation": "-712138", "TimeStampSinceStationStarted": "1293614.952127", "VisionDumpPath": "C:\\Sirio\\Work\\SvDumpFiles\\PartCameraDumps\\JID_103384090_OID_428000017_SEG_1_BE-Bibliothek.A5E00189819_R1293610559.svdmp", "XDeviation": "289457", "YDeviation": "126742"}]}, "Pick": {"ActualPickPosition": {"Angle": "0", "X": "15250", "Y": "-70500"}, "MeasuredComponentHeight": "0", "NominalPickPosition": {"Angle": "0", "X": "15064", "Y": "-70434"}, "PickupLocationId": "242", "Result": "0", "TimeStampSinceStationStarted": "1293613.907662", "VacuumAbsolute": "-816", "VacuumRelative": "-816", "ZEndPosition": "47377500", "ZTargetPosition": "47351390"}, "Place": {"ActualPlacePosition": {"Angle": "-2", "X": "194070", "Y": "151032"}, "AirkissPressure": "74", "BoardPanelId": "2", "HoldingCircuitPressure": "2147483647", "NominalPlacePosition": {"Angle": "0", "X": "194080", "Y": "151030"}, "ReferenceDesignator": "T2200_EX120_TRAFO_SC", "Result": "0", "TimeStampSinceStationStarted": "1293615.772815", "VacuumAbsolute": "-817", "VacuumRelative": "100", "ZEndPosition": "41512500", "ZTargetPosition": "41531951"}, "ElectricalMeasurement": null, "Dip": null}, {"HeadSegmentId": "67588", "Measures": {"MeasureList": [{"CameraIndividualId": "4033", "MeasurementResult": "0", "PhiDeviation": "-402379", "TimeStampSinceStationStarted": "1293617.62311", "VisionDumpPath": "C:\\Sirio\\Work\\SvDumpFiles\\PartCameraDumps\\JID_403366992_OID_428000019_SEG_1_BE-Bibliothek.A5E51102635_R1293613146.svdmp", "XDeviation": "192005", "YDeviation": "-12646"}]}, "Pick": {"ActualPickPosition": {"Angle": "0", "X": "15250", "Y": "-70500"}, "MeasuredComponentHeight": "0", "NominalPickPosition": {"Angle": "0", "X": "15165", "Y": "-70473"}, "PickupLocationId": "265", "Result": "0", "TimeStampSinceStationStarted": "1293616.493926", "VacuumAbsolute": "-833", "VacuumRelative": "-833", "ZEndPosition": "47210500", "ZTargetPosition": "47219906"}, "Place": {"ActualPlacePosition": {"Angle": "180000", "X": "69623", "Y": "48633"}, "AirkissPressure": "74", "BoardPanelId": "3", "HoldingCircuitPressure": "2147483647", "NominalPlacePosition": {"Angle": "180000", "X": "69619", "Y": "48630"}, "ReferenceDesignator": "D3_BGA_63_", "Result": "0", "TimeStampSinceStationStarted": "1293617.968207", "VacuumAbsolute": "-835", "VacuumRelative": "95", "ZEndPosition": "46350500", "ZTargetPosition": "46340107"}, "ElectricalMeasurement": null, "Dip": null}, {"HeadSegmentId": "133124", "Measures": {"MeasureList": [{"CameraIndividualId": "4033", "MeasurementResult": "0", "PhiDeviation": "-44409", "TimeStampSinceStationStarted": "1293617.411226", "VisionDumpPath": "C:\\Sirio\\Work\\SvDumpFiles\\PartCameraDumps\\JID_403366993_OID_428000018_SEG_2_BE-Bibliothek.A5E44859639_R1293613539.svdmp", "XDeviation": "-173439", "YDeviation": "16108"}]}, "Pick": {"ActualPickPosition": {"Angle": "0", "X": "6000", "Y": "-49500"}, "MeasuredComponentHeight": "0", "NominalPickPosition": {"Angle": "0", "X": "6041", "Y": "-49478"}, "PickupLocationId": "280", "Result": "0", "TimeStampSinceStationStarted": "1293616.887818", "VacuumAbsolute": "-852", "VacuumRelative": "-852", "ZEndPosition": "46278000", "ZTargetPosition": "46264998"}, "Place": {"ActualPlacePosition": {"Angle": "180000", "X": "150278", "Y": "162626"}, "AirkissPressure": "71", "BoardPanelId": "2", "HoldingCircuitPressure": "2147483647", "NominalPlacePosition": {"Angle": "180000", "X": "150280", "Y": "162630"}, "ReferenceDesignator": "U1704_SOP_8/SOIC_8_O", "Result": "0", "TimeStampSinceStationStarted": "1293618.301659", "VacuumAbsolute": "-854", "VacuumRelative": "99", "ZEndPosition": "43675500", "ZTargetPosition": "43677463"}, "ElectricalMeasurement": null, "Dip": null}, {"HeadSegmentId": "133124", "Measures": {"MeasureList": [{"CameraIndividualId": "4033", "MeasurementResult": "0", "PhiDeviation": "-376097", "TimeStampSinceStationStarted": "1293619.755211", "VisionDumpPath": "C:\\Sirio\\Work\\SvDumpFiles\\PartCameraDumps\\JID_403366994_OID_428000020_SEG_2_BE-Bibliothek.A5E44859639_R1293615566.svdmp", "XDeviation": "-176440", "YDeviation": "18127"}]}, "Pick": {"ActualPickPosition": {"Angle": "0", "X": "6000", "Y": "-49500"}, "MeasuredComponentHeight": "0", "NominalPickPosition": {"Angle": "0", "X": "6033", "Y": "-49477"}, "PickupLocationId": "280", "Result": "0", "TimeStampSinceStationStarted": "1293618.915126", "VacuumAbsolute": "-853", "VacuumRelative": "-853", "ZEndPosition": "46270500", "ZTargetPosition": "46268248"}, "Place": {"ActualPlacePosition": {"Angle": "180000", "X": "29786", "Y": "162626"}, "AirkissPressure": "76", "BoardPanelId": "3", "HoldingCircuitPressure": "2147483647", "NominalPlacePosition": {"Angle": "180000", "X": "29780", "Y": "162630"}, "ReferenceDesignator": "U1704_SOP_8/SOIC_8_O", "Result": "0", "TimeStampSinceStationStarted": "1293620.213299", "VacuumAbsolute": "-853", "VacuumRelative": "99", "ZEndPosition": "43708500", "ZTargetPosition": "43690147"}, "ElectricalMeasurement": null, "Dip": null}, {"HeadSegmentId": "67588", "Measures": {"MeasureList": [{"CameraIndividualId": "4033", "MeasurementResult": "0", "PhiDeviation": "-553709", "TimeStampSinceStationStarted": "1293619.967556", "VisionDumpPath": "C:\\Sirio\\Work\\SvDumpFiles\\PartCameraDumps\\JID_403366995_OID_428000021_SEG_1_BE-Bibliothek.A5E51102635_R1293615803.svdmp", "XDeviation": "-165402", "YDeviation": "57385"}]}, "Pick": {"ActualPickPosition": {"Angle": "0", "X": "15250", "Y": "-70500"}, "MeasuredComponentHeight": "0", "NominalPickPosition": {"Angle": "0", "X": "15174", "Y": "-70473"}, "PickupLocationId": "265", "Result": "0", "TimeStampSinceStationStarted": "1293619.151151", "VacuumAbsolute": "-832", "VacuumRelative": "-832", "ZEndPosition": "47229500", "ZTargetPosition": "47217554"}, "Place": {"ActualPlacePosition": {"Angle": "180000", "X": "190115", "Y": "48633"}, "AirkissPressure": "74", "BoardPanelId": "2", "HoldingCircuitPressure": "2147483647", "NominalPlacePosition": {"Angle": "180000", "X": "190119", "Y": "48630"}, "ReferenceDesignator": "D3_BGA_63_", "Result": "0", "TimeStampSinceStationStarted": "1293620.602576", "VacuumAbsolute": "-834", "VacuumRelative": "94", "ZEndPosition": "46482500", "ZTargetPosition": "46541532"}, "ElectricalMeasurement": null, "Dip": null}, {"HeadSegmentId": "67588", "Measures": {"MeasureList": [{"CameraIndividualId": "4033", "MeasurementResult": "0", "PhiDeviation": "-562629", "TimeStampSinceStationStarted": "1293623.306787", "VisionDumpPath": "C:\\Sirio\\Work\\SvDumpFiles\\PartCameraDumps\\JID_403366996_OID_428000022_SEG_1_BE-Bibliothek.A5E44859639_R1293618927.svdmp", "XDeviation": "-125566", "YDeviation": "28072"}]}, "Pick": {"ActualPickPosition": {"Angle": "0", "X": "6000", "Y": "-49500"}, "MeasuredComponentHeight": "0", "NominalPickPosition": {"Angle": "0", "X": "6024", "Y": "-49476"}, "PickupLocationId": "280", "Result": "0", "TimeStampSinceStationStarted": "1293622.274899", "VacuumAbsolute": "-839", "VacuumRelative": "-839", "ZEndPosition": "46246000", "ZTargetPosition": "46268311"}, "Place": {"ActualPlacePosition": {"Angle": "180000", "X": "143079", "Y": "162626"}, "AirkissPressure": "73", "BoardPanelId": "2", "HoldingCircuitPressure": "2147483647", "NominalPlacePosition": {"Angle": "180000", "X": "143080", "Y": "162630"}, "ReferenceDesignator": "U1700_SOP_8/SOIC_8_O", "Result": "0", "TimeStampSinceStationStarted": "1293623.622357", "VacuumAbsolute": "-840", "VacuumRelative": "96", "ZEndPosition": "43630500", "ZTargetPosition": "43628876"}, "ElectricalMeasurement": null, "Dip": null}, {"HeadSegmentId": "133124", "Measures": {"MeasureList": [{"CameraIndividualId": "4033", "MeasurementResult": "0", "PhiDeviation": "-251814", "TimeStampSinceStationStarted": "1293623.076762", "VisionDumpPath": "C:\\Sirio\\Work\\SvDumpFiles\\PartCameraDumps\\JID_403366997_OID_428000023_SEG_2_BE-Bibliothek.A5E44859639_R1293619210.svdmp", "XDeviation": "-126507", "YDeviation": "31126"}]}, "Pick": {"ActualPickPosition": {"Angle": "0", "X": "6000", "Y": "-49500"}, "MeasuredComponentHeight": "0", "NominalPickPosition": {"Angle": "0", "X": "6024", "Y": "-49476"}, "PickupLocationId": "280", "Result": "0", "TimeStampSinceStationStarted": "1293622.558395", "VacuumAbsolute": "-852", "VacuumRelative": "-852", "ZEndPosition": "46267000", "ZTargetPosition": "46268811"}, "Place": {"ActualPlacePosition": {"Angle": "180000", "X": "36986", "Y": "162626"}, "AirkissPressure": "74", "BoardPanelId": "3", "HoldingCircuitPressure": "2147483647", "NominalPlacePosition": {"Angle": "180000", "X": "36980", "Y": "162630"}, "ReferenceDesignator": "U1800_SOP_8/SOIC_8_O", "Result": "0", "TimeStampSinceStationStarted": "1293623.917607", "VacuumAbsolute": "-852", "VacuumRelative": "98", "ZEndPosition": "43697500", "ZTargetPosition": "43680934"}, "ElectricalMeasurement": null, "Dip": null}]}, "HeadContext": {"HeadSegments": {"HeadSegment": [{"GantryId": "1", "Head": "1", "HeadName": "Twin Head 5xx", "Id": "66049", "NozzleTypeId": "581", "SegmentNumber": "1"}, {"GantryId": "4", "Head": "1", "HeadName": "Twin Head 5xx", "Id": "67588", "NozzleTypeId": "516", "SegmentNumber": "1"}, {"GantryId": "1", "Head": "1", "HeadName": "Twin Head 5xx", "Id": "131585", "NozzleTypeId": "517", "SegmentNumber": "2"}, {"GantryId": "4", "Head": "1", "HeadName": "Twin Head 5xx", "Id": "133124", "NozzleTypeId": "597", "SegmentNumber": "2"}]}}, "SetupContext": {"PickupLocations": {"PickupLocation": [{"Division": "1", "FeederId": "32FAUE900466", "FeederType": "288", "Id": "238", "Level": "0", "Location": "1", "StartTrackNumber": "7", "SubLocation": "1", "Tower": "0", "PackagingUid": "M05323114"}, {"Division": "1", "FeederId": "24KL-L205402", "FeederType": "280", "Id": "240", "Level": "0", "Location": "1", "StartTrackNumber": "14", "SubLocation": "1", "Tower": "0", "PackagingUid": "M05187760"}, {"Division": "1", "FeederId": "44KL-K305106", "FeederType": "300", "Id": "241", "Level": "0", "Location": "1", "StartTrackNumber": "17", "SubLocation": "1", "Tower": "0", "PackagingUid": "M04859550"}, {"Division": "1", "FeederId": "24KL-K305319", "FeederType": "280", "Id": "242", "Level": "0", "Location": "1", "StartTrackNumber": "22", "SubLocation": "1", "Tower": "0", "PackagingUid": "M04790496"}, {"Division": "1", "FeederId": "24FAUE900672", "FeederType": "280", "Id": "265", "Level": "0", "Location": "4", "StartTrackNumber": "1", "SubLocation": "1", "Tower": "0", "PackagingUid": "A00061487"}, {"Division": "1", "FeederId": "32FAUE000671", "FeederType": "288", "Id": "267", "Level": "0", "Location": "4", "StartTrackNumber": "16", "SubLocation": "1", "Tower": "0", "PackagingUid": "M05305951"}, {"Division": "1", "FeederId": "32FAUE900659", "FeederType": "288", "Id": "271", "Level": "0", "Location": "4", "StartTrackNumber": "28", "SubLocation": "1", "Tower": "0", "PackagingUid": "M05325461"}, {"Division": "1", "FeederId": "12KL-F105078", "FeederType": "268", "Id": "280", "Level": "0", "Location": "4", "StartTrackNumber": "14", "SubLocation": "1", "Tower": "0", "PackagingUid": "M05245907"}]}}}}, "ProductionEndedData": {"StationTime": "2021-11-30T09:51:52.9660000+08:00", "TimeStampSinceStationStarted": "1293624.202614"}}