{"name": "PDI_Line5_4162764551_20211130012644.txt", "Timestamp": "2021-11-30T01:26:35.8462192+08:00", "TxnID": "dba3164d-5d33-46d0-a137-844c6d877874", "Line": "SEWC-Lines\\Line5", "Machine": "Line5\\ST3_X3 S", "ProductionStartedData": [{"ConveyorLanePosition": "1", "ConveyorStopperPosition": "1", "Pcb": {"BarcodeReaderPosition": "0", "BoardSide": "1", "IndividualGUID": "9de02e72-0147-4df9-9ff6-1120fcac0ba8", "LineJobGUID": "3a5e1e40-f5b9-457f-8e3c-d7ab63795644", "Path": "STAB\\A5E50302021lt01", "PcbIndividualID": "42841", "RecipePath": "Line5\\Smart_CPU_L5_702SAF\\A5E50302021lt01", "Barcode": "", "OrderNumber": null}, "ProcessingAreaPosition": "1", "SetupPath": "Line5\\Smart_CPU_L5_702SAF", "StationTime": "2021-11-30T01:24:12.6210000+08:00", "TimeStampSinceStationStarted": "1263164.009363"}], "BoardPositionsList": {"BoardPositions": [{"ActualPosition": {"Angle": "16", "X": "-528740", "Y": "-232434", "Z": "-5000"}, "FiducialPositions": {"FiducialRecognitionResult": [{"ActualPosition": {"Angle": "12", "X": "242739", "Y": "10977", "Z": null}, "CameraIndividualId": "4034", "FiducialFunction": "0", "GantryId": "4", "MeasurementResult": "0", "NominalPosition": {"Angle": "0", "X": "243420", "Y": "10530", "Z": null}, "Path": "A5E50302021lt01/1/01/1", "StationTime": "2021-11-30T01:24:15.2800000+08:00", "TimeStampSinceStationStarted": "1263166.66804"}, {"ActualPosition": {"Angle": "24", "X": "7179", "Y": "192459", "Z": null}, "CameraIndividualId": "4034", "FiducialFunction": "0", "GantryId": "4", "MeasurementResult": "0", "NominalPosition": {"Angle": "0", "X": "7970", "Y": "192030", "Z": null}, "Path": "A5E50302021lt01/1/02/1", "StationTime": "2021-11-30T01:24:15.2800000+08:00", "TimeStampSinceStationStarted": "1263166.66804"}]}, "NominalPosition": {"Angle": "0", "X": "-528032", "Y": "-232838", "Z": "-5000"}}]}, "ProgressDataList": {"ProductionProgressData": {"BoardContext": {"BoardPanels": {"BoardPanel": [{"Id": "2", "PanelPath": "A5E50302021lt01/A1"}, {"Id": "3", "PanelPath": "A5E50302021lt01/B1"}]}}, "ComponentIndividuals": {"ComponentIndividual": [{"HeadSegmentId": "67588", "Measures": {"MeasureList": [{"CameraIndividualId": "4033", "MeasurementResult": "0", "PhiDeviation": "-196583", "TimeStampSinceStationStarted": "1263167.334236", "VisionDumpPath": "C:\\Sirio\\Work\\SvDumpFiles\\PartCameraDumps\\JID_403357475_OID_428410000_SEG_1_BE-Bibliothek.A5E50179091_R1263161158.svdmp", "XDeviation": "-21902", "YDeviation": "3220"}]}, "Pick": {"ActualPickPosition": {"Angle": "0", "X": "15126", "Y": "-71150"}, "MeasuredComponentHeight": "0", "NominalPickPosition": {"Angle": "0", "X": "15228", "Y": "-71333"}, "PickupLocationId": "266", "Result": "0", "TimeStampSinceStationStarted": "1263164.657886", "VacuumAbsolute": "-786", "VacuumRelative": "-786", "ZEndPosition": "47607000", "ZTargetPosition": "47601406"}, "Place": {"ActualPlacePosition": {"Angle": "0", "X": "200750", "Y": "27961"}, "AirkissPressure": "74", "BoardPanelId": "3", "HoldingCircuitPressure": "2147483647", "NominalPlacePosition": {"Angle": "0", "X": "200731", "Y": "27980"}, "ReferenceDesignator": "D2_BGA_90_IC_DRAM_51", "Result": "0", "TimeStampSinceStationStarted": "1263167.737288", "VacuumAbsolute": "-837", "VacuumRelative": "96", "ZEndPosition": "46602500", "ZTargetPosition": "46568774"}, "ElectricalMeasurement": null, "Dip": null}, {"HeadSegmentId": "67588", "Measures": {"MeasureList": [{"CameraIndividualId": "4033", "MeasurementResult": "0", "PhiDeviation": "951381", "TimeStampSinceStationStarted": "1263169.066029", "VisionDumpPath": "C:\\Sirio\\Work\\SvDumpFiles\\PartCameraDumps\\JID_403357476_OID_428410001_SEG_1_BE-Bibliothek.A5E00277754_R1263164874.svdmp", "XDeviation": "-26309", "YDeviation": "-20462"}]}, "Pick": {"ActualPickPosition": {"Angle": "0", "X": "18028", "Y": "-70606"}, "MeasuredComponentHeight": "0", "NominalPickPosition": {"Angle": "0", "X": "17661", "Y": "-70437"}, "PickupLocationId": "272", "Result": "0", "TimeStampSinceStationStarted": "1263168.374462", "VacuumAbsolute": "-829", "VacuumRelative": "-829", "ZEndPosition": "47257500", "ZTargetPosition": "47272812"}, "Place": {"ActualPlacePosition": {"Angle": "180000", "X": "226607", "Y": "49067"}, "AirkissPressure": "71", "BoardPanelId": "3", "HoldingCircuitPressure": "2147483647", "NominalPlacePosition": {"Angle": "180000", "X": "226581", "Y": "49080"}, "ReferenceDesignator": "X101_EXSOP_14_STECK_", "Result": "0", "TimeStampSinceStationStarted": "1263169.550402", "VacuumAbsolute": "-852", "VacuumRelative": "99", "ZEndPosition": "38984000", "ZTargetPosition": "38980751"}, "ElectricalMeasurement": null, "Dip": null}, {"HeadSegmentId": "133124", "Measures": {"MeasureList": [{"CameraIndividualId": "4033", "MeasurementResult": "0", "PhiDeviation": "919347", "TimeStampSinceStationStarted": "1263169.207968", "VisionDumpPath": "C:\\Sirio\\Work\\SvDumpFiles\\PartCameraDumps\\JID_403357477_OID_428410002_SEG_2_BE-Bibliothek.A5E00277754_R1263165088.svdmp", "XDeviation": "29967", "YDeviation": "-30850"}]}, "Pick": {"ActualPickPosition": {"Angle": "0", "X": "18028", "Y": "-70606"}, "MeasuredComponentHeight": "0", "NominalPickPosition": {"Angle": "0", "X": "17661", "Y": "-70437"}, "PickupLocationId": "272", "Result": "0", "TimeStampSinceStationStarted": "1263168.588876", "VacuumAbsolute": "-834", "VacuumRelative": "-834", "ZEndPosition": "47298000", "ZTargetPosition": "47293312"}, "Place": {"ActualPlacePosition": {"Angle": "180000", "X": "106076", "Y": "49067"}, "AirkissPressure": "76", "BoardPanelId": "2", "HoldingCircuitPressure": "2147483647", "NominalPlacePosition": {"Angle": "180000", "X": "106081", "Y": "49080"}, "ReferenceDesignator": "X101_EXSOP_14_STECK_", "Result": "0", "TimeStampSinceStationStarted": "1263169.716244", "VacuumAbsolute": "-846", "VacuumRelative": "98", "ZEndPosition": "38804000", "ZTargetPosition": "38758534"}, "ElectricalMeasurement": null, "Dip": null}, {"HeadSegmentId": "67588", "Measures": {"MeasureList": [{"CameraIndividualId": "4033", "MeasurementResult": "0", "PhiDeviation": "-442617", "TimeStampSinceStationStarted": "1263170.813016", "VisionDumpPath": "C:\\Sirio\\Work\\SvDumpFiles\\PartCameraDumps\\JID_403357478_OID_428410003_SEG_1_BE-Bibliothek.A5E50179091_R1263166859.svdmp", "XDeviation": "-5452", "YDeviation": "41134"}]}, "Pick": {"ActualPickPosition": {"Angle": "0", "X": "15126", "Y": "-71150"}, "MeasuredComponentHeight": "0", "NominalPickPosition": {"Angle": "0", "X": "15227", "Y": "-71333"}, "PickupLocationId": "266", "Result": "0", "TimeStampSinceStationStarted": "1263170.359526", "VacuumAbsolute": "-789", "VacuumRelative": "-789", "ZEndPosition": "47690500", "ZTargetPosition": "47602804"}, "Place": {"ActualPlacePosition": {"Angle": "0", "X": "80219", "Y": "27961"}, "AirkissPressure": "77", "BoardPanelId": "2", "HoldingCircuitPressure": "2147483647", "NominalPlacePosition": {"Angle": "0", "X": "80231", "Y": "27980"}, "ReferenceDesignator": "D2_BGA_90_IC_DRAM_51", "Result": "0", "TimeStampSinceStationStarted": "1263171.216101", "VacuumAbsolute": "-839", "VacuumRelative": "96", "ZEndPosition": "46581500", "ZTargetPosition": "46525461"}, "ElectricalMeasurement": null, "Dip": null}]}, "HeadContext": {"HeadSegments": {"HeadSegment": [{"GantryId": "4", "Head": "1", "HeadName": "Twin Head 5xx", "Id": "67588", "NozzleTypeId": "516", "SegmentNumber": "1"}, {"GantryId": "4", "Head": "1", "HeadName": "Twin Head 5xx", "Id": "133124", "NozzleTypeId": "516", "SegmentNumber": "2"}]}}, "SetupContext": {"PickupLocations": {"PickupLocation": [{"Division": "1", "FeederId": "24FAUE600590", "FeederType": "280", "Id": "266", "Level": "0", "Location": "4", "StartTrackNumber": "4", "SubLocation": "1", "Tower": "0", "PackagingUid": "M05320388"}, {"Division": "1", "FeederId": "32KL-K405124", "FeederType": "288", "Id": "272", "Level": "0", "Location": "4", "StartTrackNumber": "32", "SubLocation": "1", "Tower": "0", "PackagingUid": "M05323060"}]}}}}, "ProductionEndedData": {"StationTime": "2021-11-30T01:24:20.2120000+08:00", "TimeStampSinceStationStarted": "1263171.599707"}}