{"name": "PDI_Line5_4208862811_20211130085729.txt", "Timestamp": "2021-11-30T08:57:05.0212485+08:00", "TxnID": "60ca511b-7177-4b26-96c7-3dacdf696c02", "Line": "SEWC-Lines\\Line5", "Machine": "Line5\\ST3_X3 S", "ProductionStartedData": [{"ConveyorLanePosition": "1", "ConveyorStopperPosition": "1", "Pcb": {"BarcodeReaderPosition": "0", "BoardSide": "1", "IndividualGUID": "0333e14a-7e9c-49d3-82f7-9cf511e1c7cb", "LineJobGUID": "fead7f33-0866-4d90-8540-e9f27c9d6bcf", "Path": "STAB\\A5E50302021bt01", "PcbIndividualID": "43679", "RecipePath": "Line5\\Smart_CPU_L5_702SAF\\A5E50302021bt01", "Barcode": "", "OrderNumber": null}, "ProcessingAreaPosition": "1", "SetupPath": "Line5\\Smart_CPU_L5_702SAF", "StationTime": "2021-11-30T08:54:41.2130000+08:00", "TimeStampSinceStationStarted": "1290192.467296"}], "BoardPositionsList": {"BoardPositions": [{"ActualPosition": {"Angle": "7", "X": "-528578", "Y": "-232875", "Z": "-5000"}, "FiducialPositions": {"FiducialRecognitionResult": [{"ActualPosition": {"Angle": "23", "X": "5935", "Y": "10496", "Z": null}, "CameraIndividualId": "4034", "FiducialFunction": "0", "GantryId": "4", "MeasurementResult": "0", "NominalPosition": {"Angle": "0", "X": "6480", "Y": "10530", "Z": null}, "Path": "A5E50302021bt01/1/02/1", "StationTime": "2021-11-30T08:54:43.1650000+08:00", "TimeStampSinceStationStarted": "1290194.419078"}, {"ActualPosition": {"Angle": "-10", "X": "241256", "Y": "192020", "Z": null}, "CameraIndividualId": "4034", "FiducialFunction": "0", "GantryId": "4", "MeasurementResult": "0", "NominalPosition": {"Angle": "0", "X": "241830", "Y": "192030", "Z": null}, "Path": "A5E50302021bt01/1/01/1", "StationTime": "2021-11-30T08:54:43.1650000+08:00", "TimeStampSinceStationStarted": "1290194.419078"}]}, "NominalPosition": {"Angle": "0", "X": "-528032", "Y": "-232838", "Z": "-5000"}}]}, "ProgressDataList": {"ProductionProgressData": {"BoardContext": {"BoardPanels": {"BoardPanel": [{"Id": "2", "PanelPath": "A5E50302021bt01/A1"}, {"Id": "3", "PanelPath": "A5E50302021bt01/B1"}]}}, "ComponentIndividuals": {"ComponentIndividual": [{"HeadSegmentId": "66049", "Measures": {"MeasureList": [{"CameraIndividualId": "1033", "MeasurementResult": "0", "PhiDeviation": "-438693", "TimeStampSinceStationStarted": "1290195.113191", "VisionDumpPath": "C:\\Sirio\\Work\\SvDumpFiles\\PartCameraDumps\\JID_103382991_OID_436790000_SEG_1_BE-Bibliothek.A5E01114436_R1290190606.svdmp", "XDeviation": "-75457", "YDeviation": "80423"}]}, "Pick": {"ActualPickPosition": {"Angle": "180000", "X": "17950", "Y": "-70500"}, "MeasuredComponentHeight": "0", "NominalPickPosition": {"Angle": "180000", "X": "18036", "Y": "-70866"}, "PickupLocationId": "238", "Result": "0", "TimeStampSinceStationStarted": "1290193.971037", "VacuumAbsolute": "-782", "VacuumRelative": "-782", "ZEndPosition": "43458500", "ZTargetPosition": "43465987"}, "Place": {"ActualPlacePosition": {"Angle": "179999", "X": "100450", "Y": "171754"}, "AirkissPressure": "71", "BoardPanelId": "3", "HoldingCircuitPressure": "2147483647", "NominalPlacePosition": {"Angle": "180000", "X": "100457", "Y": "171753"}, "ReferenceDesignator": "X605_CONN_8_STECK_RC", "Result": "0", "TimeStampSinceStationStarted": "1290195.597506", "VacuumAbsolute": "-822", "VacuumRelative": "101", "ZEndPosition": "40178000", "ZTargetPosition": "40166869"}, "ElectricalMeasurement": null, "Dip": null}, {"HeadSegmentId": "131585", "Measures": {"MeasureList": [{"CameraIndividualId": "1033", "MeasurementResult": "0", "PhiDeviation": "-1391722", "TimeStampSinceStationStarted": "1290195.277608", "VisionDumpPath": "C:\\Sirio\\Work\\SvDumpFiles\\PartCameraDumps\\JID_103382992_OID_436790001_SEG_2_BE-Bibliothek.A5E00189819_R1290190876.svdmp", "XDeviation": "-281860", "YDeviation": "36434"}]}, "Pick": {"ActualPickPosition": {"Angle": "0", "X": "15250", "Y": "-70500"}, "MeasuredComponentHeight": "0", "NominalPickPosition": {"Angle": "0", "X": "15041", "Y": "-70440"}, "PickupLocationId": "242", "Result": "0", "TimeStampSinceStationStarted": "1290194.241901", "VacuumAbsolute": "-840", "VacuumRelative": "-840", "ZEndPosition": "47363000", "ZTargetPosition": "47162764"}, "Place": {"ActualPlacePosition": {"Angle": "-1", "X": "73574", "Y": "151032"}, "AirkissPressure": "73", "BoardPanelId": "3", "HoldingCircuitPressure": "2147483647", "NominalPlacePosition": {"Angle": "0", "X": "73580", "Y": "151030"}, "ReferenceDesignator": "T2200_EX120_TRAFO_SC", "Result": "0", "TimeStampSinceStationStarted": "1290195.76807", "VacuumAbsolute": "-840", "VacuumRelative": "99", "ZEndPosition": "41432000", "ZTargetPosition": "41366244"}, "ElectricalMeasurement": null, "Dip": null}, {"HeadSegmentId": "133124", "Measures": {"MeasureList": [{"CameraIndividualId": "4033", "MeasurementResult": "0", "PhiDeviation": "342401", "TimeStampSinceStationStarted": "1290196.20252", "VisionDumpPath": "C:\\Sirio\\Work\\SvDumpFiles\\PartCameraDumps\\JID_403365456_OID_436790002_SEG_2_BE-Bibliothek.A5E44859639_R1290191868.svdmp", "XDeviation": "44631", "YDeviation": "-36964"}]}, "Pick": {"ActualPickPosition": {"Angle": "0", "X": "6000", "Y": "-49500"}, "MeasuredComponentHeight": "0", "NominalPickPosition": {"Angle": "0", "X": "5999", "Y": "-49474"}, "PickupLocationId": "280", "Result": "0", "TimeStampSinceStationStarted": "1290195.234558", "VacuumAbsolute": "-854", "VacuumRelative": "-854", "ZEndPosition": "46253500", "ZTargetPosition": "46258194"}, "Place": {"ActualPlacePosition": {"Angle": "180000", "X": "22583", "Y": "162628"}, "AirkissPressure": "71", "BoardPanelId": "3", "HoldingCircuitPressure": "2147483647", "NominalPlacePosition": {"Angle": "180000", "X": "22580", "Y": "162630"}, "ReferenceDesignator": "U1700_SOP_8/SOIC_8_O", "Result": "0", "TimeStampSinceStationStarted": "1290196.759478", "VacuumAbsolute": "-854", "VacuumRelative": "99", "ZEndPosition": "43820500", "ZTargetPosition": "43839486"}, "ElectricalMeasurement": null, "Dip": null}, {"HeadSegmentId": "67588", "Measures": {"MeasureList": [{"CameraIndividualId": "4033", "MeasurementResult": "0", "PhiDeviation": "-466788", "TimeStampSinceStationStarted": "1290196.414565", "VisionDumpPath": "C:\\Sirio\\Work\\SvDumpFiles\\PartCameraDumps\\JID_403365457_OID_436790003_SEG_1_BE-Bibliothek.A5E45275537_R1290192186.svdmp", "XDeviation": "-113968", "YDeviation": "-8466"}]}, "Pick": {"ActualPickPosition": {"Angle": "0", "X": "17470", "Y": "-70910"}, "MeasuredComponentHeight": "0", "NominalPickPosition": {"Angle": "0", "X": "17957", "Y": "-70871"}, "PickupLocationId": "271", "Result": "0", "TimeStampSinceStationStarted": "1290195.551709", "VacuumAbsolute": "-795", "VacuumRelative": "-795", "ZEndPosition": "47121000", "ZTargetPosition": "47100214"}, "Place": {"ActualPlacePosition": {"Angle": "180000", "X": "51777", "Y": "74121"}, "AirkissPressure": "77", "BoardPanelId": "3", "HoldingCircuitPressure": "2147483647", "NominalPlacePosition": {"Angle": "180000", "X": "51775", "Y": "74120"}, "ReferenceDesignator": "X601_CONN_16_STECK_R", "Result": "0", "TimeStampSinceStationStarted": "1290197.081013", "VacuumAbsolute": "-810", "VacuumRelative": "89", "ZEndPosition": "39051500", "ZTargetPosition": "39050561"}, "ElectricalMeasurement": null, "Dip": null}, {"HeadSegmentId": "66049", "Measures": {"MeasureList": [{"CameraIndividualId": "1033", "MeasurementResult": "0", "PhiDeviation": "379785", "TimeStampSinceStationStarted": "1290197.53946", "VisionDumpPath": "C:\\Sirio\\Work\\SvDumpFiles\\PartCameraDumps\\JID_103382993_OID_436790004_SEG_1_BE-Bibliothek.A5E01114436_R1290193014.svdmp", "XDeviation": "77946", "YDeviation": "46442"}]}, "Pick": {"ActualPickPosition": {"Angle": "180000", "X": "17950", "Y": "-70500"}, "MeasuredComponentHeight": "0", "NominalPickPosition": {"Angle": "180000", "X": "18040", "Y": "-70870"}, "PickupLocationId": "238", "Result": "0", "TimeStampSinceStationStarted": "1290196.380064", "VacuumAbsolute": "-782", "VacuumRelative": "-782", "ZEndPosition": "43504000", "ZTargetPosition": "43464115"}, "Place": {"ActualPlacePosition": {"Angle": "179999", "X": "220944", "Y": "171752"}, "AirkissPressure": "74", "BoardPanelId": "2", "HoldingCircuitPressure": "2147483647", "NominalPlacePosition": {"Angle": "180000", "X": "220957", "Y": "171753"}, "ReferenceDesignator": "X605_CONN_8_STECK_RC", "Result": "0", "TimeStampSinceStationStarted": "1290197.925464", "VacuumAbsolute": "-822", "VacuumRelative": "101", "ZEndPosition": "40410000", "ZTargetPosition": "40439076"}, "ElectricalMeasurement": null, "Dip": null}, {"HeadSegmentId": "131585", "Measures": {"MeasureList": [{"CameraIndividualId": "1033", "MeasurementResult": "0", "PhiDeviation": "965617", "TimeStampSinceStationStarted": "1290197.680873", "VisionDumpPath": "C:\\Sirio\\Work\\SvDumpFiles\\PartCameraDumps\\JID_103382994_OID_436790005_SEG_2_BE-Bibliothek.A5E00701727_R1290193308.svdmp", "XDeviation": "-32872", "YDeviation": "-134026"}]}, "Pick": {"ActualPickPosition": {"Angle": "180000", "X": "15250", "Y": "-70500"}, "MeasuredComponentHeight": "0", "NominalPickPosition": {"Angle": "180000", "X": "15306", "Y": "-70653"}, "PickupLocationId": "240", "Result": "0", "TimeStampSinceStationStarted": "1290196.674033", "VacuumAbsolute": "-818", "VacuumRelative": "-818", "ZEndPosition": "47085500", "ZTargetPosition": "47075109"}, "Place": {"ActualPlacePosition": {"Angle": "-1", "X": "88573", "Y": "151132"}, "AirkissPressure": "74", "BoardPanelId": "3", "HoldingCircuitPressure": "2147483647", "NominalPlacePosition": {"Angle": "0", "X": "88580", "Y": "151130"}, "ReferenceDesignator": "C2209_CAPA_2_22_KOND", "Result": "0", "TimeStampSinceStationStarted": "1290198.095848", "VacuumAbsolute": "-830", "VacuumRelative": "97", "ZEndPosition": "36826000", "ZTargetPosition": "36785828"}, "ElectricalMeasurement": null, "Dip": null}, {"HeadSegmentId": "133124", "Measures": {"MeasureList": [{"CameraIndividualId": "4033", "MeasurementResult": "0", "PhiDeviation": "-190589", "TimeStampSinceStationStarted": "1290198.649776", "VisionDumpPath": "C:\\Sirio\\Work\\SvDumpFiles\\PartCameraDumps\\JID_403365458_OID_436790006_SEG_2_BE-Bibliothek.A5E44859639_R1290194376.svdmp", "XDeviation": "-13455", "YDeviation": "-14034"}]}, "Pick": {"ActualPickPosition": {"Angle": "0", "X": "6000", "Y": "-49500"}, "MeasuredComponentHeight": "0", "NominalPickPosition": {"Angle": "0", "X": "6001", "Y": "-49476"}, "PickupLocationId": "280", "Result": "0", "TimeStampSinceStationStarted": "1290197.741799", "VacuumAbsolute": "-854", "VacuumRelative": "-854", "ZEndPosition": "46236000", "ZTargetPosition": "46257020"}, "Place": {"ActualPlacePosition": {"Angle": "180000", "X": "157479", "Y": "162628"}, "AirkissPressure": "75", "BoardPanelId": "2", "HoldingCircuitPressure": "2147483647", "NominalPlacePosition": {"Angle": "180000", "X": "157480", "Y": "162630"}, "ReferenceDesignator": "U1800_SOP_8/SOIC_8_O", "Result": "0", "TimeStampSinceStationStarted": "1290199.206861", "VacuumAbsolute": "-854", "VacuumRelative": "99", "ZEndPosition": "43687000", "ZTargetPosition": "43704665"}, "ElectricalMeasurement": null, "Dip": null}, {"HeadSegmentId": "67588", "Measures": {"MeasureList": [{"CameraIndividualId": "4033", "MeasurementResult": "0", "PhiDeviation": "-147026", "TimeStampSinceStationStarted": "1290198.861923", "VisionDumpPath": "C:\\Sirio\\Work\\SvDumpFiles\\PartCameraDumps\\JID_403365459_OID_436790007_SEG_1_BE-Bibliothek.A5E45275537_R1290194693.svdmp", "XDeviation": "86121", "YDeviation": "-26726"}]}, "Pick": {"ActualPickPosition": {"Angle": "0", "X": "17470", "Y": "-70910"}, "MeasuredComponentHeight": "0", "NominalPickPosition": {"Angle": "0", "X": "17951", "Y": "-70872"}, "PickupLocationId": "271", "Result": "0", "TimeStampSinceStationStarted": "1290198.058889", "VacuumAbsolute": "-797", "VacuumRelative": "-797", "ZEndPosition": "47074000", "ZTargetPosition": "47105411"}, "Place": {"ActualPlacePosition": {"Angle": "180000", "X": "172274", "Y": "74121"}, "AirkissPressure": "73", "BoardPanelId": "2", "HoldingCircuitPressure": "2147483647", "NominalPlacePosition": {"Angle": "180000", "X": "172275", "Y": "74120"}, "ReferenceDesignator": "X601_CONN_16_STECK_R", "Result": "0", "TimeStampSinceStationStarted": "1290199.53766", "VacuumAbsolute": "-814", "VacuumRelative": "90", "ZEndPosition": "39199000", "ZTargetPosition": "39187177"}, "ElectricalMeasurement": null, "Dip": null}, {"HeadSegmentId": "66049", "Measures": {"MeasureList": [{"CameraIndividualId": "1033", "MeasurementResult": "0", "PhiDeviation": "-2839154", "TimeStampSinceStationStarted": "1290200.807026", "VisionDumpPath": "C:\\Sirio\\Work\\SvDumpFiles\\PartCameraDumps\\JID_103382995_OID_436790008_SEG_1_BE-Bibliothek.A5E00701727_R1290196705.svdmp", "XDeviation": "-73233", "YDeviation": "56404"}]}, "Pick": {"ActualPickPosition": {"Angle": "180000", "X": "15250", "Y": "-70500"}, "MeasuredComponentHeight": "0", "NominalPickPosition": {"Angle": "180000", "X": "15307", "Y": "-70646"}, "PickupLocationId": "240", "Result": "0", "TimeStampSinceStationStarted": "1290200.070944", "VacuumAbsolute": "-813", "VacuumRelative": "-813", "ZEndPosition": "47136000", "ZTargetPosition": "47040707"}, "Place": {"ActualPlacePosition": {"Angle": "-1", "X": "209068", "Y": "151130"}, "AirkissPressure": "72", "BoardPanelId": "2", "HoldingCircuitPressure": "2147483647", "NominalPlacePosition": {"Angle": "0", "X": "209080", "Y": "151130"}, "ReferenceDesignator": "C2209_CAPA_2_22_KOND", "Result": "0", "TimeStampSinceStationStarted": "1290201.197784", "VacuumAbsolute": "-832", "VacuumRelative": "104", "ZEndPosition": "37085500", "ZTargetPosition": "37073674"}, "ElectricalMeasurement": null, "Dip": null}, {"HeadSegmentId": "131585", "Measures": {"MeasureList": [{"CameraIndividualId": "1033", "MeasurementResult": "0", "PhiDeviation": "-504411", "TimeStampSinceStationStarted": "1290200.946563", "VisionDumpPath": "C:\\Sirio\\Work\\SvDumpFiles\\PartCameraDumps\\JID_103382996_OID_436790009_SEG_2_BE-Bibliothek.A5E00701727_R1290196982.svdmp", "XDeviation": "212348", "YDeviation": "4461"}]}, "Pick": {"ActualPickPosition": {"Angle": "180000", "X": "15250", "Y": "-70500"}, "MeasuredComponentHeight": "0", "NominalPickPosition": {"Angle": "180000", "X": "15307", "Y": "-70646"}, "PickupLocationId": "240", "Result": "0", "TimeStampSinceStationStarted": "1290200.34783", "VacuumAbsolute": "-825", "VacuumRelative": "-825", "ZEndPosition": "47075500", "ZTargetPosition": "47077707"}, "Place": {"ActualPlacePosition": {"Angle": "-1", "X": "102573", "Y": "151132"}, "AirkissPressure": "73", "BoardPanelId": "3", "HoldingCircuitPressure": "2147483647", "NominalPlacePosition": {"Angle": "0", "X": "102580", "Y": "151130"}, "ReferenceDesignator": "C2206_CAPA_2_22_KOND", "Result": "0", "TimeStampSinceStationStarted": "1290201.373316", "VacuumAbsolute": "-841", "VacuumRelative": "99", "ZEndPosition": "36769500", "ZTargetPosition": "36799878"}, "ElectricalMeasurement": null, "Dip": null}, {"HeadSegmentId": "133124", "Measures": {"MeasureList": [{"CameraIndividualId": "4033", "MeasurementResult": "0", "PhiDeviation": "219768", "TimeStampSinceStationStarted": "1290201.391421", "VisionDumpPath": "C:\\Sirio\\Work\\SvDumpFiles\\PartCameraDumps\\JID_403365460_OID_436790010_SEG_2_BE-Bibliothek.A5E44859639_R1290196832.svdmp", "XDeviation": "138293", "YDeviation": "-29211"}]}, "Pick": {"ActualPickPosition": {"Angle": "0", "X": "6000", "Y": "-49500"}, "MeasuredComponentHeight": "0", "NominalPickPosition": {"Angle": "0", "X": "6000", "Y": "-49477"}, "PickupLocationId": "280", "Result": "0", "TimeStampSinceStationStarted": "1290200.197568", "VacuumAbsolute": "-854", "VacuumRelative": "-854", "ZEndPosition": "46276000", "ZTargetPosition": "46251765"}, "Place": {"ActualPlacePosition": {"Angle": "180000", "X": "34646", "Y": "25853"}, "AirkissPressure": "71", "BoardPanelId": "3", "HoldingCircuitPressure": "2147483647", "NominalPlacePosition": {"Angle": "180000", "X": "34643", "Y": "25851"}, "ReferenceDesignator": "U500_SOP_8/SOIC_8_OP", "Result": "0", "TimeStampSinceStationStarted": "1290202.219208", "VacuumAbsolute": "-855", "VacuumRelative": "99", "ZEndPosition": "43749500", "ZTargetPosition": "43742646"}, "ElectricalMeasurement": null, "Dip": null}, {"HeadSegmentId": "67588", "Measures": {"MeasureList": [{"CameraIndividualId": "4033", "MeasurementResult": "0", "PhiDeviation": "-381178", "TimeStampSinceStationStarted": "1290201.68544", "VisionDumpPath": "C:\\Sirio\\Work\\SvDumpFiles\\PartCameraDumps\\JID_403365461_OID_436790011_SEG_1_BE-Bibliothek.A5E30248076_R1290197104.svdmp", "XDeviation": "-707442", "YDeviation": "-774475"}]}, "Pick": {"ActualPickPosition": {"Angle": "180000", "X": "17020", "Y": "-69475"}, "MeasuredComponentHeight": "0", "NominalPickPosition": {"Angle": "180000", "X": "17020", "Y": "-69475"}, "PickupLocationId": "267", "Result": "0", "TimeStampSinceStationStarted": "1290200.470185", "VacuumAbsolute": "-816", "VacuumRelative": "-816", "ZEndPosition": "47297000", "ZTargetPosition": "47342496"}, "Place": {"ActualPlacePosition": {"Angle": "180000", "X": "103251", "Y": "30532"}, "AirkissPressure": "77", "BoardPanelId": "3", "HoldingCircuitPressure": "2147483647", "NominalPlacePosition": {"Angle": "180000", "X": "103250", "Y": "30530"}, "ReferenceDesignator": "X802_CONN_8_38_SONST", "Result": "0", "TimeStampSinceStationStarted": "1290202.502548", "VacuumAbsolute": "-816", "VacuumRelative": "90", "ZEndPosition": "33040500", "ZTargetPosition": "33039346"}, "ElectricalMeasurement": null, "Dip": null}, {"HeadSegmentId": "66049", "Measures": {"MeasureList": [{"CameraIndividualId": "1033", "MeasurementResult": "0", "PhiDeviation": "-603078", "TimeStampSinceStationStarted": "1290203.87049", "VisionDumpPath": "C:\\Sirio\\Work\\SvDumpFiles\\PartCameraDumps\\JID_103382997_OID_436790013_SEG_1_BE-Bibliothek.A5E00701727_R1290199456.svdmp", "XDeviation": "-51817", "YDeviation": "-53363"}]}, "Pick": {"ActualPickPosition": {"Angle": "180000", "X": "15250", "Y": "-70500"}, "MeasuredComponentHeight": "0", "NominalPickPosition": {"Angle": "180000", "X": "15300", "Y": "-70649"}, "PickupLocationId": "240", "Result": "0", "TimeStampSinceStationStarted": "1290202.821402", "VacuumAbsolute": "-811", "VacuumRelative": "-811", "ZEndPosition": "47076500", "ZTargetPosition": "47058023"}, "Place": {"ActualPlacePosition": {"Angle": "-1", "X": "223067", "Y": "151130"}, "AirkissPressure": "72", "BoardPanelId": "2", "HoldingCircuitPressure": "2147483647", "NominalPlacePosition": {"Angle": "0", "X": "223080", "Y": "151130"}, "ReferenceDesignator": "C2206_CAPA_2_22_KOND", "Result": "0", "TimeStampSinceStationStarted": "1290204.505977", "VacuumAbsolute": "-831", "VacuumRelative": "104", "ZEndPosition": "37055000", "ZTargetPosition": "37120033"}, "ElectricalMeasurement": null, "Dip": null}, {"HeadSegmentId": "131585", "Measures": {"MeasureList": [{"CameraIndividualId": "1033", "MeasurementResult": "0", "PhiDeviation": "-133941", "TimeStampSinceStationStarted": "1290204.090161", "VisionDumpPath": "C:\\Sirio\\Work\\SvDumpFiles\\PartCameraDumps\\JID_103382998_OID_436790012_SEG_2_BE-Bibliothek.A5E02285215_R1290199729.svdmp", "XDeviation": "188705", "YDeviation": "-67132"}]}, "Pick": {"ActualPickPosition": {"Angle": "180000", "X": "23950", "Y": "-70500"}, "MeasuredComponentHeight": "0", "NominalPickPosition": {"Angle": "180000", "X": "23950", "Y": "-70500"}, "PickupLocationId": "241", "Result": "0", "TimeStampSinceStationStarted": "1290203.094547", "VacuumAbsolute": "-862", "VacuumRelative": "-862", "ZEndPosition": "48544000", "ZTargetPosition": "48363824"}, "Place": {"ActualPlacePosition": {"Angle": "-90000", "X": "18435", "Y": "22907"}, "AirkissPressure": "71", "BoardPanelId": "3", "HoldingCircuitPressure": "2147483647", "NominalPlacePosition": {"Angle": "-90000", "X": "18439", "Y": "22900"}, "ReferenceDesignator": "X501_CONN_DSUB_9_STE", "Result": "0", "TimeStampSinceStationStarted": "1290204.866119", "VacuumAbsolute": "-863", "VacuumRelative": "103", "ZEndPosition": "36321500", "ZTargetPosition": "36318114"}, "ElectricalMeasurement": null, "Dip": null}, {"HeadSegmentId": "133124", "Measures": {"MeasureList": [{"CameraIndividualId": "4033", "MeasurementResult": "0", "PhiDeviation": "688077", "TimeStampSinceStationStarted": "1290204.531106", "VisionDumpPath": "C:\\Sirio\\Work\\SvDumpFiles\\PartCameraDumps\\JID_403365462_OID_436790014_SEG_2_BE-Bibliothek.A5E44859639_R1290199963.svdmp", "XDeviation": "-22408", "YDeviation": "35811"}]}, "Pick": {"ActualPickPosition": {"Angle": "0", "X": "6000", "Y": "-49500"}, "MeasuredComponentHeight": "0", "NominalPickPosition": {"Angle": "0", "X": "6007", "Y": "-49478"}, "PickupLocationId": "280", "Result": "0", "TimeStampSinceStationStarted": "1290203.328904", "VacuumAbsolute": "-852", "VacuumRelative": "-852", "ZEndPosition": "46258000", "ZTargetPosition": "46257824"}, "Place": {"ActualPlacePosition": {"Angle": "180000", "X": "155142", "Y": "25853"}, "AirkissPressure": "75", "BoardPanelId": "2", "HoldingCircuitPressure": "2147483647", "NominalPlacePosition": {"Angle": "180000", "X": "155143", "Y": "25851"}, "ReferenceDesignator": "U500_SOP_8/SOIC_8_OP", "Result": "0", "TimeStampSinceStationStarted": "1290205.509554", "VacuumAbsolute": "-852", "VacuumRelative": "98", "ZEndPosition": "43752000", "ZTargetPosition": "43756296"}, "ElectricalMeasurement": null, "Dip": null}, {"HeadSegmentId": "67588", "Measures": {"MeasureList": [{"CameraIndividualId": "4033", "MeasurementResult": "0", "PhiDeviation": "-535131", "TimeStampSinceStationStarted": "1290204.82356", "VisionDumpPath": "C:\\Sirio\\Work\\SvDumpFiles\\PartCameraDumps\\JID_403365463_OID_436790015_SEG_1_BE-Bibliothek.A5E30248076_R1290200219.svdmp", "XDeviation": "-659369", "YDeviation": "-463400"}]}, "Pick": {"ActualPickPosition": {"Angle": "180000", "X": "17020", "Y": "-69475"}, "MeasuredComponentHeight": "0", "NominalPickPosition": {"Angle": "180000", "X": "17020", "Y": "-69475"}, "PickupLocationId": "267", "Result": "0", "TimeStampSinceStationStarted": "1290203.585362", "VacuumAbsolute": "-842", "VacuumRelative": "-842", "ZEndPosition": "47356500", "ZTargetPosition": "47331122"}, "Place": {"ActualPlacePosition": {"Angle": "180000", "X": "223747", "Y": "30532"}, "AirkissPressure": "74", "BoardPanelId": "2", "HoldingCircuitPressure": "2147483647", "NominalPlacePosition": {"Angle": "180000", "X": "223750", "Y": "30530"}, "ReferenceDesignator": "X802_CONN_8_38_SONST", "Result": "0", "TimeStampSinceStationStarted": "1290205.791041", "VacuumAbsolute": "-842", "VacuumRelative": "96", "ZEndPosition": "33426500", "ZTargetPosition": "33413385"}, "ElectricalMeasurement": null, "Dip": null}, {"HeadSegmentId": "131585", "Measures": {"MeasureList": [{"CameraIndividualId": "1033", "MeasurementResult": "0", "PhiDeviation": "-445012", "TimeStampSinceStationStarted": "1290206.786565", "VisionDumpPath": "C:\\Sirio\\Work\\SvDumpFiles\\PartCameraDumps\\JID_103382999_OID_436790016_SEG_2_BE-Bibliothek.A5E02285215_R1290202250.svdmp", "XDeviation": "39158", "YDeviation": "-9918"}]}, "Pick": {"ActualPickPosition": {"Angle": "180000", "X": "23950", "Y": "-70500"}, "MeasuredComponentHeight": "0", "NominalPickPosition": {"Angle": "180000", "X": "23950", "Y": "-70500"}, "PickupLocationId": "241", "Result": "0", "TimeStampSinceStationStarted": "1290205.615889", "VacuumAbsolute": "-861", "VacuumRelative": "-861", "ZEndPosition": "48548500", "ZTargetPosition": "48408868"}, "Place": {"ActualPlacePosition": {"Angle": "-90000", "X": "138930", "Y": "22905"}, "AirkissPressure": "76", "BoardPanelId": "2", "HoldingCircuitPressure": "2147483647", "NominalPlacePosition": {"Angle": "-90000", "X": "138939", "Y": "22900"}, "ReferenceDesignator": "X501_CONN_DSUB_9_STE", "Result": "0", "TimeStampSinceStationStarted": "1290207.437559", "VacuumAbsolute": "-863", "VacuumRelative": "103", "ZEndPosition": "36307500", "ZTargetPosition": "36333069"}, "ElectricalMeasurement": null, "Dip": null}, {"HeadSegmentId": "66049", "Measures": {"MeasureList": [{"CameraIndividualId": "1033", "MeasurementResult": "0", "PhiDeviation": "354120", "TimeStampSinceStationStarted": "1290207.083374", "VisionDumpPath": "C:\\Sirio\\Work\\SvDumpFiles\\PartCameraDumps\\JID_103383000_OID_436790017_SEG_1_BE-Bibliothek.A5E00189819_R1290202667.svdmp", "XDeviation": "75304", "YDeviation": "-76214"}]}, "Pick": {"ActualPickPosition": {"Angle": "0", "X": "15250", "Y": "-70500"}, "MeasuredComponentHeight": "0", "NominalPickPosition": {"Angle": "0", "X": "15027", "Y": "-70438"}, "PickupLocationId": "242", "Result": "0", "TimeStampSinceStationStarted": "1290206.032087", "VacuumAbsolute": "-815", "VacuumRelative": "-815", "ZEndPosition": "47329500", "ZTargetPosition": "47175823"}, "Place": {"ActualPlacePosition": {"Angle": "-1", "X": "194068", "Y": "151030"}, "AirkissPressure": "75", "BoardPanelId": "2", "HoldingCircuitPressure": "2147483647", "NominalPlacePosition": {"Angle": "0", "X": "194080", "Y": "151030"}, "ReferenceDesignator": "T2200_EX120_TRAFO_SC", "Result": "0", "TimeStampSinceStationStarted": "1290207.794714", "VacuumAbsolute": "-816", "VacuumRelative": "100", "ZEndPosition": "41491500", "ZTargetPosition": "41469389"}, "ElectricalMeasurement": null, "Dip": null}, {"HeadSegmentId": "67588", "Measures": {"MeasureList": [{"CameraIndividualId": "4033", "MeasurementResult": "0", "PhiDeviation": "-192433", "TimeStampSinceStationStarted": "1290209.123705", "VisionDumpPath": "C:\\Sirio\\Work\\SvDumpFiles\\PartCameraDumps\\JID_403365464_OID_436790019_SEG_1_BE-Bibliothek.A5E51102635_R1290204634.svdmp", "XDeviation": "103650", "YDeviation": "-35485"}]}, "Pick": {"ActualPickPosition": {"Angle": "0", "X": "15250", "Y": "-70500"}, "MeasuredComponentHeight": "0", "NominalPickPosition": {"Angle": "0", "X": "15148", "Y": "-70473"}, "PickupLocationId": "265", "Result": "0", "TimeStampSinceStationStarted": "1290207.999954", "VacuumAbsolute": "-829", "VacuumRelative": "-829", "ZEndPosition": "47210000", "ZTargetPosition": "47250812"}, "Place": {"ActualPlacePosition": {"Angle": "180000", "X": "69621", "Y": "48632"}, "AirkissPressure": "71", "BoardPanelId": "3", "HoldingCircuitPressure": "2147483647", "NominalPlacePosition": {"Angle": "180000", "X": "69619", "Y": "48630"}, "ReferenceDesignator": "D3_BGA_63_", "Result": "0", "TimeStampSinceStationStarted": "1290209.571312", "VacuumAbsolute": "-831", "VacuumRelative": "94", "ZEndPosition": "46341500", "ZTargetPosition": "46309757"}, "ElectricalMeasurement": null, "Dip": null}, {"HeadSegmentId": "133124", "Measures": {"MeasureList": [{"CameraIndividualId": "4033", "MeasurementResult": "0", "PhiDeviation": "-70487", "TimeStampSinceStationStarted": "1290208.911376", "VisionDumpPath": "C:\\Sirio\\Work\\SvDumpFiles\\PartCameraDumps\\JID_403365465_OID_436790018_SEG_2_BE-Bibliothek.A5E44859639_R1290205025.svdmp", "XDeviation": "-118745", "YDeviation": "39071"}]}, "Pick": {"ActualPickPosition": {"Angle": "0", "X": "6000", "Y": "-49500"}, "MeasuredComponentHeight": "0", "NominalPickPosition": {"Angle": "0", "X": "6006", "Y": "-49476"}, "PickupLocationId": "280", "Result": "0", "TimeStampSinceStationStarted": "1290208.390661", "VacuumAbsolute": "-852", "VacuumRelative": "-852", "ZEndPosition": "46267500", "ZTargetPosition": "46257868"}, "Place": {"ActualPlacePosition": {"Angle": "180000", "X": "150279", "Y": "162628"}, "AirkissPressure": "71", "BoardPanelId": "2", "HoldingCircuitPressure": "2147483647", "NominalPlacePosition": {"Angle": "180000", "X": "150280", "Y": "162630"}, "ReferenceDesignator": "U1704_SOP_8/SOIC_8_O", "Result": "0", "TimeStampSinceStationStarted": "1290209.891232", "VacuumAbsolute": "-854", "VacuumRelative": "99", "ZEndPosition": "43666500", "ZTargetPosition": "43670733"}, "ElectricalMeasurement": null, "Dip": null}, {"HeadSegmentId": "133124", "Measures": {"MeasureList": [{"CameraIndividualId": "4033", "MeasurementResult": "0", "PhiDeviation": "-644960", "TimeStampSinceStationStarted": "1290211.457987", "VisionDumpPath": "C:\\Sirio\\Work\\SvDumpFiles\\PartCameraDumps\\JID_403365466_OID_436790020_SEG_2_BE-Bibliothek.A5E44859639_R1290207242.svdmp", "XDeviation": "66809", "YDeviation": "19321"}]}, "Pick": {"ActualPickPosition": {"Angle": "0", "X": "6000", "Y": "-49500"}, "MeasuredComponentHeight": "0", "NominalPickPosition": {"Angle": "0", "X": "6000", "Y": "-49474"}, "PickupLocationId": "280", "Result": "0", "TimeStampSinceStationStarted": "1290210.60744", "VacuumAbsolute": "-853", "VacuumRelative": "-853", "ZEndPosition": "46263000", "ZTargetPosition": "46260276"}, "Place": {"ActualPlacePosition": {"Angle": "180000", "X": "29783", "Y": "162628"}, "AirkissPressure": "71", "BoardPanelId": "3", "HoldingCircuitPressure": "2147483647", "NominalPlacePosition": {"Angle": "180000", "X": "29780", "Y": "162630"}, "ReferenceDesignator": "U1704_SOP_8/SOIC_8_O", "Result": "0", "TimeStampSinceStationStarted": "1290212.015354", "VacuumAbsolute": "-853", "VacuumRelative": "99", "ZEndPosition": "43808000", "ZTargetPosition": "43826239"}, "ElectricalMeasurement": null, "Dip": null}, {"HeadSegmentId": "67588", "Measures": {"MeasureList": [{"CameraIndividualId": "4033", "MeasurementResult": "0", "PhiDeviation": "-326482", "TimeStampSinceStationStarted": "1290211.670198", "VisionDumpPath": "C:\\Sirio\\Work\\SvDumpFiles\\PartCameraDumps\\JID_403365467_OID_436790021_SEG_1_BE-Bibliothek.A5E51102635_R1290207478.svdmp", "XDeviation": "52145", "YDeviation": "67920"}]}, "Pick": {"ActualPickPosition": {"Angle": "0", "X": "15250", "Y": "-70500"}, "MeasuredComponentHeight": "0", "NominalPickPosition": {"Angle": "0", "X": "15154", "Y": "-70475"}, "PickupLocationId": "265", "Result": "0", "TimeStampSinceStationStarted": "1290210.843705", "VacuumAbsolute": "-819", "VacuumRelative": "-819", "ZEndPosition": "47282500", "ZTargetPosition": "47240609"}, "Place": {"ActualPlacePosition": {"Angle": "180000", "X": "190117", "Y": "48632"}, "AirkissPressure": "74", "BoardPanelId": "2", "HoldingCircuitPressure": "2147483647", "NominalPlacePosition": {"Angle": "180000", "X": "190119", "Y": "48630"}, "ReferenceDesignator": "D3_BGA_63_", "Result": "0", "TimeStampSinceStationStarted": "1290212.40213", "VacuumAbsolute": "-820", "VacuumRelative": "91", "ZEndPosition": "46515500", "ZTargetPosition": "46470909"}, "ElectricalMeasurement": null, "Dip": null}, {"HeadSegmentId": "67588", "Measures": {"MeasureList": [{"CameraIndividualId": "4033", "MeasurementResult": "0", "PhiDeviation": "689101", "TimeStampSinceStationStarted": "1290215.222595", "VisionDumpPath": "C:\\Sirio\\Work\\SvDumpFiles\\PartCameraDumps\\JID_403365468_OID_436790022_SEG_1_BE-Bibliothek.A5E44859639_R1290210804.svdmp", "XDeviation": "-11498", "YDeviation": "65277"}]}, "Pick": {"ActualPickPosition": {"Angle": "0", "X": "6000", "Y": "-49500"}, "MeasuredComponentHeight": "0", "NominalPickPosition": {"Angle": "0", "X": "6004", "Y": "-49473"}, "PickupLocationId": "280", "Result": "0", "TimeStampSinceStationStarted": "1290214.170172", "VacuumAbsolute": "-838", "VacuumRelative": "-838", "ZEndPosition": "46255000", "ZTargetPosition": "46260457"}, "Place": {"ActualPlacePosition": {"Angle": "180000", "X": "143079", "Y": "162628"}, "AirkissPressure": "72", "BoardPanelId": "2", "HoldingCircuitPressure": "2147483647", "NominalPlacePosition": {"Angle": "180000", "X": "143080", "Y": "162630"}, "ReferenceDesignator": "U1700_SOP_8/SOIC_8_O", "Result": "0", "TimeStampSinceStationStarted": "1290215.637362", "VacuumAbsolute": "-840", "VacuumRelative": "96", "ZEndPosition": "43607500", "ZTargetPosition": "43610532"}, "ElectricalMeasurement": null, "Dip": null}, {"HeadSegmentId": "133124", "Measures": {"MeasureList": [{"CameraIndividualId": "4033", "MeasurementResult": "0", "PhiDeviation": "-109118", "TimeStampSinceStationStarted": "1290214.992472", "VisionDumpPath": "C:\\Sirio\\Work\\SvDumpFiles\\PartCameraDumps\\JID_403365469_OID_436790023_SEG_2_BE-Bibliothek.A5E44859639_R1290211092.svdmp", "XDeviation": "-124109", "YDeviation": "-46301"}]}, "Pick": {"ActualPickPosition": {"Angle": "0", "X": "6000", "Y": "-49500"}, "MeasuredComponentHeight": "0", "NominalPickPosition": {"Angle": "0", "X": "6004", "Y": "-49473"}, "PickupLocationId": "280", "Result": "0", "TimeStampSinceStationStarted": "1290214.458024", "VacuumAbsolute": "-854", "VacuumRelative": "-854", "ZEndPosition": "46281000", "ZTargetPosition": "46260957"}, "Place": {"ActualPlacePosition": {"Angle": "180000", "X": "36983", "Y": "162628"}, "AirkissPressure": "74", "BoardPanelId": "3", "HoldingCircuitPressure": "2147483647", "NominalPlacePosition": {"Angle": "180000", "X": "36980", "Y": "162630"}, "ReferenceDesignator": "U1800_SOP_8/SOIC_8_O", "Result": "0", "TimeStampSinceStationStarted": "1290215.933487", "VacuumAbsolute": "-853", "VacuumRelative": "99", "ZEndPosition": "43814000", "ZTargetPosition": "43814083"}, "ElectricalMeasurement": null, "Dip": null}]}, "HeadContext": {"HeadSegments": {"HeadSegment": [{"GantryId": "1", "Head": "1", "HeadName": "Twin Head 5xx", "Id": "66049", "NozzleTypeId": "581", "SegmentNumber": "1"}, {"GantryId": "4", "Head": "1", "HeadName": "Twin Head 5xx", "Id": "67588", "NozzleTypeId": "516", "SegmentNumber": "1"}, {"GantryId": "1", "Head": "1", "HeadName": "Twin Head 5xx", "Id": "131585", "NozzleTypeId": "517", "SegmentNumber": "2"}, {"GantryId": "4", "Head": "1", "HeadName": "Twin Head 5xx", "Id": "133124", "NozzleTypeId": "597", "SegmentNumber": "2"}]}}, "SetupContext": {"PickupLocations": {"PickupLocation": [{"Division": "1", "FeederId": "32FAUE900466", "FeederType": "288", "Id": "238", "Level": "0", "Location": "1", "StartTrackNumber": "7", "SubLocation": "1", "Tower": "0", "PackagingUid": "M05323114"}, {"Division": "1", "FeederId": "24KL-L205402", "FeederType": "280", "Id": "240", "Level": "0", "Location": "1", "StartTrackNumber": "14", "SubLocation": "1", "Tower": "0", "PackagingUid": "M05187756"}, {"Division": "1", "FeederId": "44KL-K305106", "FeederType": "300", "Id": "241", "Level": "0", "Location": "1", "StartTrackNumber": "17", "SubLocation": "1", "Tower": "0", "PackagingUid": "M04859661"}, {"Division": "1", "FeederId": "24KL-K305319", "FeederType": "280", "Id": "242", "Level": "0", "Location": "1", "StartTrackNumber": "22", "SubLocation": "1", "Tower": "0", "PackagingUid": "M04790497"}, {"Division": "1", "FeederId": "24FAUE900672", "FeederType": "280", "Id": "265", "Level": "0", "Location": "4", "StartTrackNumber": "1", "SubLocation": "1", "Tower": "0", "PackagingUid": "A00061487"}, {"Division": "1", "FeederId": "32FAUE000671", "FeederType": "288", "Id": "267", "Level": "0", "Location": "4", "StartTrackNumber": "16", "SubLocation": "1", "Tower": "0", "PackagingUid": "M05305949"}, {"Division": "1", "FeederId": "32FAUE900659", "FeederType": "288", "Id": "271", "Level": "0", "Location": "4", "StartTrackNumber": "28", "SubLocation": "1", "Tower": "0", "PackagingUid": "M05325461"}, {"Division": "1", "FeederId": "12KL-F105078", "FeederType": "268", "Id": "280", "Level": "0", "Location": "4", "StartTrackNumber": "14", "SubLocation": "1", "Tower": "0", "PackagingUid": "M05245907"}]}}}}, "ProductionEndedData": {"StationTime": "2021-11-30T08:55:04.9640000+08:00", "TimeStampSinceStationStarted": "1290216.217892"}}