{"name": "PDI_Line5_4143682143_20211130052434.txt", "Timestamp": "2021-11-30T05:23:36.8692513+08:00", "TxnID": "3655d6eb-5ad1-4228-8979-82faad1371b6", "Line": "SEWC-Lines\\Line5", "Machine": "Line5\\ST3_X3 S", "ProductionStartedData": [{"ConveyorLanePosition": "1", "ConveyorStopperPosition": "1", "Pcb": {"BarcodeReaderPosition": "0", "BoardSide": "1", "IndividualGUID": "6aea15be-dbc8-4e38-a745-5ec976428bf4", "LineJobGUID": "99c44632-6fb4-4a82-b2b6-96f12cf58afb", "Path": "STAB\\A5E50302021bt01", "PcbIndividualID": "43361", "RecipePath": "Line5\\Smart_CPU_L5_702SAF\\A5E50302021bt01", "Barcode": "", "OrderNumber": null}, "ProcessingAreaPosition": "2", "SetupPath": "Line5\\Smart_CPU_L5_702SAF", "StationTime": "2021-11-30T05:21:13.2990000+08:00", "TimeStampSinceStationStarted": "1277384.616962"}], "BoardPositionsList": {"BoardPositions": [{"ActualPosition": {"Angle": "-10", "X": "457515", "Y": "-232544", "Z": "-5000"}, "FiducialPositions": {"FiducialRecognitionResult": []}, "NominalPosition": {"Angle": "0", "X": "457820", "Y": "-233646", "Z": "-5000"}}]}, "ProgressDataList": {"ProductionProgressData": {"BoardContext": {"BoardPanels": {"BoardPanel": [{"Id": "2", "PanelPath": "A5E50302021bt01/A1"}, {"Id": "3", "PanelPath": "A5E50302021bt01/B1"}]}}, "ComponentIndividuals": {"ComponentIndividual": [{"HeadSegmentId": "66819", "Measures": {"MeasureList": [{"CameraIndividualId": "3033", "MeasurementResult": "0", "PhiDeviation": "-243031", "TimeStampSinceStationStarted": "1277387.004674", "VisionDumpPath": "C:\\Sirio\\Work\\SvDumpFiles\\PartCameraDumps\\JID_303378849_OID_433610024_SEG_1_BE-Bibliothek.A5E32357002_R1277382567.svdmp", "XDeviation": "621", "YDeviation": "512276"}]}, "Pick": {"ActualPickPosition": {"Angle": "0", "X": "30101", "Y": "-70836"}, "MeasuredComponentHeight": "0", "NominalPickPosition": {"Angle": "0", "X": "30288", "Y": "-70338"}, "PickupLocationId": "257", "Result": "0", "TimeStampSinceStationStarted": "1277385.997688", "VacuumAbsolute": "-846", "VacuumRelative": "-846", "ZEndPosition": "48976000", "ZTargetPosition": "48969264"}, "Place": {"ActualPlacePosition": {"Angle": "-180000", "X": "98586", "Y": "160178"}, "AirkissPressure": "74", "BoardPanelId": "3", "HoldingCircuitPressure": "2147483647", "NominalPlacePosition": {"Angle": "180000", "X": "98585", "Y": "160180"}, "ReferenceDesignator": "X202_CONN_28_STECK_R", "Result": "0", "TimeStampSinceStationStarted": "1277387.641555", "VacuumAbsolute": "-855", "VacuumRelative": "102", "ZEndPosition": "30862500", "ZTargetPosition": "30852422"}, "ElectricalMeasurement": null, "Dip": null}, {"HeadSegmentId": "66819", "Measures": {"MeasureList": [{"CameraIndividualId": "3033", "MeasurementResult": "0", "PhiDeviation": "-249178", "TimeStampSinceStationStarted": "1277389.300275", "VisionDumpPath": "C:\\Sirio\\Work\\SvDumpFiles\\PartCameraDumps\\JID_303378850_OID_433610025_SEG_1_BE-Bibliothek.A5E32357002_R1277384888.svdmp", "XDeviation": "11689", "YDeviation": "312515"}]}, "Pick": {"ActualPickPosition": {"Angle": "0", "X": "30101", "Y": "-70836"}, "MeasuredComponentHeight": "0", "NominalPickPosition": {"Angle": "0", "X": "30288", "Y": "-70312"}, "PickupLocationId": "257", "Result": "0", "TimeStampSinceStationStarted": "1277388.317857", "VacuumAbsolute": "-854", "VacuumRelative": "-854", "ZEndPosition": "48977500", "ZTargetPosition": "48970948"}, "Place": {"ActualPlacePosition": {"Angle": "-180000", "X": "219081", "Y": "160178"}, "AirkissPressure": "77", "BoardPanelId": "2", "HoldingCircuitPressure": "2147483647", "NominalPlacePosition": {"Angle": "180000", "X": "219085", "Y": "160180"}, "ReferenceDesignator": "X202_CONN_28_STECK_R", "Result": "0", "TimeStampSinceStationStarted": "1277389.929977", "VacuumAbsolute": "-858", "VacuumRelative": "102", "ZEndPosition": "31072500", "ZTargetPosition": "31036155"}, "ElectricalMeasurement": null, "Dip": null}, {"HeadSegmentId": "132355", "Measures": {"MeasureList": [{"CameraIndividualId": "3033", "MeasurementResult": "0", "PhiDeviation": "-877939", "TimeStampSinceStationStarted": "1277391.387242", "VisionDumpPath": "C:\\Sirio\\Work\\SvDumpFiles\\PartCameraDumps\\JID_303378851_OID_433610026_SEG_2_BE-Bibliothek.A5E00701727_R1277387179.svdmp", "XDeviation": "23965", "YDeviation": "-22926"}]}, "Pick": {"ActualPickPosition": {"Angle": "180000", "X": "15250", "Y": "-70500"}, "MeasuredComponentHeight": "0", "NominalPickPosition": {"Angle": "-180000", "X": "15316", "Y": "-70333"}, "PickupLocationId": "260", "Result": "0", "TimeStampSinceStationStarted": "1277390.609493", "VacuumAbsolute": "-822", "VacuumRelative": "-822", "ZEndPosition": "47669000", "ZTargetPosition": "47718762"}, "Place": {"ActualPlacePosition": {"Angle": "0", "X": "102581", "Y": "141628"}, "AirkissPressure": "73", "BoardPanelId": "3", "HoldingCircuitPressure": "2147483647", "NominalPlacePosition": {"Angle": "0", "X": "102580", "Y": "141630"}, "ReferenceDesignator": "C2208_CAPA_2_22_KOND", "Result": "0", "TimeStampSinceStationStarted": "1277391.949415", "VacuumAbsolute": "-839", "VacuumRelative": "104", "ZEndPosition": "37195500", "ZTargetPosition": "37214891"}, "ElectricalMeasurement": null, "Dip": null}, {"HeadSegmentId": "66819", "Measures": {"MeasureList": [{"CameraIndividualId": "3033", "MeasurementResult": "0", "PhiDeviation": "-575907", "TimeStampSinceStationStarted": "1277391.528011", "VisionDumpPath": "C:\\Sirio\\Work\\SvDumpFiles\\PartCameraDumps\\JID_303378852_OID_433610027_SEG_1_BE-Bibliothek.A5E01059015_R1277387408.svdmp", "XDeviation": "103631", "YDeviation": "-304744"}]}, "Pick": {"ActualPickPosition": {"Angle": "0", "X": "17950", "Y": "-70500"}, "MeasuredComponentHeight": "0", "NominalPickPosition": {"Angle": "0", "X": "18370", "Y": "-70479"}, "PickupLocationId": "259", "Result": "0", "TimeStampSinceStationStarted": "1277390.838635", "VacuumAbsolute": "-854", "VacuumRelative": "-854", "ZEndPosition": "48945000", "ZTargetPosition": "48968104"}, "Place": {"ActualPlacePosition": {"Angle": "-180000", "X": "24928", "Y": "139448"}, "AirkissPressure": "73", "BoardPanelId": "3", "HoldingCircuitPressure": "2147483647", "NominalPlacePosition": {"Angle": "180000", "X": "24924", "Y": "139450"}, "ReferenceDesignator": "X201_CONN_14_STECK_R", "Result": "0", "TimeStampSinceStationStarted": "1277392.157503", "VacuumAbsolute": "-856", "VacuumRelative": "102", "ZEndPosition": "29687000", "ZTargetPosition": "29686683"}, "ElectricalMeasurement": null, "Dip": null}, {"HeadSegmentId": "132355", "Measures": {"MeasureList": [{"CameraIndividualId": "3033", "MeasurementResult": "0", "PhiDeviation": "-304824", "TimeStampSinceStationStarted": "1277393.51266", "VisionDumpPath": "C:\\Sirio\\Work\\SvDumpFiles\\PartCameraDumps\\JID_303378853_OID_433610028_SEG_2_BE-Bibliothek.A5E00701727_R1277389339.svdmp", "XDeviation": "-3662", "YDeviation": "-24183"}]}, "Pick": {"ActualPickPosition": {"Angle": "180000", "X": "15250", "Y": "-70500"}, "MeasuredComponentHeight": "0", "NominalPickPosition": {"Angle": "-180000", "X": "15315", "Y": "-70332"}, "PickupLocationId": "260", "Result": "0", "TimeStampSinceStationStarted": "1277392.769165", "VacuumAbsolute": "-818", "VacuumRelative": "-818", "ZEndPosition": "47695500", "ZTargetPosition": "47706322"}, "Place": {"ActualPlacePosition": {"Angle": "0", "X": "210176", "Y": "141628"}, "AirkissPressure": "75", "BoardPanelId": "2", "HoldingCircuitPressure": "2147483647", "NominalPlacePosition": {"Angle": "0", "X": "210180", "Y": "141630"}, "ReferenceDesignator": "C2207_CAPA_2_22_KOND", "Result": "0", "TimeStampSinceStationStarted": "1277394.074726", "VacuumAbsolute": "-836", "VacuumRelative": "103", "ZEndPosition": "37371500", "ZTargetPosition": "37376403"}, "ElectricalMeasurement": null, "Dip": null}, {"HeadSegmentId": "66819", "Measures": {"MeasureList": [{"CameraIndividualId": "3033", "MeasurementResult": "0", "PhiDeviation": "-483153", "TimeStampSinceStationStarted": "1277393.653324", "VisionDumpPath": "C:\\Sirio\\Work\\SvDumpFiles\\PartCameraDumps\\JID_303378854_OID_433610029_SEG_1_BE-Bibliothek.A5E01059015_R1277389552.svdmp", "XDeviation": "-24716", "YDeviation": "236177"}]}, "Pick": {"ActualPickPosition": {"Angle": "0", "X": "17950", "Y": "-70500"}, "MeasuredComponentHeight": "0", "NominalPickPosition": {"Angle": "0", "X": "18375", "Y": "-70494"}, "PickupLocationId": "259", "Result": "0", "TimeStampSinceStationStarted": "1277392.982436", "VacuumAbsolute": "-856", "VacuumRelative": "-856", "ZEndPosition": "48871500", "ZTargetPosition": "48962328"}, "Place": {"ActualPlacePosition": {"Angle": "-180000", "X": "145423", "Y": "139448"}, "AirkissPressure": "71", "BoardPanelId": "2", "HoldingCircuitPressure": "2147483647", "NominalPlacePosition": {"Angle": "180000", "X": "145424", "Y": "139450"}, "ReferenceDesignator": "X201_CONN_14_STECK_R", "Result": "0", "TimeStampSinceStationStarted": "1277394.267032", "VacuumAbsolute": "-859", "VacuumRelative": "102", "ZEndPosition": "29562000", "ZTargetPosition": "29569912"}, "ElectricalMeasurement": null, "Dip": null}, {"HeadSegmentId": "66819", "Measures": {"MeasureList": [{"CameraIndividualId": "3033", "MeasurementResult": "0", "PhiDeviation": "57437", "TimeStampSinceStationStarted": "1277396.603961", "VisionDumpPath": "C:\\Sirio\\Work\\SvDumpFiles\\PartCameraDumps\\JID_303378855_OID_433610030_SEG_1_BE-Bibliothek.A5E30235063_R1277391549.svdmp", "XDeviation": "328032", "YDeviation": "-2412909"}]}, "Pick": {"ActualPickPosition": {"Angle": "-90000", "X": "-65500", "Y": "-278500"}, "MeasuredComponentHeight": "0", "NominalPickPosition": {"Angle": "-90000", "X": "-65500", "Y": "-278500"}, "PickupLocationId": "252", "Result": "0", "TimeStampSinceStationStarted": "1277394.979189", "VacuumAbsolute": "-858", "VacuumRelative": "-858", "ZEndPosition": "47990500", "ZTargetPosition": "47888876"}, "Place": {"ActualPlacePosition": {"Angle": "0", "X": "49322", "Y": "46282"}, "AirkissPressure": "78", "BoardPanelId": "3", "HoldingCircuitPressure": "2147483647", "NominalPlacePosition": {"Angle": "0", "X": "49319", "Y": "46280"}, "ReferenceDesignator": "D1_BGA_372_IC_ASIC_S", "Result": "0", "TimeStampSinceStationStarted": "1277397.140434", "VacuumAbsolute": "-859", "VacuumRelative": "102", "ZEndPosition": "47786500", "ZTargetPosition": "47810759"}, "ElectricalMeasurement": null, "Dip": null}, {"HeadSegmentId": "132355", "Measures": {"MeasureList": [{"CameraIndividualId": "3033", "MeasurementResult": "0", "PhiDeviation": "-437828", "TimeStampSinceStationStarted": "1277396.748157", "VisionDumpPath": "C:\\Sirio\\Work\\SvDumpFiles\\PartCameraDumps\\JID_303378856_OID_433610031_SEG_2_BE-Bibliothek.A5E00210763_R1277392587.svdmp", "XDeviation": "137229", "YDeviation": "5940"}]}, "Pick": {"ActualPickPosition": {"Angle": "180000", "X": "15250", "Y": "-70500"}, "MeasuredComponentHeight": "0", "NominalPickPosition": {"Angle": "-180000", "X": "15204", "Y": "-70776"}, "PickupLocationId": "256", "Result": "0", "TimeStampSinceStationStarted": "1277396.01754", "VacuumAbsolute": "-798", "VacuumRelative": "-798", "ZEndPosition": "47585000", "ZTargetPosition": "47690190"}, "Place": {"ActualPlacePosition": {"Angle": "90000", "X": "82382", "Y": "33333"}, "AirkissPressure": "72", "BoardPanelId": "3", "HoldingCircuitPressure": "2147483647", "NominalPlacePosition": {"Angle": "90000", "X": "82380", "Y": "33330"}, "ReferenceDesignator": "C1618_CAP_2_KOND_EL_", "Result": "0", "TimeStampSinceStationStarted": "1277397.39861", "VacuumAbsolute": "-797", "VacuumRelative": "96", "ZEndPosition": "37109500", "ZTargetPosition": "37174930"}, "ElectricalMeasurement": null, "Dip": null}, {"HeadSegmentId": "66819", "Measures": {"MeasureList": [{"CameraIndividualId": "3033", "MeasurementResult": "0", "PhiDeviation": "11900", "TimeStampSinceStationStarted": "1277399.563466", "VisionDumpPath": "C:\\Sirio\\Work\\SvDumpFiles\\PartCameraDumps\\JID_303378857_OID_433610032_SEG_1_BE-Bibliothek.A5E30235063_R1277394544.svdmp", "XDeviation": "333298", "YDeviation": "-2241331"}]}, "Pick": {"ActualPickPosition": {"Angle": "-90000", "X": "-40000", "Y": "-278500"}, "MeasuredComponentHeight": "0", "NominalPickPosition": {"Angle": "-90000", "X": "-40000", "Y": "-278500"}, "PickupLocationId": "252", "Result": "0", "TimeStampSinceStationStarted": "1277397.974383", "VacuumAbsolute": "-858", "VacuumRelative": "-858", "ZEndPosition": "47969500", "ZTargetPosition": "47914282"}, "Place": {"ActualPlacePosition": {"Angle": "0", "X": "169817", "Y": "46282"}, "AirkissPressure": "74", "BoardPanelId": "2", "HoldingCircuitPressure": "2147483647", "NominalPlacePosition": {"Angle": "0", "X": "169819", "Y": "46280"}, "ReferenceDesignator": "D1_BGA_372_IC_ASIC_S", "Result": "0", "TimeStampSinceStationStarted": "1277400.097873", "VacuumAbsolute": "-858", "VacuumRelative": "102", "ZEndPosition": "47847000", "ZTargetPosition": "47871007"}, "ElectricalMeasurement": null, "Dip": null}, {"HeadSegmentId": "132355", "Measures": {"MeasureList": [{"CameraIndividualId": "3033", "MeasurementResult": "0", "PhiDeviation": "-814779", "TimeStampSinceStationStarted": "1277399.705699", "VisionDumpPath": "C:\\Sirio\\Work\\SvDumpFiles\\PartCameraDumps\\JID_303378858_OID_433610033_SEG_2_BE-Bibliothek.A5E00210763_R1277395580.svdmp", "XDeviation": "41875", "YDeviation": "-435875"}]}, "Pick": {"ActualPickPosition": {"Angle": "180000", "X": "15250", "Y": "-70500"}, "MeasuredComponentHeight": "0", "NominalPickPosition": {"Angle": "-180000", "X": "15198", "Y": "-70776"}, "PickupLocationId": "256", "Result": "0", "TimeStampSinceStationStarted": "1277399.009798", "VacuumAbsolute": "-798", "VacuumRelative": "-798", "ZEndPosition": "47370000", "ZTargetPosition": "47663893"}, "Place": {"ActualPlacePosition": {"Angle": "90000", "X": "202877", "Y": "33333"}, "AirkissPressure": "73", "BoardPanelId": "2", "HoldingCircuitPressure": "2147483647", "NominalPlacePosition": {"Angle": "90000", "X": "202880", "Y": "33330"}, "ReferenceDesignator": "C1618_CAP_2_KOND_EL_", "Result": "0", "TimeStampSinceStationStarted": "1277400.358261", "VacuumAbsolute": "-799", "VacuumRelative": "97", "ZEndPosition": "37277000", "ZTargetPosition": "37304708"}, "ElectricalMeasurement": null, "Dip": null}, {"HeadSegmentId": "132355", "Measures": {"MeasureList": [{"CameraIndividualId": "3033", "MeasurementResult": "0", "PhiDeviation": "-869821", "TimeStampSinceStationStarted": "1277402.725526", "VisionDumpPath": "C:\\Sirio\\Work\\SvDumpFiles\\PartCameraDumps\\JID_303378860_OID_433610035_SEG_2_BE-Bibliothek.A5E00701727_R1277398838.svdmp", "XDeviation": "22832", "YDeviation": "-75192"}]}, "Pick": {"ActualPickPosition": {"Angle": "180000", "X": "15250", "Y": "-70500"}, "MeasuredComponentHeight": "0", "NominalPickPosition": {"Angle": "-180000", "X": "15315", "Y": "-70331"}, "PickupLocationId": "260", "Result": "0", "TimeStampSinceStationStarted": "1277402.268167", "VacuumAbsolute": "-819", "VacuumRelative": "-819", "ZEndPosition": "47725500", "ZTargetPosition": "47703616"}, "Place": {"ActualPlacePosition": {"Angle": "0", "X": "89681", "Y": "141628"}, "AirkissPressure": "75", "BoardPanelId": "3", "HoldingCircuitPressure": "2147483647", "NominalPlacePosition": {"Angle": "0", "X": "89680", "Y": "141630"}, "ReferenceDesignator": "C2207_CAPA_2_22_KOND", "Result": "0", "TimeStampSinceStationStarted": "1277403.2752", "VacuumAbsolute": "-834", "VacuumRelative": "103", "ZEndPosition": "37234000", "ZTargetPosition": "37253753"}, "ElectricalMeasurement": null, "Dip": null}, {"HeadSegmentId": "132355", "Measures": {"MeasureList": [{"CameraIndividualId": "3033", "MeasurementResult": "0", "PhiDeviation": "-312290", "TimeStampSinceStationStarted": "1277404.631861", "VisionDumpPath": "C:\\Sirio\\Work\\SvDumpFiles\\PartCameraDumps\\JID_303378861_OID_433610037_SEG_2_BE-Bibliothek.A5E00701727_R1277400741.svdmp", "XDeviation": "-75477", "YDeviation": "-56984"}]}, "Pick": {"ActualPickPosition": {"Angle": "180000", "X": "15250", "Y": "-70500"}, "MeasuredComponentHeight": "0", "NominalPickPosition": {"Angle": "-180000", "X": "15314", "Y": "-70327"}, "PickupLocationId": "260", "Result": "0", "TimeStampSinceStationStarted": "1277404.171384", "VacuumAbsolute": "-820", "VacuumRelative": "-820", "ZEndPosition": "47752000", "ZTargetPosition": "47709087"}, "Place": {"ActualPlacePosition": {"Angle": "0", "X": "223076", "Y": "141628"}, "AirkissPressure": "71", "BoardPanelId": "2", "HoldingCircuitPressure": "2147483647", "NominalPlacePosition": {"Angle": "0", "X": "223080", "Y": "141630"}, "ReferenceDesignator": "C2208_CAPA_2_22_KOND", "Result": "0", "TimeStampSinceStationStarted": "1277405.038565", "VacuumAbsolute": "-836", "VacuumRelative": "103", "ZEndPosition": "37468500", "ZTargetPosition": "37480992"}, "ElectricalMeasurement": null, "Dip": null}, {"HeadSegmentId": "66819", "Measures": {"MeasureList": [{"CameraIndividualId": "3033", "MeasurementResult": "0", "PhiDeviation": "266760", "TimeStampSinceStationStarted": "1277406.440838", "VisionDumpPath": "C:\\Sirio\\Work\\SvDumpFiles\\PartCameraDumps\\JID_303378862_OID_433610038_SEG_1_BE-Bibliothek.A5E01649509_R1277402197.svdmp", "XDeviation": "-30342", "YDeviation": "48316"}]}, "Pick": {"ActualPickPosition": {"Angle": "-90000", "X": "8000", "Y": "-51500"}, "MeasuredComponentHeight": "0", "NominalPickPosition": {"Angle": "-90000", "X": "8269", "Y": "-51475"}, "PickupLocationId": "258", "Result": "0", "TimeStampSinceStationStarted": "1277405.627969", "VacuumAbsolute": "-758", "VacuumRelative": "-758", "ZEndPosition": "47137500", "ZTargetPosition": "47139290"}, "Place": {"ActualPlacePosition": {"Angle": "-180000", "X": "103981", "Y": "67131"}, "AirkissPressure": "73", "BoardPanelId": "3", "HoldingCircuitPressure": "2147483647", "NominalPlacePosition": {"Angle": "180000", "X": "103980", "Y": "67130"}, "ReferenceDesignator": "V701_DPAK/TO252_TRAN", "Result": "0", "TimeStampSinceStationStarted": "1277406.966189", "VacuumAbsolute": "-817", "VacuumRelative": "95", "ZEndPosition": "44946000", "ZTargetPosition": "44942591"}, "ElectricalMeasurement": null, "Dip": null}, {"HeadSegmentId": "132355", "Measures": {"MeasureList": [{"CameraIndividualId": "3033", "MeasurementResult": "0", "PhiDeviation": "-1030087", "TimeStampSinceStationStarted": "1277406.581351", "VisionDumpPath": "C:\\Sirio\\Work\\SvDumpFiles\\PartCameraDumps\\JID_303378863_OID_433610039_SEG_2_BE-Bibliothek.A5E00210763_R1277402434.svdmp", "XDeviation": "28076", "YDeviation": "38433"}]}, "Pick": {"ActualPickPosition": {"Angle": "180000", "X": "15250", "Y": "-70500"}, "MeasuredComponentHeight": "0", "NominalPickPosition": {"Angle": "-180000", "X": "15195", "Y": "-70754"}, "PickupLocationId": "256", "Result": "0", "TimeStampSinceStationStarted": "1277405.865098", "VacuumAbsolute": "-785", "VacuumRelative": "-785", "ZEndPosition": "47413000", "ZTargetPosition": "47590420"}, "Place": {"ActualPlacePosition": {"Angle": "-180000", "X": "89931", "Y": "80731"}, "AirkissPressure": "72", "BoardPanelId": "3", "HoldingCircuitPressure": "2147483647", "NominalPlacePosition": {"Angle": "180000", "X": "89930", "Y": "80730"}, "ReferenceDesignator": "C1405_CAP_2_KOND_EL_", "Result": "0", "TimeStampSinceStationStarted": "1277407.290727", "VacuumAbsolute": "-787", "VacuumRelative": "95", "ZEndPosition": "36965500", "ZTargetPosition": "37003118"}, "ElectricalMeasurement": null, "Dip": null}, {"HeadSegmentId": "66819", "Measures": {"MeasureList": [{"CameraIndividualId": "3033", "MeasurementResult": "0", "PhiDeviation": "-308573", "TimeStampSinceStationStarted": "1277408.739351", "VisionDumpPath": "C:\\Sirio\\Work\\SvDumpFiles\\PartCameraDumps\\JID_303378864_OID_433610040_SEG_1_BE-Bibliothek.A5E01649509_R1277404490.svdmp", "XDeviation": "-5952", "YDeviation": "63970"}]}, "Pick": {"ActualPickPosition": {"Angle": "-90000", "X": "8000", "Y": "-51500"}, "MeasuredComponentHeight": "0", "NominalPickPosition": {"Angle": "-90000", "X": "8272", "Y": "-51473"}, "PickupLocationId": "258", "Result": "0", "TimeStampSinceStationStarted": "1277407.920109", "VacuumAbsolute": "-758", "VacuumRelative": "-758", "ZEndPosition": "47127000", "ZTargetPosition": "47138843"}, "Place": {"ActualPlacePosition": {"Angle": "-180000", "X": "224476", "Y": "67131"}, "AirkissPressure": "71", "BoardPanelId": "2", "HoldingCircuitPressure": "2147483647", "NominalPlacePosition": {"Angle": "180000", "X": "224480", "Y": "67130"}, "ReferenceDesignator": "V701_DPAK/TO252_TRAN", "Result": "0", "TimeStampSinceStationStarted": "1277409.263977", "VacuumAbsolute": "-816", "VacuumRelative": "94", "ZEndPosition": "45135500", "ZTargetPosition": "45146118"}, "ElectricalMeasurement": null, "Dip": null}, {"HeadSegmentId": "132355", "Measures": {"MeasureList": [{"CameraIndividualId": "3033", "MeasurementResult": "0", "PhiDeviation": "-559706", "TimeStampSinceStationStarted": "1277408.879391", "VisionDumpPath": "C:\\Sirio\\Work\\SvDumpFiles\\PartCameraDumps\\JID_303378865_OID_433610041_SEG_2_BE-Bibliothek.A5E00210763_R1277404700.svdmp", "XDeviation": "218371", "YDeviation": "-70433"}]}, "Pick": {"ActualPickPosition": {"Angle": "180000", "X": "15250", "Y": "-70500"}, "MeasuredComponentHeight": "0", "NominalPickPosition": {"Angle": "-180000", "X": "15194", "Y": "-70756"}, "PickupLocationId": "256", "Result": "0", "TimeStampSinceStationStarted": "1277408.129884", "VacuumAbsolute": "-795", "VacuumRelative": "-795", "ZEndPosition": "47705500", "ZTargetPosition": "47546065"}, "Place": {"ActualPlacePosition": {"Angle": "-180000", "X": "210426", "Y": "80731"}, "AirkissPressure": "71", "BoardPanelId": "2", "HoldingCircuitPressure": "2147483647", "NominalPlacePosition": {"Angle": "180000", "X": "210430", "Y": "80730"}, "ReferenceDesignator": "C1405_CAP_2_KOND_EL_", "Result": "0", "TimeStampSinceStationStarted": "1277409.592872", "VacuumAbsolute": "-798", "VacuumRelative": "97", "ZEndPosition": "37156000", "ZTargetPosition": "37124392"}, "ElectricalMeasurement": null, "Dip": null}, {"HeadSegmentId": "66819", "Measures": {"MeasureList": [{"CameraIndividualId": "3033", "MeasurementResult": "1", "PhiDeviation": "0", "TimeStampSinceStationStarted": "1277402.864797", "VisionDumpPath": "C:\\Sirio\\Work\\SvDumpFiles\\PartCameraDumps\\JID_303378859_OID_433610034_SEG_1_BE-Bibliothek.A5E30242702_R1277398661.svdmp", "XDeviation": "0", "YDeviation": "0"}]}, "Pick": {"ActualPickPosition": {"Angle": "0", "X": "15250", "Y": "-70500"}, "MeasuredComponentHeight": "0", "NominalPickPosition": {"Angle": "0", "X": "15294", "Y": "-70402"}, "PickupLocationId": "261", "Result": "0", "TimeStampSinceStationStarted": "1277402.091009", "VacuumAbsolute": "-787", "VacuumRelative": "-787", "ZEndPosition": "47485500", "ZTargetPosition": "47499818"}, "Place": null, "ElectricalMeasurement": null, "Dip": null}, {"HeadSegmentId": "66819", "Measures": {"MeasureList": [{"CameraIndividualId": "3033", "MeasurementResult": "0", "PhiDeviation": "-144725", "TimeStampSinceStationStarted": "1277432.417869", "VisionDumpPath": "C:\\Sirio\\Work\\SvDumpFiles\\PartCameraDumps\\JID_303378866_OID_433610034_SEG_1_BE-Bibliothek.A5E30242702_R1277428160.svdmp", "XDeviation": "125578", "YDeviation": "93499"}]}, "Pick": {"ActualPickPosition": {"Angle": "0", "X": "15250", "Y": "-70500"}, "MeasuredComponentHeight": "0", "NominalPickPosition": {"Angle": "0", "X": "15250", "Y": "-70500"}, "PickupLocationId": "261", "Result": "0", "TimeStampSinceStationStarted": "1277431.589389", "VacuumAbsolute": "-789", "VacuumRelative": "-789", "ZEndPosition": "47519500", "ZTargetPosition": "46996239"}, "Place": {"ActualPlacePosition": {"Angle": "0", "X": "20423", "Y": "59682"}, "AirkissPressure": "23", "BoardPanelId": "3", "HoldingCircuitPressure": "2147483647", "NominalPlacePosition": {"Angle": "0", "X": "20419", "Y": "59680"}, "ReferenceDesignator": "Z400_SOP_16_NETZWERK", "Result": "0", "TimeStampSinceStationStarted": "1277432.949604", "VacuumAbsolute": "-805", "VacuumRelative": "92", "ZEndPosition": "41826500", "ZTargetPosition": "41820381"}, "ElectricalMeasurement": null, "Dip": null}, {"HeadSegmentId": "132355", "Measures": {"MeasureList": [{"CameraIndividualId": "3033", "MeasurementResult": "0", "PhiDeviation": "-157078", "TimeStampSinceStationStarted": "1277432.560026", "VisionDumpPath": "C:\\Sirio\\Work\\SvDumpFiles\\PartCameraDumps\\JID_303378867_OID_433610036_SEG_2_BE-Bibliothek.A5E30242702_R1277428481.svdmp", "XDeviation": "199951", "YDeviation": "70894"}]}, "Pick": {"ActualPickPosition": {"Angle": "0", "X": "15250", "Y": "-70500"}, "MeasuredComponentHeight": "0", "NominalPickPosition": {"Angle": "0", "X": "15250", "Y": "-70500"}, "PickupLocationId": "261", "Result": "0", "TimeStampSinceStationStarted": "1277431.91073", "VacuumAbsolute": "-794", "VacuumRelative": "-794", "ZEndPosition": "47570000", "ZTargetPosition": "47145054"}, "Place": {"ActualPlacePosition": {"Angle": "0", "X": "140918", "Y": "59682"}, "AirkissPressure": "23", "BoardPanelId": "2", "HoldingCircuitPressure": "2147483647", "NominalPlacePosition": {"Angle": "0", "X": "140919", "Y": "59680"}, "ReferenceDesignator": "Z400_SOP_16_NETZWERK", "Result": "0", "TimeStampSinceStationStarted": "1277433.21292", "VacuumAbsolute": "-803", "VacuumRelative": "98", "ZEndPosition": "41782000", "ZTargetPosition": "41769435"}, "ElectricalMeasurement": null, "Dip": null}]}, "HeadContext": {"HeadSegments": {"HeadSegment": [{"GantryId": "3", "Head": "1", "HeadName": "Twin Head 5xx", "Id": "66819", "NozzleTypeId": "573", "SegmentNumber": "1"}, {"GantryId": "3", "Head": "1", "HeadName": "Twin Head 5xx", "Id": "132355", "NozzleTypeId": "517", "SegmentNumber": "2"}]}}, "SetupContext": {"PickupLocations": {"PickupLocation": [{"Division": "1", "FeederId": "", "FeederType": "34", "Id": "252", "Level": "4", "Location": "2", "StartTrackNumber": "1", "SubLocation": "2", "Tower": "1", "PackagingUid": ""}, {"Division": "1", "FeederId": "24FAUE900235", "FeederType": "280", "Id": "256", "Level": "0", "Location": "3", "StartTrackNumber": "4", "SubLocation": "1", "Tower": "0", "PackagingUid": "M05314337"}, {"Division": "1", "FeederId": "56FAUEN00199", "FeederType": "312", "Id": "257", "Level": "0", "Location": "3", "StartTrackNumber": "7", "SubLocation": "1", "Tower": "0", "PackagingUid": "M04854776"}, {"Division": "1", "FeederId": "17ATMH805118", "FeederType": "273", "Id": "258", "Level": "0", "Location": "3", "StartTrackNumber": "13", "SubLocation": "1", "Tower": "0", "PackagingUid": "M05206518"}, {"Division": "1", "FeederId": "32FAUEN00039", "FeederType": "288", "Id": "259", "Level": "0", "Location": "3", "StartTrackNumber": "15", "SubLocation": "1", "Tower": "0", "PackagingUid": "M05323282"}, {"Division": "1", "FeederId": "24FAUE600582", "FeederType": "280", "Id": "260", "Level": "0", "Location": "3", "StartTrackNumber": "19", "SubLocation": "1", "Tower": "0", "PackagingUid": "M05187816"}, {"Division": "1", "FeederId": "24FAUF700689", "FeederType": "280", "Id": "261", "Level": "0", "Location": "3", "StartTrackNumber": "22", "SubLocation": "1", "Tower": "0", "PackagingUid": "M05243845"}]}}}}, "ProductionEndedData": {"StationTime": "2021-11-30T05:22:02.2850000+08:00", "TimeStampSinceStationStarted": "1277433.602988"}}