{"name": "PDI_Line5_4031257925_20211130221621.txt", "Timestamp": "2021-11-30T22:16:14.4996142+08:00", "TxnID": "8b903d03-8db8-41f8-b463-1f3bca37b6ee", "Line": "SEWC-Lines\\Line5", "Machine": "Line5\\ST3_X3 S", "ProductionStartedData": [{"ConveyorLanePosition": "1", "ConveyorStopperPosition": "1", "Pcb": {"BarcodeReaderPosition": "0", "BoardSide": "1", "IndividualGUID": "b5dadd4c-af84-4bc1-8731-b71d4090bcdf", "LineJobGUID": "0eac2a39-09f1-470d-9bd7-2a5e9815b5ca", "Path": "STAB\\A5E50302024lt02", "PcbIndividualID": "45303", "RecipePath": "Line5\\Smart_CPU_L5_702SAF\\A5E50302024lt02", "Barcode": "", "OrderNumber": null}, "ProcessingAreaPosition": "2", "SetupPath": "Line5\\Smart_CPU_L5_702SAF", "StationTime": "2021-11-30T22:13:49.7920000+08:00", "TimeStampSinceStationStarted": "1338140.809245"}], "BoardPositionsList": {"BoardPositions": [{"ActualPosition": {"Angle": "46", "X": "509481", "Y": "-233075", "Z": "-5000"}, "FiducialPositions": {"FiducialRecognitionResult": []}, "NominalPosition": {"Angle": "0", "X": "509820", "Y": "-233646", "Z": "-5000"}}]}, "ProgressDataList": {"ProductionProgressData": {"BoardContext": {"BoardPanels": {"BoardPanel": [{"Id": "2", "PanelPath": "A5E50302024lt02/A1"}]}}, "ComponentIndividuals": {"ComponentIndividual": [{"HeadSegmentId": "132355", "Measures": {"MeasureList": [{"CameraIndividualId": "3033", "MeasurementResult": "0", "PhiDeviation": "641337", "TimeStampSinceStationStarted": "1338143.832557", "VisionDumpPath": "C:\\Sirio\\Work\\SvDumpFiles\\PartCameraDumps\\JID_303395575_OID_453030002_SEG_2_BE-Bibliothek.A5E01058093_R1338139433.svdmp", "XDeviation": "-101824", "YDeviation": "-232574"}]}, "Pick": {"ActualPickPosition": {"Angle": "0", "X": "23950", "Y": "-70500"}, "MeasuredComponentHeight": "0", "NominalPickPosition": {"Angle": "0", "X": "23915", "Y": "-70576"}, "PickupLocationId": "263", "Result": "0", "TimeStampSinceStationStarted": "1338142.562013", "VacuumAbsolute": "-447", "VacuumRelative": "-447", "ZEndPosition": "50326000", "ZTargetPosition": "50259813"}, "Place": {"ActualPlacePosition": {"Angle": "0", "X": "67696", "Y": "66326"}, "AirkissPressure": "71", "BoardPanelId": "2", "HoldingCircuitPressure": "2147483647", "NominalPlacePosition": {"Angle": "0", "X": "67700", "Y": "66330"}, "ReferenceDesignator": "X102_CONN_28_STECK_R", "Result": "0", "TimeStampSinceStationStarted": "1338145.227545", "VacuumAbsolute": "-472", "VacuumRelative": "39", "ZEndPosition": "41589000", "ZTargetPosition": "41565983"}, "ElectricalMeasurement": null, "Dip": null}, {"HeadSegmentId": "66819", "Measures": {"MeasureList": [{"CameraIndividualId": "3033", "MeasurementResult": "0", "PhiDeviation": "376749", "TimeStampSinceStationStarted": "1338144.292648", "VisionDumpPath": "C:\\Sirio\\Work\\SvDumpFiles\\PartCameraDumps\\JID_303395574_OID_453030003_SEG_1_BE-Bibliothek.A5E02081140_R1338138521.svdmp", "XDeviation": "25579", "YDeviation": "11858"}]}, "Pick": {"ActualPickPosition": {"Angle": "0", "X": "30273", "Y": "-70772"}, "MeasuredComponentHeight": "0", "NominalPickPosition": {"Angle": "0", "X": "30772", "Y": "-70550"}, "PickupLocationId": "247", "Result": "0", "TimeStampSinceStationStarted": "1338141.648756", "VacuumAbsolute": "-830", "VacuumRelative": "-830", "ZEndPosition": "49602000", "ZTargetPosition": "49608477"}, "Place": {"ActualPlacePosition": {"Angle": "0", "X": "35192", "Y": "66326"}, "AirkissPressure": "74", "BoardPanelId": "2", "HoldingCircuitPressure": "2147483647", "NominalPlacePosition": {"Angle": "0", "X": "35200", "Y": "66330"}, "ReferenceDesignator": "X103_CONN_32_STECK_R", "Result": "0", "TimeStampSinceStationStarted": "1338145.482048", "VacuumAbsolute": "-860", "VacuumRelative": "102", "ZEndPosition": "40679000", "ZTargetPosition": "40607573"}, "ElectricalMeasurement": null, "Dip": null}]}, "HeadContext": {"HeadSegments": {"HeadSegment": [{"GantryId": "3", "Head": "1", "HeadName": "Twin Head 5xx", "Id": "66819", "NozzleTypeId": "573", "SegmentNumber": "1"}, {"GantryId": "3", "Head": "1", "HeadName": "Twin Head 5xx", "Id": "132355", "NozzleTypeId": "573", "SegmentNumber": "2"}]}}, "SetupContext": {"PickupLocations": {"PickupLocation": [{"Division": "1", "FeederId": "56FAUC000504", "FeederType": "312", "Id": "247", "Level": "0", "Location": "2", "StartTrackNumber": "1", "SubLocation": "1", "Tower": "0", "PackagingUid": "M05297981"}, {"Division": "1", "FeederId": "44FAUD200890", "FeederType": "300", "Id": "263", "Level": "0", "Location": "3", "StartTrackNumber": "30", "SubLocation": "1", "Tower": "0", "PackagingUid": "M05298575"}]}}}}, "ProductionEndedData": {"StationTime": "2021-11-30T22:13:54.9040000+08:00", "TimeStampSinceStationStarted": "1338145.920734"}}