{"name": "PDI_Line5_4115704711_20211130145908.txt", "Timestamp": "2021-11-30T14:58:56.0438834+08:00", "TxnID": "59efe362-0bbb-45eb-9074-88af9c537274", "Line": "SEWC-Lines\\Line5", "Machine": "Line5\\ST3_X3 S", "ProductionStartedData": [{"ConveyorLanePosition": "2", "ConveyorStopperPosition": "1", "Pcb": {"BarcodeReaderPosition": "0", "BoardSide": "1", "IndividualGUID": "8dd9b049-d296-4ad8-83f5-57a5bb95749d", "LineJobGUID": "3f68c8d2-071f-4795-8aa5-1d45806eb923", "Path": "STAB\\A5E50302024lt02", "PcbIndividualID": "43424", "RecipePath": "Line5\\Smart_CPU_L5_702SAF\\A5E50302024lt02", "Barcode": "", "OrderNumber": null}, "ProcessingAreaPosition": "1", "SetupPath": "Line5\\Smart_CPU_L5_702SAF", "StationTime": "2021-11-30T14:56:32.2180000+08:00", "TimeStampSinceStationStarted": "1311903.36458"}], "BoardPositionsList": {"BoardPositions": [{"ActualPosition": {"Angle": "548", "X": "-476135", "Y": "16449", "Z": "-5000"}, "FiducialPositions": {"FiducialRecognitionResult": [{"ActualPosition": {"Angle": "551", "X": "193821", "Y": "13596", "Z": null}, "CameraIndividualId": "4034", "FiducialFunction": "0", "GantryId": "4", "MeasurementResult": "0", "NominalPosition": {"Angle": "0", "X": "194170", "Y": "11990", "Z": null}, "Path": "A5E50302024lt02/1/01/1", "StationTime": "2021-11-30T14:56:34.8130000+08:00", "TimeStampSinceStationStarted": "1311905.958727"}, {"ActualPosition": {"Angle": "542", "X": "3040", "Y": "184025", "Z": null}, "CameraIndividualId": "4034", "FiducialFunction": "0", "GantryId": "4", "MeasurementResult": "0", "NominalPosition": {"Angle": "0", "X": "5040", "Y": "184226", "Z": null}, "Path": "A5E50302024lt02/1/02/1", "StationTime": "2021-11-30T14:56:34.8130000+08:00", "TimeStampSinceStationStarted": "1311905.958727"}]}, "NominalPosition": {"Angle": "0", "X": "-475904", "Y": "16695", "Z": "-5000"}}]}, "ProgressDataList": {"ProductionProgressData": {"BoardContext": {"BoardPanels": {"BoardPanel": [{"Id": "2", "PanelPath": "A5E50302024lt02/A1"}]}}, "ComponentIndividuals": {"ComponentIndividual": [{"HeadSegmentId": "67588", "Measures": {"MeasureList": [{"CameraIndividualId": "4033", "MeasurementResult": "0", "PhiDeviation": "780407", "TimeStampSinceStationStarted": "1311906.512184", "VisionDumpPath": "C:\\Sirio\\Work\\SvDumpFiles\\PartCameraDumps\\JID_403369283_OID_434240000_SEG_1_BE-Bibliothek.A5E00277754_R1311900297.svdmp", "XDeviation": "31884", "YDeviation": "-47512"}]}, "Pick": {"ActualPickPosition": {"Angle": "0", "X": "18028", "Y": "-70606"}, "MeasuredComponentHeight": "0", "NominalPickPosition": {"Angle": "0", "X": "17742", "Y": "-70459"}, "PickupLocationId": "272", "Result": "0", "TimeStampSinceStationStarted": "1311903.555558", "VacuumAbsolute": "-821", "VacuumRelative": "-821", "ZEndPosition": "47284500", "ZTargetPosition": "47281346"}, "Place": {"ActualPlacePosition": {"Angle": "180000", "X": "172154", "Y": "50422"}, "AirkissPressure": "71", "BoardPanelId": "2", "HoldingCircuitPressure": "2147483647", "NominalPlacePosition": {"Angle": "180000", "X": "172150", "Y": "50425"}, "ReferenceDesignator": "X101_EXSOP_14_STECK_", "Result": "0", "TimeStampSinceStationStarted": "1311906.805824", "VacuumAbsolute": "-842", "VacuumRelative": "96", "ZEndPosition": "38995500", "ZTargetPosition": "39005602"}, "ElectricalMeasurement": null, "Dip": null}, {"HeadSegmentId": "67588", "Measures": {"MeasureList": [{"CameraIndividualId": "4033", "MeasurementResult": "0", "PhiDeviation": "-508282", "TimeStampSinceStationStarted": "1311908.08223", "VisionDumpPath": "C:\\Sirio\\Work\\SvDumpFiles\\PartCameraDumps\\JID_403369284_OID_434240001_SEG_1_BE-Bibliothek.A5E50179091_R1311904376.svdmp", "XDeviation": "-10742", "YDeviation": "-11574"}]}, "Pick": {"ActualPickPosition": {"Angle": "0", "X": "15126", "Y": "-71150"}, "MeasuredComponentHeight": "0", "NominalPickPosition": {"Angle": "0", "X": "15189", "Y": "-71317"}, "PickupLocationId": "266", "Result": "0", "TimeStampSinceStationStarted": "1311907.634239", "VacuumAbsolute": "-782", "VacuumRelative": "-782", "ZEndPosition": "47677000", "ZTargetPosition": "47665571"}, "Place": {"ActualPlacePosition": {"Angle": "0", "X": "146303", "Y": "29326"}, "AirkissPressure": "78", "BoardPanelId": "2", "HoldingCircuitPressure": "2147483647", "NominalPlacePosition": {"Angle": "0", "X": "146300", "Y": "29330"}, "ReferenceDesignator": "D2_BGA_90_IC_DRAM_51", "Result": "0", "TimeStampSinceStationStarted": "1311908.385425", "VacuumAbsolute": "-831", "VacuumRelative": "94", "ZEndPosition": "46641500", "ZTargetPosition": "46676457"}, "ElectricalMeasurement": null, "Dip": null}]}, "HeadContext": {"HeadSegments": {"HeadSegment": [{"GantryId": "4", "Head": "1", "HeadName": "Twin Head 5xx", "Id": "67588", "NozzleTypeId": "516", "SegmentNumber": "1"}]}}, "SetupContext": {"PickupLocations": {"PickupLocation": [{"Division": "1", "FeederId": "24FAUE600590", "FeederType": "280", "Id": "266", "Level": "0", "Location": "4", "StartTrackNumber": "4", "SubLocation": "1", "Tower": "0", "PackagingUid": "A00055530"}, {"Division": "1", "FeederId": "32KL-K405124", "FeederType": "288", "Id": "272", "Level": "0", "Location": "4", "StartTrackNumber": "32", "SubLocation": "1", "Tower": "0", "PackagingUid": "M05323063"}]}}}}, "ProductionEndedData": {"StationTime": "2021-11-30T14:56:37.6060000+08:00", "TimeStampSinceStationStarted": "1311908.752558"}}