{"name": "PDI_Line5_4017214661_20211130092522.txt", "Timestamp": "2021-11-30T09:24:52.1482541+08:00", "TxnID": "d7e668f6-28b2-4358-82fb-f0ea586d9553", "Line": "SEWC-Lines\\Line5", "Machine": "Line5\\ST3_X3 S", "ProductionStartedData": [{"ConveyorLanePosition": "1", "ConveyorStopperPosition": "1", "Pcb": {"BarcodeReaderPosition": "0", "BoardSide": "1", "IndividualGUID": "5b5b61a3-465f-49b6-b53d-26b4716f5261", "LineJobGUID": "fead7f33-0866-4d90-8540-e9f27c9d6bcf", "Path": "STAB\\A5E50302021bt01", "PcbIndividualID": "43725", "RecipePath": "Line5\\Smart_CPU_L5_702SAF\\A5E50302021bt01", "Barcode": "", "OrderNumber": null}, "ProcessingAreaPosition": "1", "SetupPath": "Line5\\Smart_CPU_L5_702SAF", "StationTime": "2021-11-30T09:22:28.4140000+08:00", "TimeStampSinceStationStarted": "1291859.659896"}], "BoardPositionsList": {"BoardPositions": [{"ActualPosition": {"Angle": "-43", "X": "-528972", "Y": "-232773", "Z": "-5000"}, "FiducialPositions": {"FiducialRecognitionResult": [{"ActualPosition": {"Angle": "-34", "X": "5542", "Y": "10587", "Z": null}, "CameraIndividualId": "4034", "FiducialFunction": "0", "GantryId": "4", "MeasurementResult": "0", "NominalPosition": {"Angle": "0", "X": "6480", "Y": "10530", "Z": null}, "Path": "A5E50302021bt01/1/02/1", "StationTime": "2021-11-30T09:22:30.3570000+08:00", "TimeStampSinceStationStarted": "1291861.601557"}, {"ActualPosition": {"Angle": "-43", "X": "241037", "Y": "191918", "Z": null}, "CameraIndividualId": "4034", "FiducialFunction": "0", "GantryId": "4", "MeasurementResult": "0", "NominalPosition": {"Angle": "0", "X": "241830", "Y": "192030", "Z": null}, "Path": "A5E50302021bt01/1/01/1", "StationTime": "2021-11-30T09:22:30.3570000+08:00", "TimeStampSinceStationStarted": "1291861.601557"}]}, "NominalPosition": {"Angle": "0", "X": "-528032", "Y": "-232838", "Z": "-5000"}}]}, "ProgressDataList": {"ProductionProgressData": {"BoardContext": {"BoardPanels": {"BoardPanel": [{"Id": "2", "PanelPath": "A5E50302021bt01/A1"}, {"Id": "3", "PanelPath": "A5E50302021bt01/B1"}]}}, "ComponentIndividuals": {"ComponentIndividual": [{"HeadSegmentId": "66049", "Measures": {"MeasureList": [{"CameraIndividualId": "1033", "MeasurementResult": "0", "PhiDeviation": "148722", "TimeStampSinceStationStarted": "1291862.304458", "VisionDumpPath": "C:\\Sirio\\Work\\SvDumpFiles\\PartCameraDumps\\JID_103383456_OID_437250000_SEG_1_BE-Bibliothek.A5E01114436_R1291857801.svdmp", "XDeviation": "-48252", "YDeviation": "-22291"}]}, "Pick": {"ActualPickPosition": {"Angle": "180000", "X": "17950", "Y": "-70500"}, "MeasuredComponentHeight": "0", "NominalPickPosition": {"Angle": "180000", "X": "18032", "Y": "-70896"}, "PickupLocationId": "238", "Result": "0", "TimeStampSinceStationStarted": "1291861.158304", "VacuumAbsolute": "-780", "VacuumRelative": "-780", "ZEndPosition": "43476500", "ZTargetPosition": "43481995"}, "Place": {"ActualPlacePosition": {"Angle": "179999", "X": "100447", "Y": "171759"}, "AirkissPressure": "71", "BoardPanelId": "3", "HoldingCircuitPressure": "2147483647", "NominalPlacePosition": {"Angle": "180000", "X": "100457", "Y": "171753"}, "ReferenceDesignator": "X605_CONN_8_STECK_RC", "Result": "0", "TimeStampSinceStationStarted": "1291862.788639", "VacuumAbsolute": "-823", "VacuumRelative": "102", "ZEndPosition": "40155500", "ZTargetPosition": "40147065"}, "ElectricalMeasurement": null, "Dip": null}, {"HeadSegmentId": "131585", "Measures": {"MeasureList": [{"CameraIndividualId": "1033", "MeasurementResult": "0", "PhiDeviation": "220903", "TimeStampSinceStationStarted": "1291862.468524", "VisionDumpPath": "C:\\Sirio\\Work\\SvDumpFiles\\PartCameraDumps\\JID_103383457_OID_437250001_SEG_2_BE-Bibliothek.A5E00189819_R1291858075.svdmp", "XDeviation": "31084", "YDeviation": "-80723"}]}, "Pick": {"ActualPickPosition": {"Angle": "0", "X": "15250", "Y": "-70500"}, "MeasuredComponentHeight": "0", "NominalPickPosition": {"Angle": "0", "X": "15078", "Y": "-70401"}, "PickupLocationId": "242", "Result": "0", "TimeStampSinceStationStarted": "1291861.432382", "VacuumAbsolute": "-833", "VacuumRelative": "-833", "ZEndPosition": "47457500", "ZTargetPosition": "47395179"}, "Place": {"ActualPlacePosition": {"Angle": "-1", "X": "73570", "Y": "151035"}, "AirkissPressure": "73", "BoardPanelId": "3", "HoldingCircuitPressure": "2147483647", "NominalPlacePosition": {"Angle": "0", "X": "73580", "Y": "151030"}, "ReferenceDesignator": "T2200_EX120_TRAFO_SC", "Result": "0", "TimeStampSinceStationStarted": "1291862.956016", "VacuumAbsolute": "-834", "VacuumRelative": "98", "ZEndPosition": "41409000", "ZTargetPosition": "41345430"}, "ElectricalMeasurement": null, "Dip": null}, {"HeadSegmentId": "133124", "Measures": {"MeasureList": [{"CameraIndividualId": "4033", "MeasurementResult": "0", "PhiDeviation": "561022", "TimeStampSinceStationStarted": "1291863.384617", "VisionDumpPath": "C:\\Sirio\\Work\\SvDumpFiles\\PartCameraDumps\\JID_403366107_OID_437250002_SEG_2_BE-Bibliothek.A5E44859639_R1291859064.svdmp", "XDeviation": "-2541", "YDeviation": "98248"}]}, "Pick": {"ActualPickPosition": {"Angle": "0", "X": "6000", "Y": "-49500"}, "MeasuredComponentHeight": "0", "NominalPickPosition": {"Angle": "0", "X": "5956", "Y": "-49467"}, "PickupLocationId": "280", "Result": "0", "TimeStampSinceStationStarted": "1291862.421309", "VacuumAbsolute": "-854", "VacuumRelative": "-854", "ZEndPosition": "46272000", "ZTargetPosition": "46272960"}, "Place": {"ActualPlacePosition": {"Angle": "180000", "X": "22576", "Y": "162633"}, "AirkissPressure": "76", "BoardPanelId": "3", "HoldingCircuitPressure": "2147483647", "NominalPlacePosition": {"Angle": "180000", "X": "22580", "Y": "162630"}, "ReferenceDesignator": "U1700_SOP_8/SOIC_8_O", "Result": "0", "TimeStampSinceStationStarted": "1291863.943211", "VacuumAbsolute": "-854", "VacuumRelative": "99", "ZEndPosition": "43815500", "ZTargetPosition": "43848520"}, "ElectricalMeasurement": null, "Dip": null}, {"HeadSegmentId": "67588", "Measures": {"MeasureList": [{"CameraIndividualId": "4033", "MeasurementResult": "0", "PhiDeviation": "-119077", "TimeStampSinceStationStarted": "1291863.59688", "VisionDumpPath": "C:\\Sirio\\Work\\SvDumpFiles\\PartCameraDumps\\JID_403366108_OID_437250003_SEG_1_BE-Bibliothek.A5E45275537_R1291859396.svdmp", "XDeviation": "-176850", "YDeviation": "5764"}]}, "Pick": {"ActualPickPosition": {"Angle": "0", "X": "17470", "Y": "-70910"}, "MeasuredComponentHeight": "0", "NominalPickPosition": {"Angle": "0", "X": "17923", "Y": "-70851"}, "PickupLocationId": "271", "Result": "0", "TimeStampSinceStationStarted": "1291862.752857", "VacuumAbsolute": "-807", "VacuumRelative": "-807", "ZEndPosition": "47134500", "ZTargetPosition": "47078490"}, "Place": {"ActualPlacePosition": {"Angle": "180000", "X": "51772", "Y": "74119"}, "AirkissPressure": "76", "BoardPanelId": "3", "HoldingCircuitPressure": "2147483647", "NominalPlacePosition": {"Angle": "180000", "X": "51775", "Y": "74120"}, "ReferenceDesignator": "X601_CONN_16_STECK_R", "Result": "0", "TimeStampSinceStationStarted": "1291864.263897", "VacuumAbsolute": "-828", "VacuumRelative": "93", "ZEndPosition": "39037500", "ZTargetPosition": "39042498"}, "ElectricalMeasurement": null, "Dip": null}, {"HeadSegmentId": "66049", "Measures": {"MeasureList": [{"CameraIndividualId": "1033", "MeasurementResult": "0", "PhiDeviation": "-367921", "TimeStampSinceStationStarted": "1291864.721352", "VisionDumpPath": "C:\\Sirio\\Work\\SvDumpFiles\\PartCameraDumps\\JID_103383458_OID_437250004_SEG_1_BE-Bibliothek.A5E01114436_R1291860198.svdmp", "XDeviation": "-9858", "YDeviation": "-96769"}]}, "Pick": {"ActualPickPosition": {"Angle": "180000", "X": "17950", "Y": "-70500"}, "MeasuredComponentHeight": "0", "NominalPickPosition": {"Angle": "180000", "X": "18035", "Y": "-70895"}, "PickupLocationId": "238", "Result": "0", "TimeStampSinceStationStarted": "1291863.555306", "VacuumAbsolute": "-783", "VacuumRelative": "-783", "ZEndPosition": "43492000", "ZTargetPosition": "43480621"}, "Place": {"ActualPlacePosition": {"Angle": "179999", "X": "220946", "Y": "171757"}, "AirkissPressure": "71", "BoardPanelId": "2", "HoldingCircuitPressure": "2147483647", "NominalPlacePosition": {"Angle": "180000", "X": "220957", "Y": "171753"}, "ReferenceDesignator": "X605_CONN_8_STECK_RC", "Result": "0", "TimeStampSinceStationStarted": "1291865.10698", "VacuumAbsolute": "-823", "VacuumRelative": "102", "ZEndPosition": "40297000", "ZTargetPosition": "40406784"}, "ElectricalMeasurement": null, "Dip": null}, {"HeadSegmentId": "131585", "Measures": {"MeasureList": [{"CameraIndividualId": "1033", "MeasurementResult": "0", "PhiDeviation": "1254246", "TimeStampSinceStationStarted": "1291864.862887", "VisionDumpPath": "C:\\Sirio\\Work\\SvDumpFiles\\PartCameraDumps\\JID_103383459_OID_437250005_SEG_2_BE-Bibliothek.A5E00701727_R1291860492.svdmp", "XDeviation": "177248", "YDeviation": "-184218"}]}, "Pick": {"ActualPickPosition": {"Angle": "180000", "X": "15250", "Y": "-70500"}, "MeasuredComponentHeight": "0", "NominalPickPosition": {"Angle": "180000", "X": "15267", "Y": "-70382"}, "PickupLocationId": "240", "Result": "0", "TimeStampSinceStationStarted": "1291863.849207", "VacuumAbsolute": "-824", "VacuumRelative": "-824", "ZEndPosition": "47026000", "ZTargetPosition": "47062797"}, "Place": {"ActualPlacePosition": {"Angle": "-1", "X": "88570", "Y": "151135"}, "AirkissPressure": "72", "BoardPanelId": "3", "HoldingCircuitPressure": "2147483647", "NominalPlacePosition": {"Angle": "0", "X": "88580", "Y": "151130"}, "ReferenceDesignator": "C2209_CAPA_2_22_KOND", "Result": "0", "TimeStampSinceStationStarted": "1291865.282065", "VacuumAbsolute": "-840", "VacuumRelative": "99", "ZEndPosition": "36802000", "ZTargetPosition": "36826462"}, "ElectricalMeasurement": null, "Dip": null}, {"HeadSegmentId": "133124", "Measures": {"MeasureList": [{"CameraIndividualId": "4033", "MeasurementResult": "0", "PhiDeviation": "-833774", "TimeStampSinceStationStarted": "1291865.846085", "VisionDumpPath": "C:\\Sirio\\Work\\SvDumpFiles\\PartCameraDumps\\JID_403366109_OID_437250006_SEG_2_BE-Bibliothek.A5E44859639_R1291861566.svdmp", "XDeviation": "-15617", "YDeviation": "-24073"}]}, "Pick": {"ActualPickPosition": {"Angle": "0", "X": "6000", "Y": "-49500"}, "MeasuredComponentHeight": "0", "NominalPickPosition": {"Angle": "0", "X": "5955", "Y": "-49462"}, "PickupLocationId": "280", "Result": "0", "TimeStampSinceStationStarted": "1291864.923564", "VacuumAbsolute": "-853", "VacuumRelative": "-853", "ZEndPosition": "46274500", "ZTargetPosition": "46272720"}, "Place": {"ActualPlacePosition": {"Angle": "180000", "X": "157481", "Y": "162633"}, "AirkissPressure": "73", "BoardPanelId": "2", "HoldingCircuitPressure": "2147483647", "NominalPlacePosition": {"Angle": "180000", "X": "157480", "Y": "162630"}, "ReferenceDesignator": "U1800_SOP_8/SOIC_8_O", "Result": "0", "TimeStampSinceStationStarted": "1291866.403141", "VacuumAbsolute": "-853", "VacuumRelative": "99", "ZEndPosition": "43673500", "ZTargetPosition": "43664569"}, "ElectricalMeasurement": null, "Dip": null}, {"HeadSegmentId": "67588", "Measures": {"MeasureList": [{"CameraIndividualId": "4033", "MeasurementResult": "0", "PhiDeviation": "1108065", "TimeStampSinceStationStarted": "1291866.058389", "VisionDumpPath": "C:\\Sirio\\Work\\SvDumpFiles\\PartCameraDumps\\JID_403366110_OID_437250007_SEG_1_BE-Bibliothek.A5E45275537_R1291861884.svdmp", "XDeviation": "-160455", "YDeviation": "-53253"}]}, "Pick": {"ActualPickPosition": {"Angle": "0", "X": "17470", "Y": "-70910"}, "MeasuredComponentHeight": "0", "NominalPickPosition": {"Angle": "0", "X": "17914", "Y": "-70851"}, "PickupLocationId": "271", "Result": "0", "TimeStampSinceStationStarted": "1291865.241627", "VacuumAbsolute": "-803", "VacuumRelative": "-803", "ZEndPosition": "47088000", "ZTargetPosition": "47092493"}, "Place": {"ActualPlacePosition": {"Angle": "180000", "X": "172277", "Y": "74119"}, "AirkissPressure": "78", "BoardPanelId": "2", "HoldingCircuitPressure": "2147483647", "NominalPlacePosition": {"Angle": "180000", "X": "172275", "Y": "74120"}, "ReferenceDesignator": "X601_CONN_16_STECK_R", "Result": "0", "TimeStampSinceStationStarted": "1291866.742191", "VacuumAbsolute": "-821", "VacuumRelative": "91", "ZEndPosition": "39184500", "ZTargetPosition": "39170910"}, "ElectricalMeasurement": null, "Dip": null}, {"HeadSegmentId": "66049", "Measures": {"MeasureList": [{"CameraIndividualId": "1033", "MeasurementResult": "0", "PhiDeviation": "-401826", "TimeStampSinceStationStarted": "1291867.980505", "VisionDumpPath": "C:\\Sirio\\Work\\SvDumpFiles\\PartCameraDumps\\JID_103383460_OID_437250008_SEG_1_BE-Bibliothek.A5E00701727_R1291863893.svdmp", "XDeviation": "-27191", "YDeviation": "-932"}]}, "Pick": {"ActualPickPosition": {"Angle": "180000", "X": "15250", "Y": "-70500"}, "MeasuredComponentHeight": "0", "NominalPickPosition": {"Angle": "180000", "X": "15258", "Y": "-70373"}, "PickupLocationId": "240", "Result": "0", "TimeStampSinceStationStarted": "1291867.25027", "VacuumAbsolute": "-805", "VacuumRelative": "-805", "ZEndPosition": "47014500", "ZTargetPosition": "47016597"}, "Place": {"ActualPlacePosition": {"Angle": "-1", "X": "209069", "Y": "151134"}, "AirkissPressure": "74", "BoardPanelId": "2", "HoldingCircuitPressure": "2147483647", "NominalPlacePosition": {"Angle": "0", "X": "209080", "Y": "151130"}, "ReferenceDesignator": "C2209_CAPA_2_22_KOND", "Result": "0", "TimeStampSinceStationStarted": "1291868.370812", "VacuumAbsolute": "-817", "VacuumRelative": "100", "ZEndPosition": "36890000", "ZTargetPosition": "37040345"}, "ElectricalMeasurement": null, "Dip": null}, {"HeadSegmentId": "131585", "Measures": {"MeasureList": [{"CameraIndividualId": "1033", "MeasurementResult": "0", "PhiDeviation": "708174", "TimeStampSinceStationStarted": "1291868.119821", "VisionDumpPath": "C:\\Sirio\\Work\\SvDumpFiles\\PartCameraDumps\\JID_103383461_OID_437250009_SEG_2_BE-Bibliothek.A5E00701727_R1291864164.svdmp", "XDeviation": "57011", "YDeviation": "126605"}]}, "Pick": {"ActualPickPosition": {"Angle": "180000", "X": "15250", "Y": "-70500"}, "MeasuredComponentHeight": "0", "NominalPickPosition": {"Angle": "180000", "X": "15258", "Y": "-70373"}, "PickupLocationId": "240", "Result": "0", "TimeStampSinceStationStarted": "1291867.521289", "VacuumAbsolute": "-818", "VacuumRelative": "-818", "ZEndPosition": "47042000", "ZTargetPosition": "47053597"}, "Place": {"ActualPlacePosition": {"Angle": "-1", "X": "102570", "Y": "151135"}, "AirkissPressure": "74", "BoardPanelId": "3", "HoldingCircuitPressure": "2147483647", "NominalPlacePosition": {"Angle": "0", "X": "102580", "Y": "151130"}, "ReferenceDesignator": "C2206_CAPA_2_22_KOND", "Result": "0", "TimeStampSinceStationStarted": "1291868.517617", "VacuumAbsolute": "-833", "VacuumRelative": "98", "ZEndPosition": "36774000", "ZTargetPosition": "36748595"}, "ElectricalMeasurement": null, "Dip": null}, {"HeadSegmentId": "133124", "Measures": {"MeasureList": [{"CameraIndividualId": "4033", "MeasurementResult": "0", "PhiDeviation": "-389634", "TimeStampSinceStationStarted": "1291868.558284", "VisionDumpPath": "C:\\Sirio\\Work\\SvDumpFiles\\PartCameraDumps\\JID_403366111_OID_437250010_SEG_2_BE-Bibliothek.A5E44859639_R1291864045.svdmp", "XDeviation": "-58863", "YDeviation": "14373"}]}, "Pick": {"ActualPickPosition": {"Angle": "0", "X": "6000", "Y": "-49500"}, "MeasuredComponentHeight": "0", "NominalPickPosition": {"Angle": "0", "X": "5955", "Y": "-49463"}, "PickupLocationId": "280", "Result": "0", "TimeStampSinceStationStarted": "1291867.402517", "VacuumAbsolute": "-855", "VacuumRelative": "-855", "ZEndPosition": "46279000", "ZTargetPosition": "46273165"}, "Place": {"ActualPlacePosition": {"Angle": "180000", "X": "34639", "Y": "25848"}, "AirkissPressure": "73", "BoardPanelId": "3", "HoldingCircuitPressure": "2147483647", "NominalPlacePosition": {"Angle": "180000", "X": "34643", "Y": "25851"}, "ReferenceDesignator": "U500_SOP_8/SOIC_8_OP", "Result": "0", "TimeStampSinceStationStarted": "1291869.383891", "VacuumAbsolute": "-854", "VacuumRelative": "99", "ZEndPosition": "43752500", "ZTargetPosition": "43732661"}, "ElectricalMeasurement": null, "Dip": null}, {"HeadSegmentId": "67588", "Measures": {"MeasureList": [{"CameraIndividualId": "4033", "MeasurementResult": "0", "PhiDeviation": "-219713", "TimeStampSinceStationStarted": "1291868.849986", "VisionDumpPath": "C:\\Sirio\\Work\\SvDumpFiles\\PartCameraDumps\\JID_403366112_OID_437250011_SEG_1_BE-Bibliothek.A5E30248076_R1291864315.svdmp", "XDeviation": "-678765", "YDeviation": "-960961"}]}, "Pick": {"ActualPickPosition": {"Angle": "180000", "X": "17020", "Y": "-69475"}, "MeasuredComponentHeight": "0", "NominalPickPosition": {"Angle": "180000", "X": "17020", "Y": "-69475"}, "PickupLocationId": "267", "Result": "0", "TimeStampSinceStationStarted": "1291867.673086", "VacuumAbsolute": "-757", "VacuumRelative": "-757", "ZEndPosition": "47234500", "ZTargetPosition": "47253257"}, "Place": {"ActualPlacePosition": {"Angle": "180000", "X": "103249", "Y": "30527"}, "AirkissPressure": "75", "BoardPanelId": "3", "HoldingCircuitPressure": "2147483647", "NominalPlacePosition": {"Angle": "180000", "X": "103250", "Y": "30530"}, "ReferenceDesignator": "X802_CONN_8_38_SONST", "Result": "0", "TimeStampSinceStationStarted": "1291869.654541", "VacuumAbsolute": "-756", "VacuumRelative": "77", "ZEndPosition": "33059500", "ZTargetPosition": "33030375"}, "ElectricalMeasurement": null, "Dip": null}, {"HeadSegmentId": "66049", "Measures": {"MeasureList": [{"CameraIndividualId": "1033", "MeasurementResult": "0", "PhiDeviation": "-761740", "TimeStampSinceStationStarted": "1291870.970088", "VisionDumpPath": "C:\\Sirio\\Work\\SvDumpFiles\\PartCameraDumps\\JID_103383462_OID_437250013_SEG_1_BE-Bibliothek.A5E00701727_R1291866577.svdmp", "XDeviation": "100841", "YDeviation": "-75186"}]}, "Pick": {"ActualPickPosition": {"Angle": "180000", "X": "15250", "Y": "-70500"}, "MeasuredComponentHeight": "0", "NominalPickPosition": {"Angle": "180000", "X": "15257", "Y": "-70379"}, "PickupLocationId": "240", "Result": "0", "TimeStampSinceStationStarted": "1291869.934329", "VacuumAbsolute": "-806", "VacuumRelative": "-806", "ZEndPosition": "47040500", "ZTargetPosition": "47013305"}, "Place": {"ActualPlacePosition": {"Angle": "-1", "X": "223069", "Y": "151134"}, "AirkissPressure": "72", "BoardPanelId": "2", "HoldingCircuitPressure": "2147483647", "NominalPlacePosition": {"Angle": "0", "X": "223080", "Y": "151130"}, "ReferenceDesignator": "C2206_CAPA_2_22_KOND", "Result": "0", "TimeStampSinceStationStarted": "1291871.605172", "VacuumAbsolute": "-822", "VacuumRelative": "101", "ZEndPosition": "36913000", "ZTargetPosition": "37116564"}, "ElectricalMeasurement": null, "Dip": null}, {"HeadSegmentId": "131585", "Measures": {"MeasureList": [{"CameraIndividualId": "1033", "MeasurementResult": "0", "PhiDeviation": "-800799", "TimeStampSinceStationStarted": "1291871.18922", "VisionDumpPath": "C:\\Sirio\\Work\\SvDumpFiles\\PartCameraDumps\\JID_103383463_OID_437250012_SEG_2_BE-Bibliothek.A5E02285215_R1291866849.svdmp", "XDeviation": "-12861", "YDeviation": "575026"}]}, "Pick": {"ActualPickPosition": {"Angle": "180000", "X": "23950", "Y": "-70500"}, "MeasuredComponentHeight": "0", "NominalPickPosition": {"Angle": "180000", "X": "23950", "Y": "-70500"}, "PickupLocationId": "241", "Result": "0", "TimeStampSinceStationStarted": "1291870.206136", "VacuumAbsolute": "-862", "VacuumRelative": "-862", "ZEndPosition": "48493500", "ZTargetPosition": "48475219"}, "Place": {"ActualPlacePosition": {"Angle": "-90000", "X": "18428", "Y": "22903"}, "AirkissPressure": "77", "BoardPanelId": "3", "HoldingCircuitPressure": "2147483647", "NominalPlacePosition": {"Angle": "-90000", "X": "18439", "Y": "22900"}, "ReferenceDesignator": "X501_CONN_DSUB_9_STE", "Result": "0", "TimeStampSinceStationStarted": "1291871.931687", "VacuumAbsolute": "-862", "VacuumRelative": "103", "ZEndPosition": "36392000", "ZTargetPosition": "36331215"}, "ElectricalMeasurement": null, "Dip": null}, {"HeadSegmentId": "133124", "Measures": {"MeasureList": [{"CameraIndividualId": "4033", "MeasurementResult": "0", "PhiDeviation": "730588", "TimeStampSinceStationStarted": "1291871.630106", "VisionDumpPath": "C:\\Sirio\\Work\\SvDumpFiles\\PartCameraDumps\\JID_403366113_OID_437250014_SEG_2_BE-Bibliothek.A5E44859639_R1291867126.svdmp", "XDeviation": "94375", "YDeviation": "19925"}]}, "Pick": {"ActualPickPosition": {"Angle": "0", "X": "6000", "Y": "-49500"}, "MeasuredComponentHeight": "0", "NominalPickPosition": {"Angle": "0", "X": "5952", "Y": "-49462"}, "PickupLocationId": "280", "Result": "0", "TimeStampSinceStationStarted": "1291870.483458", "VacuumAbsolute": "-854", "VacuumRelative": "-854", "ZEndPosition": "46273000", "ZTargetPosition": "46274624"}, "Place": {"ActualPlacePosition": {"Angle": "180000", "X": "155144", "Y": "25848"}, "AirkissPressure": "75", "BoardPanelId": "2", "HoldingCircuitPressure": "2147483647", "NominalPlacePosition": {"Angle": "180000", "X": "155143", "Y": "25851"}, "ReferenceDesignator": "U500_SOP_8/SOIC_8_OP", "Result": "0", "TimeStampSinceStationStarted": "1291872.568896", "VacuumAbsolute": "-855", "VacuumRelative": "99", "ZEndPosition": "43775000", "ZTargetPosition": "43727681"}, "ElectricalMeasurement": null, "Dip": null}, {"HeadSegmentId": "67588", "Measures": {"MeasureList": [{"CameraIndividualId": "4033", "MeasurementResult": "0", "PhiDeviation": "-735856", "TimeStampSinceStationStarted": "1291871.927613", "VisionDumpPath": "C:\\Sirio\\Work\\SvDumpFiles\\PartCameraDumps\\JID_403366114_OID_437250015_SEG_1_BE-Bibliothek.A5E30248076_R1291867384.svdmp", "XDeviation": "-637541", "YDeviation": "-558807"}]}, "Pick": {"ActualPickPosition": {"Angle": "180000", "X": "17020", "Y": "-69475"}, "MeasuredComponentHeight": "0", "NominalPickPosition": {"Angle": "180000", "X": "17020", "Y": "-69475"}, "PickupLocationId": "267", "Result": "0", "TimeStampSinceStationStarted": "1291870.741585", "VacuumAbsolute": "-841", "VacuumRelative": "-841", "ZEndPosition": "47280000", "ZTargetPosition": "47248568"}, "Place": {"ActualPlacePosition": {"Angle": "180000", "X": "223754", "Y": "30527"}, "AirkissPressure": "75", "BoardPanelId": "2", "HoldingCircuitPressure": "2147483647", "NominalPlacePosition": {"Angle": "180000", "X": "223750", "Y": "30530"}, "ReferenceDesignator": "X802_CONN_8_38_SONST", "Result": "0", "TimeStampSinceStationStarted": "1291872.853256", "VacuumAbsolute": "-842", "VacuumRelative": "96", "ZEndPosition": "33388500", "ZTargetPosition": "33407770"}, "ElectricalMeasurement": null, "Dip": null}, {"HeadSegmentId": "131585", "Measures": {"MeasureList": [{"CameraIndividualId": "1033", "MeasurementResult": "0", "PhiDeviation": "-342931", "TimeStampSinceStationStarted": "1291873.816988", "VisionDumpPath": "C:\\Sirio\\Work\\SvDumpFiles\\PartCameraDumps\\JID_103383464_OID_437250016_SEG_2_BE-Bibliothek.A5E02285215_R1291869318.svdmp", "XDeviation": "-93694", "YDeviation": "568751"}]}, "Pick": {"ActualPickPosition": {"Angle": "180000", "X": "23950", "Y": "-70500"}, "MeasuredComponentHeight": "0", "NominalPickPosition": {"Angle": "180000", "X": "23950", "Y": "-70500"}, "PickupLocationId": "241", "Result": "0", "TimeStampSinceStationStarted": "1291872.675074", "VacuumAbsolute": "-861", "VacuumRelative": "-861", "ZEndPosition": "48420500", "ZTargetPosition": "48479789"}, "Place": {"ActualPlacePosition": {"Angle": "-90000", "X": "138928", "Y": "22902"}, "AirkissPressure": "74", "BoardPanelId": "2", "HoldingCircuitPressure": "2147483647", "NominalPlacePosition": {"Angle": "-90000", "X": "138939", "Y": "22900"}, "ReferenceDesignator": "X501_CONN_DSUB_9_STE", "Result": "0", "TimeStampSinceStationStarted": "1291874.465941", "VacuumAbsolute": "-863", "VacuumRelative": "103", "ZEndPosition": "36261000", "ZTargetPosition": "36297930"}, "ElectricalMeasurement": null, "Dip": null}, {"HeadSegmentId": "66049", "Measures": {"MeasureList": [{"CameraIndividualId": "1033", "MeasurementResult": "0", "PhiDeviation": "-153078", "TimeStampSinceStationStarted": "1291874.111748", "VisionDumpPath": "C:\\Sirio\\Work\\SvDumpFiles\\PartCameraDumps\\JID_103383465_OID_437250017_SEG_1_BE-Bibliothek.A5E00189819_R1291869710.svdmp", "XDeviation": "193146", "YDeviation": "-187784"}]}, "Pick": {"ActualPickPosition": {"Angle": "0", "X": "15250", "Y": "-70500"}, "MeasuredComponentHeight": "0", "NominalPickPosition": {"Angle": "0", "X": "15080", "Y": "-70405"}, "PickupLocationId": "242", "Result": "0", "TimeStampSinceStationStarted": "1291873.067513", "VacuumAbsolute": "-813", "VacuumRelative": "-813", "ZEndPosition": "47404000", "ZTargetPosition": "47373759"}, "Place": {"ActualPlacePosition": {"Angle": "-1", "X": "194069", "Y": "151034"}, "AirkissPressure": "75", "BoardPanelId": "2", "HoldingCircuitPressure": "2147483647", "NominalPlacePosition": {"Angle": "0", "X": "194080", "Y": "151030"}, "ReferenceDesignator": "T2200_EX120_TRAFO_SC", "Result": "0", "TimeStampSinceStationStarted": "1291874.817603", "VacuumAbsolute": "-813", "VacuumRelative": "99", "ZEndPosition": "41403000", "ZTargetPosition": "41491381"}, "ElectricalMeasurement": null, "Dip": null}, {"HeadSegmentId": "67588", "Measures": {"MeasureList": [{"CameraIndividualId": "4033", "MeasurementResult": "0", "PhiDeviation": "-297959", "TimeStampSinceStationStarted": "1291876.181603", "VisionDumpPath": "C:\\Sirio\\Work\\SvDumpFiles\\PartCameraDumps\\JID_403366115_OID_437250019_SEG_1_BE-Bibliothek.A5E51102635_R1291871699.svdmp", "XDeviation": "-7211", "YDeviation": "52931"}]}, "Pick": {"ActualPickPosition": {"Angle": "0", "X": "15250", "Y": "-70500"}, "MeasuredComponentHeight": "0", "NominalPickPosition": {"Angle": "0", "X": "15140", "Y": "-70475"}, "PickupLocationId": "265", "Result": "0", "TimeStampSinceStationStarted": "1291875.056542", "VacuumAbsolute": "-831", "VacuumRelative": "-831", "ZEndPosition": "47261500", "ZTargetPosition": "47258930"}, "Place": {"ActualPlacePosition": {"Angle": "180000", "X": "69617", "Y": "48628"}, "AirkissPressure": "73", "BoardPanelId": "3", "HoldingCircuitPressure": "2147483647", "NominalPlacePosition": {"Angle": "180000", "X": "69619", "Y": "48630"}, "ReferenceDesignator": "D3_BGA_63_", "Result": "0", "TimeStampSinceStationStarted": "1291876.629258", "VacuumAbsolute": "-833", "VacuumRelative": "94", "ZEndPosition": "46309500", "ZTargetPosition": "46305198"}, "ElectricalMeasurement": null, "Dip": null}, {"HeadSegmentId": "133124", "Measures": {"MeasureList": [{"CameraIndividualId": "4033", "MeasurementResult": "0", "PhiDeviation": "-129131", "TimeStampSinceStationStarted": "1291875.969464", "VisionDumpPath": "C:\\Sirio\\Work\\SvDumpFiles\\PartCameraDumps\\JID_403366116_OID_437250018_SEG_2_BE-Bibliothek.A5E44859639_R1291872094.svdmp", "XDeviation": "22592", "YDeviation": "19587"}]}, "Pick": {"ActualPickPosition": {"Angle": "0", "X": "6000", "Y": "-49500"}, "MeasuredComponentHeight": "0", "NominalPickPosition": {"Angle": "0", "X": "5956", "Y": "-49461"}, "PickupLocationId": "280", "Result": "0", "TimeStampSinceStationStarted": "1291875.451654", "VacuumAbsolute": "-854", "VacuumRelative": "-854", "ZEndPosition": "46268500", "ZTargetPosition": "46274218"}, "Place": {"ActualPlacePosition": {"Angle": "180000", "X": "150281", "Y": "162633"}, "AirkissPressure": "71", "BoardPanelId": "2", "HoldingCircuitPressure": "2147483647", "NominalPlacePosition": {"Angle": "180000", "X": "150280", "Y": "162630"}, "ReferenceDesignator": "U1704_SOP_8/SOIC_8_O", "Result": "0", "TimeStampSinceStationStarted": "1291876.960579", "VacuumAbsolute": "-854", "VacuumRelative": "99", "ZEndPosition": "43612000", "ZTargetPosition": "43641485"}, "ElectricalMeasurement": null, "Dip": null}, {"HeadSegmentId": "133124", "Measures": {"MeasureList": [{"CameraIndividualId": "4033", "MeasurementResult": "0", "PhiDeviation": "841852", "TimeStampSinceStationStarted": "1291878.522211", "VisionDumpPath": "C:\\Sirio\\Work\\SvDumpFiles\\PartCameraDumps\\JID_403366117_OID_437250020_SEG_2_BE-Bibliothek.A5E44859639_R1291874314.svdmp", "XDeviation": "-27725", "YDeviation": "-110134"}]}, "Pick": {"ActualPickPosition": {"Angle": "0", "X": "6000", "Y": "-49500"}, "MeasuredComponentHeight": "0", "NominalPickPosition": {"Angle": "0", "X": "5958", "Y": "-49460"}, "PickupLocationId": "280", "Result": "0", "TimeStampSinceStationStarted": "1291877.671165", "VacuumAbsolute": "-854", "VacuumRelative": "-854", "ZEndPosition": "46293000", "ZTargetPosition": "46272788"}, "Place": {"ActualPlacePosition": {"Angle": "180000", "X": "29776", "Y": "162633"}, "AirkissPressure": "74", "BoardPanelId": "3", "HoldingCircuitPressure": "2147483647", "NominalPlacePosition": {"Angle": "180000", "X": "29780", "Y": "162630"}, "ReferenceDesignator": "U1704_SOP_8/SOIC_8_O", "Result": "0", "TimeStampSinceStationStarted": "1291879.079233", "VacuumAbsolute": "-854", "VacuumRelative": "99", "ZEndPosition": "43808500", "ZTargetPosition": "43827595"}, "ElectricalMeasurement": null, "Dip": null}, {"HeadSegmentId": "67588", "Measures": {"MeasureList": [{"CameraIndividualId": "4033", "MeasurementResult": "0", "PhiDeviation": "-261814", "TimeStampSinceStationStarted": "1291878.734336", "VisionDumpPath": "C:\\Sirio\\Work\\SvDumpFiles\\PartCameraDumps\\JID_403366118_OID_437250021_SEG_1_BE-Bibliothek.A5E51102635_R1291874552.svdmp", "XDeviation": "56891", "YDeviation": "-5150"}]}, "Pick": {"ActualPickPosition": {"Angle": "0", "X": "15250", "Y": "-70500"}, "MeasuredComponentHeight": "0", "NominalPickPosition": {"Angle": "0", "X": "15140", "Y": "-70473"}, "PickupLocationId": "265", "Result": "0", "TimeStampSinceStationStarted": "1291877.90911", "VacuumAbsolute": "-840", "VacuumRelative": "-840", "ZEndPosition": "47307500", "ZTargetPosition": "47259573"}, "Place": {"ActualPlacePosition": {"Angle": "180000", "X": "190122", "Y": "48628"}, "AirkissPressure": "76", "BoardPanelId": "2", "HoldingCircuitPressure": "2147483647", "NominalPlacePosition": {"Angle": "180000", "X": "190119", "Y": "48630"}, "ReferenceDesignator": "D3_BGA_63_", "Result": "0", "TimeStampSinceStationStarted": "1291879.465974", "VacuumAbsolute": "-841", "VacuumRelative": "96", "ZEndPosition": "46455000", "ZTargetPosition": "46478276"}, "ElectricalMeasurement": null, "Dip": null}, {"HeadSegmentId": "67588", "Measures": {"MeasureList": [{"CameraIndividualId": "4033", "MeasurementResult": "0", "PhiDeviation": "-452649", "TimeStampSinceStationStarted": "1291882.257421", "VisionDumpPath": "C:\\Sirio\\Work\\SvDumpFiles\\PartCameraDumps\\JID_403366119_OID_437250022_SEG_1_BE-Bibliothek.A5E44859639_R1291877866.svdmp", "XDeviation": "193585", "YDeviation": "104611"}]}, "Pick": {"ActualPickPosition": {"Angle": "0", "X": "6000", "Y": "-49500"}, "MeasuredComponentHeight": "0", "NominalPickPosition": {"Angle": "0", "X": "5956", "Y": "-49466"}, "PickupLocationId": "280", "Result": "0", "TimeStampSinceStationStarted": "1291881.22413", "VacuumAbsolute": "-837", "VacuumRelative": "-837", "ZEndPosition": "46241500", "ZTargetPosition": "46277341"}, "Place": {"ActualPlacePosition": {"Angle": "180000", "X": "143081", "Y": "162633"}, "AirkissPressure": "75", "BoardPanelId": "2", "HoldingCircuitPressure": "2147483647", "NominalPlacePosition": {"Angle": "180000", "X": "143080", "Y": "162630"}, "ReferenceDesignator": "U1700_SOP_8/SOIC_8_O", "Result": "0", "TimeStampSinceStationStarted": "1291882.672625", "VacuumAbsolute": "-838", "VacuumRelative": "95", "ZEndPosition": "43572500", "ZTargetPosition": "43589787"}, "ElectricalMeasurement": null, "Dip": null}, {"HeadSegmentId": "133124", "Measures": {"MeasureList": [{"CameraIndividualId": "4033", "MeasurementResult": "0", "PhiDeviation": "1823227", "TimeStampSinceStationStarted": "1291882.027516", "VisionDumpPath": "C:\\Sirio\\Work\\SvDumpFiles\\PartCameraDumps\\JID_403366120_OID_437250023_SEG_2_BE-Bibliothek.A5E44859639_R1291878152.svdmp", "XDeviation": "210096", "YDeviation": "43334"}]}, "Pick": {"ActualPickPosition": {"Angle": "0", "X": "6000", "Y": "-49500"}, "MeasuredComponentHeight": "0", "NominalPickPosition": {"Angle": "0", "X": "5956", "Y": "-49466"}, "PickupLocationId": "280", "Result": "0", "TimeStampSinceStationStarted": "1291881.509424", "VacuumAbsolute": "-854", "VacuumRelative": "-854", "ZEndPosition": "46269500", "ZTargetPosition": "46277841"}, "Place": {"ActualPlacePosition": {"Angle": "180000", "X": "36976", "Y": "162633"}, "AirkissPressure": "72", "BoardPanelId": "3", "HoldingCircuitPressure": "2147483647", "NominalPlacePosition": {"Angle": "180000", "X": "36980", "Y": "162630"}, "ReferenceDesignator": "U1800_SOP_8/SOIC_8_O", "Result": "0", "TimeStampSinceStationStarted": "1291882.971403", "VacuumAbsolute": "-854", "VacuumRelative": "99", "ZEndPosition": "43792500", "ZTargetPosition": "43802937"}, "ElectricalMeasurement": null, "Dip": null}]}, "HeadContext": {"HeadSegments": {"HeadSegment": [{"GantryId": "1", "Head": "1", "HeadName": "Twin Head 5xx", "Id": "66049", "NozzleTypeId": "581", "SegmentNumber": "1"}, {"GantryId": "4", "Head": "1", "HeadName": "Twin Head 5xx", "Id": "67588", "NozzleTypeId": "516", "SegmentNumber": "1"}, {"GantryId": "1", "Head": "1", "HeadName": "Twin Head 5xx", "Id": "131585", "NozzleTypeId": "517", "SegmentNumber": "2"}, {"GantryId": "4", "Head": "1", "HeadName": "Twin Head 5xx", "Id": "133124", "NozzleTypeId": "597", "SegmentNumber": "2"}]}}, "SetupContext": {"PickupLocations": {"PickupLocation": [{"Division": "1", "FeederId": "32FAUE900466", "FeederType": "288", "Id": "238", "Level": "0", "Location": "1", "StartTrackNumber": "7", "SubLocation": "1", "Tower": "0", "PackagingUid": "M05323114"}, {"Division": "1", "FeederId": "24KL-L205402", "FeederType": "280", "Id": "240", "Level": "0", "Location": "1", "StartTrackNumber": "14", "SubLocation": "1", "Tower": "0", "PackagingUid": "M05187760"}, {"Division": "1", "FeederId": "44KL-K305106", "FeederType": "300", "Id": "241", "Level": "0", "Location": "1", "StartTrackNumber": "17", "SubLocation": "1", "Tower": "0", "PackagingUid": "M04859606"}, {"Division": "1", "FeederId": "24KL-K305319", "FeederType": "280", "Id": "242", "Level": "0", "Location": "1", "StartTrackNumber": "22", "SubLocation": "1", "Tower": "0", "PackagingUid": "M04790496"}, {"Division": "1", "FeederId": "24FAUE900672", "FeederType": "280", "Id": "265", "Level": "0", "Location": "4", "StartTrackNumber": "1", "SubLocation": "1", "Tower": "0", "PackagingUid": "A00061487"}, {"Division": "1", "FeederId": "32FAUE000671", "FeederType": "288", "Id": "267", "Level": "0", "Location": "4", "StartTrackNumber": "16", "SubLocation": "1", "Tower": "0", "PackagingUid": "M05305951"}, {"Division": "1", "FeederId": "32FAUE900659", "FeederType": "288", "Id": "271", "Level": "0", "Location": "4", "StartTrackNumber": "28", "SubLocation": "1", "Tower": "0", "PackagingUid": "M05325461"}, {"Division": "1", "FeederId": "12KL-F105078", "FeederType": "268", "Id": "280", "Level": "0", "Location": "4", "StartTrackNumber": "14", "SubLocation": "1", "Tower": "0", "PackagingUid": "M05245907"}]}}}}, "ProductionEndedData": {"StationTime": "2021-11-30T09:22:52.0110000+08:00", "TimeStampSinceStationStarted": "1291883.256621"}}