{"name": "PDI_Line5_3964464958_20211130154842.txt", "Timestamp": "2021-11-30T15:48:26.6949930+08:00", "TxnID": "c7bd65b7-bdde-484d-8391-38ab3ea29480", "Line": "SEWC-Lines\\Line5", "Machine": "Line5\\ST3_X3 S", "ProductionStartedData": [{"ConveyorLanePosition": "2", "ConveyorStopperPosition": "1", "Pcb": {"BarcodeReaderPosition": "0", "BoardSide": "1", "IndividualGUID": "07fb20a5-efdf-4fad-a26d-35d3d2977d88", "LineJobGUID": "545cc380-820c-40fe-b772-c5a1099a59d8", "Path": "STAB\\A5E50302024bt02", "PcbIndividualID": "43494", "RecipePath": "Line5\\Smart_CPU_L5_702SAF\\A5E50302024bt02", "Barcode": "", "OrderNumber": null}, "ProcessingAreaPosition": "1", "SetupPath": "Line5\\Smart_CPU_L5_702SAF", "StationTime": "2021-11-30T15:46:02.6770000+08:00", "TimeStampSinceStationStarted": "1314873.808724"}], "BoardPositionsList": {"BoardPositions": [{"ActualPosition": {"Angle": "-261", "X": "-476521", "Y": "17674", "Z": "-5000"}, "FiducialPositions": {"FiducialRecognitionResult": [{"ActualPosition": {"Angle": "-246", "X": "4267", "Y": "12673", "Z": null}, "CameraIndividualId": "4034", "FiducialFunction": "0", "GantryId": "4", "MeasurementResult": "0", "NominalPosition": {"Angle": "0", "X": "4810", "Y": "11697", "Z": null}, "Path": "A5E50302024bt02/1/01/1", "StationTime": "2021-11-30T15:46:04.2010000+08:00", "TimeStampSinceStationStarted": "1314875.332999"}, {"ActualPosition": {"Angle": "-286", "X": "193042", "Y": "186083", "Z": null}, "CameraIndividualId": "4034", "FiducialFunction": "0", "GantryId": "4", "MeasurementResult": "0", "NominalPosition": {"Angle": "0", "X": "192833", "Y": "186004", "Z": null}, "Path": "A5E50302024bt02/1/02/1", "StationTime": "2021-11-30T15:46:04.2010000+08:00", "TimeStampSinceStationStarted": "1314875.332999"}]}, "NominalPosition": {"Angle": "0", "X": "-475904", "Y": "16695", "Z": "-5000"}}]}, "ProgressDataList": {"ProductionProgressData": {"BoardContext": {"BoardPanels": {"BoardPanel": [{"Id": "2", "PanelPath": "A5E50302024bt02/A1"}]}}, "ComponentIndividuals": {"ComponentIndividual": [{"HeadSegmentId": "66049", "Measures": {"MeasureList": [{"CameraIndividualId": "1033", "MeasurementResult": "0", "PhiDeviation": "-2182994", "TimeStampSinceStationStarted": "1314876.126874", "VisionDumpPath": "C:\\Sirio\\Work\\SvDumpFiles\\PartCameraDumps\\JID_103385212_OID_434940000_SEG_1_BE-Bibliothek.A5E00701727_R1314871097.svdmp", "XDeviation": "-70842", "YDeviation": "55625"}]}, "Pick": {"ActualPickPosition": {"Angle": "180000", "X": "15250", "Y": "-70500"}, "MeasuredComponentHeight": "0", "NominalPickPosition": {"Angle": "180000", "X": "15296", "Y": "-70631"}, "PickupLocationId": "240", "Result": "0", "TimeStampSinceStationStarted": "1314874.340051", "VacuumAbsolute": "-794", "VacuumRelative": "-794", "ZEndPosition": "47040000", "ZTargetPosition": "47043529"}, "Place": {"ActualPlacePosition": {"Angle": "-90001", "X": "174197", "Y": "142266"}, "AirkissPressure": "73", "BoardPanelId": "2", "HoldingCircuitPressure": "2147483647", "NominalPlacePosition": {"Angle": "-90000", "X": "174220", "Y": "142270"}, "ReferenceDesignator": "C2808_CAPA_2_22_KOND", "Result": "0", "TimeStampSinceStationStarted": "1314876.51057", "VacuumAbsolute": "-806", "VacuumRelative": "98", "ZEndPosition": "36850000", "ZTargetPosition": "36863904"}, "ElectricalMeasurement": null, "Dip": null}, {"HeadSegmentId": "67588", "Measures": {"MeasureList": [{"CameraIndividualId": "4033", "MeasurementResult": "0", "PhiDeviation": "-381465", "TimeStampSinceStationStarted": "1314877.082387", "VisionDumpPath": "C:\\Sirio\\Work\\SvDumpFiles\\PartCameraDumps\\JID_403369711_OID_434940001_SEG_1_BE-Bibliothek.A5E30248076_R1314872858.svdmp", "XDeviation": "-731723", "YDeviation": "-908449"}]}, "Pick": {"ActualPickPosition": {"Angle": "180000", "X": "17020", "Y": "-69475"}, "MeasuredComponentHeight": "0", "NominalPickPosition": {"Angle": "180000", "X": "17020", "Y": "-69475"}, "PickupLocationId": "267", "Result": "0", "TimeStampSinceStationStarted": "1314876.101968", "VacuumAbsolute": "-758", "VacuumRelative": "-758", "ZEndPosition": "47278500", "ZTargetPosition": "47240945"}, "Place": {"ActualPlacePosition": {"Angle": "180000", "X": "170904", "Y": "31765"}, "AirkissPressure": "74", "BoardPanelId": "2", "HoldingCircuitPressure": "2147483647", "NominalPlacePosition": {"Angle": "180000", "X": "170920", "Y": "31750"}, "ReferenceDesignator": "X802_CONN_8_38_SONST", "Result": "0", "TimeStampSinceStationStarted": "1314877.51491", "VacuumAbsolute": "-758", "VacuumRelative": "77", "ZEndPosition": "33380500", "ZTargetPosition": "33405098"}, "ElectricalMeasurement": null, "Dip": null}, {"HeadSegmentId": "131585", "Measures": {"MeasureList": [{"CameraIndividualId": "1033", "MeasurementResult": "0", "PhiDeviation": "477450", "TimeStampSinceStationStarted": "1314878.278753", "VisionDumpPath": "C:\\Sirio\\Work\\SvDumpFiles\\PartCameraDumps\\JID_103385213_OID_434940002_SEG_2_BE-Bibliothek.A5E02285215_R1314873882.svdmp", "XDeviation": "-83223", "YDeviation": "204055"}]}, "Pick": {"ActualPickPosition": {"Angle": "180000", "X": "23950", "Y": "-70500"}, "MeasuredComponentHeight": "0", "NominalPickPosition": {"Angle": "180000", "X": "23950", "Y": "-70500"}, "PickupLocationId": "241", "Result": "0", "TimeStampSinceStationStarted": "1314877.125545", "VacuumAbsolute": "-855", "VacuumRelative": "-855", "ZEndPosition": "48182500", "ZTargetPosition": "48297457"}, "Place": {"ActualPlacePosition": {"Angle": "-90001", "X": "20881", "Y": "24271"}, "AirkissPressure": "75", "BoardPanelId": "2", "HoldingCircuitPressure": "2147483647", "NominalPlacePosition": {"Angle": "-90000", "X": "20870", "Y": "24250"}, "ReferenceDesignator": "X501_CONN_DSUB_9_STE", "Result": "0", "TimeStampSinceStationStarted": "1314879.045027", "VacuumAbsolute": "-856", "VacuumRelative": "102", "ZEndPosition": "36411000", "ZTargetPosition": "36447438"}, "ElectricalMeasurement": null, "Dip": null}, {"HeadSegmentId": "66049", "Measures": {"MeasureList": [{"CameraIndividualId": "1033", "MeasurementResult": "0", "PhiDeviation": "-1041928", "TimeStampSinceStationStarted": "1314878.576191", "VisionDumpPath": "C:\\Sirio\\Work\\SvDumpFiles\\PartCameraDumps\\JID_103385214_OID_434940003_SEG_1_BE-Bibliothek.A5E00189819_R1314874291.svdmp", "XDeviation": "-59988", "YDeviation": "6764"}]}, "Pick": {"ActualPickPosition": {"Angle": "0", "X": "15250", "Y": "-70500"}, "MeasuredComponentHeight": "0", "NominalPickPosition": {"Angle": "0", "X": "15101", "Y": "-70424"}, "PickupLocationId": "242", "Result": "0", "TimeStampSinceStationStarted": "1314877.534297", "VacuumAbsolute": "-804", "VacuumRelative": "-804", "ZEndPosition": "47353500", "ZTargetPosition": "47330004"}, "Place": {"ActualPlacePosition": {"Angle": "-2", "X": "132187", "Y": "142327"}, "AirkissPressure": "71", "BoardPanelId": "2", "HoldingCircuitPressure": "2147483647", "NominalPlacePosition": {"Angle": "0", "X": "132200", "Y": "142330"}, "ReferenceDesignator": "T2800_EX120_TRAFO_SC", "Result": "0", "TimeStampSinceStationStarted": "1314879.410844", "VacuumAbsolute": "-803", "VacuumRelative": "97", "ZEndPosition": "41346500", "ZTargetPosition": "41305065"}, "ElectricalMeasurement": null, "Dip": null}, {"HeadSegmentId": "133124", "Measures": {"MeasureList": [{"CameraIndividualId": "4033", "MeasurementResult": "0", "PhiDeviation": "-246268", "TimeStampSinceStationStarted": "1314879.98567", "VisionDumpPath": "C:\\Sirio\\Work\\SvDumpFiles\\PartCameraDumps\\JID_403369712_OID_434940004_SEG_2_BE-Bibliothek.A5E44859639_R1314875004.svdmp", "XDeviation": "-15419", "YDeviation": "43638"}]}, "Pick": {"ActualPickPosition": {"Angle": "0", "X": "6000", "Y": "-49500"}, "MeasuredComponentHeight": "0", "NominalPickPosition": {"Angle": "0", "X": "5942", "Y": "-49479"}, "PickupLocationId": "280", "Result": "0", "TimeStampSinceStationStarted": "1314878.24819", "VacuumAbsolute": "-847", "VacuumRelative": "-847", "ZEndPosition": "46278000", "ZTargetPosition": "46261252"}, "Place": {"ActualPlacePosition": {"Angle": "180000", "X": "25022", "Y": "160892"}, "AirkissPressure": "73", "BoardPanelId": "2", "HoldingCircuitPressure": "2147483647", "NominalPlacePosition": {"Angle": "180000", "X": "25006", "Y": "160905"}, "ReferenceDesignator": "U2005_SOP_8/SOIC_8_O", "Result": "0", "TimeStampSinceStationStarted": "1314880.443004", "VacuumAbsolute": "-847", "VacuumRelative": "97", "ZEndPosition": "43647500", "ZTargetPosition": "43610563"}, "ElectricalMeasurement": null, "Dip": null}, {"HeadSegmentId": "67588", "Measures": {"MeasureList": [{"CameraIndividualId": "4033", "MeasurementResult": "0", "PhiDeviation": "17157", "TimeStampSinceStationStarted": "1314880.197717", "VisionDumpPath": "C:\\Sirio\\Work\\SvDumpFiles\\PartCameraDumps\\JID_403369713_OID_434940005_SEG_1_BE-Bibliothek.A5E45275537_R1314875338.svdmp", "XDeviation": "90842", "YDeviation": "28847"}]}, "Pick": {"ActualPickPosition": {"Angle": "0", "X": "17470", "Y": "-70910"}, "MeasuredComponentHeight": "0", "NominalPickPosition": {"Angle": "0", "X": "17910", "Y": "-70912"}, "PickupLocationId": "271", "Result": "0", "TimeStampSinceStationStarted": "1314878.58148", "VacuumAbsolute": "-786", "VacuumRelative": "-786", "ZEndPosition": "47121000", "ZTargetPosition": "47113108"}, "Place": {"ActualPlacePosition": {"Angle": "180000", "X": "54410", "Y": "75355"}, "AirkissPressure": "72", "BoardPanelId": "2", "HoldingCircuitPressure": "2147483647", "NominalPlacePosition": {"Angle": "180000", "X": "54400", "Y": "75350"}, "ReferenceDesignator": "X601_CONN_16_STECK_R", "Result": "0", "TimeStampSinceStationStarted": "1314880.802206", "VacuumAbsolute": "-804", "VacuumRelative": "87", "ZEndPosition": "39065000", "ZTargetPosition": "39062162"}, "ElectricalMeasurement": null, "Dip": null}, {"HeadSegmentId": "66049", "Measures": {"MeasureList": [{"CameraIndividualId": "1033", "MeasurementResult": "0", "PhiDeviation": "-292227", "TimeStampSinceStationStarted": "1314881.915667", "VisionDumpPath": "C:\\Sirio\\Work\\SvDumpFiles\\PartCameraDumps\\JID_103385215_OID_434940006_SEG_1_BE-Bibliothek.A5E01114436_R1314878211.svdmp", "XDeviation": "-22799", "YDeviation": "-3927"}]}, "Pick": {"ActualPickPosition": {"Angle": "180000", "X": "17950", "Y": "-70500"}, "MeasuredComponentHeight": "0", "NominalPickPosition": {"Angle": "180000", "X": "17888", "Y": "-70990"}, "PickupLocationId": "238", "Result": "0", "TimeStampSinceStationStarted": "1314881.453952", "VacuumAbsolute": "-772", "VacuumRelative": "-772", "ZEndPosition": "43471500", "ZTargetPosition": "43477827"}, "Place": {"ActualPlacePosition": {"Angle": "179998", "X": "168009", "Y": "169907"}, "AirkissPressure": "73", "BoardPanelId": "2", "HoldingCircuitPressure": "2147483647", "NominalPlacePosition": {"Angle": "180000", "X": "168030", "Y": "169915"}, "ReferenceDesignator": "X605_CONN_8_STECK_RC", "Result": "0", "TimeStampSinceStationStarted": "1314882.361826", "VacuumAbsolute": "-804", "VacuumRelative": "97", "ZEndPosition": "40198500", "ZTargetPosition": "40219444"}, "ElectricalMeasurement": null, "Dip": null}, {"HeadSegmentId": "67588", "Measures": {"MeasureList": [{"CameraIndividualId": "4033", "MeasurementResult": "0", "PhiDeviation": "-92703", "TimeStampSinceStationStarted": "1314882.84942", "VisionDumpPath": "C:\\Sirio\\Work\\SvDumpFiles\\PartCameraDumps\\JID_403369714_OID_434940007_SEG_1_BE-Bibliothek.A5E30621710_R1314878414.svdmp", "XDeviation": "186788", "YDeviation": "-13115"}]}, "Pick": {"ActualPickPosition": {"Angle": "0", "X": "15250", "Y": "-70500"}, "MeasuredComponentHeight": "0", "NominalPickPosition": {"Angle": "0", "X": "15183", "Y": "-70830"}, "PickupLocationId": "269", "Result": "0", "TimeStampSinceStationStarted": "1314881.657144", "VacuumAbsolute": "-780", "VacuumRelative": "-780", "ZEndPosition": "47040500", "ZTargetPosition": "47060130"}, "Place": {"ActualPlacePosition": {"Angle": "0", "X": "87902", "Y": "50141"}, "AirkissPressure": "75", "BoardPanelId": "2", "HoldingCircuitPressure": "2147483647", "NominalPlacePosition": {"Angle": "0", "X": "87900", "Y": "50130"}, "ReferenceDesignator": "D1500_TSSOP_56_IC_IN", "Result": "0", "TimeStampSinceStationStarted": "1314883.37231", "VacuumAbsolute": "-830", "VacuumRelative": "93", "ZEndPosition": "46244000", "ZTargetPosition": "46252259"}, "ElectricalMeasurement": null, "Dip": null}, {"HeadSegmentId": "133124", "Measures": {"MeasureList": [{"CameraIndividualId": "4033", "MeasurementResult": "0", "PhiDeviation": "181410", "TimeStampSinceStationStarted": "1314883.009273", "VisionDumpPath": "C:\\Sirio\\Work\\SvDumpFiles\\PartCameraDumps\\JID_403369715_OID_434940008_SEG_2_BE-Bibliothek.A5E44859639_R1314878692.svdmp", "XDeviation": "-60013", "YDeviation": "21618"}]}, "Pick": {"ActualPickPosition": {"Angle": "0", "X": "6000", "Y": "-49500"}, "MeasuredComponentHeight": "0", "NominalPickPosition": {"Angle": "0", "X": "5941", "Y": "-49477"}, "PickupLocationId": "280", "Result": "0", "TimeStampSinceStationStarted": "1314881.935289", "VacuumAbsolute": "-848", "VacuumRelative": "-848", "ZEndPosition": "46265000", "ZTargetPosition": "46265439"}, "Place": {"ActualPlacePosition": {"Angle": "180000", "X": "37663", "Y": "27195"}, "AirkissPressure": "73", "BoardPanelId": "2", "HoldingCircuitPressure": "2147483647", "NominalPlacePosition": {"Angle": "180000", "X": "37650", "Y": "27180"}, "ReferenceDesignator": "U500_SOP_8/SOIC_8_OP", "Result": "0", "TimeStampSinceStationStarted": "1314883.614761", "VacuumAbsolute": "-848", "VacuumRelative": "97", "ZEndPosition": "43769500", "ZTargetPosition": "43798629"}, "ElectricalMeasurement": null, "Dip": null}, {"HeadSegmentId": "66049", "Measures": {"MeasureList": [{"CameraIndividualId": "1033", "MeasurementResult": "0", "PhiDeviation": "-86465", "TimeStampSinceStationStarted": "1314884.916183", "VisionDumpPath": "C:\\Sirio\\Work\\SvDumpFiles\\PartCameraDumps\\JID_103385216_OID_434940009_SEG_1_BE-Bibliothek.A5E02081137_R1314880930.svdmp", "XDeviation": "12685", "YDeviation": "386115"}]}, "Pick": {"ActualPickPosition": {"Angle": "0", "X": "29950", "Y": "-70500"}, "MeasuredComponentHeight": "0", "NominalPickPosition": {"Angle": "0", "X": "30020", "Y": "-71959"}, "PickupLocationId": "244", "Result": "0", "TimeStampSinceStationStarted": "1314884.173648", "VacuumAbsolute": "-835", "VacuumRelative": "-835", "ZEndPosition": "48480000", "ZTargetPosition": "48754133"}, "Place": {"ActualPlacePosition": {"Angle": "-2", "X": "164279", "Y": "153624"}, "AirkissPressure": "74", "BoardPanelId": "2", "HoldingCircuitPressure": "2147483647", "NominalPlacePosition": {"Angle": "0", "X": "164300", "Y": "153630"}, "ReferenceDesignator": "X203_CONN_32_STECK_R", "Result": "0", "TimeStampSinceStationStarted": "1314885.437699", "VacuumAbsolute": "-836", "VacuumRelative": "103", "ZEndPosition": "30052500", "ZTargetPosition": "30071039"}, "ElectricalMeasurement": null, "Dip": null}, {"HeadSegmentId": "67588", "Measures": {"MeasureList": [{"CameraIndividualId": "4033", "MeasurementResult": "0", "PhiDeviation": "-287126", "TimeStampSinceStationStarted": "1314886.802536", "VisionDumpPath": "C:\\Sirio\\Work\\SvDumpFiles\\PartCameraDumps\\JID_403369716_OID_434940011_SEG_1_BE-Bibliothek.A5E51102635_R1314882419.svdmp", "XDeviation": "152695", "YDeviation": "-24152"}]}, "Pick": {"ActualPickPosition": {"Angle": "0", "X": "15250", "Y": "-70500"}, "MeasuredComponentHeight": "0", "NominalPickPosition": {"Angle": "0", "X": "15152", "Y": "-70491"}, "PickupLocationId": "265", "Result": "0", "TimeStampSinceStationStarted": "1314885.663027", "VacuumAbsolute": "-822", "VacuumRelative": "-822", "ZEndPosition": "47255000", "ZTargetPosition": "47256999"}, "Place": {"ActualPlacePosition": {"Angle": "180000", "X": "72056", "Y": "49991"}, "AirkissPressure": "74", "BoardPanelId": "2", "HoldingCircuitPressure": "2147483647", "NominalPlacePosition": {"Angle": "180000", "X": "72050", "Y": "49980"}, "ReferenceDesignator": "D3_BGA_63_", "Result": "0", "TimeStampSinceStationStarted": "1314887.146604", "VacuumAbsolute": "-825", "VacuumRelative": "92", "ZEndPosition": "46329500", "ZTargetPosition": "46344956"}, "ElectricalMeasurement": null, "Dip": null}, {"HeadSegmentId": "133124", "Measures": {"MeasureList": [{"CameraIndividualId": "4033", "MeasurementResult": "0", "PhiDeviation": "-956048", "TimeStampSinceStationStarted": "1314886.590387", "VisionDumpPath": "C:\\Sirio\\Work\\SvDumpFiles\\PartCameraDumps\\JID_403369717_OID_434940010_SEG_2_BE-Bibliothek.A5E44859639_R1314882814.svdmp", "XDeviation": "101267", "YDeviation": "49669"}]}, "Pick": {"ActualPickPosition": {"Angle": "0", "X": "6000", "Y": "-49500"}, "MeasuredComponentHeight": "0", "NominalPickPosition": {"Angle": "0", "X": "5938", "Y": "-49476"}, "PickupLocationId": "280", "Result": "0", "TimeStampSinceStationStarted": "1314886.057792", "VacuumAbsolute": "-847", "VacuumRelative": "-847", "ZEndPosition": "46274500", "ZTargetPosition": "46265329"}, "Place": {"ActualPlacePosition": {"Angle": "180000", "X": "32220", "Y": "160892"}, "AirkissPressure": "73", "BoardPanelId": "2", "HoldingCircuitPressure": "2147483647", "NominalPlacePosition": {"Angle": "180000", "X": "32206", "Y": "160905"}, "ReferenceDesignator": "U2006_SOP_8/SOIC_8_O", "Result": "0", "TimeStampSinceStationStarted": "1314887.485216", "VacuumAbsolute": "-847", "VacuumRelative": "97", "ZEndPosition": "43629500", "ZTargetPosition": "43612221"}, "ElectricalMeasurement": null, "Dip": null}]}, "HeadContext": {"HeadSegments": {"HeadSegment": [{"GantryId": "1", "Head": "1", "HeadName": "Twin Head 5xx", "Id": "66049", "NozzleTypeId": "517", "SegmentNumber": "1"}, {"GantryId": "4", "Head": "1", "HeadName": "Twin Head 5xx", "Id": "67588", "NozzleTypeId": "516", "SegmentNumber": "1"}, {"GantryId": "1", "Head": "1", "HeadName": "Twin Head 5xx", "Id": "131585", "NozzleTypeId": "573", "SegmentNumber": "2"}, {"GantryId": "4", "Head": "1", "HeadName": "Twin Head 5xx", "Id": "133124", "NozzleTypeId": "597", "SegmentNumber": "2"}]}}, "SetupContext": {"PickupLocations": {"PickupLocation": [{"Division": "1", "FeederId": "32FAUE900466", "FeederType": "288", "Id": "238", "Level": "0", "Location": "1", "StartTrackNumber": "7", "SubLocation": "1", "Tower": "0", "PackagingUid": "M05328016"}, {"Division": "1", "FeederId": "24KL-L205402", "FeederType": "280", "Id": "240", "Level": "0", "Location": "1", "StartTrackNumber": "14", "SubLocation": "1", "Tower": "0", "PackagingUid": "M05187748"}, {"Division": "1", "FeederId": "44KL-K305106", "FeederType": "300", "Id": "241", "Level": "0", "Location": "1", "StartTrackNumber": "17", "SubLocation": "1", "Tower": "0", "PackagingUid": "M04859548"}, {"Division": "1", "FeederId": "24KL-K305319", "FeederType": "280", "Id": "242", "Level": "0", "Location": "1", "StartTrackNumber": "22", "SubLocation": "1", "Tower": "0", "PackagingUid": "M04790496"}, {"Division": "1", "FeederId": "56FAUE300111", "FeederType": "312", "Id": "244", "Level": "0", "Location": "1", "StartTrackNumber": "27", "SubLocation": "1", "Tower": "0", "PackagingUid": "M05301314"}, {"Division": "1", "FeederId": "24FAUE900672", "FeederType": "280", "Id": "265", "Level": "0", "Location": "4", "StartTrackNumber": "1", "SubLocation": "1", "Tower": "0", "PackagingUid": "A00061487"}, {"Division": "1", "FeederId": "32FAUE000671", "FeederType": "288", "Id": "267", "Level": "0", "Location": "4", "StartTrackNumber": "16", "SubLocation": "1", "Tower": "0", "PackagingUid": "M05305955"}, {"Division": "1", "FeederId": "24KL-N300550", "FeederType": "280", "Id": "269", "Level": "0", "Location": "4", "StartTrackNumber": "22", "SubLocation": "1", "Tower": "0", "PackagingUid": "M05263329"}, {"Division": "1", "FeederId": "32FAUE900659", "FeederType": "288", "Id": "271", "Level": "0", "Location": "4", "StartTrackNumber": "28", "SubLocation": "1", "Tower": "0", "PackagingUid": "M05325464"}, {"Division": "1", "FeederId": "12KL-F105078", "FeederType": "268", "Id": "280", "Level": "0", "Location": "4", "StartTrackNumber": "14", "SubLocation": "1", "Tower": "0", "PackagingUid": "M05245907"}]}}}}, "ProductionEndedData": {"StationTime": "2021-11-30T15:46:16.8010000+08:00", "TimeStampSinceStationStarted": "1314887.933374"}}