{"name": "PDI_Line5_3868142521_20211130031624.txt", "Timestamp": "2021-11-30T03:16:14.1566599+08:00", "TxnID": "cceb1543-8ae1-4d9b-abcd-a75d0dbd2e2f", "Line": "SEWC-Lines\\Line5", "Machine": "Line5\\ST3_X3 S", "ProductionStartedData": [{"ConveyorLanePosition": "1", "ConveyorStopperPosition": "1", "Pcb": {"BarcodeReaderPosition": "0", "BoardSide": "1", "IndividualGUID": "b6576b85-1965-4880-87bf-2061e48489d2", "LineJobGUID": "3a5e1e40-f5b9-457f-8e3c-d7ab63795644", "Path": "STAB\\A5E50302021lt01", "PcbIndividualID": "43127", "RecipePath": "Line5\\Smart_CPU_L5_702SAF\\A5E50302021lt01", "Barcode": "", "OrderNumber": null}, "ProcessingAreaPosition": "1", "SetupPath": "Line5\\Smart_CPU_L5_702SAF", "StationTime": "2021-11-30T03:13:51.0090000+08:00", "TimeStampSinceStationStarted": "1269742.365201"}], "BoardPositionsList": {"BoardPositions": [{"ActualPosition": {"Angle": "-117", "X": "-528937", "Y": "-232122", "Z": "-5000"}, "FiducialPositions": {"FiducialRecognitionResult": [{"ActualPosition": {"Angle": "-88", "X": "242573", "Y": "10722", "Z": null}, "CameraIndividualId": "4034", "FiducialFunction": "0", "GantryId": "4", "MeasurementResult": "0", "NominalPosition": {"Angle": "0", "X": "243420", "Y": "10530", "Z": null}, "Path": "A5E50302021lt01/1/01/1", "StationTime": "2021-11-30T03:13:54.0970000+08:00", "TimeStampSinceStationStarted": "1269745.452801"}, {"ActualPosition": {"Angle": "-80", "X": "7417", "Y": "192759", "Z": null}, "CameraIndividualId": "4034", "FiducialFunction": "0", "GantryId": "4", "MeasurementResult": "0", "NominalPosition": {"Angle": "0", "X": "7970", "Y": "192030", "Z": null}, "Path": "A5E50302021lt01/1/02/1", "StationTime": "2021-11-30T03:13:54.0970000+08:00", "TimeStampSinceStationStarted": "1269745.452801"}]}, "NominalPosition": {"Angle": "0", "X": "-528032", "Y": "-232838", "Z": "-5000"}}]}, "ProgressDataList": {"ProductionProgressData": {"BoardContext": {"BoardPanels": {"BoardPanel": [{"Id": "2", "PanelPath": "A5E50302021lt01/A1"}, {"Id": "3", "PanelPath": "A5E50302021lt01/B1"}]}}, "ComponentIndividuals": {"ComponentIndividual": [{"HeadSegmentId": "67588", "Measures": {"MeasureList": [{"CameraIndividualId": "4033", "MeasurementResult": "0", "PhiDeviation": "-331857", "TimeStampSinceStationStarted": "1269746.101578", "VisionDumpPath": "C:\\Sirio\\Work\\SvDumpFiles\\PartCameraDumps\\JID_403358628_OID_431270000_SEG_1_BE-Bibliothek.A5E50179091_R1269739546.svdmp", "XDeviation": "4759", "YDeviation": "64623"}]}, "Pick": {"ActualPickPosition": {"Angle": "0", "X": "15126", "Y": "-71150"}, "MeasuredComponentHeight": "0", "NominalPickPosition": {"Angle": "0", "X": "15217", "Y": "-71342"}, "PickupLocationId": "266", "Result": "0", "TimeStampSinceStationStarted": "1269743.013899", "VacuumAbsolute": "-785", "VacuumRelative": "-785", "ZEndPosition": "47570500", "ZTargetPosition": "47626809"}, "Place": {"ActualPlacePosition": {"Angle": "0", "X": "200755", "Y": "27956"}, "AirkissPressure": "72", "BoardPanelId": "3", "HoldingCircuitPressure": "2147483647", "NominalPlacePosition": {"Angle": "0", "X": "200731", "Y": "27980"}, "ReferenceDesignator": "D2_BGA_90_IC_DRAM_51", "Result": "0", "TimeStampSinceStationStarted": "1269746.504565", "VacuumAbsolute": "-838", "VacuumRelative": "96", "ZEndPosition": "46582500", "ZTargetPosition": "46587575"}, "ElectricalMeasurement": null, "Dip": null}, {"HeadSegmentId": "67588", "Measures": {"MeasureList": [{"CameraIndividualId": "4033", "MeasurementResult": "0", "PhiDeviation": "783126", "TimeStampSinceStationStarted": "1269747.835363", "VisionDumpPath": "C:\\Sirio\\Work\\SvDumpFiles\\PartCameraDumps\\JID_403358629_OID_431270001_SEG_1_BE-Bibliothek.A5E00277754_R1269743670.svdmp", "XDeviation": "-146074", "YDeviation": "20385"}]}, "Pick": {"ActualPickPosition": {"Angle": "0", "X": "18028", "Y": "-70606"}, "MeasuredComponentHeight": "0", "NominalPickPosition": {"Angle": "0", "X": "17728", "Y": "-70493"}, "PickupLocationId": "272", "Result": "0", "TimeStampSinceStationStarted": "1269747.138191", "VacuumAbsolute": "-828", "VacuumRelative": "-828", "ZEndPosition": "47261000", "ZTargetPosition": "47245624"}, "Place": {"ActualPlacePosition": {"Angle": "180000", "X": "226614", "Y": "49063"}, "AirkissPressure": "76", "BoardPanelId": "3", "HoldingCircuitPressure": "2147483647", "NominalPlacePosition": {"Angle": "180000", "X": "226581", "Y": "49080"}, "ReferenceDesignator": "X101_EXSOP_14_STECK_", "Result": "0", "TimeStampSinceStationStarted": "1269748.319656", "VacuumAbsolute": "-850", "VacuumRelative": "98", "ZEndPosition": "39016000", "ZTargetPosition": "38980670"}, "ElectricalMeasurement": null, "Dip": null}, {"HeadSegmentId": "133124", "Measures": {"MeasureList": [{"CameraIndividualId": "4033", "MeasurementResult": "0", "PhiDeviation": "335909", "TimeStampSinceStationStarted": "1269747.977176", "VisionDumpPath": "C:\\Sirio\\Work\\SvDumpFiles\\PartCameraDumps\\JID_403358630_OID_431270002_SEG_2_BE-Bibliothek.A5E00277754_R1269743887.svdmp", "XDeviation": "5554", "YDeviation": "-14647"}]}, "Pick": {"ActualPickPosition": {"Angle": "0", "X": "18028", "Y": "-70606"}, "MeasuredComponentHeight": "0", "NominalPickPosition": {"Angle": "0", "X": "17728", "Y": "-70493"}, "PickupLocationId": "272", "Result": "0", "TimeStampSinceStationStarted": "1269747.354557", "VacuumAbsolute": "-832", "VacuumRelative": "-832", "ZEndPosition": "47303500", "ZTargetPosition": "47266124"}, "Place": {"ActualPlacePosition": {"Angle": "180000", "X": "106075", "Y": "49063"}, "AirkissPressure": "78", "BoardPanelId": "2", "HoldingCircuitPressure": "2147483647", "NominalPlacePosition": {"Angle": "180000", "X": "106081", "Y": "49080"}, "ReferenceDesignator": "X101_EXSOP_14_STECK_", "Result": "0", "TimeStampSinceStationStarted": "1269748.495704", "VacuumAbsolute": "-844", "VacuumRelative": "98", "ZEndPosition": "38771000", "ZTargetPosition": "38777423"}, "ElectricalMeasurement": null, "Dip": null}, {"HeadSegmentId": "67588", "Measures": {"MeasureList": [{"CameraIndividualId": "4033", "MeasurementResult": "0", "PhiDeviation": "-399731", "TimeStampSinceStationStarted": "1269749.587409", "VisionDumpPath": "C:\\Sirio\\Work\\SvDumpFiles\\PartCameraDumps\\JID_403358631_OID_431270003_SEG_1_BE-Bibliothek.A5E50179091_R1269745672.svdmp", "XDeviation": "2590", "YDeviation": "-12440"}]}, "Pick": {"ActualPickPosition": {"Angle": "0", "X": "15126", "Y": "-71150"}, "MeasuredComponentHeight": "0", "NominalPickPosition": {"Angle": "0", "X": "15217", "Y": "-71339"}, "PickupLocationId": "266", "Result": "0", "TimeStampSinceStationStarted": "1269749.139918", "VacuumAbsolute": "-786", "VacuumRelative": "-786", "ZEndPosition": "47618000", "ZTargetPosition": "47612731"}, "Place": {"ActualPlacePosition": {"Angle": "0", "X": "80216", "Y": "27956"}, "AirkissPressure": "71", "BoardPanelId": "2", "HoldingCircuitPressure": "2147483647", "NominalPlacePosition": {"Angle": "0", "X": "80231", "Y": "27980"}, "ReferenceDesignator": "D2_BGA_90_IC_DRAM_51", "Result": "0", "TimeStampSinceStationStarted": "1269749.990155", "VacuumAbsolute": "-837", "VacuumRelative": "96", "ZEndPosition": "46524500", "ZTargetPosition": "46545272"}, "ElectricalMeasurement": null, "Dip": null}]}, "HeadContext": {"HeadSegments": {"HeadSegment": [{"GantryId": "4", "Head": "1", "HeadName": "Twin Head 5xx", "Id": "67588", "NozzleTypeId": "516", "SegmentNumber": "1"}, {"GantryId": "4", "Head": "1", "HeadName": "Twin Head 5xx", "Id": "133124", "NozzleTypeId": "516", "SegmentNumber": "2"}]}}, "SetupContext": {"PickupLocations": {"PickupLocation": [{"Division": "1", "FeederId": "24FAUE600590", "FeederType": "280", "Id": "266", "Level": "0", "Location": "4", "StartTrackNumber": "4", "SubLocation": "1", "Tower": "0", "PackagingUid": "M05320388"}, {"Division": "1", "FeederId": "32KL-K405124", "FeederType": "288", "Id": "272", "Level": "0", "Location": "4", "StartTrackNumber": "32", "SubLocation": "1", "Tower": "0", "PackagingUid": "M05323047"}]}}}}, "ProductionEndedData": {"StationTime": "2021-11-30T03:13:59.0110000+08:00", "TimeStampSinceStationStarted": "1269750.366925"}}