{"name": "PDI_Line5_3842956030_20211130232337.txt", "Timestamp": "2021-11-30T23:23:20.5694548+08:00", "TxnID": "8fc284a3-8ba4-4a27-9806-4f0f561e5ba2", "Line": "SEWC-Lines\\Line5", "Machine": "Line5\\ST3_X3 S", "ProductionStartedData": [{"ConveyorLanePosition": "2", "ConveyorStopperPosition": "1", "Pcb": {"BarcodeReaderPosition": "0", "BoardSide": "1", "IndividualGUID": "b38ebc1d-1349-42fd-80ae-b023b23a9dde", "LineJobGUID": "0eac2a39-09f1-470d-9bd7-2a5e9815b5ca", "Path": "STAB\\A5E50302024lt02", "PcbIndividualID": "44480", "RecipePath": "Line5\\Smart_CPU_L5_702SAF\\A5E50302024lt02", "Barcode": "", "OrderNumber": null}, "ProcessingAreaPosition": "2", "SetupPath": "Line5\\Smart_CPU_L5_702SAF", "StationTime": "2021-11-30T23:20:55.9560000+08:00", "TimeStampSinceStationStarted": "1342166.952631"}], "BoardPositionsList": {"BoardPositions": [{"ActualPosition": {"Angle": "61", "X": "510363", "Y": "16476", "Z": "-5000"}, "FiducialPositions": {"FiducialRecognitionResult": []}, "NominalPosition": {"Angle": "0", "X": "510392", "Y": "16359", "Z": "-5000"}}]}, "ProgressDataList": {"ProductionProgressData": {"BoardContext": {"BoardPanels": {"BoardPanel": [{"Id": "2", "PanelPath": "A5E50302024lt02/A1"}]}}, "ComponentIndividuals": {"ComponentIndividual": [{"HeadSegmentId": "132355", "Measures": {"MeasureList": [{"CameraIndividualId": "3033", "MeasurementResult": "0", "PhiDeviation": "28817", "TimeStampSinceStationStarted": "1342172.533912", "VisionDumpPath": "C:\\Sirio\\Work\\SvDumpFiles\\PartCameraDumps\\JID_303395948_OID_444800002_SEG_2_BE-Bibliothek.A5E01058093_R1342168154.svdmp", "XDeviation": "26755", "YDeviation": "-77545"}]}, "Pick": {"ActualPickPosition": {"Angle": "0", "X": "23950", "Y": "-70500"}, "MeasuredComponentHeight": "0", "NominalPickPosition": {"Angle": "0", "X": "23904", "Y": "-70567"}, "PickupLocationId": "263", "Result": "0", "TimeStampSinceStationStarted": "1342171.26327", "VacuumAbsolute": "-423", "VacuumRelative": "-423", "ZEndPosition": "50335500", "ZTargetPosition": "50290886"}, "Place": {"ActualPlacePosition": {"Angle": "0", "X": "67695", "Y": "66325"}, "AirkissPressure": "72", "BoardPanelId": "2", "HoldingCircuitPressure": "2147483647", "NominalPlacePosition": {"Angle": "0", "X": "67700", "Y": "66330"}, "ReferenceDesignator": "X102_CONN_28_STECK_R", "Result": "0", "TimeStampSinceStationStarted": "1342173.713637", "VacuumAbsolute": "-437", "VacuumRelative": "33", "ZEndPosition": "41690000", "ZTargetPosition": "41737162"}, "ElectricalMeasurement": null, "Dip": null}, {"HeadSegmentId": "66819", "Measures": {"MeasureList": [{"CameraIndividualId": "3033", "MeasurementResult": "0", "PhiDeviation": "729916", "TimeStampSinceStationStarted": "1342172.994087", "VisionDumpPath": "C:\\Sirio\\Work\\SvDumpFiles\\PartCameraDumps\\JID_303395947_OID_444800003_SEG_1_BE-Bibliothek.A5E02081140_R1342167227.svdmp", "XDeviation": "-149980", "YDeviation": "269428"}]}, "Pick": {"ActualPickPosition": {"Angle": "0", "X": "30273", "Y": "-70772"}, "MeasuredComponentHeight": "0", "NominalPickPosition": {"Angle": "0", "X": "30767", "Y": "-70571"}, "PickupLocationId": "247", "Result": "0", "TimeStampSinceStationStarted": "1342170.33539", "VacuumAbsolute": "-828", "VacuumRelative": "-828", "ZEndPosition": "49552500", "ZTargetPosition": "49561111"}, "Place": {"ActualPlacePosition": {"Angle": "0", "X": "35190", "Y": "66325"}, "AirkissPressure": "72", "BoardPanelId": "2", "HoldingCircuitPressure": "2147483647", "NominalPlacePosition": {"Angle": "0", "X": "35200", "Y": "66330"}, "ReferenceDesignator": "X103_CONN_32_STECK_R", "Result": "0", "TimeStampSinceStationStarted": "1342173.977559", "VacuumAbsolute": "-860", "VacuumRelative": "102", "ZEndPosition": "40781000", "ZTargetPosition": "40731016"}, "ElectricalMeasurement": null, "Dip": null}]}, "HeadContext": {"HeadSegments": {"HeadSegment": [{"GantryId": "3", "Head": "1", "HeadName": "Twin Head 5xx", "Id": "66819", "NozzleTypeId": "573", "SegmentNumber": "1"}, {"GantryId": "3", "Head": "1", "HeadName": "Twin Head 5xx", "Id": "132355", "NozzleTypeId": "573", "SegmentNumber": "2"}]}}, "SetupContext": {"PickupLocations": {"PickupLocation": [{"Division": "1", "FeederId": "56FAUC000504", "FeederType": "312", "Id": "247", "Level": "0", "Location": "2", "StartTrackNumber": "1", "SubLocation": "1", "Tower": "0", "PackagingUid": "M05297981"}, {"Division": "1", "FeederId": "44FAUD200890", "FeederType": "300", "Id": "263", "Level": "0", "Location": "3", "StartTrackNumber": "30", "SubLocation": "1", "Tower": "0", "PackagingUid": "M05298575"}]}}}}, "ProductionEndedData": {"StationTime": "2021-11-30T23:21:03.4080000+08:00", "TimeStampSinceStationStarted": "1342174.404784"}}