{"name": "PDI_Line5_3849545938_20211130073344.txt", "Timestamp": "2021-11-30T07:33:12.6879421+08:00", "TxnID": "16cbe6bf-1454-4b18-8a32-673613bec6de", "Line": "SEWC-Lines\\Line5", "Machine": "Line5\\ST3_X3 S", "ProductionStartedData": [{"ConveyorLanePosition": "1", "ConveyorStopperPosition": "1", "Pcb": {"BarcodeReaderPosition": "0", "BoardSide": "1", "IndividualGUID": "a6b3d6c5-c78a-49ec-8ad1-cf0ae0d759c7", "LineJobGUID": "5fdb5b23-5b59-4b4e-ab1d-ed8a85069eae", "Path": "STAB\\A5E50302021bt01", "PcbIndividualID": "43557", "RecipePath": "Line5\\Smart_CPU_L5_702SAF\\A5E50302021bt01", "Barcode": "", "OrderNumber": null}, "ProcessingAreaPosition": "2", "SetupPath": "Line5\\Smart_CPU_L5_702SAF", "StationTime": "2021-11-30T07:30:49.3610000+08:00", "TimeStampSinceStationStarted": "1285160.64044"}], "BoardPositionsList": {"BoardPositions": [{"ActualPosition": {"Angle": "-5", "X": "457681", "Y": "-233171", "Z": "-5000"}, "FiducialPositions": {"FiducialRecognitionResult": []}, "NominalPosition": {"Angle": "0", "X": "457820", "Y": "-233646", "Z": "-5000"}}]}, "ProgressDataList": {"ProductionProgressData": {"BoardContext": {"BoardPanels": {"BoardPanel": [{"Id": "2", "PanelPath": "A5E50302021bt01/A1"}, {"Id": "3", "PanelPath": "A5E50302021bt01/B1"}]}}, "ComponentIndividuals": {"ComponentIndividual": [{"HeadSegmentId": "66819", "Measures": {"MeasureList": [{"CameraIndividualId": "3033", "MeasurementResult": "0", "PhiDeviation": "-51594", "TimeStampSinceStationStarted": "1285162.851945", "VisionDumpPath": "C:\\Sirio\\Work\\SvDumpFiles\\PartCameraDumps\\JID_303382394_OID_435570024_SEG_1_BE-Bibliothek.A5E32357002_R1285158400.svdmp", "XDeviation": "455735", "YDeviation": "-1290191"}]}, "Pick": {"ActualPickPosition": {"Angle": "0", "X": "29950", "Y": "-70500"}, "MeasuredComponentHeight": "0", "NominalPickPosition": {"Angle": "0", "X": "29968", "Y": "-70582"}, "PickupLocationId": "257", "Result": "0", "TimeStampSinceStationStarted": "1285161.790905", "VacuumAbsolute": "-615", "VacuumRelative": "-615", "ZEndPosition": "48963500", "ZTargetPosition": "48182789"}, "Place": {"ActualPlacePosition": {"Angle": "180000", "X": "98582", "Y": "160187"}, "AirkissPressure": "74", "BoardPanelId": "3", "HoldingCircuitPressure": "2147483647", "NominalPlacePosition": {"Angle": "180000", "X": "98585", "Y": "160180"}, "ReferenceDesignator": "X202_CONN_28_STECK_R", "Result": "0", "TimeStampSinceStationStarted": "1285163.483053", "VacuumAbsolute": "-614", "VacuumRelative": "57", "ZEndPosition": "30843500", "ZTargetPosition": "30819908"}, "ElectricalMeasurement": null, "Dip": null}, {"HeadSegmentId": "66819", "Measures": {"MeasureList": [{"CameraIndividualId": "3033", "MeasurementResult": "0", "PhiDeviation": "-373378", "TimeStampSinceStationStarted": "1285165.274796", "VisionDumpPath": "C:\\Sirio\\Work\\SvDumpFiles\\PartCameraDumps\\JID_303382395_OID_435570025_SEG_1_BE-Bibliothek.A5E32357002_R1285160855.svdmp", "XDeviation": "420564", "YDeviation": "-963308"}]}, "Pick": {"ActualPickPosition": {"Angle": "0", "X": "29950", "Y": "-70500"}, "MeasuredComponentHeight": "0", "NominalPickPosition": {"Angle": "0", "X": "29991", "Y": "-70646"}, "PickupLocationId": "257", "Result": "0", "TimeStampSinceStationStarted": "1285164.246208", "VacuumAbsolute": "-775", "VacuumRelative": "-775", "ZEndPosition": "48963000", "ZTargetPosition": "48377966"}, "Place": {"ActualPlacePosition": {"Angle": "180000", "X": "219096", "Y": "160187"}, "AirkissPressure": "71", "BoardPanelId": "2", "HoldingCircuitPressure": "2147483647", "NominalPlacePosition": {"Angle": "180000", "X": "219085", "Y": "160180"}, "ReferenceDesignator": "X202_CONN_28_STECK_R", "Result": "0", "TimeStampSinceStationStarted": "1285165.905783", "VacuumAbsolute": "-787", "VacuumRelative": "89", "ZEndPosition": "31017500", "ZTargetPosition": "31067609"}, "ElectricalMeasurement": null, "Dip": null}, {"HeadSegmentId": "132355", "Measures": {"MeasureList": [{"CameraIndividualId": "3033", "MeasurementResult": "0", "PhiDeviation": "-1361175", "TimeStampSinceStationStarted": "1285167.458158", "VisionDumpPath": "C:\\Sirio\\Work\\SvDumpFiles\\PartCameraDumps\\JID_303382396_OID_435570026_SEG_2_BE-Bibliothek.A5E00701727_R1285163273.svdmp", "XDeviation": "-37476", "YDeviation": "166435"}]}, "Pick": {"ActualPickPosition": {"Angle": "180000", "X": "15250", "Y": "-70500"}, "MeasuredComponentHeight": "0", "NominalPickPosition": {"Angle": "180000", "X": "15319", "Y": "-70298"}, "PickupLocationId": "260", "Result": "0", "TimeStampSinceStationStarted": "1285166.663559", "VacuumAbsolute": "-792", "VacuumRelative": "-792", "ZEndPosition": "47734000", "ZTargetPosition": "47703648"}, "Place": {"ActualPlacePosition": {"Angle": "0", "X": "102578", "Y": "141635"}, "AirkissPressure": "71", "BoardPanelId": "3", "HoldingCircuitPressure": "2147483647", "NominalPlacePosition": {"Angle": "0", "X": "102580", "Y": "141630"}, "ReferenceDesignator": "C2208_CAPA_2_22_KOND", "Result": "0", "TimeStampSinceStationStarted": "1285168.019791", "VacuumAbsolute": "-796", "VacuumRelative": "96", "ZEndPosition": "37246500", "ZTargetPosition": "37207064"}, "ElectricalMeasurement": null, "Dip": null}, {"HeadSegmentId": "66819", "Measures": {"MeasureList": [{"CameraIndividualId": "3033", "MeasurementResult": "0", "PhiDeviation": "-140018", "TimeStampSinceStationStarted": "1285167.598987", "VisionDumpPath": "C:\\Sirio\\Work\\SvDumpFiles\\PartCameraDumps\\JID_303382397_OID_435570027_SEG_1_BE-Bibliothek.A5E01059015_R1285163506.svdmp", "XDeviation": "11686", "YDeviation": "562166"}]}, "Pick": {"ActualPickPosition": {"Angle": "0", "X": "17950", "Y": "-70500"}, "MeasuredComponentHeight": "0", "NominalPickPosition": {"Angle": "0", "X": "18467", "Y": "-70378"}, "PickupLocationId": "259", "Result": "0", "TimeStampSinceStationStarted": "1285166.896767", "VacuumAbsolute": "-850", "VacuumRelative": "-850", "ZEndPosition": "49078000", "ZTargetPosition": "48950117"}, "Place": {"ActualPlacePosition": {"Angle": "180000", "X": "24913", "Y": "139454"}, "AirkissPressure": "76", "BoardPanelId": "3", "HoldingCircuitPressure": "2147483647", "NominalPlacePosition": {"Angle": "180000", "X": "24924", "Y": "139450"}, "ReferenceDesignator": "X201_CONN_14_STECK_R", "Result": "0", "TimeStampSinceStationStarted": "1285168.224563", "VacuumAbsolute": "-855", "VacuumRelative": "102", "ZEndPosition": "29703000", "ZTargetPosition": "29691267"}, "ElectricalMeasurement": null, "Dip": null}, {"HeadSegmentId": "132355", "Measures": {"MeasureList": [{"CameraIndividualId": "3033", "MeasurementResult": "0", "PhiDeviation": "-94153", "TimeStampSinceStationStarted": "1285169.603359", "VisionDumpPath": "C:\\Sirio\\Work\\SvDumpFiles\\PartCameraDumps\\JID_303382398_OID_435570028_SEG_2_BE-Bibliothek.A5E00701727_R1285165444.svdmp", "XDeviation": "-78878", "YDeviation": "-69973"}]}, "Pick": {"ActualPickPosition": {"Angle": "180000", "X": "15250", "Y": "-70500"}, "MeasuredComponentHeight": "0", "NominalPickPosition": {"Angle": "180000", "X": "15321", "Y": "-70306"}, "PickupLocationId": "260", "Result": "0", "TimeStampSinceStationStarted": "1285168.835485", "VacuumAbsolute": "-822", "VacuumRelative": "-822", "ZEndPosition": "47720000", "ZTargetPosition": "47711236"}, "Place": {"ActualPlacePosition": {"Angle": "0", "X": "210190", "Y": "141635"}, "AirkissPressure": "72", "BoardPanelId": "2", "HoldingCircuitPressure": "2147483647", "NominalPlacePosition": {"Angle": "0", "X": "210180", "Y": "141630"}, "ReferenceDesignator": "C2207_CAPA_2_22_KOND", "Result": "0", "TimeStampSinceStationStarted": "1285170.166091", "VacuumAbsolute": "-838", "VacuumRelative": "104", "ZEndPosition": "37354000", "ZTargetPosition": "37401194"}, "ElectricalMeasurement": null, "Dip": null}, {"HeadSegmentId": "66819", "Measures": {"MeasureList": [{"CameraIndividualId": "3033", "MeasurementResult": "0", "PhiDeviation": "702584", "TimeStampSinceStationStarted": "1285169.744894", "VisionDumpPath": "C:\\Sirio\\Work\\SvDumpFiles\\PartCameraDumps\\JID_303382399_OID_435570029_SEG_1_BE-Bibliothek.A5E01059015_R1285165655.svdmp", "XDeviation": "-19840", "YDeviation": "421451"}]}, "Pick": {"ActualPickPosition": {"Angle": "0", "X": "17950", "Y": "-70500"}, "MeasuredComponentHeight": "0", "NominalPickPosition": {"Angle": "0", "X": "18467", "Y": "-70350"}, "PickupLocationId": "259", "Result": "0", "TimeStampSinceStationStarted": "1285169.046534", "VacuumAbsolute": "-850", "VacuumRelative": "-850", "ZEndPosition": "48957000", "ZTargetPosition": "48982088"}, "Place": {"ActualPlacePosition": {"Angle": "180000", "X": "145426", "Y": "139454"}, "AirkissPressure": "75", "BoardPanelId": "2", "HoldingCircuitPressure": "2147483647", "NominalPlacePosition": {"Angle": "180000", "X": "145424", "Y": "139450"}, "ReferenceDesignator": "X201_CONN_14_STECK_R", "Result": "0", "TimeStampSinceStationStarted": "1285170.348153", "VacuumAbsolute": "-857", "VacuumRelative": "102", "ZEndPosition": "29557000", "ZTargetPosition": "29538297"}, "ElectricalMeasurement": null, "Dip": null}, {"HeadSegmentId": "66819", "Measures": {"MeasureList": [{"CameraIndividualId": "3033", "MeasurementResult": "0", "PhiDeviation": "46908", "TimeStampSinceStationStarted": "1285172.609597", "VisionDumpPath": "C:\\Sirio\\Work\\SvDumpFiles\\PartCameraDumps\\JID_303382400_OID_435570030_SEG_1_BE-Bibliothek.A5E30235063_R1285167673.svdmp", "XDeviation": "121446", "YDeviation": "-2810928"}]}, "Pick": {"ActualPickPosition": {"Angle": "-90000", "X": "-116500", "Y": "-146500"}, "MeasuredComponentHeight": "0", "NominalPickPosition": {"Angle": "-90000", "X": "-116500", "Y": "-146500"}, "PickupLocationId": "249", "Result": "0", "TimeStampSinceStationStarted": "1285171.063827", "VacuumAbsolute": "-859", "VacuumRelative": "-859", "ZEndPosition": "48115500", "ZTargetPosition": "48256378"}, "Place": {"ActualPlacePosition": {"Angle": "0", "X": "49311", "Y": "46274"}, "AirkissPressure": "74", "BoardPanelId": "3", "HoldingCircuitPressure": "2147483647", "NominalPlacePosition": {"Angle": "0", "X": "49319", "Y": "46280"}, "ReferenceDesignator": "D1_BGA_372_IC_ASIC_S", "Result": "0", "TimeStampSinceStationStarted": "1285173.144646", "VacuumAbsolute": "-860", "VacuumRelative": "102", "ZEndPosition": "47832500", "ZTargetPosition": "47825004"}, "ElectricalMeasurement": null, "Dip": null}, {"HeadSegmentId": "132355", "Measures": {"MeasureList": [{"CameraIndividualId": "3033", "MeasurementResult": "0", "PhiDeviation": "-1235696", "TimeStampSinceStationStarted": "1285172.752096", "VisionDumpPath": "C:\\Sirio\\Work\\SvDumpFiles\\PartCameraDumps\\JID_303382401_OID_435570031_SEG_2_BE-Bibliothek.A5E00210763_R1285168629.svdmp", "XDeviation": "-134576", "YDeviation": "-14185"}]}, "Pick": {"ActualPickPosition": {"Angle": "180000", "X": "15250", "Y": "-70500"}, "MeasuredComponentHeight": "0", "NominalPickPosition": {"Angle": "180000", "X": "15350", "Y": "-70452"}, "PickupLocationId": "256", "Result": "0", "TimeStampSinceStationStarted": "1285172.020147", "VacuumAbsolute": "-779", "VacuumRelative": "-779", "ZEndPosition": "47748000", "ZTargetPosition": "47761368"}, "Place": {"ActualPlacePosition": {"Angle": "90000", "X": "82375", "Y": "33322"}, "AirkissPressure": "74", "BoardPanelId": "3", "HoldingCircuitPressure": "2147483647", "NominalPlacePosition": {"Angle": "90000", "X": "82380", "Y": "33330"}, "ReferenceDesignator": "C1618_CAP_2_KOND_EL_", "Result": "0", "TimeStampSinceStationStarted": "1285173.391146", "VacuumAbsolute": "-780", "VacuumRelative": "93", "ZEndPosition": "37163500", "ZTargetPosition": "37211213"}, "ElectricalMeasurement": null, "Dip": null}, {"HeadSegmentId": "66819", "Measures": {"MeasureList": [{"CameraIndividualId": "3033", "MeasurementResult": "0", "PhiDeviation": "-205587", "TimeStampSinceStationStarted": "1285175.479786", "VisionDumpPath": "C:\\Sirio\\Work\\SvDumpFiles\\PartCameraDumps\\JID_303382402_OID_435570032_SEG_1_BE-Bibliothek.A5E30235063_R1285170530.svdmp", "XDeviation": "157349", "YDeviation": "-2663863"}]}, "Pick": {"ActualPickPosition": {"Angle": "-90000", "X": "-91000", "Y": "-146500"}, "MeasuredComponentHeight": "0", "NominalPickPosition": {"Angle": "-90000", "X": "-91000", "Y": "-146500"}, "PickupLocationId": "249", "Result": "0", "TimeStampSinceStationStarted": "1285173.920461", "VacuumAbsolute": "-859", "VacuumRelative": "-859", "ZEndPosition": "48239500", "ZTargetPosition": "48221159"}, "Place": {"ActualPlacePosition": {"Angle": "0", "X": "169824", "Y": "46274"}, "AirkissPressure": "74", "BoardPanelId": "2", "HoldingCircuitPressure": "2147483647", "NominalPlacePosition": {"Angle": "0", "X": "169819", "Y": "46280"}, "ReferenceDesignator": "D1_BGA_372_IC_ASIC_S", "Result": "0", "TimeStampSinceStationStarted": "1285176.014641", "VacuumAbsolute": "-861", "VacuumRelative": "103", "ZEndPosition": "47863000", "ZTargetPosition": "47895367"}, "ElectricalMeasurement": null, "Dip": null}, {"HeadSegmentId": "132355", "Measures": {"MeasureList": [{"CameraIndividualId": "3033", "MeasurementResult": "0", "PhiDeviation": "-1119242", "TimeStampSinceStationStarted": "1285175.622282", "VisionDumpPath": "C:\\Sirio\\Work\\SvDumpFiles\\PartCameraDumps\\JID_303382403_OID_435570033_SEG_2_BE-Bibliothek.A5E00210763_R1285171503.svdmp", "XDeviation": "-237068", "YDeviation": "84883"}]}, "Pick": {"ActualPickPosition": {"Angle": "180000", "X": "15250", "Y": "-70500"}, "MeasuredComponentHeight": "0", "NominalPickPosition": {"Angle": "180000", "X": "15357", "Y": "-70452"}, "PickupLocationId": "256", "Result": "0", "TimeStampSinceStationStarted": "1285174.894426", "VacuumAbsolute": "-794", "VacuumRelative": "-794", "ZEndPosition": "47704000", "ZTargetPosition": "47758026"}, "Place": {"ActualPlacePosition": {"Angle": "90000", "X": "202889", "Y": "33322"}, "AirkissPressure": "74", "BoardPanelId": "2", "HoldingCircuitPressure": "2147483647", "NominalPlacePosition": {"Angle": "90000", "X": "202880", "Y": "33330"}, "ReferenceDesignator": "C1618_CAP_2_KOND_EL_", "Result": "0", "TimeStampSinceStationStarted": "1285176.271043", "VacuumAbsolute": "-793", "VacuumRelative": "96", "ZEndPosition": "37320500", "ZTargetPosition": "37309081"}, "ElectricalMeasurement": null, "Dip": null}, {"HeadSegmentId": "66819", "Measures": {"MeasureList": [{"CameraIndividualId": "3033", "MeasurementResult": "0", "PhiDeviation": "-645585", "TimeStampSinceStationStarted": "1285178.790647", "VisionDumpPath": "C:\\Sirio\\Work\\SvDumpFiles\\PartCameraDumps\\JID_303382404_OID_435570034_SEG_1_BE-Bibliothek.A5E30242702_R1285174631.svdmp", "XDeviation": "-15648", "YDeviation": "-199599"}]}, "Pick": {"ActualPickPosition": {"Angle": "0", "X": "15250", "Y": "-70500"}, "MeasuredComponentHeight": "0", "NominalPickPosition": {"Angle": "0", "X": "15337", "Y": "-70528"}, "PickupLocationId": "261", "Result": "0", "TimeStampSinceStationStarted": "1285178.022677", "VacuumAbsolute": "-787", "VacuumRelative": "-787", "ZEndPosition": "47989000", "ZTargetPosition": "48005940"}, "Place": {"ActualPlacePosition": {"Angle": "0", "X": "20407", "Y": "59675"}, "AirkissPressure": "24", "BoardPanelId": "3", "HoldingCircuitPressure": "2147483647", "NominalPlacePosition": {"Angle": "0", "X": "20419", "Y": "59680"}, "ReferenceDesignator": "Z400_SOP_16_NETZWERK", "Result": "0", "TimeStampSinceStationStarted": "1285179.233234", "VacuumAbsolute": "-801", "VacuumRelative": "92", "ZEndPosition": "42595000", "ZTargetPosition": "42565804"}, "ElectricalMeasurement": null, "Dip": null}, {"HeadSegmentId": "132355", "Measures": {"MeasureList": [{"CameraIndividualId": "3033", "MeasurementResult": "0", "PhiDeviation": "825827", "TimeStampSinceStationStarted": "1285178.651436", "VisionDumpPath": "C:\\Sirio\\Work\\SvDumpFiles\\PartCameraDumps\\JID_303382405_OID_435570035_SEG_2_BE-Bibliothek.A5E00701727_R1285174802.svdmp", "XDeviation": "55401", "YDeviation": "-87257"}]}, "Pick": {"ActualPickPosition": {"Angle": "180000", "X": "15250", "Y": "-70500"}, "MeasuredComponentHeight": "0", "NominalPickPosition": {"Angle": "180000", "X": "15325", "Y": "-70303"}, "PickupLocationId": "260", "Result": "0", "TimeStampSinceStationStarted": "1285178.193954", "VacuumAbsolute": "-818", "VacuumRelative": "-818", "ZEndPosition": "47712000", "ZTargetPosition": "47713427"}, "Place": {"ActualPlacePosition": {"Angle": "0", "X": "89676", "Y": "141635"}, "AirkissPressure": "73", "BoardPanelId": "3", "HoldingCircuitPressure": "2147483647", "NominalPlacePosition": {"Angle": "0", "X": "89680", "Y": "141630"}, "ReferenceDesignator": "C2207_CAPA_2_22_KOND", "Result": "0", "TimeStampSinceStationStarted": "1285179.544991", "VacuumAbsolute": "-833", "VacuumRelative": "103", "ZEndPosition": "37243500", "ZTargetPosition": "37236677"}, "ElectricalMeasurement": null, "Dip": null}, {"HeadSegmentId": "66819", "Measures": {"MeasureList": [{"CameraIndividualId": "3033", "MeasurementResult": "0", "PhiDeviation": "-1722117", "TimeStampSinceStationStarted": "1285180.746303", "VisionDumpPath": "C:\\Sirio\\Work\\SvDumpFiles\\PartCameraDumps\\JID_303382406_OID_435570036_SEG_1_BE-Bibliothek.A5E30242702_R1285176760.svdmp", "XDeviation": "127231", "YDeviation": "-58517"}]}, "Pick": {"ActualPickPosition": {"Angle": "0", "X": "15250", "Y": "-70500"}, "MeasuredComponentHeight": "0", "NominalPickPosition": {"Angle": "0", "X": "15336", "Y": "-70538"}, "PickupLocationId": "261", "Result": "0", "TimeStampSinceStationStarted": "1285180.151079", "VacuumAbsolute": "-800", "VacuumRelative": "-800", "ZEndPosition": "47992000", "ZTargetPosition": "48001705"}, "Place": {"ActualPlacePosition": {"Angle": "0", "X": "140921", "Y": "59675"}, "AirkissPressure": "21", "BoardPanelId": "2", "HoldingCircuitPressure": "2147483647", "NominalPlacePosition": {"Angle": "0", "X": "140919", "Y": "59680"}, "ReferenceDesignator": "Z400_SOP_16_NETZWERK", "Result": "0", "TimeStampSinceStationStarted": "1285181.27636", "VacuumAbsolute": "-820", "VacuumRelative": "95", "ZEndPosition": "42514500", "ZTargetPosition": "42466871"}, "ElectricalMeasurement": null, "Dip": null}, {"HeadSegmentId": "132355", "Measures": {"MeasureList": [{"CameraIndividualId": "3033", "MeasurementResult": "0", "PhiDeviation": "970572", "TimeStampSinceStationStarted": "1285180.888847", "VisionDumpPath": "C:\\Sirio\\Work\\SvDumpFiles\\PartCameraDumps\\JID_303382407_OID_435570037_SEG_2_BE-Bibliothek.A5E00701727_R1285176900.svdmp", "XDeviation": "-103408", "YDeviation": "-25882"}]}, "Pick": {"ActualPickPosition": {"Angle": "180000", "X": "15250", "Y": "-70500"}, "MeasuredComponentHeight": "0", "NominalPickPosition": {"Angle": "180000", "X": "15322", "Y": "-70299"}, "PickupLocationId": "260", "Result": "0", "TimeStampSinceStationStarted": "1285180.2908", "VacuumAbsolute": "-820", "VacuumRelative": "-820", "ZEndPosition": "47718000", "ZTargetPosition": "47713070"}, "Place": {"ActualPlacePosition": {"Angle": "0", "X": "223091", "Y": "141635"}, "AirkissPressure": "75", "BoardPanelId": "2", "HoldingCircuitPressure": "2147483647", "NominalPlacePosition": {"Angle": "0", "X": "223080", "Y": "141630"}, "ReferenceDesignator": "C2208_CAPA_2_22_KOND", "Result": "0", "TimeStampSinceStationStarted": "1285181.589352", "VacuumAbsolute": "-834", "VacuumRelative": "103", "ZEndPosition": "37429000", "ZTargetPosition": "37458857"}, "ElectricalMeasurement": null, "Dip": null}, {"HeadSegmentId": "66819", "Measures": {"MeasureList": [{"CameraIndividualId": "3033", "MeasurementResult": "0", "PhiDeviation": "-440696", "TimeStampSinceStationStarted": "1285183.007354", "VisionDumpPath": "C:\\Sirio\\Work\\SvDumpFiles\\PartCameraDumps\\JID_303382408_OID_435570038_SEG_1_BE-Bibliothek.A5E01649509_R1285178796.svdmp", "XDeviation": "2176", "YDeviation": "-21018"}]}, "Pick": {"ActualPickPosition": {"Angle": "-90000", "X": "8000", "Y": "-51500"}, "MeasuredComponentHeight": "0", "NominalPickPosition": {"Angle": "-90000", "X": "8250", "Y": "-51467"}, "PickupLocationId": "258", "Result": "0", "TimeStampSinceStationStarted": "1285182.187411", "VacuumAbsolute": "-754", "VacuumRelative": "-754", "ZEndPosition": "47144000", "ZTargetPosition": "47149128"}, "Place": {"ActualPlacePosition": {"Angle": "180000", "X": "103978", "Y": "67126"}, "AirkissPressure": "73", "BoardPanelId": "3", "HoldingCircuitPressure": "2147483647", "NominalPlacePosition": {"Angle": "180000", "X": "103980", "Y": "67130"}, "ReferenceDesignator": "V701_DPAK/TO252_TRAN", "Result": "0", "TimeStampSinceStationStarted": "1285183.532524", "VacuumAbsolute": "-816", "VacuumRelative": "94", "ZEndPosition": "44981500", "ZTargetPosition": "44952196"}, "ElectricalMeasurement": null, "Dip": null}, {"HeadSegmentId": "132355", "Measures": {"MeasureList": [{"CameraIndividualId": "3033", "MeasurementResult": "0", "PhiDeviation": "-1431702", "TimeStampSinceStationStarted": "1285183.147766", "VisionDumpPath": "C:\\Sirio\\Work\\SvDumpFiles\\PartCameraDumps\\JID_303382409_OID_435570039_SEG_2_BE-Bibliothek.A5E00210763_R1285179031.svdmp", "XDeviation": "115505", "YDeviation": "10896"}]}, "Pick": {"ActualPickPosition": {"Angle": "180000", "X": "15250", "Y": "-70500"}, "MeasuredComponentHeight": "0", "NominalPickPosition": {"Angle": "180000", "X": "15369", "Y": "-70456"}, "PickupLocationId": "256", "Result": "0", "TimeStampSinceStationStarted": "1285182.421889", "VacuumAbsolute": "-779", "VacuumRelative": "-779", "ZEndPosition": "47731000", "ZTargetPosition": "47744519"}, "Place": {"ActualPlacePosition": {"Angle": "180000", "X": "89926", "Y": "80728"}, "AirkissPressure": "73", "BoardPanelId": "3", "HoldingCircuitPressure": "2147483647", "NominalPlacePosition": {"Angle": "180000", "X": "89930", "Y": "80730"}, "ReferenceDesignator": "C1405_CAP_2_KOND_EL_", "Result": "0", "TimeStampSinceStationStarted": "1285183.863869", "VacuumAbsolute": "-779", "VacuumRelative": "93", "ZEndPosition": "36967000", "ZTargetPosition": "36925897"}, "ElectricalMeasurement": null, "Dip": null}, {"HeadSegmentId": "66819", "Measures": {"MeasureList": [{"CameraIndividualId": "3033", "MeasurementResult": "0", "PhiDeviation": "-512960", "TimeStampSinceStationStarted": "1285185.300148", "VisionDumpPath": "C:\\Sirio\\Work\\SvDumpFiles\\PartCameraDumps\\JID_303382410_OID_435570040_SEG_1_BE-Bibliothek.A5E01649509_R1285181109.svdmp", "XDeviation": "-11467", "YDeviation": "2599"}]}, "Pick": {"ActualPickPosition": {"Angle": "-90000", "X": "8000", "Y": "-51500"}, "MeasuredComponentHeight": "0", "NominalPickPosition": {"Angle": "-90000", "X": "8249", "Y": "-51467"}, "PickupLocationId": "258", "Result": "0", "TimeStampSinceStationStarted": "1285184.499649", "VacuumAbsolute": "-760", "VacuumRelative": "-760", "ZEndPosition": "47134000", "ZTargetPosition": "47147846"}, "Place": {"ActualPlacePosition": {"Angle": "180000", "X": "224491", "Y": "67126"}, "AirkissPressure": "75", "BoardPanelId": "2", "HoldingCircuitPressure": "2147483647", "NominalPlacePosition": {"Angle": "180000", "X": "224480", "Y": "67130"}, "ReferenceDesignator": "V701_DPAK/TO252_TRAN", "Result": "0", "TimeStampSinceStationStarted": "1285185.825529", "VacuumAbsolute": "-819", "VacuumRelative": "95", "ZEndPosition": "45167500", "ZTargetPosition": "45162748"}, "ElectricalMeasurement": null, "Dip": null}, {"HeadSegmentId": "132355", "Measures": {"MeasureList": [{"CameraIndividualId": "3033", "MeasurementResult": "0", "PhiDeviation": "-185903", "TimeStampSinceStationStarted": "1285185.440647", "VisionDumpPath": "C:\\Sirio\\Work\\SvDumpFiles\\PartCameraDumps\\JID_303382411_OID_435570041_SEG_2_BE-Bibliothek.A5E00210763_R1285181319.svdmp", "XDeviation": "1808", "YDeviation": "113313"}]}, "Pick": {"ActualPickPosition": {"Angle": "180000", "X": "15250", "Y": "-70500"}, "MeasuredComponentHeight": "0", "NominalPickPosition": {"Angle": "180000", "X": "15363", "Y": "-70456"}, "PickupLocationId": "256", "Result": "0", "TimeStampSinceStationStarted": "1285184.709705", "VacuumAbsolute": "-798", "VacuumRelative": "-798", "ZEndPosition": "47797000", "ZTargetPosition": "47741140"}, "Place": {"ActualPlacePosition": {"Angle": "180000", "X": "210440", "Y": "80728"}, "AirkissPressure": "73", "BoardPanelId": "2", "HoldingCircuitPressure": "2147483647", "NominalPlacePosition": {"Angle": "180000", "X": "210430", "Y": "80730"}, "ReferenceDesignator": "C1405_CAP_2_KOND_EL_", "Result": "0", "TimeStampSinceStationStarted": "1285186.137907", "VacuumAbsolute": "-798", "VacuumRelative": "97", "ZEndPosition": "37193500", "ZTargetPosition": "37132132"}, "ElectricalMeasurement": null, "Dip": null}]}, "HeadContext": {"HeadSegments": {"HeadSegment": [{"GantryId": "3", "Head": "1", "HeadName": "Twin Head 5xx", "Id": "66819", "NozzleTypeId": "573", "SegmentNumber": "1"}, {"GantryId": "3", "Head": "1", "HeadName": "Twin Head 5xx", "Id": "132355", "NozzleTypeId": "517", "SegmentNumber": "2"}]}}, "SetupContext": {"PickupLocations": {"PickupLocation": [{"Division": "1", "FeederId": "", "FeederType": "34", "Id": "249", "Level": "1", "Location": "2", "StartTrackNumber": "1", "SubLocation": "2", "Tower": "1", "PackagingUid": ""}, {"Division": "1", "FeederId": "24FAUE900235", "FeederType": "280", "Id": "256", "Level": "0", "Location": "3", "StartTrackNumber": "4", "SubLocation": "1", "Tower": "0", "PackagingUid": "M05314371"}, {"Division": "1", "FeederId": "56FAUEN00199", "FeederType": "312", "Id": "257", "Level": "0", "Location": "3", "StartTrackNumber": "7", "SubLocation": "1", "Tower": "0", "PackagingUid": "M04854766"}, {"Division": "1", "FeederId": "17ATMH805118", "FeederType": "273", "Id": "258", "Level": "0", "Location": "3", "StartTrackNumber": "13", "SubLocation": "1", "Tower": "0", "PackagingUid": "M05206518"}, {"Division": "1", "FeederId": "32FAUEN00039", "FeederType": "288", "Id": "259", "Level": "0", "Location": "3", "StartTrackNumber": "15", "SubLocation": "1", "Tower": "0", "PackagingUid": "M05323268"}, {"Division": "1", "FeederId": "24FAUE600582", "FeederType": "280", "Id": "260", "Level": "0", "Location": "3", "StartTrackNumber": "19", "SubLocation": "1", "Tower": "0", "PackagingUid": "M05187818"}, {"Division": "1", "FeederId": "24FAUF700689", "FeederType": "280", "Id": "261", "Level": "0", "Location": "3", "StartTrackNumber": "22", "SubLocation": "1", "Tower": "0", "PackagingUid": "M05014338"}]}}}}, "ProductionEndedData": {"StationTime": "2021-11-30T07:31:15.2650000+08:00", "TimeStampSinceStationStarted": "1285186.544266"}}