{"name": "PDI_Line5_4179360240_20211130141505.txt", "Timestamp": "2021-11-30T14:14:52.4559163+08:00", "TxnID": "6be4854a-add9-4361-ac9b-f81569c82b14", "Line": "SEWC-Lines\\Line5", "Machine": "Line5\\ST3_X3 S", "ProductionStartedData": [{"ConveyorLanePosition": "1", "ConveyorStopperPosition": "1", "Pcb": {"BarcodeReaderPosition": "0", "BoardSide": "1", "IndividualGUID": "fba23299-70d3-498b-8da8-1d52382ad07e", "LineJobGUID": "3f68c8d2-071f-4795-8aa5-1d45806eb923", "Path": "STAB\\A5E50302024lt02", "PcbIndividualID": "44327", "RecipePath": "Line5\\Smart_CPU_L5_702SAF\\A5E50302024lt02", "Barcode": "", "OrderNumber": null}, "ProcessingAreaPosition": "2", "SetupPath": "Line5\\Smart_CPU_L5_702SAF", "StationTime": "2021-11-30T14:12:28.4320000+08:00", "TimeStampSinceStationStarted": "1309259.591169"}], "BoardPositionsList": {"BoardPositions": [{"ActualPosition": {"Angle": "16", "X": "509726", "Y": "-233165", "Z": "-5000"}, "FiducialPositions": {"FiducialRecognitionResult": []}, "NominalPosition": {"Angle": "0", "X": "509820", "Y": "-233646", "Z": "-5000"}}]}, "ProgressDataList": {"ProductionProgressData": {"BoardContext": {"BoardPanels": {"BoardPanel": [{"Id": "2", "PanelPath": "A5E50302024lt02/A1"}]}}, "ComponentIndividuals": {"ComponentIndividual": [{"HeadSegmentId": "132355", "Measures": {"MeasureList": [{"CameraIndividualId": "3033", "MeasurementResult": "0", "PhiDeviation": "300791", "TimeStampSinceStationStarted": "1309265.369345", "VisionDumpPath": "C:\\Sirio\\Work\\SvDumpFiles\\PartCameraDumps\\JID_303389073_OID_443270002_SEG_2_BE-Bibliothek.A5E01058093_R1309260831.svdmp", "XDeviation": "-95995", "YDeviation": "-140249"}]}, "Pick": {"ActualPickPosition": {"Angle": "0", "X": "23950", "Y": "-70500"}, "MeasuredComponentHeight": "0", "NominalPickPosition": {"Angle": "0", "X": "23936", "Y": "-70513"}, "PickupLocationId": "263", "Result": "0", "TimeStampSinceStationStarted": "1309264.102387", "VacuumAbsolute": "-449", "VacuumRelative": "-449", "ZEndPosition": "50281000", "ZTargetPosition": "50262500"}, "Place": {"ActualPlacePosition": {"Angle": "0", "X": "67693", "Y": "66323"}, "AirkissPressure": "72", "BoardPanelId": "2", "HoldingCircuitPressure": "2147483647", "NominalPlacePosition": {"Angle": "0", "X": "67700", "Y": "66330"}, "ReferenceDesignator": "X102_CONN_28_STECK_R", "Result": "0", "TimeStampSinceStationStarted": "1309266.765695", "VacuumAbsolute": "-454", "VacuumRelative": "36", "ZEndPosition": "41594000", "ZTargetPosition": "41555747"}, "ElectricalMeasurement": null, "Dip": null}, {"HeadSegmentId": "66819", "Measures": {"MeasureList": [{"CameraIndividualId": "3033", "MeasurementResult": "0", "PhiDeviation": "604228", "TimeStampSinceStationStarted": "1309265.830751", "VisionDumpPath": "C:\\Sirio\\Work\\SvDumpFiles\\PartCameraDumps\\JID_303389072_OID_443270003_SEG_1_BE-Bibliothek.A5E02081140_R1309259921.svdmp", "XDeviation": "-1350", "YDeviation": "156770"}]}, "Pick": {"ActualPickPosition": {"Angle": "0", "X": "30273", "Y": "-70772"}, "MeasuredComponentHeight": "0", "NominalPickPosition": {"Angle": "0", "X": "30933", "Y": "-70610"}, "PickupLocationId": "247", "Result": "0", "TimeStampSinceStationStarted": "1309263.191686", "VacuumAbsolute": "-826", "VacuumRelative": "-826", "ZEndPosition": "49466500", "ZTargetPosition": "49561337"}, "Place": {"ActualPlacePosition": {"Angle": "0", "X": "35186", "Y": "66323"}, "AirkissPressure": "72", "BoardPanelId": "2", "HoldingCircuitPressure": "2147483647", "NominalPlacePosition": {"Angle": "0", "X": "35200", "Y": "66330"}, "ReferenceDesignator": "X103_CONN_32_STECK_R", "Result": "0", "TimeStampSinceStationStarted": "1309267.021764", "VacuumAbsolute": "-857", "VacuumRelative": "102", "ZEndPosition": "40698000", "ZTargetPosition": "40686766"}, "ElectricalMeasurement": null, "Dip": null}]}, "HeadContext": {"HeadSegments": {"HeadSegment": [{"GantryId": "3", "Head": "1", "HeadName": "Twin Head 5xx", "Id": "66819", "NozzleTypeId": "573", "SegmentNumber": "1"}, {"GantryId": "3", "Head": "1", "HeadName": "Twin Head 5xx", "Id": "132355", "NozzleTypeId": "573", "SegmentNumber": "2"}]}}, "SetupContext": {"PickupLocations": {"PickupLocation": [{"Division": "1", "FeederId": "56FAUC000504", "FeederType": "312", "Id": "247", "Level": "0", "Location": "2", "StartTrackNumber": "1", "SubLocation": "1", "Tower": "0", "PackagingUid": "M05297978"}, {"Division": "1", "FeederId": "44FAUD200890", "FeederType": "300", "Id": "263", "Level": "0", "Location": "3", "StartTrackNumber": "30", "SubLocation": "1", "Tower": "0", "PackagingUid": "M05298574"}]}}}}, "ProductionEndedData": {"StationTime": "2021-11-30T14:12:36.2960000+08:00", "TimeStampSinceStationStarted": "1309267.455599"}}