{"name": "PDI_Line5_3842078009_20211130005542.txt", "Timestamp": "2021-11-30T00:55:31.4367884+08:00", "TxnID": "750d48e9-9fe5-4e22-b971-ced3d6052f34", "Line": "SEWC-Lines\\Line5", "Machine": "Line5\\ST3_X3 S", "ProductionStartedData": [{"ConveyorLanePosition": "2", "ConveyorStopperPosition": "1", "Pcb": {"BarcodeReaderPosition": "0", "BoardSide": "1", "IndividualGUID": "697eceed-9b49-4dcc-804e-6bfbbf098656", "LineJobGUID": "3a5e1e40-f5b9-457f-8e3c-d7ab63795644", "Path": "STAB\\A5E50302021lt01", "PcbIndividualID": "41796", "RecipePath": "Line5\\Smart_CPU_L5_702SAF\\A5E50302021lt01", "Barcode": "", "OrderNumber": null}, "ProcessingAreaPosition": "1", "SetupPath": "Line5\\Smart_CPU_L5_702SAF", "StationTime": "2021-11-30T00:53:08.1640000+08:00", "TimeStampSinceStationStarted": "1261299.561559"}], "BoardPositionsList": {"BoardPositions": [{"ActualPosition": {"Angle": "129", "X": "-528079", "Y": "16612", "Z": "-5000"}, "FiducialPositions": {"FiducialRecognitionResult": [{"ActualPosition": {"Angle": "117", "X": "243243", "Y": "10977", "Z": null}, "CameraIndividualId": "4034", "FiducialFunction": "0", "GantryId": "4", "MeasurementResult": "0", "NominalPosition": {"Angle": "0", "X": "243420", "Y": "10530", "Z": null}, "Path": "A5E50302021lt01/1/01/1", "StationTime": "2021-11-30T00:53:10.9290000+08:00", "TimeStampSinceStationStarted": "1261302.32663"}, {"ActualPosition": {"Angle": "136", "X": "7341", "Y": "191982", "Z": null}, "CameraIndividualId": "4034", "FiducialFunction": "0", "GantryId": "4", "MeasurementResult": "0", "NominalPosition": {"Angle": "0", "X": "7970", "Y": "192030", "Z": null}, "Path": "A5E50302021lt01/1/02/1", "StationTime": "2021-11-30T00:53:10.9290000+08:00", "TimeStampSinceStationStarted": "1261302.32663"}]}, "NominalPosition": {"Angle": "0", "X": "-527904", "Y": "16695", "Z": "-5000"}}]}, "ProgressDataList": {"ProductionProgressData": {"BoardContext": {"BoardPanels": {"BoardPanel": [{"Id": "2", "PanelPath": "A5E50302021lt01/A1"}, {"Id": "3", "PanelPath": "A5E50302021lt01/B1"}]}}, "ComponentIndividuals": {"ComponentIndividual": [{"HeadSegmentId": "67588", "Measures": {"MeasureList": [{"CameraIndividualId": "4033", "MeasurementResult": "0", "PhiDeviation": "-90840", "TimeStampSinceStationStarted": "1261302.878255", "VisionDumpPath": "C:\\Sirio\\Work\\SvDumpFiles\\PartCameraDumps\\JID_403357182_OID_417960000_SEG_1_BE-Bibliothek.A5E50179091_R1261296701.svdmp", "XDeviation": "15595", "YDeviation": "-7787"}]}, "Pick": {"ActualPickPosition": {"Angle": "0", "X": "15126", "Y": "-71150"}, "MeasuredComponentHeight": "0", "NominalPickPosition": {"Angle": "0", "X": "15224", "Y": "-71352"}, "PickupLocationId": "266", "Result": "0", "TimeStampSinceStationStarted": "1261300.2103", "VacuumAbsolute": "-786", "VacuumRelative": "-786", "ZEndPosition": "47610500", "ZTargetPosition": "47615024"}, "Place": {"ActualPlacePosition": {"Angle": "0", "X": "200745", "Y": "27966"}, "AirkissPressure": "74", "BoardPanelId": "3", "HoldingCircuitPressure": "2147483647", "NominalPlacePosition": {"Angle": "0", "X": "200731", "Y": "27980"}, "ReferenceDesignator": "D2_BGA_90_IC_DRAM_51", "Result": "0", "TimeStampSinceStationStarted": "1261303.182444", "VacuumAbsolute": "-837", "VacuumRelative": "96", "ZEndPosition": "46696000", "ZTargetPosition": "46634509"}, "ElectricalMeasurement": null, "Dip": null}, {"HeadSegmentId": "67588", "Measures": {"MeasureList": [{"CameraIndividualId": "4033", "MeasurementResult": "0", "PhiDeviation": "-318805", "TimeStampSinceStationStarted": "1261304.409578", "VisionDumpPath": "C:\\Sirio\\Work\\SvDumpFiles\\PartCameraDumps\\JID_403357183_OID_417960001_SEG_1_BE-Bibliothek.A5E00277754_R1261300211.svdmp", "XDeviation": "-38036", "YDeviation": "23797"}]}, "Pick": {"ActualPickPosition": {"Angle": "0", "X": "18028", "Y": "-70606"}, "MeasuredComponentHeight": "0", "NominalPickPosition": {"Angle": "0", "X": "17656", "Y": "-70417"}, "PickupLocationId": "272", "Result": "0", "TimeStampSinceStationStarted": "1261303.720178", "VacuumAbsolute": "-829", "VacuumRelative": "-829", "ZEndPosition": "47264500", "ZTargetPosition": "47284511"}, "Place": {"ActualPlacePosition": {"Angle": "180000", "X": "226600", "Y": "49070"}, "AirkissPressure": "73", "BoardPanelId": "3", "HoldingCircuitPressure": "2147483647", "NominalPlacePosition": {"Angle": "180000", "X": "226581", "Y": "49080"}, "ReferenceDesignator": "X101_EXSOP_14_STECK_", "Result": "0", "TimeStampSinceStationStarted": "1261304.794542", "VacuumAbsolute": "-852", "VacuumRelative": "99", "ZEndPosition": "39092000", "ZTargetPosition": "39024416"}, "ElectricalMeasurement": null, "Dip": null}, {"HeadSegmentId": "133124", "Measures": {"MeasureList": [{"CameraIndividualId": "4033", "MeasurementResult": "0", "PhiDeviation": "932475", "TimeStampSinceStationStarted": "1261304.551912", "VisionDumpPath": "C:\\Sirio\\Work\\SvDumpFiles\\PartCameraDumps\\JID_403357184_OID_417960002_SEG_2_BE-Bibliothek.A5E00277754_R1261300425.svdmp", "XDeviation": "-118517", "YDeviation": "-46956"}]}, "Pick": {"ActualPickPosition": {"Angle": "0", "X": "18028", "Y": "-70606"}, "MeasuredComponentHeight": "0", "NominalPickPosition": {"Angle": "0", "X": "17656", "Y": "-70417"}, "PickupLocationId": "272", "Result": "0", "TimeStampSinceStationStarted": "1261303.933723", "VacuumAbsolute": "-832", "VacuumRelative": "-832", "ZEndPosition": "47290000", "ZTargetPosition": "47305011"}, "Place": {"ActualPlacePosition": {"Angle": "180000", "X": "106077", "Y": "49070"}, "AirkissPressure": "76", "BoardPanelId": "2", "HoldingCircuitPressure": "2147483647", "NominalPlacePosition": {"Angle": "180000", "X": "106081", "Y": "49080"}, "ReferenceDesignator": "X101_EXSOP_14_STECK_", "Result": "0", "TimeStampSinceStationStarted": "1261304.97254", "VacuumAbsolute": "-844", "VacuumRelative": "98", "ZEndPosition": "38882000", "ZTargetPosition": "38871024"}, "ElectricalMeasurement": null, "Dip": null}, {"HeadSegmentId": "67588", "Measures": {"MeasureList": [{"CameraIndividualId": "4033", "MeasurementResult": "0", "PhiDeviation": "-265904", "TimeStampSinceStationStarted": "1261306.064896", "VisionDumpPath": "C:\\Sirio\\Work\\SvDumpFiles\\PartCameraDumps\\JID_403357185_OID_417960003_SEG_1_BE-Bibliothek.A5E50179091_R1261302108.svdmp", "XDeviation": "-25292", "YDeviation": "35396"}]}, "Pick": {"ActualPickPosition": {"Angle": "0", "X": "15126", "Y": "-71150"}, "MeasuredComponentHeight": "0", "NominalPickPosition": {"Angle": "0", "X": "15225", "Y": "-71353"}, "PickupLocationId": "266", "Result": "0", "TimeStampSinceStationStarted": "1261305.617193", "VacuumAbsolute": "-786", "VacuumRelative": "-786", "ZEndPosition": "47671000", "ZTargetPosition": "47613893"}, "Place": {"ActualPlacePosition": {"Angle": "0", "X": "80222", "Y": "27966"}, "AirkissPressure": "74", "BoardPanelId": "2", "HoldingCircuitPressure": "2147483647", "NominalPlacePosition": {"Angle": "0", "X": "80231", "Y": "27980"}, "ReferenceDesignator": "D2_BGA_90_IC_DRAM_51", "Result": "0", "TimeStampSinceStationStarted": "1261306.368637", "VacuumAbsolute": "-835", "VacuumRelative": "96", "ZEndPosition": "46699500", "ZTargetPosition": "46651599"}, "ElectricalMeasurement": null, "Dip": null}]}, "HeadContext": {"HeadSegments": {"HeadSegment": [{"GantryId": "4", "Head": "1", "HeadName": "Twin Head 5xx", "Id": "67588", "NozzleTypeId": "516", "SegmentNumber": "1"}, {"GantryId": "4", "Head": "1", "HeadName": "Twin Head 5xx", "Id": "133124", "NozzleTypeId": "516", "SegmentNumber": "2"}]}}, "SetupContext": {"PickupLocations": {"PickupLocation": [{"Division": "1", "FeederId": "24FAUE600590", "FeederType": "280", "Id": "266", "Level": "0", "Location": "4", "StartTrackNumber": "4", "SubLocation": "1", "Tower": "0", "PackagingUid": "M05320381"}, {"Division": "1", "FeederId": "32KL-K405124", "FeederType": "288", "Id": "272", "Level": "0", "Location": "4", "StartTrackNumber": "32", "SubLocation": "1", "Tower": "0", "PackagingUid": "M05323060"}]}}}}, "ProductionEndedData": {"StationTime": "2021-11-30T00:53:15.3570000+08:00", "TimeStampSinceStationStarted": "1261306.754767"}}