{"name": "PDI_Line5_3902182742_20211130012444.txt", "Timestamp": "2021-11-30T01:24:14.5752395+08:00", "TxnID": "35fdc646-12d1-4dc2-a274-6866503be71e", "Line": "SEWC-Lines\\Line5", "Machine": "Line5\\ST1_X4 S", "ProductionStartedData": [{"ConveyorLanePosition": "1", "ConveyorStopperPosition": "1", "Pcb": {"BarcodeReaderPosition": "0", "BoardSide": "1", "IndividualGUID": "99bbe096-0c39-40d1-b006-6a326660bcfb", "LineJobGUID": "3a5e1e40-f5b9-457f-8e3c-d7ab63795644", "Path": "STAB\\A5E50302021lt01", "PcbIndividualID": "3941", "RecipePath": "Line5\\Smart_CPU_L5_702SAF\\A5E50302021lt01", "Barcode": "", "OrderNumber": null}, "ProcessingAreaPosition": "2", "SetupPath": "Line5\\Smart_CPU_L5_702SAF", "StationTime": "2021-11-30T01:22:42.5790000+08:00", "TimeStampSinceStationStarted": "109343.743548"}], "BoardPositionsList": {"BoardPositions": [{"ActualPosition": {"Angle": "-28", "X": "457740", "Y": "-234072", "Z": "-5000"}, "FiducialPositions": {"FiducialRecognitionResult": []}, "NominalPosition": {"Angle": "0", "X": "458025", "Y": "-234846", "Z": "-5000"}}]}, "ProgressDataList": {"ProductionProgressData": {"BoardContext": {"BoardPanels": {"BoardPanel": [{"Id": "2", "PanelPath": "A5E50302021lt01/A1"}, {"Id": "3", "PanelPath": "A5E50302021lt01/B1"}]}}, "ComponentIndividuals": {"ComponentIndividual": [{"HeadSegmentId": "985091", "Measures": {"MeasureList": [{"CameraIndividualId": "3023", "MeasurementResult": "0", "PhiDeviation": "-1167951", "TimeStampSinceStationStarted": "109362.629298", "VisionDumpPath": "C:\\Sirio\\Work\\SvDumpFiles\\PartCameraDumps\\JID_302312723_OID_39410391_SEG_15_BE-Bibliothek.A5E00257456_R109353114.svdmp", "XDeviation": "66978", "YDeviation": "-20468"}]}, "Pick": {"ActualPickPosition": {"Angle": "180000", "X": "877", "Y": "-51018"}, "MeasuredComponentHeight": "812008", "NominalPickPosition": {"Angle": "180000", "X": "894", "Y": "-50932"}, "PickupLocationId": "84", "Result": "0", "TimeStampSinceStationStarted": "109362.390646", "VacuumAbsolute": "-711", "VacuumRelative": "-711", "ZEndPosition": "9352500", "ZTargetPosition": "9336341"}, "Place": {"ActualPlacePosition": {"Angle": "180000", "X": "101868", "Y": "18384"}, "AirkissPressure": "102", "BoardPanelId": "2", "HoldingCircuitPressure": "-680", "NominalPlacePosition": {"Angle": "180000", "X": "101870", "Y": "18980"}, "ReferenceDesignator": "C501_0603_KOND_KER_V", "Result": "0", "TimeStampSinceStationStarted": "109364.354658", "VacuumAbsolute": "-720", "VacuumRelative": "44", "ZEndPosition": "10153500", "ZTargetPosition": "10159839"}, "ElectricalMeasurement": null, "Dip": null}, {"HeadSegmentId": "1050627", "Measures": {"MeasureList": [{"CameraIndividualId": "3023", "MeasurementResult": "0", "PhiDeviation": "-718957", "TimeStampSinceStationStarted": "109362.662746", "VisionDumpPath": "C:\\Sirio\\Work\\SvDumpFiles\\PartCameraDumps\\JID_302312724_OID_39410392_SEG_16_BE-Bibliothek.A5E00257456_R109353165.svdmp", "XDeviation": "68308", "YDeviation": "-7895"}]}, "Pick": {"ActualPickPosition": {"Angle": "180000", "X": "877", "Y": "-51018"}, "MeasuredComponentHeight": "800961", "NominalPickPosition": {"Angle": "180000", "X": "894", "Y": "-50932"}, "PickupLocationId": "84", "Result": "0", "TimeStampSinceStationStarted": "109362.441598", "VacuumAbsolute": "-711", "VacuumRelative": "-711", "ZEndPosition": "9342500", "ZTargetPosition": "9331881"}, "Place": {"ActualPlacePosition": {"Angle": "180000", "X": "222392", "Y": "18383"}, "AirkissPressure": "102", "BoardPanelId": "3", "HoldingCircuitPressure": "-696", "NominalPlacePosition": {"Angle": "180000", "X": "222370", "Y": "18980"}, "ReferenceDesignator": "C501_0603_KOND_KER_V", "Result": "0", "TimeStampSinceStationStarted": "109364.481131", "VacuumAbsolute": "-726", "VacuumRelative": "50", "ZEndPosition": "10094000", "ZTargetPosition": "10139046"}, "ElectricalMeasurement": null, "Dip": null}]}, "HeadContext": {"HeadSegments": {"HeadSegment": [{"GantryId": "3", "Head": "1", "HeadName": "C&P 20 P 4xxx", "Id": "985091", "NozzleTypeId": "4004", "SegmentNumber": "15"}, {"GantryId": "3", "Head": "1", "HeadName": "C&P 20 P 4xxx", "Id": "1050627", "NozzleTypeId": "4004", "SegmentNumber": "16"}]}}, "SetupContext": {"PickupLocations": {"PickupLocation": [{"Division": "1", "FeederId": "08KL-K806307", "FeederType": "264", "Id": "84", "Level": "0", "Location": "3", "StartTrackNumber": "10", "SubLocation": "1", "Tower": "0", "PackagingUid": "M05307987"}]}}}}, "ProductionEndedData": {"StationTime": "2021-11-30T01:23:03.4000000+08:00", "TimeStampSinceStationStarted": "109364.565616"}}