{"name": "PDI_Line5_3806287637_20211130082437.txt", "Timestamp": "2021-11-30T08:24:08.8775944+08:00", "TxnID": "c3d12055-e312-451a-ba0e-2f9347bf4841", "Line": "SEWC-Lines\\Line5", "Machine": "Line5\\ST3_X3 S", "ProductionStartedData": [{"ConveyorLanePosition": "2", "ConveyorStopperPosition": "1", "Pcb": {"BarcodeReaderPosition": "0", "BoardSide": "1", "IndividualGUID": "c5d6dadb-2f79-4f9c-9c1f-b172c4b8e191", "LineJobGUID": "fead7f33-0866-4d90-8540-e9f27c9d6bcf", "Path": "STAB\\A5E50302021bt01", "PcbIndividualID": "42652", "RecipePath": "Line5\\Smart_CPU_L5_702SAF\\A5E50302021bt01", "Barcode": "", "OrderNumber": null}, "ProcessingAreaPosition": "1", "SetupPath": "Line5\\Smart_CPU_L5_702SAF", "StationTime": "2021-11-30T08:21:45.2920000+08:00", "TimeStampSinceStationStarted": "1288216.556381"}], "BoardPositionsList": {"BoardPositions": [{"ActualPosition": {"Angle": "155", "X": "-528014", "Y": "16480", "Z": "-5000"}, "FiducialPositions": {"FiducialRecognitionResult": [{"ActualPosition": {"Angle": "165", "X": "6338", "Y": "10330", "Z": null}, "CameraIndividualId": "4034", "FiducialFunction": "0", "GantryId": "4", "MeasurementResult": "0", "NominalPosition": {"Angle": "0", "X": "6480", "Y": "10530", "Z": null}, "Path": "A5E50302021bt01/1/02/1", "StationTime": "2021-11-30T08:21:45.5890000+08:00", "TimeStampSinceStationStarted": "1288216.852259"}, {"ActualPosition": {"Angle": "143", "X": "241203", "Y": "192473", "Z": null}, "CameraIndividualId": "4034", "FiducialFunction": "0", "GantryId": "4", "MeasurementResult": "0", "NominalPosition": {"Angle": "0", "X": "241830", "Y": "192030", "Z": null}, "Path": "A5E50302021bt01/1/01/1", "StationTime": "2021-11-30T08:21:45.5890000+08:00", "TimeStampSinceStationStarted": "1288216.852259"}]}, "NominalPosition": {"Angle": "0", "X": "-527904", "Y": "16695", "Z": "-5000"}}]}, "ProgressDataList": {"ProductionProgressData": {"BoardContext": {"BoardPanels": {"BoardPanel": [{"Id": "2", "PanelPath": "A5E50302021bt01/A1"}, {"Id": "3", "PanelPath": "A5E50302021bt01/B1"}]}}, "ComponentIndividuals": {"ComponentIndividual": [{"HeadSegmentId": "66049", "Measures": {"MeasureList": [{"CameraIndividualId": "1033", "MeasurementResult": "0", "PhiDeviation": "103380", "TimeStampSinceStationStarted": "1288218.77948", "VisionDumpPath": "C:\\Sirio\\Work\\SvDumpFiles\\PartCameraDumps\\JID_103382598_OID_426520000_SEG_1_BE-Bibliothek.A5E01114436_R1288214502.svdmp", "XDeviation": "19086", "YDeviation": "2685"}]}, "Pick": {"ActualPickPosition": {"Angle": "180000", "X": "17950", "Y": "-70500"}, "MeasuredComponentHeight": "0", "NominalPickPosition": {"Angle": "180000", "X": "18023", "Y": "-70859"}, "PickupLocationId": "238", "Result": "0", "TimeStampSinceStationStarted": "1288217.877558", "VacuumAbsolute": "-780", "VacuumRelative": "-780", "ZEndPosition": "43469000", "ZTargetPosition": "43474496"}, "Place": {"ActualPlacePosition": {"Angle": "179999", "X": "100452", "Y": "171767"}, "AirkissPressure": "71", "BoardPanelId": "3", "HoldingCircuitPressure": "2147483647", "NominalPlacePosition": {"Angle": "180000", "X": "100457", "Y": "171753"}, "ReferenceDesignator": "X605_CONN_8_STECK_RC", "Result": "0", "TimeStampSinceStationStarted": "1288219.741446", "VacuumAbsolute": "-820", "VacuumRelative": "101", "ZEndPosition": "40121500", "ZTargetPosition": "40133611"}, "ElectricalMeasurement": null, "Dip": null}, {"HeadSegmentId": "131585", "Measures": {"MeasureList": [{"CameraIndividualId": "1033", "MeasurementResult": "0", "PhiDeviation": "-890021", "TimeStampSinceStationStarted": "1288218.943655", "VisionDumpPath": "C:\\Sirio\\Work\\SvDumpFiles\\PartCameraDumps\\JID_103382599_OID_426520001_SEG_2_BE-Bibliothek.A5E00189819_R1288214772.svdmp", "XDeviation": "-249946", "YDeviation": "-1130"}]}, "Pick": {"ActualPickPosition": {"Angle": "0", "X": "15250", "Y": "-70500"}, "MeasuredComponentHeight": "0", "NominalPickPosition": {"Angle": "0", "X": "15063", "Y": "-70431"}, "PickupLocationId": "242", "Result": "0", "TimeStampSinceStationStarted": "1288218.148116", "VacuumAbsolute": "-838", "VacuumRelative": "-838", "ZEndPosition": "47292000", "ZTargetPosition": "47381447"}, "Place": {"ActualPlacePosition": {"Angle": "-1", "X": "73574", "Y": "151043"}, "AirkissPressure": "73", "BoardPanelId": "3", "HoldingCircuitPressure": "2147483647", "NominalPlacePosition": {"Angle": "0", "X": "73580", "Y": "151030"}, "ReferenceDesignator": "T2200_EX120_TRAFO_SC", "Result": "0", "TimeStampSinceStationStarted": "1288219.90748", "VacuumAbsolute": "-839", "VacuumRelative": "99", "ZEndPosition": "41255500", "ZTargetPosition": "41273609"}, "ElectricalMeasurement": null, "Dip": null}, {"HeadSegmentId": "133124", "Measures": {"MeasureList": [{"CameraIndividualId": "4033", "MeasurementResult": "0", "PhiDeviation": "-359076", "TimeStampSinceStationStarted": "1288219.321962", "VisionDumpPath": "C:\\Sirio\\Work\\SvDumpFiles\\PartCameraDumps\\JID_403364904_OID_426520002_SEG_2_BE-Bibliothek.A5E44859639_R1288214311.svdmp", "XDeviation": "-114871", "YDeviation": "31287"}]}, "Pick": {"ActualPickPosition": {"Angle": "0", "X": "6000", "Y": "-49500"}, "MeasuredComponentHeight": "0", "NominalPickPosition": {"Angle": "0", "X": "5963", "Y": "-49455"}, "PickupLocationId": "280", "Result": "0", "TimeStampSinceStationStarted": "1288217.687143", "VacuumAbsolute": "-854", "VacuumRelative": "-854", "ZEndPosition": "46257000", "ZTargetPosition": "46265913"}, "Place": {"ActualPlacePosition": {"Angle": "180000", "X": "22576", "Y": "162632"}, "AirkissPressure": "74", "BoardPanelId": "3", "HoldingCircuitPressure": "2147483647", "NominalPlacePosition": {"Angle": "180000", "X": "22580", "Y": "162630"}, "ReferenceDesignator": "U1700_SOP_8/SOIC_8_O", "Result": "0", "TimeStampSinceStationStarted": "1288220.596872", "VacuumAbsolute": "-854", "VacuumRelative": "99", "ZEndPosition": "43681500", "ZTargetPosition": "43670592"}, "ElectricalMeasurement": null, "Dip": null}, {"HeadSegmentId": "67588", "Measures": {"MeasureList": [{"CameraIndividualId": "4033", "MeasurementResult": "0", "PhiDeviation": "224293", "TimeStampSinceStationStarted": "1288220.350772", "VisionDumpPath": "C:\\Sirio\\Work\\SvDumpFiles\\PartCameraDumps\\JID_403364905_OID_426520003_SEG_1_BE-Bibliothek.A5E45275537_R1288214629.svdmp", "XDeviation": "146697", "YDeviation": "20508"}]}, "Pick": {"ActualPickPosition": {"Angle": "0", "X": "17470", "Y": "-70910"}, "MeasuredComponentHeight": "0", "NominalPickPosition": {"Angle": "0", "X": "17922", "Y": "-70875"}, "PickupLocationId": "271", "Result": "0", "TimeStampSinceStationStarted": "1288218.004369", "VacuumAbsolute": "-801", "VacuumRelative": "-801", "ZEndPosition": "47080000", "ZTargetPosition": "47086990"}, "Place": {"ActualPlacePosition": {"Angle": "180000", "X": "51772", "Y": "74119"}, "AirkissPressure": "72", "BoardPanelId": "3", "HoldingCircuitPressure": "2147483647", "NominalPlacePosition": {"Angle": "180000", "X": "51775", "Y": "74120"}, "ReferenceDesignator": "X601_CONN_16_STECK_R", "Result": "0", "TimeStampSinceStationStarted": "1288220.921578", "VacuumAbsolute": "-822", "VacuumRelative": "92", "ZEndPosition": "38972500", "ZTargetPosition": "38957783"}, "ElectricalMeasurement": null, "Dip": null}, {"HeadSegmentId": "66049", "Measures": {"MeasureList": [{"CameraIndividualId": "1033", "MeasurementResult": "0", "PhiDeviation": "9606", "TimeStampSinceStationStarted": "1288221.284617", "VisionDumpPath": "C:\\Sirio\\Work\\SvDumpFiles\\PartCameraDumps\\JID_103382600_OID_426520004_SEG_1_BE-Bibliothek.A5E01114436_R1288217226.svdmp", "XDeviation": "-22461", "YDeviation": "-13120"}]}, "Pick": {"ActualPickPosition": {"Angle": "180000", "X": "17950", "Y": "-70500"}, "MeasuredComponentHeight": "0", "NominalPickPosition": {"Angle": "180000", "X": "18022", "Y": "-70859"}, "PickupLocationId": "238", "Result": "0", "TimeStampSinceStationStarted": "1288220.601603", "VacuumAbsolute": "-782", "VacuumRelative": "-782", "ZEndPosition": "43461000", "ZTargetPosition": "43473122"}, "Place": {"ActualPlacePosition": {"Angle": "179999", "X": "220954", "Y": "171765"}, "AirkissPressure": "73", "BoardPanelId": "2", "HoldingCircuitPressure": "2147483647", "NominalPlacePosition": {"Angle": "180000", "X": "220957", "Y": "171753"}, "ReferenceDesignator": "X605_CONN_8_STECK_RC", "Result": "0", "TimeStampSinceStationStarted": "1288221.77072", "VacuumAbsolute": "-822", "VacuumRelative": "101", "ZEndPosition": "40481000", "ZTargetPosition": "40415190"}, "ElectricalMeasurement": null, "Dip": null}, {"HeadSegmentId": "131585", "Measures": {"MeasureList": [{"CameraIndividualId": "1033", "MeasurementResult": "0", "PhiDeviation": "-1903587", "TimeStampSinceStationStarted": "1288221.426139", "VisionDumpPath": "C:\\Sirio\\Work\\SvDumpFiles\\PartCameraDumps\\JID_103382601_OID_426520005_SEG_2_BE-Bibliothek.A5E00701727_R1288217447.svdmp", "XDeviation": "-35820", "YDeviation": "89335"}]}, "Pick": {"ActualPickPosition": {"Angle": "180000", "X": "15250", "Y": "-70500"}, "MeasuredComponentHeight": "0", "NominalPickPosition": {"Angle": "180000", "X": "15319", "Y": "-70635"}, "PickupLocationId": "240", "Result": "0", "TimeStampSinceStationStarted": "1288220.822833", "VacuumAbsolute": "-806", "VacuumRelative": "-806", "ZEndPosition": "47139500", "ZTargetPosition": "47076423"}, "Place": {"ActualPlacePosition": {"Angle": "-1", "X": "88574", "Y": "151143"}, "AirkissPressure": "78", "BoardPanelId": "3", "HoldingCircuitPressure": "2147483647", "NominalPlacePosition": {"Angle": "0", "X": "88580", "Y": "151130"}, "ReferenceDesignator": "C2209_CAPA_2_22_KOND", "Result": "0", "TimeStampSinceStationStarted": "1288221.961179", "VacuumAbsolute": "-818", "VacuumRelative": "95", "ZEndPosition": "36771000", "ZTargetPosition": "36765607"}, "ElectricalMeasurement": null, "Dip": null}, {"HeadSegmentId": "133124", "Measures": {"MeasureList": [{"CameraIndividualId": "4033", "MeasurementResult": "0", "PhiDeviation": "696328", "TimeStampSinceStationStarted": "1288222.436458", "VisionDumpPath": "C:\\Sirio\\Work\\SvDumpFiles\\PartCameraDumps\\JID_403364906_OID_426520006_SEG_2_BE-Bibliothek.A5E44859639_R1288218108.svdmp", "XDeviation": "86090", "YDeviation": "-19901"}]}, "Pick": {"ActualPickPosition": {"Angle": "0", "X": "6000", "Y": "-49500"}, "MeasuredComponentHeight": "0", "NominalPickPosition": {"Angle": "0", "X": "5957", "Y": "-49453"}, "PickupLocationId": "280", "Result": "0", "TimeStampSinceStationStarted": "1288221.484245", "VacuumAbsolute": "-853", "VacuumRelative": "-853", "ZEndPosition": "46249000", "ZTargetPosition": "46263685"}, "Place": {"ActualPlacePosition": {"Angle": "180000", "X": "157481", "Y": "162632"}, "AirkissPressure": "75", "BoardPanelId": "2", "HoldingCircuitPressure": "2147483647", "NominalPlacePosition": {"Angle": "180000", "X": "157480", "Y": "162630"}, "ReferenceDesignator": "U1800_SOP_8/SOIC_8_O", "Result": "0", "TimeStampSinceStationStarted": "1288222.893169", "VacuumAbsolute": "-854", "VacuumRelative": "99", "ZEndPosition": "43703000", "ZTargetPosition": "43693516"}, "ElectricalMeasurement": null, "Dip": null}, {"HeadSegmentId": "67588", "Measures": {"MeasureList": [{"CameraIndividualId": "4033", "MeasurementResult": "0", "PhiDeviation": "-45119", "TimeStampSinceStationStarted": "1288222.648605", "VisionDumpPath": "C:\\Sirio\\Work\\SvDumpFiles\\PartCameraDumps\\JID_403364907_OID_426520007_SEG_1_BE-Bibliothek.A5E45275537_R1288218426.svdmp", "XDeviation": "182527", "YDeviation": "-64773"}]}, "Pick": {"ActualPickPosition": {"Angle": "0", "X": "17470", "Y": "-70910"}, "MeasuredComponentHeight": "0", "NominalPickPosition": {"Angle": "0", "X": "17929", "Y": "-70874"}, "PickupLocationId": "271", "Result": "0", "TimeStampSinceStationStarted": "1288221.801174", "VacuumAbsolute": "-810", "VacuumRelative": "-810", "ZEndPosition": "47074000", "ZTargetPosition": "47085243"}, "Place": {"ActualPlacePosition": {"Angle": "180000", "X": "172277", "Y": "74119"}, "AirkissPressure": "77", "BoardPanelId": "2", "HoldingCircuitPressure": "2147483647", "NominalPlacePosition": {"Angle": "180000", "X": "172275", "Y": "74120"}, "ReferenceDesignator": "X601_CONN_16_STECK_R", "Result": "0", "TimeStampSinceStationStarted": "1288223.231811", "VacuumAbsolute": "-836", "VacuumRelative": "95", "ZEndPosition": "39153500", "ZTargetPosition": "39177715"}, "ElectricalMeasurement": null, "Dip": null}, {"HeadSegmentId": "66049", "Measures": {"MeasureList": [{"CameraIndividualId": "1033", "MeasurementResult": "0", "PhiDeviation": "891492", "TimeStampSinceStationStarted": "1288224.760489", "VisionDumpPath": "C:\\Sirio\\Work\\SvDumpFiles\\PartCameraDumps\\JID_103382602_OID_426520008_SEG_1_BE-Bibliothek.A5E00701727_R1288220653.svdmp", "XDeviation": "-67012", "YDeviation": "-3780"}]}, "Pick": {"ActualPickPosition": {"Angle": "180000", "X": "15250", "Y": "-70500"}, "MeasuredComponentHeight": "0", "NominalPickPosition": {"Angle": "180000", "X": "15321", "Y": "-70640"}, "PickupLocationId": "240", "Result": "0", "TimeStampSinceStationStarted": "1288224.028628", "VacuumAbsolute": "-807", "VacuumRelative": "-807", "ZEndPosition": "47071000", "ZTargetPosition": "47055193"}, "Place": {"ActualPlacePosition": {"Angle": "-1", "X": "209076", "Y": "151140"}, "AirkissPressure": "71", "BoardPanelId": "2", "HoldingCircuitPressure": "2147483647", "NominalPlacePosition": {"Angle": "0", "X": "209080", "Y": "151130"}, "ReferenceDesignator": "C2209_CAPA_2_22_KOND", "Result": "0", "TimeStampSinceStationStarted": "1288225.251114", "VacuumAbsolute": "-823", "VacuumRelative": "102", "ZEndPosition": "37105000", "ZTargetPosition": "36998319"}, "ElectricalMeasurement": null, "Dip": null}, {"HeadSegmentId": "131585", "Measures": {"MeasureList": [{"CameraIndividualId": "1033", "MeasurementResult": "0", "PhiDeviation": "1046908", "TimeStampSinceStationStarted": "1288224.900145", "VisionDumpPath": "C:\\Sirio\\Work\\SvDumpFiles\\PartCameraDumps\\JID_103382603_OID_426520009_SEG_2_BE-Bibliothek.A5E00701727_R1288220925.svdmp", "XDeviation": "-20459", "YDeviation": "-2304"}]}, "Pick": {"ActualPickPosition": {"Angle": "180000", "X": "15250", "Y": "-70500"}, "MeasuredComponentHeight": "0", "NominalPickPosition": {"Angle": "180000", "X": "15321", "Y": "-70640"}, "PickupLocationId": "240", "Result": "0", "TimeStampSinceStationStarted": "1288224.301117", "VacuumAbsolute": "-817", "VacuumRelative": "-817", "ZEndPosition": "47076000", "ZTargetPosition": "47092193"}, "Place": {"ActualPlacePosition": {"Angle": "-1", "X": "102574", "Y": "151142"}, "AirkissPressure": "71", "BoardPanelId": "3", "HoldingCircuitPressure": "2147483647", "NominalPlacePosition": {"Angle": "0", "X": "102580", "Y": "151130"}, "ReferenceDesignator": "C2206_CAPA_2_22_KOND", "Result": "0", "TimeStampSinceStationStarted": "1288225.437862", "VacuumAbsolute": "-831", "VacuumRelative": "98", "ZEndPosition": "36698500", "ZTargetPosition": "36710933"}, "ElectricalMeasurement": null, "Dip": null}, {"HeadSegmentId": "133124", "Measures": {"MeasureList": [{"CameraIndividualId": "4033", "MeasurementResult": "0", "PhiDeviation": "1137298", "TimeStampSinceStationStarted": "1288226.003802", "VisionDumpPath": "C:\\Sirio\\Work\\SvDumpFiles\\PartCameraDumps\\JID_403364908_OID_426520010_SEG_2_BE-Bibliothek.A5E44859639_R1288220417.svdmp", "XDeviation": "40674", "YDeviation": "80003"}]}, "Pick": {"ActualPickPosition": {"Angle": "0", "X": "6000", "Y": "-49500"}, "MeasuredComponentHeight": "0", "NominalPickPosition": {"Angle": "0", "X": "5961", "Y": "-49454"}, "PickupLocationId": "280", "Result": "0", "TimeStampSinceStationStarted": "1288223.793023", "VacuumAbsolute": "-853", "VacuumRelative": "-853", "ZEndPosition": "46246500", "ZTargetPosition": "46260014"}, "Place": {"ActualPlacePosition": {"Angle": "180000", "X": "34640", "Y": "25848"}, "AirkissPressure": "73", "BoardPanelId": "3", "HoldingCircuitPressure": "2147483647", "NominalPlacePosition": {"Angle": "180000", "X": "34643", "Y": "25851"}, "ReferenceDesignator": "U500_SOP_8/SOIC_8_OP", "Result": "0", "TimeStampSinceStationStarted": "1288226.729644", "VacuumAbsolute": "-854", "VacuumRelative": "99", "ZEndPosition": "43801500", "ZTargetPosition": "43795108"}, "ElectricalMeasurement": null, "Dip": null}, {"HeadSegmentId": "67588", "Measures": {"MeasureList": [{"CameraIndividualId": "4033", "MeasurementResult": "0", "PhiDeviation": "316952", "TimeStampSinceStationStarted": "1288226.296127", "VisionDumpPath": "C:\\Sirio\\Work\\SvDumpFiles\\PartCameraDumps\\JID_403364909_OID_426520011_SEG_1_BE-Bibliothek.A5E30248076_R1288220676.svdmp", "XDeviation": "-713261", "YDeviation": "-865007"}]}, "Pick": {"ActualPickPosition": {"Angle": "180000", "X": "17020", "Y": "-69475"}, "MeasuredComponentHeight": "0", "NominalPickPosition": {"Angle": "180000", "X": "17020", "Y": "-69475"}, "PickupLocationId": "267", "Result": "0", "TimeStampSinceStationStarted": "1288224.051739", "VacuumAbsolute": "-822", "VacuumRelative": "-822", "ZEndPosition": "47300000", "ZTargetPosition": "47335416"}, "Place": {"ActualPlacePosition": {"Angle": "180000", "X": "103249", "Y": "30527"}, "AirkissPressure": "74", "BoardPanelId": "3", "HoldingCircuitPressure": "2147483647", "NominalPlacePosition": {"Angle": "180000", "X": "103250", "Y": "30530"}, "ReferenceDesignator": "X802_CONN_8_38_SONST", "Result": "0", "TimeStampSinceStationStarted": "1288227.001358", "VacuumAbsolute": "-823", "VacuumRelative": "92", "ZEndPosition": "33125000", "ZTargetPosition": "33132343"}, "ElectricalMeasurement": null, "Dip": null}, {"HeadSegmentId": "66049", "Measures": {"MeasureList": [{"CameraIndividualId": "1033", "MeasurementResult": "0", "PhiDeviation": "2669709", "TimeStampSinceStationStarted": "1288227.981849", "VisionDumpPath": "C:\\Sirio\\Work\\SvDumpFiles\\PartCameraDumps\\JID_103382604_OID_426520013_SEG_1_BE-Bibliothek.A5E00701727_R1288223591.svdmp", "XDeviation": "127383", "YDeviation": "-232998"}]}, "Pick": {"ActualPickPosition": {"Angle": "180000", "X": "15250", "Y": "-70500"}, "MeasuredComponentHeight": "0", "NominalPickPosition": {"Angle": "180000", "X": "15325", "Y": "-70640"}, "PickupLocationId": "240", "Result": "0", "TimeStampSinceStationStarted": "1288226.967227", "VacuumAbsolute": "-808", "VacuumRelative": "-808", "ZEndPosition": "47044000", "ZTargetPosition": "47054108"}, "Place": {"ActualPlacePosition": {"Angle": "-1", "X": "223077", "Y": "151140"}, "AirkissPressure": "74", "BoardPanelId": "2", "HoldingCircuitPressure": "2147483647", "NominalPlacePosition": {"Angle": "0", "X": "223080", "Y": "151130"}, "ReferenceDesignator": "C2206_CAPA_2_22_KOND", "Result": "0", "TimeStampSinceStationStarted": "1288228.719557", "VacuumAbsolute": "-827", "VacuumRelative": "103", "ZEndPosition": "37193500", "ZTargetPosition": "37055468"}, "ElectricalMeasurement": null, "Dip": null}, {"HeadSegmentId": "131585", "Measures": {"MeasureList": [{"CameraIndividualId": "1033", "MeasurementResult": "0", "PhiDeviation": "-612032", "TimeStampSinceStationStarted": "1288228.201892", "VisionDumpPath": "C:\\Sirio\\Work\\SvDumpFiles\\PartCameraDumps\\JID_103382605_OID_426520012_SEG_2_BE-Bibliothek.A5E02285215_R1288223865.svdmp", "XDeviation": "47217", "YDeviation": "112338"}]}, "Pick": {"ActualPickPosition": {"Angle": "180000", "X": "23950", "Y": "-70500"}, "MeasuredComponentHeight": "0", "NominalPickPosition": {"Angle": "180000", "X": "23950", "Y": "-70500"}, "PickupLocationId": "241", "Result": "0", "TimeStampSinceStationStarted": "1288227.240487", "VacuumAbsolute": "-862", "VacuumRelative": "-862", "ZEndPosition": "48419500", "ZTargetPosition": "48489131"}, "Place": {"ActualPlacePosition": {"Angle": "-90001", "X": "18429", "Y": "22902"}, "AirkissPressure": "74", "BoardPanelId": "3", "HoldingCircuitPressure": "2147483647", "NominalPlacePosition": {"Angle": "-90000", "X": "18439", "Y": "22900"}, "ReferenceDesignator": "X501_CONN_DSUB_9_STE", "Result": "0", "TimeStampSinceStationStarted": "1288229.10261", "VacuumAbsolute": "-862", "VacuumRelative": "103", "ZEndPosition": "36362500", "ZTargetPosition": "36408430"}, "ElectricalMeasurement": null, "Dip": null}, {"HeadSegmentId": "133124", "Measures": {"MeasureList": [{"CameraIndividualId": "4033", "MeasurementResult": "0", "PhiDeviation": "143287", "TimeStampSinceStationStarted": "1288229.715318", "VisionDumpPath": "C:\\Sirio\\Work\\SvDumpFiles\\PartCameraDumps\\JID_403364910_OID_426520014_SEG_2_BE-Bibliothek.A5E44859639_R1288224352.svdmp", "XDeviation": "-55316", "YDeviation": "65875"}]}, "Pick": {"ActualPickPosition": {"Angle": "0", "X": "6000", "Y": "-49500"}, "MeasuredComponentHeight": "0", "NominalPickPosition": {"Angle": "0", "X": "5963", "Y": "-49450"}, "PickupLocationId": "280", "Result": "0", "TimeStampSinceStationStarted": "1288227.727452", "VacuumAbsolute": "-854", "VacuumRelative": "-854", "ZEndPosition": "46266000", "ZTargetPosition": "46256635"}, "Place": {"ActualPlacePosition": {"Angle": "180000", "X": "155144", "Y": "25848"}, "AirkissPressure": "71", "BoardPanelId": "2", "HoldingCircuitPressure": "2147483647", "NominalPlacePosition": {"Angle": "180000", "X": "155143", "Y": "25851"}, "ReferenceDesignator": "U500_SOP_8/SOIC_8_OP", "Result": "0", "TimeStampSinceStationStarted": "1288230.441125", "VacuumAbsolute": "-854", "VacuumRelative": "99", "ZEndPosition": "43795500", "ZTargetPosition": "43818966"}, "ElectricalMeasurement": null, "Dip": null}, {"HeadSegmentId": "67588", "Measures": {"MeasureList": [{"CameraIndividualId": "4033", "MeasurementResult": "0", "PhiDeviation": "-291798", "TimeStampSinceStationStarted": "1288230.007475", "VisionDumpPath": "C:\\Sirio\\Work\\SvDumpFiles\\PartCameraDumps\\JID_403364911_OID_426520015_SEG_1_BE-Bibliothek.A5E30248076_R1288224624.svdmp", "XDeviation": "-712149", "YDeviation": "-619118"}]}, "Pick": {"ActualPickPosition": {"Angle": "180000", "X": "17020", "Y": "-69475"}, "MeasuredComponentHeight": "0", "NominalPickPosition": {"Angle": "180000", "X": "17020", "Y": "-69475"}, "PickupLocationId": "267", "Result": "0", "TimeStampSinceStationStarted": "1288227.999358", "VacuumAbsolute": "-839", "VacuumRelative": "-839", "ZEndPosition": "47331500", "ZTargetPosition": "47326562"}, "Place": {"ActualPlacePosition": {"Angle": "180000", "X": "223754", "Y": "30527"}, "AirkissPressure": "74", "BoardPanelId": "2", "HoldingCircuitPressure": "2147483647", "NominalPlacePosition": {"Angle": "180000", "X": "223750", "Y": "30530"}, "ReferenceDesignator": "X802_CONN_8_38_SONST", "Result": "0", "TimeStampSinceStationStarted": "1288230.722059", "VacuumAbsolute": "-839", "VacuumRelative": "95", "ZEndPosition": "33520000", "ZTargetPosition": "33513223"}, "ElectricalMeasurement": null, "Dip": null}, {"HeadSegmentId": "131585", "Measures": {"MeasureList": [{"CameraIndividualId": "1033", "MeasurementResult": "0", "PhiDeviation": "-277383", "TimeStampSinceStationStarted": "1288230.987203", "VisionDumpPath": "C:\\Sirio\\Work\\SvDumpFiles\\PartCameraDumps\\JID_103382606_OID_426520016_SEG_2_BE-Bibliothek.A5E02285215_R1288226461.svdmp", "XDeviation": "97962", "YDeviation": "1268"}]}, "Pick": {"ActualPickPosition": {"Angle": "180000", "X": "23950", "Y": "-70500"}, "MeasuredComponentHeight": "0", "NominalPickPosition": {"Angle": "180000", "X": "23950", "Y": "-70500"}, "PickupLocationId": "241", "Result": "0", "TimeStampSinceStationStarted": "1288229.836265", "VacuumAbsolute": "-861", "VacuumRelative": "-861", "ZEndPosition": "48562000", "ZTargetPosition": "48471723"}, "Place": {"ActualPlacePosition": {"Angle": "-90001", "X": "138931", "Y": "22900"}, "AirkissPressure": "72", "BoardPanelId": "2", "HoldingCircuitPressure": "2147483647", "NominalPlacePosition": {"Angle": "-90000", "X": "138939", "Y": "22900"}, "ReferenceDesignator": "X501_CONN_DSUB_9_STE", "Result": "0", "TimeStampSinceStationStarted": "1288231.752163", "VacuumAbsolute": "-862", "VacuumRelative": "103", "ZEndPosition": "36386500", "ZTargetPosition": "36424860"}, "ElectricalMeasurement": null, "Dip": null}, {"HeadSegmentId": "66049", "Measures": {"MeasureList": [{"CameraIndividualId": "1033", "MeasurementResult": "0", "PhiDeviation": "-268533", "TimeStampSinceStationStarted": "1288231.284344", "VisionDumpPath": "C:\\Sirio\\Work\\SvDumpFiles\\PartCameraDumps\\JID_103382607_OID_426520017_SEG_1_BE-Bibliothek.A5E00189819_R1288226865.svdmp", "XDeviation": "-100839", "YDeviation": "69770"}]}, "Pick": {"ActualPickPosition": {"Angle": "0", "X": "15250", "Y": "-70500"}, "MeasuredComponentHeight": "0", "NominalPickPosition": {"Angle": "0", "X": "15050", "Y": "-70431"}, "PickupLocationId": "242", "Result": "0", "TimeStampSinceStationStarted": "1288230.241397", "VacuumAbsolute": "-812", "VacuumRelative": "-812", "ZEndPosition": "47331000", "ZTargetPosition": "47322085"}, "Place": {"ActualPlacePosition": {"Angle": "-1", "X": "194076", "Y": "151040"}, "AirkissPressure": "77", "BoardPanelId": "2", "HoldingCircuitPressure": "2147483647", "NominalPlacePosition": {"Angle": "0", "X": "194080", "Y": "151030"}, "ReferenceDesignator": "T2200_EX120_TRAFO_SC", "Result": "0", "TimeStampSinceStationStarted": "1288232.124004", "VacuumAbsolute": "-813", "VacuumRelative": "99", "ZEndPosition": "41557500", "ZTargetPosition": "41493756"}, "ElectricalMeasurement": null, "Dip": null}, {"HeadSegmentId": "67588", "Measures": {"MeasureList": [{"CameraIndividualId": "4033", "MeasurementResult": "0", "PhiDeviation": "-207446", "TimeStampSinceStationStarted": "1288233.945673", "VisionDumpPath": "C:\\Sirio\\Work\\SvDumpFiles\\PartCameraDumps\\JID_403364912_OID_426520019_SEG_1_BE-Bibliothek.A5E51102635_R1288229447.svdmp", "XDeviation": "-117503", "YDeviation": "27161"}]}, "Pick": {"ActualPickPosition": {"Angle": "0", "X": "15250", "Y": "-70500"}, "MeasuredComponentHeight": "0", "NominalPickPosition": {"Angle": "0", "X": "15154", "Y": "-70479"}, "PickupLocationId": "265", "Result": "0", "TimeStampSinceStationStarted": "1288232.822292", "VacuumAbsolute": "-827", "VacuumRelative": "-827", "ZEndPosition": "47218000", "ZTargetPosition": "47236849"}, "Place": {"ActualPlacePosition": {"Angle": "180000", "X": "69617", "Y": "48628"}, "AirkissPressure": "75", "BoardPanelId": "3", "HoldingCircuitPressure": "2147483647", "NominalPlacePosition": {"Angle": "180000", "X": "69619", "Y": "48630"}, "ReferenceDesignator": "D3_BGA_63_", "Result": "0", "TimeStampSinceStationStarted": "1288234.289341", "VacuumAbsolute": "-829", "VacuumRelative": "93", "ZEndPosition": "46321500", "ZTargetPosition": "46309395"}, "ElectricalMeasurement": null, "Dip": null}, {"HeadSegmentId": "133124", "Measures": {"MeasureList": [{"CameraIndividualId": "4033", "MeasurementResult": "0", "PhiDeviation": "845376", "TimeStampSinceStationStarted": "1288233.733451", "VisionDumpPath": "C:\\Sirio\\Work\\SvDumpFiles\\PartCameraDumps\\JID_403364913_OID_426520018_SEG_2_BE-Bibliothek.A5E44859639_R1288229838.svdmp", "XDeviation": "16574", "YDeviation": "-19508"}]}, "Pick": {"ActualPickPosition": {"Angle": "0", "X": "6000", "Y": "-49500"}, "MeasuredComponentHeight": "0", "NominalPickPosition": {"Angle": "0", "X": "5960", "Y": "-49447"}, "PickupLocationId": "280", "Result": "0", "TimeStampSinceStationStarted": "1288233.213624", "VacuumAbsolute": "-854", "VacuumRelative": "-854", "ZEndPosition": "46277500", "ZTargetPosition": "46258976"}, "Place": {"ActualPlacePosition": {"Angle": "180000", "X": "150281", "Y": "162632"}, "AirkissPressure": "71", "BoardPanelId": "2", "HoldingCircuitPressure": "2147483647", "NominalPlacePosition": {"Angle": "180000", "X": "150280", "Y": "162630"}, "ReferenceDesignator": "U1704_SOP_8/SOIC_8_O", "Result": "0", "TimeStampSinceStationStarted": "1288234.62239", "VacuumAbsolute": "-854", "VacuumRelative": "99", "ZEndPosition": "43672500", "ZTargetPosition": "43665155"}, "ElectricalMeasurement": null, "Dip": null}, {"HeadSegmentId": "133124", "Measures": {"MeasureList": [{"CameraIndividualId": "4033", "MeasurementResult": "0", "PhiDeviation": "407616", "TimeStampSinceStationStarted": "1288236.101715", "VisionDumpPath": "C:\\Sirio\\Work\\SvDumpFiles\\PartCameraDumps\\JID_403364914_OID_426520020_SEG_2_BE-Bibliothek.A5E44859639_R1288231861.svdmp", "XDeviation": "78014", "YDeviation": "-30456"}]}, "Pick": {"ActualPickPosition": {"Angle": "0", "X": "6000", "Y": "-49500"}, "MeasuredComponentHeight": "0", "NominalPickPosition": {"Angle": "0", "X": "5961", "Y": "-49448"}, "PickupLocationId": "280", "Result": "0", "TimeStampSinceStationStarted": "1288235.236053", "VacuumAbsolute": "-854", "VacuumRelative": "-854", "ZEndPosition": "46282000", "ZTargetPosition": "46263607"}, "Place": {"ActualPlacePosition": {"Angle": "180000", "X": "29777", "Y": "162632"}, "AirkissPressure": "76", "BoardPanelId": "3", "HoldingCircuitPressure": "2147483647", "NominalPlacePosition": {"Angle": "180000", "X": "29780", "Y": "162630"}, "ReferenceDesignator": "U1704_SOP_8/SOIC_8_O", "Result": "0", "TimeStampSinceStationStarted": "1288236.559707", "VacuumAbsolute": "-855", "VacuumRelative": "99", "ZEndPosition": "43669000", "ZTargetPosition": "43657590"}, "ElectricalMeasurement": null, "Dip": null}, {"HeadSegmentId": "67588", "Measures": {"MeasureList": [{"CameraIndividualId": "4033", "MeasurementResult": "0", "PhiDeviation": "-942702", "TimeStampSinceStationStarted": "1288236.31388", "VisionDumpPath": "C:\\Sirio\\Work\\SvDumpFiles\\PartCameraDumps\\JID_403364915_OID_426520021_SEG_1_BE-Bibliothek.A5E51102635_R1288232112.svdmp", "XDeviation": "45937", "YDeviation": "34186"}]}, "Pick": {"ActualPickPosition": {"Angle": "0", "X": "15250", "Y": "-70500"}, "MeasuredComponentHeight": "0", "NominalPickPosition": {"Angle": "0", "X": "15148", "Y": "-70477"}, "PickupLocationId": "265", "Result": "0", "TimeStampSinceStationStarted": "1288235.487651", "VacuumAbsolute": "-820", "VacuumRelative": "-820", "ZEndPosition": "47257000", "ZTargetPosition": "47232137"}, "Place": {"ActualPlacePosition": {"Angle": "180000", "X": "190121", "Y": "48628"}, "AirkissPressure": "72", "BoardPanelId": "2", "HoldingCircuitPressure": "2147483647", "NominalPlacePosition": {"Angle": "180000", "X": "190119", "Y": "48630"}, "ReferenceDesignator": "D3_BGA_63_", "Result": "0", "TimeStampSinceStationStarted": "1288236.948441", "VacuumAbsolute": "-822", "VacuumRelative": "92", "ZEndPosition": "46438500", "ZTargetPosition": "46467968"}, "ElectricalMeasurement": null, "Dip": null}, {"HeadSegmentId": "67588", "Measures": {"MeasureList": [{"CameraIndividualId": "4033", "MeasurementResult": "0", "PhiDeviation": "1106836", "TimeStampSinceStationStarted": "1288239.648335", "VisionDumpPath": "C:\\Sirio\\Work\\SvDumpFiles\\PartCameraDumps\\JID_403364916_OID_426520022_SEG_1_BE-Bibliothek.A5E44859639_R1288235226.svdmp", "XDeviation": "-5677", "YDeviation": "22597"}]}, "Pick": {"ActualPickPosition": {"Angle": "0", "X": "6000", "Y": "-49500"}, "MeasuredComponentHeight": "0", "NominalPickPosition": {"Angle": "0", "X": "5965", "Y": "-49450"}, "PickupLocationId": "280", "Result": "0", "TimeStampSinceStationStarted": "1288238.601304", "VacuumAbsolute": "-840", "VacuumRelative": "-840", "ZEndPosition": "46265500", "ZTargetPosition": "46267705"}, "Place": {"ActualPlacePosition": {"Angle": "180000", "X": "143081", "Y": "162632"}, "AirkissPressure": "72", "BoardPanelId": "2", "HoldingCircuitPressure": "2147483647", "NominalPlacePosition": {"Angle": "180000", "X": "143080", "Y": "162630"}, "ReferenceDesignator": "U1700_SOP_8/SOIC_8_O", "Result": "0", "TimeStampSinceStationStarted": "1288239.963427", "VacuumAbsolute": "-843", "VacuumRelative": "96", "ZEndPosition": "43615000", "ZTargetPosition": "43624789"}, "ElectricalMeasurement": null, "Dip": null}, {"HeadSegmentId": "133124", "Measures": {"MeasureList": [{"CameraIndividualId": "4033", "MeasurementResult": "0", "PhiDeviation": "-581439", "TimeStampSinceStationStarted": "1288239.418014", "VisionDumpPath": "C:\\Sirio\\Work\\SvDumpFiles\\PartCameraDumps\\JID_403364917_OID_426520023_SEG_2_BE-Bibliothek.A5E44859639_R1288235523.svdmp", "XDeviation": "-10613", "YDeviation": "-23450"}]}, "Pick": {"ActualPickPosition": {"Angle": "0", "X": "6000", "Y": "-49500"}, "MeasuredComponentHeight": "0", "NominalPickPosition": {"Angle": "0", "X": "5965", "Y": "-49450"}, "PickupLocationId": "280", "Result": "0", "TimeStampSinceStationStarted": "1288238.898405", "VacuumAbsolute": "-854", "VacuumRelative": "-854", "ZEndPosition": "46278000", "ZTargetPosition": "46268205"}, "Place": {"ActualPlacePosition": {"Angle": "180000", "X": "36977", "Y": "162632"}, "AirkissPressure": "73", "BoardPanelId": "3", "HoldingCircuitPressure": "2147483647", "NominalPlacePosition": {"Angle": "180000", "X": "36980", "Y": "162630"}, "ReferenceDesignator": "U1800_SOP_8/SOIC_8_O", "Result": "0", "TimeStampSinceStationStarted": "1288240.261265", "VacuumAbsolute": "-854", "VacuumRelative": "99", "ZEndPosition": "43667000", "ZTargetPosition": "43652098"}, "ElectricalMeasurement": null, "Dip": null}]}, "HeadContext": {"HeadSegments": {"HeadSegment": [{"GantryId": "1", "Head": "1", "HeadName": "Twin Head 5xx", "Id": "66049", "NozzleTypeId": "581", "SegmentNumber": "1"}, {"GantryId": "4", "Head": "1", "HeadName": "Twin Head 5xx", "Id": "67588", "NozzleTypeId": "516", "SegmentNumber": "1"}, {"GantryId": "1", "Head": "1", "HeadName": "Twin Head 5xx", "Id": "131585", "NozzleTypeId": "517", "SegmentNumber": "2"}, {"GantryId": "4", "Head": "1", "HeadName": "Twin Head 5xx", "Id": "133124", "NozzleTypeId": "597", "SegmentNumber": "2"}]}}, "SetupContext": {"PickupLocations": {"PickupLocation": [{"Division": "1", "FeederId": "32FAUE900466", "FeederType": "288", "Id": "238", "Level": "0", "Location": "1", "StartTrackNumber": "7", "SubLocation": "1", "Tower": "0", "PackagingUid": "M05323114"}, {"Division": "1", "FeederId": "24KL-L205402", "FeederType": "280", "Id": "240", "Level": "0", "Location": "1", "StartTrackNumber": "14", "SubLocation": "1", "Tower": "0", "PackagingUid": "M05187756"}, {"Division": "1", "FeederId": "44KL-K305106", "FeederType": "300", "Id": "241", "Level": "0", "Location": "1", "StartTrackNumber": "17", "SubLocation": "1", "Tower": "0", "PackagingUid": "M04859661"}, {"Division": "1", "FeederId": "24KL-K305319", "FeederType": "280", "Id": "242", "Level": "0", "Location": "1", "StartTrackNumber": "22", "SubLocation": "1", "Tower": "0", "PackagingUid": "M04790497"}, {"Division": "1", "FeederId": "24FAUE900672", "FeederType": "280", "Id": "265", "Level": "0", "Location": "4", "StartTrackNumber": "1", "SubLocation": "1", "Tower": "0", "PackagingUid": "A00061487"}, {"Division": "1", "FeederId": "32FAUE000671", "FeederType": "288", "Id": "267", "Level": "0", "Location": "4", "StartTrackNumber": "16", "SubLocation": "1", "Tower": "0", "PackagingUid": "M05305949"}, {"Division": "1", "FeederId": "32FAUE900659", "FeederType": "288", "Id": "271", "Level": "0", "Location": "4", "StartTrackNumber": "28", "SubLocation": "1", "Tower": "0", "PackagingUid": "M05325461"}, {"Division": "1", "FeederId": "12KL-F105078", "FeederType": "268", "Id": "280", "Level": "0", "Location": "4", "StartTrackNumber": "14", "SubLocation": "1", "Tower": "0", "PackagingUid": "M05245903"}]}}}}, "ProductionEndedData": {"StationTime": "2021-11-30T08:22:09.2800000+08:00", "TimeStampSinceStationStarted": "1288240.544301"}}