{"name": "PDI_Line5_3851240035_20211130172309.txt", "Timestamp": "2021-11-30T17:22:47.9721549+08:00", "TxnID": "757de1c4-1738-4c52-ac36-f30fd7e9a528", "Line": "SEWC-Lines\\Line5", "Machine": "Line5\\ST3_X3 S", "ProductionStartedData": [{"ConveyorLanePosition": "1", "ConveyorStopperPosition": "1", "Pcb": {"BarcodeReaderPosition": "0", "BoardSide": "1", "IndividualGUID": "bd3644e7-435b-44c6-a759-01c147a04cf7", "LineJobGUID": "545cc380-820c-40fe-b772-c5a1099a59d8", "Path": "STAB\\A5E50302024bt02", "PcbIndividualID": "44667", "RecipePath": "Line5\\Smart_CPU_L5_702SAF\\A5E50302024bt02", "Barcode": "", "OrderNumber": null}, "ProcessingAreaPosition": "1", "SetupPath": "Line5\\Smart_CPU_L5_702SAF", "StationTime": "2021-11-30T17:20:23.9640000+08:00", "TimeStampSinceStationStarted": "1320535.068142"}], "BoardPositionsList": {"BoardPositions": [{"ActualPosition": {"Angle": "-3", "X": "-476649", "Y": "-232964", "Z": "-5000"}, "FiducialPositions": {"FiducialRecognitionResult": [{"ActualPosition": {"Angle": "-53", "X": "4213", "Y": "11590", "Z": null}, "CameraIndividualId": "4034", "FiducialFunction": "0", "GantryId": "4", "MeasurementResult": "0", "NominalPosition": {"Angle": "0", "X": "4810", "Y": "11697", "Z": null}, "Path": "A5E50302024bt02/1/01/1", "StationTime": "2021-11-30T17:20:25.8210000+08:00", "TimeStampSinceStationStarted": "1320536.92534"}, {"ActualPosition": {"Angle": "-9", "X": "192206", "Y": "185849", "Z": null}, "CameraIndividualId": "4034", "FiducialFunction": "0", "GantryId": "4", "MeasurementResult": "0", "NominalPosition": {"Angle": "0", "X": "192833", "Y": "186004", "Z": null}, "Path": "A5E50302024bt02/1/02/1", "StationTime": "2021-11-30T17:20:25.8210000+08:00", "TimeStampSinceStationStarted": "1320536.92534"}]}, "NominalPosition": {"Angle": "0", "X": "-476032", "Y": "-232838", "Z": "-5000"}}]}, "ProgressDataList": {"ProductionProgressData": {"BoardContext": {"BoardPanels": {"BoardPanel": [{"Id": "2", "PanelPath": "A5E50302024bt02/A1"}]}}, "ComponentIndividuals": {"ComponentIndividual": [{"HeadSegmentId": "66049", "Measures": {"MeasureList": [{"CameraIndividualId": "1033", "MeasurementResult": "0", "PhiDeviation": "1359892", "TimeStampSinceStationStarted": "1320537.604293", "VisionDumpPath": "C:\\Sirio\\Work\\SvDumpFiles\\PartCameraDumps\\JID_103386137_OID_446670000_SEG_1_BE-Bibliothek.A5E00701727_R1320532381.svdmp", "XDeviation": "-102654", "YDeviation": "39253"}]}, "Pick": {"ActualPickPosition": {"Angle": "180000", "X": "15250", "Y": "-70500"}, "MeasuredComponentHeight": "0", "NominalPickPosition": {"Angle": "180000", "X": "15267", "Y": "-70668"}, "PickupLocationId": "240", "Result": "0", "TimeStampSinceStationStarted": "1320535.596403", "VacuumAbsolute": "-790", "VacuumRelative": "-790", "ZEndPosition": "47041000", "ZTargetPosition": "47051598"}, "Place": {"ActualPlacePosition": {"Angle": "-90001", "X": "174188", "Y": "142261"}, "AirkissPressure": "71", "BoardPanelId": "2", "HoldingCircuitPressure": "2147483647", "NominalPlacePosition": {"Angle": "-90000", "X": "174220", "Y": "142270"}, "ReferenceDesignator": "C2808_CAPA_2_22_KOND", "Result": "0", "TimeStampSinceStationStarted": "1320537.888459", "VacuumAbsolute": "-801", "VacuumRelative": "95", "ZEndPosition": "36724000", "ZTargetPosition": "36801628"}, "ElectricalMeasurement": null, "Dip": null}, {"HeadSegmentId": "67588", "Measures": {"MeasureList": [{"CameraIndividualId": "4033", "MeasurementResult": "0", "PhiDeviation": "-614088", "TimeStampSinceStationStarted": "1320538.472763", "VisionDumpPath": "C:\\Sirio\\Work\\SvDumpFiles\\PartCameraDumps\\JID_403371001_OID_446670001_SEG_1_BE-Bibliothek.A5E30248076_R1320534464.svdmp", "XDeviation": "-848435", "YDeviation": "-806050"}]}, "Pick": {"ActualPickPosition": {"Angle": "180000", "X": "17020", "Y": "-69475"}, "MeasuredComponentHeight": "0", "NominalPickPosition": {"Angle": "180000", "X": "17020", "Y": "-69475"}, "PickupLocationId": "267", "Result": "0", "TimeStampSinceStationStarted": "1320537.679316", "VacuumAbsolute": "-824", "VacuumRelative": "-824", "ZEndPosition": "47308000", "ZTargetPosition": "47294562"}, "Place": {"ActualPlacePosition": {"Angle": "180000", "X": "170905", "Y": "31764"}, "AirkissPressure": "72", "BoardPanelId": "2", "HoldingCircuitPressure": "2147483647", "NominalPlacePosition": {"Angle": "180000", "X": "170920", "Y": "31750"}, "ReferenceDesignator": "X802_CONN_8_38_SONST", "Result": "0", "TimeStampSinceStationStarted": "1320539.005145", "VacuumAbsolute": "-825", "VacuumRelative": "92", "ZEndPosition": "33384500", "ZTargetPosition": "33387133"}, "ElectricalMeasurement": null, "Dip": null}, {"HeadSegmentId": "131585", "Measures": {"MeasureList": [{"CameraIndividualId": "1033", "MeasurementResult": "0", "PhiDeviation": "-67438", "TimeStampSinceStationStarted": "1320539.73127", "VisionDumpPath": "C:\\Sirio\\Work\\SvDumpFiles\\PartCameraDumps\\JID_103386138_OID_446670002_SEG_2_BE-Bibliothek.A5E02285215_R1320535165.svdmp", "XDeviation": "-111014", "YDeviation": "434557"}]}, "Pick": {"ActualPickPosition": {"Angle": "180000", "X": "23950", "Y": "-70500"}, "MeasuredComponentHeight": "0", "NominalPickPosition": {"Angle": "180000", "X": "23950", "Y": "-70500"}, "PickupLocationId": "241", "Result": "0", "TimeStampSinceStationStarted": "1320538.380515", "VacuumAbsolute": "-855", "VacuumRelative": "-855", "ZEndPosition": "48412000", "ZTargetPosition": "48382897"}, "Place": {"ActualPlacePosition": {"Angle": "-90001", "X": "20879", "Y": "24268"}, "AirkissPressure": "71", "BoardPanelId": "2", "HoldingCircuitPressure": "2147483647", "NominalPlacePosition": {"Angle": "-90000", "X": "20870", "Y": "24250"}, "ReferenceDesignator": "X501_CONN_DSUB_9_STE", "Result": "0", "TimeStampSinceStationStarted": "1320540.389562", "VacuumAbsolute": "-855", "VacuumRelative": "102", "ZEndPosition": "36312000", "ZTargetPosition": "36338429"}, "ElectricalMeasurement": null, "Dip": null}, {"HeadSegmentId": "66049", "Measures": {"MeasureList": [{"CameraIndividualId": "1033", "MeasurementResult": "0", "PhiDeviation": "-294333", "TimeStampSinceStationStarted": "1320540.028372", "VisionDumpPath": "C:\\Sirio\\Work\\SvDumpFiles\\PartCameraDumps\\JID_103386139_OID_446670003_SEG_1_BE-Bibliothek.A5E00189819_R1320535581.svdmp", "XDeviation": "-94470", "YDeviation": "14132"}]}, "Pick": {"ActualPickPosition": {"Angle": "0", "X": "15250", "Y": "-70500"}, "MeasuredComponentHeight": "0", "NominalPickPosition": {"Angle": "0", "X": "15040", "Y": "-70422"}, "PickupLocationId": "242", "Result": "0", "TimeStampSinceStationStarted": "1320538.796865", "VacuumAbsolute": "-807", "VacuumRelative": "-807", "ZEndPosition": "47182000", "ZTargetPosition": "47352453"}, "Place": {"ActualPlacePosition": {"Angle": "-1", "X": "132179", "Y": "142322"}, "AirkissPressure": "75", "BoardPanelId": "2", "HoldingCircuitPressure": "2147483647", "NominalPlacePosition": {"Angle": "0", "X": "132200", "Y": "142330"}, "ReferenceDesignator": "T2800_EX120_TRAFO_SC", "Result": "0", "TimeStampSinceStationStarted": "1320540.736825", "VacuumAbsolute": "-807", "VacuumRelative": "97", "ZEndPosition": "41091500", "ZTargetPosition": "41259372"}, "ElectricalMeasurement": null, "Dip": null}, {"HeadSegmentId": "133124", "Measures": {"MeasureList": [{"CameraIndividualId": "4033", "MeasurementResult": "0", "PhiDeviation": "-2881", "TimeStampSinceStationStarted": "1320540.739999", "VisionDumpPath": "C:\\Sirio\\Work\\SvDumpFiles\\PartCameraDumps\\JID_403371002_OID_446670004_SEG_2_BE-Bibliothek.A5E44859639_R1320536616.svdmp", "XDeviation": "-83832", "YDeviation": "31280"}]}, "Pick": {"ActualPickPosition": {"Angle": "0", "X": "6000", "Y": "-49500"}, "MeasuredComponentHeight": "0", "NominalPickPosition": {"Angle": "0", "X": "6003", "Y": "-49500"}, "PickupLocationId": "280", "Result": "0", "TimeStampSinceStationStarted": "1320539.831174", "VacuumAbsolute": "-845", "VacuumRelative": "-845", "ZEndPosition": "46251500", "ZTargetPosition": "46260567"}, "Place": {"ActualPlacePosition": {"Angle": "180000", "X": "25022", "Y": "160892"}, "AirkissPressure": "71", "BoardPanelId": "2", "HoldingCircuitPressure": "2147483647", "NominalPlacePosition": {"Angle": "180000", "X": "25006", "Y": "160905"}, "ReferenceDesignator": "U2005_SOP_8/SOIC_8_O", "Result": "0", "TimeStampSinceStationStarted": "1320541.297384", "VacuumAbsolute": "-845", "VacuumRelative": "97", "ZEndPosition": "43581000", "ZTargetPosition": "43601284"}, "ElectricalMeasurement": null, "Dip": null}, {"HeadSegmentId": "67588", "Measures": {"MeasureList": [{"CameraIndividualId": "4033", "MeasurementResult": "0", "PhiDeviation": "-652979", "TimeStampSinceStationStarted": "1320540.951997", "VisionDumpPath": "C:\\Sirio\\Work\\SvDumpFiles\\PartCameraDumps\\JID_403371003_OID_446670005_SEG_1_BE-Bibliothek.A5E45275537_R1320536933.svdmp", "XDeviation": "-188358", "YDeviation": "-54862"}]}, "Pick": {"ActualPickPosition": {"Angle": "0", "X": "17470", "Y": "-70910"}, "MeasuredComponentHeight": "0", "NominalPickPosition": {"Angle": "0", "X": "17944", "Y": "-70966"}, "PickupLocationId": "271", "Result": "0", "TimeStampSinceStationStarted": "1320540.148501", "VacuumAbsolute": "-795", "VacuumRelative": "-795", "ZEndPosition": "47101500", "ZTargetPosition": "47109416"}, "Place": {"ActualPlacePosition": {"Angle": "180000", "X": "54409", "Y": "75355"}, "AirkissPressure": "73", "BoardPanelId": "2", "HoldingCircuitPressure": "2147483647", "NominalPlacePosition": {"Angle": "180000", "X": "54400", "Y": "75350"}, "ReferenceDesignator": "X601_CONN_16_STECK_R", "Result": "0", "TimeStampSinceStationStarted": "1320541.650871", "VacuumAbsolute": "-813", "VacuumRelative": "90", "ZEndPosition": "38983000", "ZTargetPosition": "38957317"}, "ElectricalMeasurement": null, "Dip": null}, {"HeadSegmentId": "66049", "Measures": {"MeasureList": [{"CameraIndividualId": "1033", "MeasurementResult": "0", "PhiDeviation": "-200962", "TimeStampSinceStationStarted": "1320543.131884", "VisionDumpPath": "C:\\Sirio\\Work\\SvDumpFiles\\PartCameraDumps\\JID_103386140_OID_446670006_SEG_1_BE-Bibliothek.A5E01114436_R1320539453.svdmp", "XDeviation": "93298", "YDeviation": "9597"}]}, "Pick": {"ActualPickPosition": {"Angle": "180000", "X": "17950", "Y": "-70500"}, "MeasuredComponentHeight": "0", "NominalPickPosition": {"Angle": "180000", "X": "17890", "Y": "-70996"}, "PickupLocationId": "238", "Result": "0", "TimeStampSinceStationStarted": "1320542.668286", "VacuumAbsolute": "-770", "VacuumRelative": "-770", "ZEndPosition": "43507500", "ZTargetPosition": "43490441"}, "Place": {"ActualPlacePosition": {"Angle": "179999", "X": "168000", "Y": "169900"}, "AirkissPressure": "74", "BoardPanelId": "2", "HoldingCircuitPressure": "2147483647", "NominalPlacePosition": {"Angle": "180000", "X": "168030", "Y": "169915"}, "ReferenceDesignator": "X605_CONN_8_STECK_RC", "Result": "0", "TimeStampSinceStationStarted": "1320543.478504", "VacuumAbsolute": "-801", "VacuumRelative": "95", "ZEndPosition": "40149000", "ZTargetPosition": "40161273"}, "ElectricalMeasurement": null, "Dip": null}, {"HeadSegmentId": "67588", "Measures": {"MeasureList": [{"CameraIndividualId": "4033", "MeasurementResult": "0", "PhiDeviation": "1582902", "TimeStampSinceStationStarted": "1320543.514823", "VisionDumpPath": "C:\\Sirio\\Work\\SvDumpFiles\\PartCameraDumps\\JID_403371004_OID_446670007_SEG_1_BE-Bibliothek.A5E30621710_R1320539283.svdmp", "XDeviation": "-14908", "YDeviation": "117891"}]}, "Pick": {"ActualPickPosition": {"Angle": "0", "X": "15250", "Y": "-70500"}, "MeasuredComponentHeight": "0", "NominalPickPosition": {"Angle": "0", "X": "15183", "Y": "-70826"}, "PickupLocationId": "269", "Result": "0", "TimeStampSinceStationStarted": "1320542.498408", "VacuumAbsolute": "-782", "VacuumRelative": "-782", "ZEndPosition": "47065000", "ZTargetPosition": "47051458"}, "Place": {"ActualPlacePosition": {"Angle": "0", "X": "87902", "Y": "50140"}, "AirkissPressure": "78", "BoardPanelId": "2", "HoldingCircuitPressure": "2147483647", "NominalPlacePosition": {"Angle": "0", "X": "87900", "Y": "50130"}, "ReferenceDesignator": "D1500_TSSOP_56_IC_IN", "Result": "0", "TimeStampSinceStationStarted": "1320544.137564", "VacuumAbsolute": "-833", "VacuumRelative": "94", "ZEndPosition": "46136500", "ZTargetPosition": "46137632"}, "ElectricalMeasurement": null, "Dip": null}, {"HeadSegmentId": "133124", "Measures": {"MeasureList": [{"CameraIndividualId": "4033", "MeasurementResult": "0", "PhiDeviation": "-188895", "TimeStampSinceStationStarted": "1320543.674628", "VisionDumpPath": "C:\\Sirio\\Work\\SvDumpFiles\\PartCameraDumps\\JID_403371005_OID_446670008_SEG_2_BE-Bibliothek.A5E44859639_R1320539562.svdmp", "XDeviation": "-63440", "YDeviation": "17201"}]}, "Pick": {"ActualPickPosition": {"Angle": "0", "X": "6000", "Y": "-49500"}, "MeasuredComponentHeight": "0", "NominalPickPosition": {"Angle": "0", "X": "5999", "Y": "-49499"}, "PickupLocationId": "280", "Result": "0", "TimeStampSinceStationStarted": "1320542.777492", "VacuumAbsolute": "-845", "VacuumRelative": "-845", "ZEndPosition": "46249000", "ZTargetPosition": "46258301"}, "Place": {"ActualPlacePosition": {"Angle": "180000", "X": "37663", "Y": "27195"}, "AirkissPressure": "77", "BoardPanelId": "2", "HoldingCircuitPressure": "2147483647", "NominalPlacePosition": {"Angle": "180000", "X": "37650", "Y": "27180"}, "ReferenceDesignator": "U500_SOP_8/SOIC_8_OP", "Result": "0", "TimeStampSinceStationStarted": "1320544.375446", "VacuumAbsolute": "-847", "VacuumRelative": "97", "ZEndPosition": "43675000", "ZTargetPosition": "43679184"}, "ElectricalMeasurement": null, "Dip": null}, {"HeadSegmentId": "66049", "Measures": {"MeasureList": [{"CameraIndividualId": "1033", "MeasurementResult": "0", "PhiDeviation": "498659", "TimeStampSinceStationStarted": "1320545.981467", "VisionDumpPath": "C:\\Sirio\\Work\\SvDumpFiles\\PartCameraDumps\\JID_103386141_OID_446670009_SEG_1_BE-Bibliothek.A5E02081137_R1320541993.svdmp", "XDeviation": "120170", "YDeviation": "606570"}]}, "Pick": {"ActualPickPosition": {"Angle": "0", "X": "29950", "Y": "-70500"}, "MeasuredComponentHeight": "0", "NominalPickPosition": {"Angle": "0", "X": "30056", "Y": "-71850"}, "PickupLocationId": "244", "Result": "0", "TimeStampSinceStationStarted": "1320545.207679", "VacuumAbsolute": "-833", "VacuumRelative": "-833", "ZEndPosition": "48700500", "ZTargetPosition": "48725078"}, "Place": {"ActualPlacePosition": {"Angle": "-1", "X": "164271", "Y": "153619"}, "AirkissPressure": "76", "BoardPanelId": "2", "HoldingCircuitPressure": "2147483647", "NominalPlacePosition": {"Angle": "0", "X": "164300", "Y": "153630"}, "ReferenceDesignator": "X203_CONN_32_STECK_R", "Result": "0", "TimeStampSinceStationStarted": "1320546.401117", "VacuumAbsolute": "-835", "VacuumRelative": "105", "ZEndPosition": "29956500", "ZTargetPosition": "30002681"}, "ElectricalMeasurement": null, "Dip": null}, {"HeadSegmentId": "67588", "Measures": {"MeasureList": [{"CameraIndividualId": "4033", "MeasurementResult": "0", "PhiDeviation": "-245449", "TimeStampSinceStationStarted": "1320547.645162", "VisionDumpPath": "C:\\Sirio\\Work\\SvDumpFiles\\PartCameraDumps\\JID_403371006_OID_446670011_SEG_1_BE-Bibliothek.A5E51102635_R1320543306.svdmp", "XDeviation": "-20298", "YDeviation": "38274"}]}, "Pick": {"ActualPickPosition": {"Angle": "0", "X": "15250", "Y": "-70500"}, "MeasuredComponentHeight": "0", "NominalPickPosition": {"Angle": "0", "X": "15145", "Y": "-70506"}, "PickupLocationId": "265", "Result": "0", "TimeStampSinceStationStarted": "1320546.522439", "VacuumAbsolute": "-821", "VacuumRelative": "-821", "ZEndPosition": "47207500", "ZTargetPosition": "47214264"}, "Place": {"ActualPlacePosition": {"Angle": "180000", "X": "72056", "Y": "49990"}, "AirkissPressure": "77", "BoardPanelId": "2", "HoldingCircuitPressure": "2147483647", "NominalPlacePosition": {"Angle": "180000", "X": "72050", "Y": "49980"}, "ReferenceDesignator": "D3_BGA_63_", "Result": "0", "TimeStampSinceStationStarted": "1320548.092161", "VacuumAbsolute": "-823", "VacuumRelative": "92", "ZEndPosition": "46228000", "ZTargetPosition": "46212102"}, "ElectricalMeasurement": null, "Dip": null}, {"HeadSegmentId": "133124", "Measures": {"MeasureList": [{"CameraIndividualId": "4033", "MeasurementResult": "0", "PhiDeviation": "467489", "TimeStampSinceStationStarted": "1320547.432578", "VisionDumpPath": "C:\\Sirio\\Work\\SvDumpFiles\\PartCameraDumps\\JID_403371007_OID_446670010_SEG_2_BE-Bibliothek.A5E44859639_R1320543700.svdmp", "XDeviation": "69548", "YDeviation": "60598"}]}, "Pick": {"ActualPickPosition": {"Angle": "0", "X": "6000", "Y": "-49500"}, "MeasuredComponentHeight": "0", "NominalPickPosition": {"Angle": "0", "X": "5996", "Y": "-49498"}, "PickupLocationId": "280", "Result": "0", "TimeStampSinceStationStarted": "1320546.914966", "VacuumAbsolute": "-845", "VacuumRelative": "-845", "ZEndPosition": "46246000", "ZTargetPosition": "46255975"}, "Place": {"ActualPlacePosition": {"Angle": "180000", "X": "32220", "Y": "160892"}, "AirkissPressure": "71", "BoardPanelId": "2", "HoldingCircuitPressure": "2147483647", "NominalPlacePosition": {"Angle": "180000", "X": "32206", "Y": "160905"}, "ReferenceDesignator": "U2006_SOP_8/SOIC_8_O", "Result": "0", "TimeStampSinceStationStarted": "1320548.42459", "VacuumAbsolute": "-846", "VacuumRelative": "97", "ZEndPosition": "43593500", "ZTargetPosition": "43600086"}, "ElectricalMeasurement": null, "Dip": null}]}, "HeadContext": {"HeadSegments": {"HeadSegment": [{"GantryId": "1", "Head": "1", "HeadName": "Twin Head 5xx", "Id": "66049", "NozzleTypeId": "517", "SegmentNumber": "1"}, {"GantryId": "4", "Head": "1", "HeadName": "Twin Head 5xx", "Id": "67588", "NozzleTypeId": "516", "SegmentNumber": "1"}, {"GantryId": "1", "Head": "1", "HeadName": "Twin Head 5xx", "Id": "131585", "NozzleTypeId": "573", "SegmentNumber": "2"}, {"GantryId": "4", "Head": "1", "HeadName": "Twin Head 5xx", "Id": "133124", "NozzleTypeId": "597", "SegmentNumber": "2"}]}}, "SetupContext": {"PickupLocations": {"PickupLocation": [{"Division": "1", "FeederId": "32FAUE900466", "FeederType": "288", "Id": "238", "Level": "0", "Location": "1", "StartTrackNumber": "7", "SubLocation": "1", "Tower": "0", "PackagingUid": "M05328016"}, {"Division": "1", "FeederId": "24KL-L205402", "FeederType": "280", "Id": "240", "Level": "0", "Location": "1", "StartTrackNumber": "14", "SubLocation": "1", "Tower": "0", "PackagingUid": "M05187748"}, {"Division": "1", "FeederId": "44KL-K305106", "FeederType": "300", "Id": "241", "Level": "0", "Location": "1", "StartTrackNumber": "17", "SubLocation": "1", "Tower": "0", "PackagingUid": "M04859330"}, {"Division": "1", "FeederId": "24KL-K305319", "FeederType": "280", "Id": "242", "Level": "0", "Location": "1", "StartTrackNumber": "22", "SubLocation": "1", "Tower": "0", "PackagingUid": "M04790535"}, {"Division": "1", "FeederId": "56FAUE300111", "FeederType": "312", "Id": "244", "Level": "0", "Location": "1", "StartTrackNumber": "27", "SubLocation": "1", "Tower": "0", "PackagingUid": "M05301313"}, {"Division": "1", "FeederId": "24FAUE900672", "FeederType": "280", "Id": "265", "Level": "0", "Location": "4", "StartTrackNumber": "1", "SubLocation": "1", "Tower": "0", "PackagingUid": "A00061487"}, {"Division": "1", "FeederId": "32FAUE000671", "FeederType": "288", "Id": "267", "Level": "0", "Location": "4", "StartTrackNumber": "16", "SubLocation": "1", "Tower": "0", "PackagingUid": "M05305955"}, {"Division": "1", "FeederId": "24KL-N300550", "FeederType": "280", "Id": "269", "Level": "0", "Location": "4", "StartTrackNumber": "22", "SubLocation": "1", "Tower": "0", "PackagingUid": "M05263329"}, {"Division": "1", "FeederId": "32FAUE900659", "FeederType": "288", "Id": "271", "Level": "0", "Location": "4", "StartTrackNumber": "28", "SubLocation": "1", "Tower": "0", "PackagingUid": "M05325464"}, {"Division": "1", "FeederId": "12KL-F105078", "FeederType": "268", "Id": "280", "Level": "0", "Location": "4", "StartTrackNumber": "14", "SubLocation": "1", "Tower": "0", "PackagingUid": "M05245896"}]}}}}, "ProductionEndedData": {"StationTime": "2021-11-30T17:20:37.7560000+08:00", "TimeStampSinceStationStarted": "1320548.859882"}}