{"name": "PDI_Line5_4239758399_20211130033626.txt", "Timestamp": "2021-11-30T03:36:15.7770432+08:00", "TxnID": "513cdc9e-29b9-449a-a201-7124522336c7", "Line": "SEWC-Lines\\Line5", "Machine": "Line5\\ST3_X3 S", "ProductionStartedData": [{"ConveyorLanePosition": "1", "ConveyorStopperPosition": "1", "Pcb": {"BarcodeReaderPosition": "0", "BoardSide": "1", "IndividualGUID": "2107d077-fdb2-45f3-9915-bcbf1176d3f4", "LineJobGUID": "3a5e1e40-f5b9-457f-8e3c-d7ab63795644", "Path": "STAB\\A5E50302021lt01", "PcbIndividualID": "43183", "RecipePath": "Line5\\Smart_CPU_L5_702SAF\\A5E50302021lt01", "Barcode": "", "OrderNumber": null}, "ProcessingAreaPosition": "1", "SetupPath": "Line5\\Smart_CPU_L5_702SAF", "StationTime": "2021-11-30T03:33:52.3920000+08:00", "TimeStampSinceStationStarted": "1270943.742346"}], "BoardPositionsList": {"BoardPositions": [{"ActualPosition": {"Angle": "-20", "X": "-528752", "Y": "-232482", "Z": "-5000"}, "FiducialPositions": {"FiducialRecognitionResult": [{"ActualPosition": {"Angle": "-22", "X": "242727", "Y": "10783", "Z": null}, "CameraIndividualId": "4034", "FiducialFunction": "0", "GantryId": "4", "MeasurementResult": "0", "NominalPosition": {"Angle": "0", "X": "243420", "Y": "10530", "Z": null}, "Path": "A5E50302021lt01/1/01/1", "StationTime": "2021-11-30T03:33:55.4690000+08:00", "TimeStampSinceStationStarted": "1270946.819425"}, {"ActualPosition": {"Angle": "-28", "X": "7292", "Y": "192401", "Z": null}, "CameraIndividualId": "4034", "FiducialFunction": "0", "GantryId": "4", "MeasurementResult": "0", "NominalPosition": {"Angle": "0", "X": "7970", "Y": "192030", "Z": null}, "Path": "A5E50302021lt01/1/02/1", "StationTime": "2021-11-30T03:33:55.4690000+08:00", "TimeStampSinceStationStarted": "1270946.819425"}]}, "NominalPosition": {"Angle": "0", "X": "-528032", "Y": "-232838", "Z": "-5000"}}]}, "ProgressDataList": {"ProductionProgressData": {"BoardContext": {"BoardPanels": {"BoardPanel": [{"Id": "2", "PanelPath": "A5E50302021lt01/A1"}, {"Id": "3", "PanelPath": "A5E50302021lt01/B1"}]}}, "ComponentIndividuals": {"ComponentIndividual": [{"HeadSegmentId": "67588", "Measures": {"MeasureList": [{"CameraIndividualId": "4033", "MeasurementResult": "0", "PhiDeviation": "-224451", "TimeStampSinceStationStarted": "1270947.466282", "VisionDumpPath": "C:\\Sirio\\Work\\SvDumpFiles\\PartCameraDumps\\JID_403358856_OID_431830000_SEG_1_BE-Bibliothek.A5E50179091_R1270941314.svdmp", "XDeviation": "-1064", "YDeviation": "49202"}]}, "Pick": {"ActualPickPosition": {"Angle": "0", "X": "15126", "Y": "-71150"}, "MeasuredComponentHeight": "0", "NominalPickPosition": {"Angle": "0", "X": "15228", "Y": "-71334"}, "PickupLocationId": "266", "Result": "0", "TimeStampSinceStationStarted": "1270944.776316", "VacuumAbsolute": "-786", "VacuumRelative": "-786", "ZEndPosition": "47658500", "ZTargetPosition": "47623061"}, "Place": {"ActualPlacePosition": {"Angle": "0", "X": "200746", "Y": "27965"}, "AirkissPressure": "72", "BoardPanelId": "3", "HoldingCircuitPressure": "2147483647", "NominalPlacePosition": {"Angle": "0", "X": "200731", "Y": "27980"}, "ReferenceDesignator": "D2_BGA_90_IC_DRAM_51", "Result": "0", "TimeStampSinceStationStarted": "1270947.869263", "VacuumAbsolute": "-838", "VacuumRelative": "96", "ZEndPosition": "46583000", "ZTargetPosition": "46597234"}, "ElectricalMeasurement": null, "Dip": null}, {"HeadSegmentId": "67588", "Measures": {"MeasureList": [{"CameraIndividualId": "4033", "MeasurementResult": "0", "PhiDeviation": "370377", "TimeStampSinceStationStarted": "1270949.191731", "VisionDumpPath": "C:\\Sirio\\Work\\SvDumpFiles\\PartCameraDumps\\JID_403358857_OID_431830001_SEG_1_BE-Bibliothek.A5E00277754_R1270945043.svdmp", "XDeviation": "-180095", "YDeviation": "-97392"}]}, "Pick": {"ActualPickPosition": {"Angle": "0", "X": "18028", "Y": "-70606"}, "MeasuredComponentHeight": "0", "NominalPickPosition": {"Angle": "0", "X": "17714", "Y": "-70414"}, "PickupLocationId": "272", "Result": "0", "TimeStampSinceStationStarted": "1270948.504659", "VacuumAbsolute": "-824", "VacuumRelative": "-824", "ZEndPosition": "47261000", "ZTargetPosition": "47275656"}, "Place": {"ActualPlacePosition": {"Angle": "180000", "X": "226602", "Y": "49069"}, "AirkissPressure": "78", "BoardPanelId": "3", "HoldingCircuitPressure": "2147483647", "NominalPlacePosition": {"Angle": "180000", "X": "226581", "Y": "49080"}, "ReferenceDesignator": "X101_EXSOP_14_STECK_", "Result": "0", "TimeStampSinceStationStarted": "1270949.676309", "VacuumAbsolute": "-847", "VacuumRelative": "98", "ZEndPosition": "39030500", "ZTargetPosition": "39028700"}, "ElectricalMeasurement": null, "Dip": null}, {"HeadSegmentId": "133124", "Measures": {"MeasureList": [{"CameraIndividualId": "4033", "MeasurementResult": "0", "PhiDeviation": "236598", "TimeStampSinceStationStarted": "1270949.333646", "VisionDumpPath": "C:\\Sirio\\Work\\SvDumpFiles\\PartCameraDumps\\JID_403358858_OID_431830002_SEG_2_BE-Bibliothek.A5E00277754_R1270945255.svdmp", "XDeviation": "-69020", "YDeviation": "-121306"}]}, "Pick": {"ActualPickPosition": {"Angle": "0", "X": "18028", "Y": "-70606"}, "MeasuredComponentHeight": "0", "NominalPickPosition": {"Angle": "0", "X": "17714", "Y": "-70414"}, "PickupLocationId": "272", "Result": "0", "TimeStampSinceStationStarted": "1270948.71744", "VacuumAbsolute": "-831", "VacuumRelative": "-831", "ZEndPosition": "47254000", "ZTargetPosition": "47296156"}, "Place": {"ActualPlacePosition": {"Angle": "180000", "X": "106077", "Y": "49069"}, "AirkissPressure": "76", "BoardPanelId": "2", "HoldingCircuitPressure": "2147483647", "NominalPlacePosition": {"Angle": "180000", "X": "106081", "Y": "49080"}, "ReferenceDesignator": "X101_EXSOP_14_STECK_", "Result": "0", "TimeStampSinceStationStarted": "1270949.855396", "VacuumAbsolute": "-846", "VacuumRelative": "98", "ZEndPosition": "38781500", "ZTargetPosition": "38787779"}, "ElectricalMeasurement": null, "Dip": null}, {"HeadSegmentId": "67588", "Measures": {"MeasureList": [{"CameraIndividualId": "4033", "MeasurementResult": "0", "PhiDeviation": "-284945", "TimeStampSinceStationStarted": "1270950.937954", "VisionDumpPath": "C:\\Sirio\\Work\\SvDumpFiles\\PartCameraDumps\\JID_403358859_OID_431830003_SEG_1_BE-Bibliothek.A5E50179091_R1270947037.svdmp", "XDeviation": "-3612", "YDeviation": "-50821"}]}, "Pick": {"ActualPickPosition": {"Angle": "0", "X": "15126", "Y": "-71150"}, "MeasuredComponentHeight": "0", "NominalPickPosition": {"Angle": "0", "X": "15228", "Y": "-71332"}, "PickupLocationId": "266", "Result": "0", "TimeStampSinceStationStarted": "1270950.498963", "VacuumAbsolute": "-780", "VacuumRelative": "-780", "ZEndPosition": "47579500", "ZTargetPosition": "47631921"}, "Place": {"ActualPlacePosition": {"Angle": "0", "X": "80222", "Y": "27965"}, "AirkissPressure": "73", "BoardPanelId": "2", "HoldingCircuitPressure": "2147483647", "NominalPlacePosition": {"Angle": "0", "X": "80231", "Y": "27980"}, "ReferenceDesignator": "D2_BGA_90_IC_DRAM_51", "Result": "0", "TimeStampSinceStationStarted": "1270951.340699", "VacuumAbsolute": "-839", "VacuumRelative": "96", "ZEndPosition": "46538500", "ZTargetPosition": "46550106"}, "ElectricalMeasurement": null, "Dip": null}]}, "HeadContext": {"HeadSegments": {"HeadSegment": [{"GantryId": "4", "Head": "1", "HeadName": "Twin Head 5xx", "Id": "67588", "NozzleTypeId": "516", "SegmentNumber": "1"}, {"GantryId": "4", "Head": "1", "HeadName": "Twin Head 5xx", "Id": "133124", "NozzleTypeId": "516", "SegmentNumber": "2"}]}}, "SetupContext": {"PickupLocations": {"PickupLocation": [{"Division": "1", "FeederId": "24FAUE600590", "FeederType": "280", "Id": "266", "Level": "0", "Location": "4", "StartTrackNumber": "4", "SubLocation": "1", "Tower": "0", "PackagingUid": "M05320388"}, {"Division": "1", "FeederId": "32KL-K405124", "FeederType": "288", "Id": "272", "Level": "0", "Location": "4", "StartTrackNumber": "32", "SubLocation": "1", "Tower": "0", "PackagingUid": "M05323051"}]}}}}, "ProductionEndedData": {"StationTime": "2021-11-30T03:34:00.3680000+08:00", "TimeStampSinceStationStarted": "1270951.718358"}}