{"name": "PDI_Line5_3860428441_20211130002809.txt", "Timestamp": "2021-11-30T00:27:44.6964445+08:00", "TxnID": "90e74d7c-c324-4a34-b727-dccde0235874", "Line": "SEWC-Lines\\Line5", "Machine": "Line5\\ST1_X4 S", "ProductionStartedData": [{"ConveyorLanePosition": "1", "ConveyorStopperPosition": "1", "Pcb": {"BarcodeReaderPosition": "0", "BoardSide": "1", "IndividualGUID": "d4a04d02-9e69-43a6-bf68-4390853716f1", "LineJobGUID": "3a5e1e40-f5b9-457f-8e3c-d7ab63795644", "Path": "STAB\\A5E50302021lt01", "PcbIndividualID": "3793", "RecipePath": "Line5\\Smart_CPU_L5_702SAF\\A5E50302021lt01", "Barcode": "", "OrderNumber": null}, "ProcessingAreaPosition": "2", "SetupPath": "Line5\\Smart_CPU_L5_702SAF", "StationTime": "2021-11-30T00:26:12.9440000+08:00", "TimeStampSinceStationStarted": "105954.10878"}], "BoardPositionsList": {"BoardPositions": [{"ActualPosition": {"Angle": "-41", "X": "457913", "Y": "-234094", "Z": "-5000"}, "FiducialPositions": {"FiducialRecognitionResult": []}, "NominalPosition": {"Angle": "0", "X": "458025", "Y": "-234846", "Z": "-5000"}}]}, "ProgressDataList": {"ProductionProgressData": {"BoardContext": {"BoardPanels": {"BoardPanel": [{"Id": "2", "PanelPath": "A5E50302021lt01/A1"}, {"Id": "3", "PanelPath": "A5E50302021lt01/B1"}]}}, "ComponentIndividuals": {"ComponentIndividual": [{"HeadSegmentId": "1050627", "Measures": {"MeasureList": [{"CameraIndividualId": "3023", "MeasurementResult": "0", "PhiDeviation": "-791082", "TimeStampSinceStationStarted": "105973.021731", "VisionDumpPath": "C:\\Sirio\\Work\\SvDumpFiles\\PartCameraDumps\\JID_302397833_OID_37930392_SEG_16_BE-Bibliothek.A5E00257456_R105963524.svdmp", "XDeviation": "13926", "YDeviation": "5431"}]}, "Pick": {"ActualPickPosition": {"Angle": "180000", "X": "877", "Y": "-51018"}, "MeasuredComponentHeight": "801192", "NominalPickPosition": {"Angle": "180000", "X": "902", "Y": "-50925"}, "PickupLocationId": "84", "Result": "0", "TimeStampSinceStationStarted": "105972.800898", "VacuumAbsolute": "-707", "VacuumRelative": "-707", "ZEndPosition": "9313500", "ZTargetPosition": "9326485"}, "Place": {"ActualPlacePosition": {"Angle": "-180000", "X": "222401", "Y": "18384"}, "AirkissPressure": "102", "BoardPanelId": "3", "HoldingCircuitPressure": "-696", "NominalPlacePosition": {"Angle": "180000", "X": "222370", "Y": "18980"}, "ReferenceDesignator": "C501_0603_KOND_KER_V", "Result": "0", "TimeStampSinceStationStarted": "105974.81682", "VacuumAbsolute": "-727", "VacuumRelative": "60", "ZEndPosition": "10128500", "ZTargetPosition": "10120421"}, "ElectricalMeasurement": null, "Dip": null}, {"HeadSegmentId": "328962", "Measures": {"MeasureList": [{"CameraIndividualId": "2023", "MeasurementResult": "1", "PhiDeviation": "19860717", "TimeStampSinceStationStarted": "105971.717252", "VisionDumpPath": "C:\\Sirio\\Work\\SvDumpFiles\\PartCameraDumps\\JID_202364919_OID_37930374_SEG_5_BE-Bibliothek.A5E00391968_R105961738.svdmp", "XDeviation": "-336059", "YDeviation": "259838"}]}, "Pick": {"ActualPickPosition": {"Angle": "90000", "X": "829", "Y": "-49856"}, "MeasuredComponentHeight": "1003679", "NominalPickPosition": {"Angle": "90000", "X": "760", "Y": "-49895"}, "PickupLocationId": "41", "Result": "0", "TimeStampSinceStationStarted": "105971.014709", "VacuumAbsolute": "-587", "VacuumRelative": "-587", "ZEndPosition": "10491500", "ZTargetPosition": "10743341"}, "Place": null, "ElectricalMeasurement": null, "Dip": null}, {"HeadSegmentId": "66818", "Measures": {"MeasureList": [{"CameraIndividualId": "2023", "MeasurementResult": "0", "PhiDeviation": "591461", "TimeStampSinceStationStarted": "105974.925534", "VisionDumpPath": "C:\\Sirio\\Work\\SvDumpFiles\\PartCameraDumps\\JID_202364935_OID_37930374_SEG_1_BE-Bibliothek.A5E00391968_R105965466.svdmp", "XDeviation": "96884", "YDeviation": "16870"}]}, "Pick": {"ActualPickPosition": {"Angle": "90000", "X": "829", "Y": "-49856"}, "MeasuredComponentHeight": "947509", "NominalPickPosition": {"Angle": "90000", "X": "756", "Y": "-49893"}, "PickupLocationId": "41", "Result": "0", "TimeStampSinceStationStarted": "105974.742633", "VacuumAbsolute": "-646", "VacuumRelative": "-646", "ZEndPosition": "10781000", "ZTargetPosition": "10729161"}, "Place": {"ActualPlacePosition": {"Angle": "180000", "X": "105114", "Y": "168449"}, "AirkissPressure": "128", "BoardPanelId": "2", "HoldingCircuitPressure": "-85", "NominalPlacePosition": {"Angle": "180000", "X": "105120", "Y": "168430"}, "ReferenceDesignator": "V1703_SOT23_3_DIO_2F", "Result": "0", "TimeStampSinceStationStarted": "105975.334566", "VacuumAbsolute": "-654", "VacuumRelative": "32", "ZEndPosition": "10440000", "ZTargetPosition": "10445250"}, "ElectricalMeasurement": null, "Dip": null}]}, "HeadContext": {"HeadSegments": {"HeadSegment": [{"GantryId": "2", "Head": "1", "HeadName": "C&P 20 P 4xxx", "Id": "66818", "NozzleTypeId": "4033", "SegmentNumber": "1"}, {"GantryId": "2", "Head": "1", "HeadName": "C&P 20 P 4xxx", "Id": "328962", "NozzleTypeId": "4033", "SegmentNumber": "5"}, {"GantryId": "3", "Head": "1", "HeadName": "C&P 20 P 4xxx", "Id": "1050627", "NozzleTypeId": "4004", "SegmentNumber": "16"}]}}, "SetupContext": {"PickupLocations": {"PickupLocation": [{"Division": "1", "FeederId": "08KL-F800671", "FeederType": "264", "Id": "41", "Level": "0", "Location": "2", "StartTrackNumber": "7", "SubLocation": "1", "Tower": "0", "PackagingUid": "M05095577"}, {"Division": "1", "FeederId": "08KL-K806307", "FeederType": "264", "Id": "84", "Level": "0", "Location": "3", "StartTrackNumber": "10", "SubLocation": "1", "Tower": "0", "PackagingUid": "M05307987"}]}}}}, "ProductionEndedData": {"StationTime": "2021-11-30T00:26:34.2560000+08:00", "TimeStampSinceStationStarted": "105975.421532"}}