{"name": "PDI_Line5_4175993502_20211130160353.txt", "Timestamp": "2021-11-30T16:03:39.1732792+08:00", "TxnID": "038c2a0e-f6fe-42a4-aa46-ed0c64448877", "Line": "SEWC-Lines\\Line5", "Machine": "Line5\\ST2_X4 S", "ProductionStartedData": [{"ConveyorLanePosition": "1", "ConveyorStopperPosition": "1", "Pcb": {"BarcodeReaderPosition": "0", "BoardSide": "1", "IndividualGUID": "597d22fa-de76-4419-aa8a-d2a28dc5ae71", "LineJobGUID": "545cc380-820c-40fe-b772-c5a1099a59d8", "Path": "STAB\\A5E50302024bt02", "PcbIndividualID": "44529", "RecipePath": "Line5\\Smart_CPU_L5_702SAF\\A5E50302024bt02", "Barcode": "", "OrderNumber": null}, "ProcessingAreaPosition": "1", "SetupPath": "Line5\\Smart_CPU_L5_702SAF", "StationTime": "2021-11-30T16:03:58.8420000+08:00", "TimeStampSinceStationStarted": "1315780.324363"}], "BoardPositionsList": {"BoardPositions": [{"ActualPosition": {"Angle": "35", "X": "-476413", "Y": "-232675", "Z": "-5000"}, "FiducialPositions": {"FiducialRecognitionResult": [{"ActualPosition": {"Angle": "6", "X": "192180", "Y": "185867", "Z": null}, "CameraIndividualId": "4034", "FiducialFunction": "0", "GantryId": "4", "MeasurementResult": "0", "NominalPosition": {"Angle": "0", "X": "192833", "Y": "186004", "Z": null}, "Path": "A5E50302024bt02/1/02/1", "StationTime": "2021-11-30T16:04:01.3490000+08:00", "TimeStampSinceStationStarted": "1315782.832198"}, {"ActualPosition": {"Angle": "16", "X": "4292", "Y": "11469", "Z": null}, "CameraIndividualId": "4034", "FiducialFunction": "0", "GantryId": "4", "MeasurementResult": "0", "NominalPosition": {"Angle": "0", "X": "4810", "Y": "11697", "Z": null}, "Path": "A5E50302024bt02/1/01/1", "StationTime": "2021-11-30T16:04:01.3490000+08:00", "TimeStampSinceStationStarted": "1315782.832198"}]}, "NominalPosition": {"Angle": "0", "X": "-475888", "Y": "-232431", "Z": "-5000"}}]}, "ProgressDataList": {"ProductionProgressData": {"BoardContext": {"BoardPanels": {"BoardPanel": [{"Id": "2", "PanelPath": "A5E50302024bt02/A1"}]}}, "ComponentIndividuals": {"ComponentIndividual": [{"HeadSegmentId": "66049", "Measures": {"MeasureList": [{"CameraIndividualId": "1030", "MeasurementResult": "0", "PhiDeviation": "4761", "TimeStampSinceStationStarted": "1315781.233242", "VisionDumpPath": "C:\\Sirio\\Work\\SvDumpFiles\\PartCameraDumps\\JID_103020661_OID_445290000_SEG_1_BE-Bibliothek.A5E00132529_R1315781928.svdmp", "XDeviation": "125543", "YDeviation": "10463"}]}, "Pick": {"ActualPickPosition": {"Angle": "0", "X": "8000", "Y": "-51500"}, "MeasuredComponentHeight": "1026074", "NominalPickPosition": {"Angle": "0", "X": "8080", "Y": "-51412"}, "PickupLocationId": "148", "Result": "0", "TimeStampSinceStationStarted": "1315780.527926", "VacuumAbsolute": "-830", "VacuumRelative": "-830", "ZEndPosition": "16507000", "ZTargetPosition": "16458055"}, "Place": {"ActualPlacePosition": {"Angle": "-17", "X": "99459", "Y": "50059"}, "AirkissPressure": "51", "BoardPanelId": "2", "HoldingCircuitPressure": "-595", "NominalPlacePosition": {"Angle": "0", "X": "99450", "Y": "50030"}, "ReferenceDesignator": "D1200_TSSOP_20_IC_IN", "Result": "0", "TimeStampSinceStationStarted": "1315783.52896", "VacuumAbsolute": "-773", "VacuumRelative": "79", "ZEndPosition": "15913500", "ZTargetPosition": "15980274"}, "ElectricalMeasurement": null, "Dip": null}, {"HeadSegmentId": "131585", "Measures": {"MeasureList": [{"CameraIndividualId": "1030", "MeasurementResult": "0", "PhiDeviation": "-161967", "TimeStampSinceStationStarted": "1315781.313375", "VisionDumpPath": "C:\\Sirio\\Work\\SvDumpFiles\\PartCameraDumps\\JID_103020662_OID_445290001_SEG_2_BE-Bibliothek.A5E00132529_R1315782071.svdmp", "XDeviation": "-86449", "YDeviation": "-27226"}]}, "Pick": {"ActualPickPosition": {"Angle": "0", "X": "8000", "Y": "-51500"}, "MeasuredComponentHeight": "1022834", "NominalPickPosition": {"Angle": "0", "X": "8080", "Y": "-51412"}, "PickupLocationId": "148", "Result": "0", "TimeStampSinceStationStarted": "1315780.67176", "VacuumAbsolute": "-848", "VacuumRelative": "-848", "ZEndPosition": "16424500", "ZTargetPosition": "16489291"}, "Place": {"ActualPlacePosition": {"Angle": "-17", "X": "119348", "Y": "50253"}, "AirkissPressure": "57", "BoardPanelId": "2", "HoldingCircuitPressure": "-599", "NominalPlacePosition": {"Angle": "0", "X": "119350", "Y": "50230"}, "ReferenceDesignator": "D1204_TSSOP_20_IC_IN", "Result": "0", "TimeStampSinceStationStarted": "1315783.607988", "VacuumAbsolute": "-783", "VacuumRelative": "89", "ZEndPosition": "15961000", "ZTargetPosition": "16006178"}, "ElectricalMeasurement": null, "Dip": null}, {"HeadSegmentId": "197121", "Measures": {"MeasureList": [{"CameraIndividualId": "1030", "MeasurementResult": "0", "PhiDeviation": "-806986", "TimeStampSinceStationStarted": "1315781.394839", "VisionDumpPath": "C:\\Sirio\\Work\\SvDumpFiles\\PartCameraDumps\\JID_103020663_OID_445290002_SEG_3_BE-Bibliothek.A5E00207035_R1315782298.svdmp", "XDeviation": "5884", "YDeviation": "-7011"}]}, "Pick": {"ActualPickPosition": {"Angle": "0", "X": "1000", "Y": "-50000"}, "MeasuredComponentHeight": "526593", "NominalPickPosition": {"Angle": "0", "X": "910", "Y": "-49796"}, "PickupLocationId": "156", "Result": "0", "TimeStampSinceStationStarted": "1315780.898005", "VacuumAbsolute": "-751", "VacuumRelative": "-751", "ZEndPosition": "13795500", "ZTargetPosition": "13762586"}, "Place": {"ActualPlacePosition": {"Angle": "-17", "X": "101408", "Y": "55657"}, "AirkissPressure": "53", "BoardPanelId": "2", "HoldingCircuitPressure": "-550", "NominalPlacePosition": {"Angle": "0", "X": "101400", "Y": "55630"}, "ReferenceDesignator": "R1209_1206_8_WID_NET", "Result": "0", "TimeStampSinceStationStarted": "1315783.69101", "VacuumAbsolute": "-796", "VacuumRelative": "79", "ZEndPosition": "14432500", "ZTargetPosition": "14515437"}, "ElectricalMeasurement": null, "Dip": null}, {"HeadSegmentId": "262657", "Measures": {"MeasureList": [{"CameraIndividualId": "1030", "MeasurementResult": "0", "PhiDeviation": "-613008", "TimeStampSinceStationStarted": "1315781.517804", "VisionDumpPath": "C:\\Sirio\\Work\\SvDumpFiles\\PartCameraDumps\\JID_103020664_OID_445290003_SEG_4_BE-Bibliothek.A5E00207035_R1315782371.svdmp", "XDeviation": "58221", "YDeviation": "6064"}]}, "Pick": {"ActualPickPosition": {"Angle": "0", "X": "1000", "Y": "-50000"}, "MeasuredComponentHeight": "524168", "NominalPickPosition": {"Angle": "0", "X": "910", "Y": "-49796"}, "PickupLocationId": "156", "Result": "0", "TimeStampSinceStationStarted": "1315780.971486", "VacuumAbsolute": "-724", "VacuumRelative": "-724", "ZEndPosition": "13786500", "ZTargetPosition": "13831815"}, "Place": {"ActualPlacePosition": {"Angle": "179983", "X": "97560", "Y": "55658"}, "AirkissPressure": "54", "BoardPanelId": "2", "HoldingCircuitPressure": "-436", "NominalPlacePosition": {"Angle": "180000", "X": "97550", "Y": "55630"}, "ReferenceDesignator": "R1203_1206_8_WID_NET", "Result": "0", "TimeStampSinceStationStarted": "1315783.759778", "VacuumAbsolute": "-757", "VacuumRelative": "74", "ZEndPosition": "14533500", "ZTargetPosition": "14597869"}, "ElectricalMeasurement": null, "Dip": null}, {"HeadSegmentId": "328193", "Measures": {"MeasureList": [{"CameraIndividualId": "1030", "MeasurementResult": "0", "PhiDeviation": "-2600957", "TimeStampSinceStationStarted": "1315781.575578", "VisionDumpPath": "C:\\Sirio\\Work\\SvDumpFiles\\PartCameraDumps\\JID_103020665_OID_445290004_SEG_5_BE-Bibliothek.A5E00207035_R1315782446.svdmp", "XDeviation": "-46914", "YDeviation": "-56210"}]}, "Pick": {"ActualPickPosition": {"Angle": "0", "X": "1000", "Y": "-50000"}, "MeasuredComponentHeight": "534336", "NominalPickPosition": {"Angle": "0", "X": "910", "Y": "-49796"}, "PickupLocationId": "156", "Result": "0", "TimeStampSinceStationStarted": "1315781.046566", "VacuumAbsolute": "-787", "VacuumRelative": "-787", "ZEndPosition": "12855500", "ZTargetPosition": "12766486"}, "Place": {"ActualPlacePosition": {"Angle": "-17", "X": "118749", "Y": "55952"}, "AirkissPressure": "57", "BoardPanelId": "2", "HoldingCircuitPressure": "-560", "NominalPlacePosition": {"Angle": "0", "X": "118750", "Y": "55930"}, "ReferenceDesignator": "R1207_1206_8_WID_NET", "Result": "0", "TimeStampSinceStationStarted": "1315783.83368", "VacuumAbsolute": "-827", "VacuumRelative": "93", "ZEndPosition": "13507000", "ZTargetPosition": "13558345"}, "ElectricalMeasurement": null, "Dip": null}, {"HeadSegmentId": "393729", "Measures": {"MeasureList": [{"CameraIndividualId": "1030", "MeasurementResult": "0", "PhiDeviation": "-614402", "TimeStampSinceStationStarted": "1315781.631922", "VisionDumpPath": "C:\\Sirio\\Work\\SvDumpFiles\\PartCameraDumps\\JID_103020666_OID_445290005_SEG_6_BE-Bibliothek.A5E00726333_R1315782546.svdmp", "XDeviation": "-47692", "YDeviation": "-71214"}]}, "Pick": {"ActualPickPosition": {"Angle": "0", "X": "1090", "Y": "-50930"}, "MeasuredComponentHeight": "1314746", "NominalPickPosition": {"Angle": "0", "X": "1090", "Y": "-50930"}, "PickupLocationId": "159", "Result": "0", "TimeStampSinceStationStarted": "1315781.146601", "VacuumAbsolute": "-796", "VacuumRelative": "-796", "ZEndPosition": "13565500", "ZTargetPosition": "13611542"}, "Place": {"ActualPlacePosition": {"Angle": "90001", "X": "170022", "Y": "38539"}, "AirkissPressure": "52", "BoardPanelId": "2", "HoldingCircuitPressure": "-461", "NominalPlacePosition": {"Angle": "90000", "X": "170050", "Y": "38530"}, "ReferenceDesignator": "C807_0805_KOND_KER_V", "Result": "0", "TimeStampSinceStationStarted": "1315783.934037", "VacuumAbsolute": "-832", "VacuumRelative": "90", "ZEndPosition": "13190000", "ZTargetPosition": "13175912"}, "ElectricalMeasurement": null, "Dip": null}, {"HeadSegmentId": "459265", "Measures": {"MeasureList": [{"CameraIndividualId": "1030", "MeasurementResult": "0", "PhiDeviation": "-199110", "TimeStampSinceStationStarted": "1315783.536065", "VisionDumpPath": "C:\\Sirio\\Work\\SvDumpFiles\\PartCameraDumps\\JID_103020667_OID_445290006_SEG_7_BE-Bibliothek.A5E00726333_R1315782624.svdmp", "XDeviation": "-299447", "YDeviation": "-165775"}]}, "Pick": {"ActualPickPosition": {"Angle": "0", "X": "1090", "Y": "-50930"}, "MeasuredComponentHeight": "1329460", "NominalPickPosition": {"Angle": "0", "X": "1090", "Y": "-50930"}, "PickupLocationId": "159", "Result": "0", "TimeStampSinceStationStarted": "1315781.224418", "VacuumAbsolute": "-790", "VacuumRelative": "-790", "ZEndPosition": "13656000", "ZTargetPosition": "13626531"}, "Place": {"ActualPlacePosition": {"Angle": "-17", "X": "169573", "Y": "26541"}, "AirkissPressure": "52", "BoardPanelId": "2", "HoldingCircuitPressure": "-456", "NominalPlacePosition": {"Angle": "0", "X": "169600", "Y": "26530"}, "ReferenceDesignator": "C940_0805_KOND_KER_V", "Result": "0", "TimeStampSinceStationStarted": "1315784.021608", "VacuumAbsolute": "-819", "VacuumRelative": "80", "ZEndPosition": "13309500", "ZTargetPosition": "13331968"}, "ElectricalMeasurement": null, "Dip": null}, {"HeadSegmentId": "524801", "Measures": {"MeasureList": [{"CameraIndividualId": "1030", "MeasurementResult": "0", "PhiDeviation": "979292", "TimeStampSinceStationStarted": "1315783.618333", "VisionDumpPath": "C:\\Sirio\\Work\\SvDumpFiles\\PartCameraDumps\\JID_103020668_OID_445290007_SEG_8_BE-Bibliothek.A5E00726333_R1315782704.svdmp", "XDeviation": "-270553", "YDeviation": "-217470"}]}, "Pick": {"ActualPickPosition": {"Angle": "0", "X": "1090", "Y": "-50930"}, "MeasuredComponentHeight": "1361239", "NominalPickPosition": {"Angle": "0", "X": "1090", "Y": "-50930"}, "PickupLocationId": "159", "Result": "0", "TimeStampSinceStationStarted": "1315781.304479", "VacuumAbsolute": "-784", "VacuumRelative": "-784", "ZEndPosition": "13658000", "ZTargetPosition": "13649398"}, "Place": {"ActualPlacePosition": {"Angle": "90001", "X": "76791", "Y": "29078"}, "AirkissPressure": "56", "BoardPanelId": "2", "HoldingCircuitPressure": "-492", "NominalPlacePosition": {"Angle": "90000", "X": "76770", "Y": "29040"}, "ReferenceDesignator": "C902_0805_KOND_KER_V", "Result": "0", "TimeStampSinceStationStarted": "1315784.148587", "VacuumAbsolute": "-819", "VacuumRelative": "81", "ZEndPosition": "13008500", "ZTargetPosition": "13070711"}, "ElectricalMeasurement": null, "Dip": null}, {"HeadSegmentId": "590337", "Measures": {"MeasureList": [{"CameraIndividualId": "1030", "MeasurementResult": "0", "PhiDeviation": "76028", "TimeStampSinceStationStarted": "1315783.697753", "VisionDumpPath": "C:\\Sirio\\Work\\SvDumpFiles\\PartCameraDumps\\JID_103020669_OID_445290008_SEG_9_BE-Bibliothek.A5E00726333_R1315782786.svdmp", "XDeviation": "-130223", "YDeviation": "-181306"}]}, "Pick": {"ActualPickPosition": {"Angle": "0", "X": "1090", "Y": "-50930"}, "MeasuredComponentHeight": "1346719", "NominalPickPosition": {"Angle": "0", "X": "1090", "Y": "-50930"}, "PickupLocationId": "159", "Result": "0", "TimeStampSinceStationStarted": "1315781.38606", "VacuumAbsolute": "-770", "VacuumRelative": "-770", "ZEndPosition": "13592000", "ZTargetPosition": "13601549"}, "Place": {"ActualPlacePosition": {"Angle": "-17", "X": "68375", "Y": "31221"}, "AirkissPressure": "52", "BoardPanelId": "2", "HoldingCircuitPressure": "-515", "NominalPlacePosition": {"Angle": "0", "X": "68350", "Y": "31180"}, "ReferenceDesignator": "C926_0805_KOND_KER_V", "Result": "0", "TimeStampSinceStationStarted": "1315784.216277", "VacuumAbsolute": "-796", "VacuumRelative": "65", "ZEndPosition": "12924000", "ZTargetPosition": "12994046"}, "ElectricalMeasurement": null, "Dip": null}, {"HeadSegmentId": "655873", "Measures": {"MeasureList": [{"CameraIndividualId": "1030", "MeasurementResult": "0", "PhiDeviation": "-266165", "TimeStampSinceStationStarted": "1315783.768625", "VisionDumpPath": "C:\\Sirio\\Work\\SvDumpFiles\\PartCameraDumps\\JID_103020670_OID_445290009_SEG_10_BE-Bibliothek.A5E00818233_R1315782910.svdmp", "XDeviation": "-36083", "YDeviation": "27610"}]}, "Pick": {"ActualPickPosition": {"Angle": "0", "X": "899", "Y": "-51449"}, "MeasuredComponentHeight": "498795", "NominalPickPosition": {"Angle": "0", "X": "969", "Y": "-51439"}, "PickupLocationId": "164", "Result": "0", "TimeStampSinceStationStarted": "1315781.510336", "VacuumAbsolute": "-749", "VacuumRelative": "-749", "ZEndPosition": "11723000", "ZTargetPosition": "11743500"}, "Place": {"ActualPlacePosition": {"Angle": "90001", "X": "59430", "Y": "25774"}, "AirkissPressure": "54", "BoardPanelId": "2", "HoldingCircuitPressure": "-639", "NominalPlacePosition": {"Angle": "90000", "X": "59400", "Y": "25730"}, "ReferenceDesignator": "C999_0402_2_KOND_KER", "Result": "0", "TimeStampSinceStationStarted": "1315784.292941", "VacuumAbsolute": "-858", "VacuumRelative": "168", "ZEndPosition": "12863500", "ZTargetPosition": "12927804"}, "ElectricalMeasurement": null, "Dip": null}, {"HeadSegmentId": "721409", "Measures": {"MeasureList": [{"CameraIndividualId": "1030", "MeasurementResult": "0", "PhiDeviation": "-221923", "TimeStampSinceStationStarted": "1315783.844426", "VisionDumpPath": "C:\\Sirio\\Work\\SvDumpFiles\\PartCameraDumps\\JID_103020671_OID_445290010_SEG_11_BE-Bibliothek.A5E00818233_R1315782967.svdmp", "XDeviation": "43485", "YDeviation": "13489"}]}, "Pick": {"ActualPickPosition": {"Angle": "0", "X": "899", "Y": "-51449"}, "MeasuredComponentHeight": "487427", "NominalPickPosition": {"Angle": "0", "X": "969", "Y": "-51439"}, "PickupLocationId": "164", "Result": "0", "TimeStampSinceStationStarted": "1315781.566646", "VacuumAbsolute": "-677", "VacuumRelative": "-677", "ZEndPosition": "11731500", "ZTargetPosition": "11751000"}, "Place": {"ActualPlacePosition": {"Angle": "-17", "X": "57431", "Y": "25125"}, "AirkissPressure": "56", "BoardPanelId": "2", "HoldingCircuitPressure": "-691", "NominalPlacePosition": {"Angle": "0", "X": "57400", "Y": "25080"}, "ReferenceDesignator": "C998_0402_2_KOND_KER", "Result": "0", "TimeStampSinceStationStarted": "1315784.360605", "VacuumAbsolute": "-843", "VacuumRelative": "108", "ZEndPosition": "12899000", "ZTargetPosition": "12945536"}, "ElectricalMeasurement": null, "Dip": null}, {"HeadSegmentId": "786945", "Measures": {"MeasureList": [{"CameraIndividualId": "1030", "MeasurementResult": "0", "PhiDeviation": "888693", "TimeStampSinceStationStarted": "1315783.944454", "VisionDumpPath": "C:\\Sirio\\Work\\SvDumpFiles\\PartCameraDumps\\JID_103020672_OID_445290011_SEG_12_BE-Bibliothek.A5E00818233_R1315783023.svdmp", "XDeviation": "8525", "YDeviation": "-11855"}]}, "Pick": {"ActualPickPosition": {"Angle": "0", "X": "899", "Y": "-51449"}, "MeasuredComponentHeight": "496055", "NominalPickPosition": {"Angle": "0", "X": "969", "Y": "-51439"}, "PickupLocationId": "164", "Result": "0", "TimeStampSinceStationStarted": "1315781.623006", "VacuumAbsolute": "-790", "VacuumRelative": "-790", "ZEndPosition": "11701500", "ZTargetPosition": "11721000"}, "Place": {"ActualPlacePosition": {"Angle": "-17", "X": "55732", "Y": "25125"}, "AirkissPressure": "57", "BoardPanelId": "2", "HoldingCircuitPressure": "-760", "NominalPlacePosition": {"Angle": "0", "X": "55700", "Y": "25080"}, "ReferenceDesignator": "C955_0402_2_KOND_KER", "Result": "0", "TimeStampSinceStationStarted": "1315784.428406", "VacuumAbsolute": "-843", "VacuumRelative": "59", "ZEndPosition": "12841000", "ZTargetPosition": "12901529"}, "ElectricalMeasurement": null, "Dip": null}, {"HeadSegmentId": "199428", "Measures": {"MeasureList": [{"CameraIndividualId": "4030", "MeasurementResult": "0", "PhiDeviation": "-127191", "TimeStampSinceStationStarted": "1315784.235765", "VisionDumpPath": "C:\\Sirio\\Work\\SvDumpFiles\\PartCameraDumps\\JID_403052963_OID_445290012_SEG_3_BE-Bibliothek.A5E00150936_R1315785051.svdmp", "XDeviation": "39211", "YDeviation": "-39754"}]}, "Pick": {"ActualPickPosition": {"Angle": "0", "X": "1000", "Y": "-51000"}, "MeasuredComponentHeight": "867538", "NominalPickPosition": {"Angle": "0", "X": "869", "Y": "-50994"}, "PickupLocationId": "215", "Result": "0", "TimeStampSinceStationStarted": "1315783.650777", "VacuumAbsolute": "-821", "VacuumRelative": "-821", "ZEndPosition": "12429000", "ZTargetPosition": "12448500"}, "Place": {"ActualPlacePosition": {"Angle": "-90000", "X": "33830", "Y": "75653"}, "AirkissPressure": "53", "BoardPanelId": "2", "HoldingCircuitPressure": "-820", "NominalPlacePosition": {"Angle": "-90000", "X": "33820", "Y": "75650"}, "ReferenceDesignator": "H401_0603_2_DIO_LED_", "Result": "0", "TimeStampSinceStationStarted": "1315785.110394", "VacuumAbsolute": "-842", "VacuumRelative": "95", "ZEndPosition": "12454500", "ZTargetPosition": "12549734"}, "ElectricalMeasurement": null, "Dip": null}, {"HeadSegmentId": "264964", "Measures": {"MeasureList": [{"CameraIndividualId": "4030", "MeasurementResult": "0", "PhiDeviation": "3987168", "TimeStampSinceStationStarted": "1315784.294832", "VisionDumpPath": "C:\\Sirio\\Work\\SvDumpFiles\\PartCameraDumps\\JID_403052964_OID_445290013_SEG_4_BE-Bibliothek.A5E00115146_R1315785121.svdmp", "XDeviation": "224732", "YDeviation": "-43559"}]}, "Pick": {"ActualPickPosition": {"Angle": "0", "X": "982", "Y": "-50918"}, "MeasuredComponentHeight": "462255", "NominalPickPosition": {"Angle": "0", "X": "916", "Y": "-50874"}, "PickupLocationId": "217", "Result": "0", "TimeStampSinceStationStarted": "1315783.721129", "VacuumAbsolute": "-824", "VacuumRelative": "-824", "ZEndPosition": "12055000", "ZTargetPosition": "12074000"}, "Place": {"ActualPlacePosition": {"Angle": "180000", "X": "82732", "Y": "56136"}, "AirkissPressure": "51", "BoardPanelId": "2", "HoldingCircuitPressure": "-844", "NominalPlacePosition": {"Angle": "180000", "X": "82730", "Y": "56130"}, "ReferenceDesignator": "R1501_0603_WID_MET_S", "Result": "0", "TimeStampSinceStationStarted": "1315785.209959", "VacuumAbsolute": "-868", "VacuumRelative": "425", "ZEndPosition": "12892500", "ZTargetPosition": "12968563"}, "ElectricalMeasurement": null, "Dip": null}, {"HeadSegmentId": "330500", "Measures": {"MeasureList": [{"CameraIndividualId": "4030", "MeasurementResult": "0", "PhiDeviation": "0", "TimeStampSinceStationStarted": "1315784.353749", "VisionDumpPath": "C:\\Sirio\\Work\\SvDumpFiles\\PartCameraDumps\\JID_403052965_OID_445290014_SEG_5_BE-Bibliothek.A5E00150936_R1315785190.svdmp", "XDeviation": "-53547", "YDeviation": "-30288"}]}, "Pick": {"ActualPickPosition": {"Angle": "0", "X": "1000", "Y": "-51000"}, "MeasuredComponentHeight": "880820", "NominalPickPosition": {"Angle": "0", "X": "869", "Y": "-50994"}, "PickupLocationId": "215", "Result": "0", "TimeStampSinceStationStarted": "1315783.790477", "VacuumAbsolute": "-825", "VacuumRelative": "-825", "ZEndPosition": "12519500", "ZTargetPosition": "12538500"}, "Place": {"ActualPlacePosition": {"Angle": "0", "X": "84472", "Y": "68654"}, "AirkissPressure": "52", "BoardPanelId": "2", "HoldingCircuitPressure": "-831", "NominalPlacePosition": {"Angle": "0", "X": "84470", "Y": "68650"}, "ReferenceDesignator": "H1102_0603_2_DIO_LED", "Result": "0", "TimeStampSinceStationStarted": "1315785.2987", "VacuumAbsolute": "-865", "VacuumRelative": "137", "ZEndPosition": "12315000", "ZTargetPosition": "12416746"}, "ElectricalMeasurement": null, "Dip": null}, {"HeadSegmentId": "396036", "Measures": {"MeasureList": [{"CameraIndividualId": "4030", "MeasurementResult": "0", "PhiDeviation": "-57297", "TimeStampSinceStationStarted": "1315784.472547", "VisionDumpPath": "C:\\Sirio\\Work\\SvDumpFiles\\PartCameraDumps\\JID_403052966_OID_445290015_SEG_6_BE-Bibliothek.A5E00907098_R1315785291.svdmp", "XDeviation": "-131836", "YDeviation": "-22486"}]}, "Pick": {"ActualPickPosition": {"Angle": "0", "X": "1000", "Y": "-50000"}, "MeasuredComponentHeight": "1576842", "NominalPickPosition": {"Angle": "0", "X": "1077", "Y": "-50081"}, "PickupLocationId": "220", "Result": "0", "TimeStampSinceStationStarted": "1315783.890908", "VacuumAbsolute": "-793", "VacuumRelative": "-793", "ZEndPosition": "14900000", "ZTargetPosition": "14880660"}, "Place": {"ActualPlacePosition": {"Angle": "90000", "X": "113198", "Y": "142974"}, "AirkissPressure": "55", "BoardPanelId": "2", "HoldingCircuitPressure": "-761", "NominalPlacePosition": {"Angle": "90000", "X": "113200", "Y": "142980"}, "ReferenceDesignator": "C2802_1206_KOND_KER_", "Result": "0", "TimeStampSinceStationStarted": "1315785.449062", "VacuumAbsolute": "-849", "VacuumRelative": "91", "ZEndPosition": "14143000", "ZTargetPosition": "14087006"}, "ElectricalMeasurement": null, "Dip": null}, {"HeadSegmentId": "461572", "Measures": {"MeasureList": [{"CameraIndividualId": "4030", "MeasurementResult": "0", "PhiDeviation": "1237739", "TimeStampSinceStationStarted": "1315784.556304", "VisionDumpPath": "C:\\Sirio\\Work\\SvDumpFiles\\PartCameraDumps\\JID_403052967_OID_445290016_SEG_7_BE-Bibliothek.A5E00511631_R1315785390.svdmp", "XDeviation": "157807", "YDeviation": "-96193"}]}, "Pick": {"ActualPickPosition": {"Angle": "0", "X": "1000", "Y": "-51000"}, "MeasuredComponentHeight": "1239501", "NominalPickPosition": {"Angle": "0", "X": "1008", "Y": "-51275"}, "PickupLocationId": "223", "Result": "0", "TimeStampSinceStationStarted": "1315783.990171", "VacuumAbsolute": "-824", "VacuumRelative": "-824", "ZEndPosition": "13822500", "ZTargetPosition": "13827162"}, "Place": {"ActualPlacePosition": {"Angle": "0", "X": "21491", "Y": "130345"}, "AirkissPressure": "54", "BoardPanelId": "2", "HoldingCircuitPressure": "-238", "NominalPlacePosition": {"Angle": "0", "X": "21480", "Y": "130350"}, "ReferenceDesignator": "C2819_1206_KOND_KER_", "Result": "0", "TimeStampSinceStationStarted": "1315785.578287", "VacuumAbsolute": "-845", "VacuumRelative": "101", "ZEndPosition": "13165000", "ZTargetPosition": "13209581"}, "ElectricalMeasurement": null, "Dip": null}, {"HeadSegmentId": "527108", "Measures": {"MeasureList": [{"CameraIndividualId": "4030", "MeasurementResult": "0", "PhiDeviation": "-415193", "TimeStampSinceStationStarted": "1315784.617354", "VisionDumpPath": "C:\\Sirio\\Work\\SvDumpFiles\\PartCameraDumps\\JID_403052968_OID_445290017_SEG_8_BE-Bibliothek.A5E00081516_R1315785544.svdmp", "XDeviation": "52444", "YDeviation": "21916"}]}, "Pick": {"ActualPickPosition": {"Angle": "0", "X": "6000", "Y": "-49500"}, "MeasuredComponentHeight": "993286", "NominalPickPosition": {"Angle": "0", "X": "6146", "Y": "-49646"}, "PickupLocationId": "230", "Result": "0", "TimeStampSinceStationStarted": "1315784.144382", "VacuumAbsolute": "-786", "VacuumRelative": "-786", "ZEndPosition": "14522000", "ZTargetPosition": "14509310"}, "Place": {"ActualPlacePosition": {"Angle": "90000", "X": "26438", "Y": "148006"}, "AirkissPressure": "52", "BoardPanelId": "2", "HoldingCircuitPressure": "-830", "NominalPlacePosition": {"Angle": "90000", "X": "26427", "Y": "148013"}, "ReferenceDesignator": "U2000_TSSOP_14_IC_KO", "Result": "0", "TimeStampSinceStationStarted": "1315785.675421", "VacuumAbsolute": "-869", "VacuumRelative": "100", "ZEndPosition": "14221500", "ZTargetPosition": "14217619"}, "ElectricalMeasurement": null, "Dip": null}, {"HeadSegmentId": "789252", "Measures": {"MeasureList": [{"CameraIndividualId": "4030", "MeasurementResult": "0", "PhiDeviation": "-2790404", "TimeStampSinceStationStarted": "1315785.454911", "VisionDumpPath": "C:\\Sirio\\Work\\SvDumpFiles\\PartCameraDumps\\JID_403052969_OID_445290018_SEG_12_BE-Bibliothek.A5E32552243_R1315785862.svdmp", "XDeviation": "-133355", "YDeviation": "117340"}]}, "Pick": {"ActualPickPosition": {"Angle": "0", "X": "8000", "Y": "-51500"}, "MeasuredComponentHeight": "2316984", "NominalPickPosition": {"Angle": "0", "X": "7942", "Y": "-51582"}, "PickupLocationId": "234", "Result": "0", "TimeStampSinceStationStarted": "1315784.461528", "VacuumAbsolute": "-767", "VacuumRelative": "-767", "ZEndPosition": "17492000", "ZTargetPosition": "17482046"}, "Place": {"ActualPlacePosition": {"Angle": "90000", "X": "62055", "Y": "84532"}, "AirkissPressure": "53", "BoardPanelId": "2", "HoldingCircuitPressure": "-728", "NominalPlacePosition": {"Angle": "90000", "X": "62050", "Y": "84530"}, "ReferenceDesignator": "D601_SOP_8_", "Result": "0", "TimeStampSinceStationStarted": "1315785.866248", "VacuumAbsolute": "-842", "VacuumRelative": "99", "ZEndPosition": "15661000", "ZTargetPosition": "15760988"}, "ElectricalMeasurement": null, "Dip": null}, {"HeadSegmentId": "66049", "Measures": {"MeasureList": [{"CameraIndividualId": "1030", "MeasurementResult": "0", "PhiDeviation": "-223138", "TimeStampSinceStationStarted": "1315785.504222", "VisionDumpPath": "C:\\Sirio\\Work\\SvDumpFiles\\PartCameraDumps\\JID_103020673_OID_445290019_SEG_1_BE-Bibliothek.A5E00132529_R1315786198.svdmp", "XDeviation": "118045", "YDeviation": "16751"}]}, "Pick": {"ActualPickPosition": {"Angle": "0", "X": "8000", "Y": "-51500"}, "MeasuredComponentHeight": "1028681", "NominalPickPosition": {"Angle": "0", "X": "8082", "Y": "-51413"}, "PickupLocationId": "148", "Result": "0", "TimeStampSinceStationStarted": "1315784.798063", "VacuumAbsolute": "-830", "VacuumRelative": "-830", "ZEndPosition": "16470000", "ZTargetPosition": "16454093"}, "Place": {"ActualPlacePosition": {"Angle": "-17", "X": "135390", "Y": "50248"}, "AirkissPressure": "55", "BoardPanelId": "2", "HoldingCircuitPressure": "-602", "NominalPlacePosition": {"Angle": "0", "X": "135400", "Y": "50230"}, "ReferenceDesignator": "D1203_TSSOP_20_IC_IN", "Result": "0", "TimeStampSinceStationStarted": "1315786.287909", "VacuumAbsolute": "-773", "VacuumRelative": "79", "ZEndPosition": "16031000", "ZTargetPosition": "16060710"}, "ElectricalMeasurement": null, "Dip": null}, {"HeadSegmentId": "131585", "Measures": {"MeasureList": [{"CameraIndividualId": "1030", "MeasurementResult": "0", "PhiDeviation": "-197023", "TimeStampSinceStationStarted": "1315785.583719", "VisionDumpPath": "C:\\Sirio\\Work\\SvDumpFiles\\PartCameraDumps\\JID_103020674_OID_445290020_SEG_2_BE-Bibliothek.A5E00132529_R1315786343.svdmp", "XDeviation": "34221", "YDeviation": "-45150"}]}, "Pick": {"ActualPickPosition": {"Angle": "0", "X": "8000", "Y": "-51500"}, "MeasuredComponentHeight": "1019251", "NominalPickPosition": {"Angle": "0", "X": "8082", "Y": "-51413"}, "PickupLocationId": "148", "Result": "0", "TimeStampSinceStationStarted": "1315784.94252", "VacuumAbsolute": "-851", "VacuumRelative": "-851", "ZEndPosition": "16443500", "ZTargetPosition": "16477070"}, "Place": {"ActualPlacePosition": {"Angle": "179983", "X": "61578", "Y": "64268"}, "AirkissPressure": "57", "BoardPanelId": "2", "HoldingCircuitPressure": "-618", "NominalPlacePosition": {"Angle": "180000", "X": "61550", "Y": "64230"}, "ReferenceDesignator": "D1101_TSSOP_20_IC_IN", "Result": "0", "TimeStampSinceStationStarted": "1315786.410303", "VacuumAbsolute": "-795", "VacuumRelative": "94", "ZEndPosition": "15891000", "ZTargetPosition": "15979187"}, "ElectricalMeasurement": null, "Dip": null}, {"HeadSegmentId": "197121", "Measures": {"MeasureList": [{"CameraIndividualId": "1030", "MeasurementResult": "0", "PhiDeviation": "-499887", "TimeStampSinceStationStarted": "1315785.664996", "VisionDumpPath": "C:\\Sirio\\Work\\SvDumpFiles\\PartCameraDumps\\JID_103020675_OID_445290021_SEG_3_BE-Bibliothek.A5E00207035_R1315786569.svdmp", "XDeviation": "58996", "YDeviation": "-14044"}]}, "Pick": {"ActualPickPosition": {"Angle": "0", "X": "1000", "Y": "-50000"}, "MeasuredComponentHeight": "511695", "NominalPickPosition": {"Angle": "0", "X": "911", "Y": "-49799"}, "PickupLocationId": "156", "Result": "0", "TimeStampSinceStationStarted": "1315785.168933", "VacuumAbsolute": "-754", "VacuumRelative": "-754", "ZEndPosition": "13816500", "ZTargetPosition": "13781740"}, "Place": {"ActualPlacePosition": {"Angle": "179983", "X": "67375", "Y": "57367"}, "AirkissPressure": "54", "BoardPanelId": "2", "HoldingCircuitPressure": "-552", "NominalPlacePosition": {"Angle": "180000", "X": "67350", "Y": "57330"}, "ReferenceDesignator": "R1309_1206_8_WID_NET", "Result": "0", "TimeStampSinceStationStarted": "1315786.498051", "VacuumAbsolute": "-797", "VacuumRelative": "79", "ZEndPosition": "14471000", "ZTargetPosition": "14554566"}, "ElectricalMeasurement": null, "Dip": null}, {"HeadSegmentId": "262657", "Measures": {"MeasureList": [{"CameraIndividualId": "1030", "MeasurementResult": "0", "PhiDeviation": "-302044", "TimeStampSinceStationStarted": "1315785.788945", "VisionDumpPath": "C:\\Sirio\\Work\\SvDumpFiles\\PartCameraDumps\\JID_103020676_OID_445290022_SEG_4_BE-Bibliothek.A5E00207035_R1315786642.svdmp", "XDeviation": "37323", "YDeviation": "8530"}]}, "Pick": {"ActualPickPosition": {"Angle": "0", "X": "1000", "Y": "-50000"}, "MeasuredComponentHeight": "515126", "NominalPickPosition": {"Angle": "0", "X": "911", "Y": "-49799"}, "PickupLocationId": "156", "Result": "0", "TimeStampSinceStationStarted": "1315785.242466", "VacuumAbsolute": "-724", "VacuumRelative": "-724", "ZEndPosition": "13845500", "ZTargetPosition": "13851430"}, "Place": {"ActualPlacePosition": {"Angle": "179983", "X": "71173", "Y": "57366"}, "AirkissPressure": "53", "BoardPanelId": "2", "HoldingCircuitPressure": "-441", "NominalPlacePosition": {"Angle": "180000", "X": "71150", "Y": "57330"}, "ReferenceDesignator": "R1308_1206_8_WID_NET", "Result": "0", "TimeStampSinceStationStarted": "1315786.566657", "VacuumAbsolute": "-756", "VacuumRelative": "73", "ZEndPosition": "14547000", "ZTargetPosition": "14616478"}, "ElectricalMeasurement": null, "Dip": null}, {"HeadSegmentId": "328193", "Measures": {"MeasureList": [{"CameraIndividualId": "1030", "MeasurementResult": "0", "PhiDeviation": "-47633", "TimeStampSinceStationStarted": "1315785.858019", "VisionDumpPath": "C:\\Sirio\\Work\\SvDumpFiles\\PartCameraDumps\\JID_103020677_OID_445290023_SEG_5_BE-Bibliothek.A5E00726333_R1315786739.svdmp", "XDeviation": "-138436", "YDeviation": "-110499"}]}, "Pick": {"ActualPickPosition": {"Angle": "0", "X": "1090", "Y": "-50930"}, "MeasuredComponentHeight": "1335502", "NominalPickPosition": {"Angle": "0", "X": "1090", "Y": "-50930"}, "PickupLocationId": "159", "Result": "0", "TimeStampSinceStationStarted": "1315785.339674", "VacuumAbsolute": "-794", "VacuumRelative": "-794", "ZEndPosition": "13598500", "ZTargetPosition": "13580662"}, "Place": {"ActualPlacePosition": {"Angle": "179983", "X": "32344", "Y": "41780"}, "AirkissPressure": "54", "BoardPanelId": "2", "HoldingCircuitPressure": "-518", "NominalPlacePosition": {"Angle": "180000", "X": "32300", "Y": "41730"}, "ReferenceDesignator": "C400_0805_KOND_KER_V", "Result": "0", "TimeStampSinceStationStarted": "1315786.659995", "VacuumAbsolute": "-823", "VacuumRelative": "91", "ZEndPosition": "12976500", "ZTargetPosition": "13039128"}, "ElectricalMeasurement": null, "Dip": null}, {"HeadSegmentId": "393729", "Measures": {"MeasureList": [{"CameraIndividualId": "1030", "MeasurementResult": "0", "PhiDeviation": "-1242110", "TimeStampSinceStationStarted": "1315785.921801", "VisionDumpPath": "C:\\Sirio\\Work\\SvDumpFiles\\PartCameraDumps\\JID_103020678_OID_445290024_SEG_6_BE-Bibliothek.A5E00726333_R1315786816.svdmp", "XDeviation": "-184693", "YDeviation": "-197494"}]}, "Pick": {"ActualPickPosition": {"Angle": "0", "X": "1090", "Y": "-50930"}, "MeasuredComponentHeight": "1309934", "NominalPickPosition": {"Angle": "0", "X": "1090", "Y": "-50930"}, "PickupLocationId": "159", "Result": "0", "TimeStampSinceStationStarted": "1315785.416849", "VacuumAbsolute": "-798", "VacuumRelative": "-798", "ZEndPosition": "13604500", "ZTargetPosition": "13611621"}, "Place": {"ActualPlacePosition": {"Angle": "179983", "X": "62928", "Y": "28373"}, "AirkissPressure": "54", "BoardPanelId": "2", "HoldingCircuitPressure": "-477", "NominalPlacePosition": {"Angle": "180000", "X": "62900", "Y": "28330"}, "ReferenceDesignator": "C929_0805_KOND_KER_V", "Result": "0", "TimeStampSinceStationStarted": "1315786.749711", "VacuumAbsolute": "-835", "VacuumRelative": "92", "ZEndPosition": "13012500", "ZTargetPosition": "13061255"}, "ElectricalMeasurement": null, "Dip": null}, {"HeadSegmentId": "459265", "Measures": {"MeasureList": [{"CameraIndividualId": "1030", "MeasurementResult": "0", "PhiDeviation": "-294121", "TimeStampSinceStationStarted": "1315786.294871", "VisionDumpPath": "C:\\Sirio\\Work\\SvDumpFiles\\PartCameraDumps\\JID_103020679_OID_445290025_SEG_7_BE-Bibliothek.A5E00726333_R1315786895.svdmp", "XDeviation": "-290439", "YDeviation": "-85593"}]}, "Pick": {"ActualPickPosition": {"Angle": "0", "X": "1090", "Y": "-50930"}, "MeasuredComponentHeight": "1342345", "NominalPickPosition": {"Angle": "0", "X": "1090", "Y": "-50930"}, "PickupLocationId": "159", "Result": "0", "TimeStampSinceStationStarted": "1315785.49541", "VacuumAbsolute": "-795", "VacuumRelative": "-795", "ZEndPosition": "13656000", "ZTargetPosition": "13636341"}, "Place": {"ActualPlacePosition": {"Angle": "90001", "X": "65577", "Y": "29572"}, "AirkissPressure": "53", "BoardPanelId": "2", "HoldingCircuitPressure": "-473", "NominalPlacePosition": {"Angle": "90000", "X": "65550", "Y": "29530"}, "ReferenceDesignator": "C952_0805_KOND_KER_V", "Result": "0", "TimeStampSinceStationStarted": "1315786.817483", "VacuumAbsolute": "-804", "VacuumRelative": "70", "ZEndPosition": "13001000", "ZTargetPosition": "13079037"}, "ElectricalMeasurement": null, "Dip": null}, {"HeadSegmentId": "524801", "Measures": {"MeasureList": [{"CameraIndividualId": "1030", "MeasurementResult": "0", "PhiDeviation": "-3407676", "TimeStampSinceStationStarted": "1315786.421036", "VisionDumpPath": "C:\\Sirio\\Work\\SvDumpFiles\\PartCameraDumps\\JID_103020680_OID_445290026_SEG_8_BE-Bibliothek.A5E00726333_R1315786975.svdmp", "XDeviation": "-154765", "YDeviation": "-108618"}]}, "Pick": {"ActualPickPosition": {"Angle": "0", "X": "1090", "Y": "-50930"}, "MeasuredComponentHeight": "1294429", "NominalPickPosition": {"Angle": "0", "X": "1090", "Y": "-50930"}, "PickupLocationId": "159", "Result": "0", "TimeStampSinceStationStarted": "1315785.574953", "VacuumAbsolute": "-801", "VacuumRelative": "-801", "ZEndPosition": "13665000", "ZTargetPosition": "13656756"}, "Place": {"ActualPlacePosition": {"Angle": "-89999", "X": "65577", "Y": "32771"}, "AirkissPressure": "59", "BoardPanelId": "2", "HoldingCircuitPressure": "-540", "NominalPlacePosition": {"Angle": "-90000", "X": "65550", "Y": "32730"}, "ReferenceDesignator": "C920_0805_KOND_KER_V", "Result": "0", "TimeStampSinceStationStarted": "1315786.885198", "VacuumAbsolute": "-814", "VacuumRelative": "78", "ZEndPosition": "13027000", "ZTargetPosition": "13040033"}, "ElectricalMeasurement": null, "Dip": null}, {"HeadSegmentId": "590337", "Measures": {"MeasureList": [{"CameraIndividualId": "1030", "MeasurementResult": "0", "PhiDeviation": "-1521916", "TimeStampSinceStationStarted": "1315786.503959", "VisionDumpPath": "C:\\Sirio\\Work\\SvDumpFiles\\PartCameraDumps\\JID_103020681_OID_445290027_SEG_9_BE-Bibliothek.A5E00726333_R1315787056.svdmp", "XDeviation": "-272684", "YDeviation": "-141532"}]}, "Pick": {"ActualPickPosition": {"Angle": "0", "X": "1090", "Y": "-50930"}, "MeasuredComponentHeight": "1341664", "NominalPickPosition": {"Angle": "0", "X": "1090", "Y": "-50930"}, "PickupLocationId": "159", "Result": "0", "TimeStampSinceStationStarted": "1315785.656237", "VacuumAbsolute": "-770", "VacuumRelative": "-770", "ZEndPosition": "13593500", "ZTargetPosition": "13608817"}, "Place": {"ActualPlacePosition": {"Angle": "-17", "X": "68375", "Y": "33270"}, "AirkissPressure": "54", "BoardPanelId": "2", "HoldingCircuitPressure": "-506", "NominalPlacePosition": {"Angle": "0", "X": "68350", "Y": "33230"}, "ReferenceDesignator": "C923_0805_KOND_KER_V", "Result": "0", "TimeStampSinceStationStarted": "1315786.953373", "VacuumAbsolute": "-793", "VacuumRelative": "63", "ZEndPosition": "12911000", "ZTargetPosition": "12966892"}, "ElectricalMeasurement": null, "Dip": null}, {"HeadSegmentId": "655873", "Measures": {"MeasureList": [{"CameraIndividualId": "1030", "MeasurementResult": "0", "PhiDeviation": "-969447", "TimeStampSinceStationStarted": "1315786.575434", "VisionDumpPath": "C:\\Sirio\\Work\\SvDumpFiles\\PartCameraDumps\\JID_103020682_OID_445290028_SEG_10_BE-Bibliothek.A5E00818233_R1315787181.svdmp", "XDeviation": "-31405", "YDeviation": "1417"}]}, "Pick": {"ActualPickPosition": {"Angle": "0", "X": "899", "Y": "-51449"}, "MeasuredComponentHeight": "501971", "NominalPickPosition": {"Angle": "0", "X": "970", "Y": "-51438"}, "PickupLocationId": "164", "Result": "0", "TimeStampSinceStationStarted": "1315785.781318", "VacuumAbsolute": "-749", "VacuumRelative": "-749", "ZEndPosition": "11724500", "ZTargetPosition": "11743500"}, "Place": {"ActualPlacePosition": {"Angle": "-17", "X": "48636", "Y": "25127"}, "AirkissPressure": "51", "BoardPanelId": "2", "HoldingCircuitPressure": "-631", "NominalPlacePosition": {"Angle": "0", "X": "48600", "Y": "25080"}, "ReferenceDesignator": "C9990_0402_2_KOND_KE", "Result": "0", "TimeStampSinceStationStarted": "1315787.035827", "VacuumAbsolute": "-859", "VacuumRelative": "171", "ZEndPosition": "12870000", "ZTargetPosition": "12931761"}, "ElectricalMeasurement": null, "Dip": null}, {"HeadSegmentId": "721409", "Measures": {"MeasureList": [{"CameraIndividualId": "1030", "MeasurementResult": "0", "PhiDeviation": "-749643", "TimeStampSinceStationStarted": "1315786.668236", "VisionDumpPath": "C:\\Sirio\\Work\\SvDumpFiles\\PartCameraDumps\\JID_103020683_OID_445290029_SEG_11_BE-Bibliothek.A5E00091702_R1315787251.svdmp", "XDeviation": "87682", "YDeviation": "-29370"}]}, "Pick": {"ActualPickPosition": {"Angle": "0", "X": "988", "Y": "-50853"}, "MeasuredComponentHeight": "310321", "NominalPickPosition": {"Angle": "0", "X": "959", "Y": "-50866"}, "PickupLocationId": "162", "Result": "0", "TimeStampSinceStationStarted": "1315785.85085", "VacuumAbsolute": "-778", "VacuumRelative": "-778", "ZEndPosition": "11782500", "ZTargetPosition": "11803000"}, "Place": {"ActualPlacePosition": {"Angle": "-17", "X": "36291", "Y": "57327"}, "AirkissPressure": "56", "BoardPanelId": "2", "HoldingCircuitPressure": "-700", "NominalPlacePosition": {"Angle": "0", "X": "36250", "Y": "57280"}, "ReferenceDesignator": "R706_0402_WID_MET_SH", "Result": "0", "TimeStampSinceStationStarted": "1315787.147988", "VacuumAbsolute": "-870", "VacuumRelative": "183", "ZEndPosition": "12930000", "ZTargetPosition": "13001550"}, "ElectricalMeasurement": null, "Dip": null}, {"HeadSegmentId": "786945", "Measures": {"MeasureList": [{"CameraIndividualId": "1030", "MeasurementResult": "0", "PhiDeviation": "-443880", "TimeStampSinceStationStarted": "1315786.756288", "VisionDumpPath": "C:\\Sirio\\Work\\SvDumpFiles\\PartCameraDumps\\JID_103020684_OID_445290030_SEG_12_BE-Bibliothek.A5E00091702_R1315787313.svdmp", "XDeviation": "98091", "YDeviation": "3155"}]}, "Pick": {"ActualPickPosition": {"Angle": "0", "X": "988", "Y": "-50853"}, "MeasuredComponentHeight": "308416", "NominalPickPosition": {"Angle": "0", "X": "959", "Y": "-50866"}, "PickupLocationId": "162", "Result": "0", "TimeStampSinceStationStarted": "1315785.912838", "VacuumAbsolute": "-792", "VacuumRelative": "-792", "ZEndPosition": "11754500", "ZTargetPosition": "11773000"}, "Place": {"ActualPlacePosition": {"Angle": "-17", "X": "36291", "Y": "59327"}, "AirkissPressure": "56", "BoardPanelId": "2", "HoldingCircuitPressure": "-801", "NominalPlacePosition": {"Angle": "0", "X": "36250", "Y": "59280"}, "ReferenceDesignator": "R709_0402_WID_MET_SH", "Result": "0", "TimeStampSinceStationStarted": "1315787.215691", "VacuumAbsolute": "-847", "VacuumRelative": "69", "ZEndPosition": "12874500", "ZTargetPosition": "12955529"}, "ElectricalMeasurement": null, "Dip": null}, {"HeadSegmentId": "68356", "Measures": {"MeasureList": [{"CameraIndividualId": "4030", "MeasurementResult": "0", "PhiDeviation": "-3017287", "TimeStampSinceStationStarted": "1315786.925744", "VisionDumpPath": "C:\\Sirio\\Work\\SvDumpFiles\\PartCameraDumps\\JID_403052970_OID_445290031_SEG_1_BE-Bibliothek.A5E00150936_R1315787787.svdmp", "XDeviation": "-45589", "YDeviation": "-17280"}]}, "Pick": {"ActualPickPosition": {"Angle": "0", "X": "1000", "Y": "-51000"}, "MeasuredComponentHeight": "886166", "NominalPickPosition": {"Angle": "0", "X": "868", "Y": "-50997"}, "PickupLocationId": "215", "Result": "0", "TimeStampSinceStationStarted": "1315786.387373", "VacuumAbsolute": "-820", "VacuumRelative": "-820", "ZEndPosition": "12520500", "ZTargetPosition": "12538500"}, "Place": {"ActualPlacePosition": {"Angle": "0", "X": "86972", "Y": "68654"}, "AirkissPressure": "54", "BoardPanelId": "2", "HoldingCircuitPressure": "-608", "NominalPlacePosition": {"Angle": "0", "X": "86970", "Y": "68650"}, "ReferenceDesignator": "H1103_0603_2_DIO_LED", "Result": "0", "TimeStampSinceStationStarted": "1315787.969547", "VacuumAbsolute": "-838", "VacuumRelative": "64", "ZEndPosition": "12331500", "ZTargetPosition": "12428144"}, "ElectricalMeasurement": null, "Dip": null}, {"HeadSegmentId": "133892", "Measures": {"MeasureList": [{"CameraIndividualId": "4030", "MeasurementResult": "0", "PhiDeviation": "3735778", "TimeStampSinceStationStarted": "1315787.087722", "VisionDumpPath": "C:\\Sirio\\Work\\SvDumpFiles\\PartCameraDumps\\JID_403052971_OID_445290032_SEG_2_BE-Bibliothek.A5E00150936_R1315787880.svdmp", "XDeviation": "-15031", "YDeviation": "-41442"}]}, "Pick": {"ActualPickPosition": {"Angle": "0", "X": "1000", "Y": "-51000"}, "MeasuredComponentHeight": "890908", "NominalPickPosition": {"Angle": "0", "X": "868", "Y": "-50997"}, "PickupLocationId": "215", "Result": "0", "TimeStampSinceStationStarted": "1315786.480304", "VacuumAbsolute": "-816", "VacuumRelative": "-816", "ZEndPosition": "12513000", "ZTargetPosition": "12533500"}, "Place": {"ActualPlacePosition": {"Angle": "0", "X": "89471", "Y": "68654"}, "AirkissPressure": "56", "BoardPanelId": "2", "HoldingCircuitPressure": "-839", "NominalPlacePosition": {"Angle": "0", "X": "89470", "Y": "68650"}, "ReferenceDesignator": "H1104_0603_2_DIO_LED", "Result": "0", "TimeStampSinceStationStarted": "1315788.036975", "VacuumAbsolute": "-848", "VacuumRelative": "56", "ZEndPosition": "12296000", "ZTargetPosition": "12399794"}, "ElectricalMeasurement": null, "Dip": null}, {"HeadSegmentId": "199428", "Measures": {"MeasureList": [{"CameraIndividualId": "4030", "MeasurementResult": "0", "PhiDeviation": "510986", "TimeStampSinceStationStarted": "1315787.159902", "VisionDumpPath": "C:\\Sirio\\Work\\SvDumpFiles\\PartCameraDumps\\JID_403052972_OID_445290033_SEG_3_BE-Bibliothek.A5E00150936_R1315787968.svdmp", "XDeviation": "-46778", "YDeviation": "-4891"}]}, "Pick": {"ActualPickPosition": {"Angle": "0", "X": "1000", "Y": "-51000"}, "MeasuredComponentHeight": "885529", "NominalPickPosition": {"Angle": "0", "X": "868", "Y": "-50997"}, "PickupLocationId": "215", "Result": "0", "TimeStampSinceStationStarted": "1315786.568419", "VacuumAbsolute": "-822", "VacuumRelative": "-822", "ZEndPosition": "12430000", "ZTargetPosition": "12448500"}, "Place": {"ActualPlacePosition": {"Angle": "0", "X": "96970", "Y": "68654"}, "AirkissPressure": "53", "BoardPanelId": "2", "HoldingCircuitPressure": "-826", "NominalPlacePosition": {"Angle": "0", "X": "96970", "Y": "68650"}, "ReferenceDesignator": "H1107_0603_2_DIO_LED", "Result": "0", "TimeStampSinceStationStarted": "1315788.104938", "VacuumAbsolute": "-841", "VacuumRelative": "90", "ZEndPosition": "12297500", "ZTargetPosition": "12379453"}, "ElectricalMeasurement": null, "Dip": null}, {"HeadSegmentId": "264964", "Measures": {"MeasureList": [{"CameraIndividualId": "4030", "MeasurementResult": "0", "PhiDeviation": "215332", "TimeStampSinceStationStarted": "1315787.254906", "VisionDumpPath": "C:\\Sirio\\Work\\SvDumpFiles\\PartCameraDumps\\JID_403052973_OID_445290034_SEG_4_BE-Bibliothek.A5E00150936_R1315788057.svdmp", "XDeviation": "32848", "YDeviation": "7408"}]}, "Pick": {"ActualPickPosition": {"Angle": "0", "X": "1000", "Y": "-51000"}, "MeasuredComponentHeight": "881316", "NominalPickPosition": {"Angle": "0", "X": "868", "Y": "-50997"}, "PickupLocationId": "215", "Result": "0", "TimeStampSinceStationStarted": "1315786.656684", "VacuumAbsolute": "-827", "VacuumRelative": "-827", "ZEndPosition": "12611000", "ZTargetPosition": "12630000"}, "Place": {"ActualPlacePosition": {"Angle": "0", "X": "106969", "Y": "68654"}, "AirkissPressure": "52", "BoardPanelId": "2", "HoldingCircuitPressure": "-843", "NominalPlacePosition": {"Angle": "0", "X": "106970", "Y": "68650"}, "ReferenceDesignator": "H1109_0603_2_DIO_LED", "Result": "0", "TimeStampSinceStationStarted": "1315788.172689", "VacuumAbsolute": "-849", "VacuumRelative": "-50", "ZEndPosition": "12418000", "ZTargetPosition": "12500535"}, "ElectricalMeasurement": null, "Dip": null}, {"HeadSegmentId": "330500", "Measures": {"MeasureList": [{"CameraIndividualId": "4030", "MeasurementResult": "0", "PhiDeviation": "349701", "TimeStampSinceStationStarted": "1315787.350918", "VisionDumpPath": "C:\\Sirio\\Work\\SvDumpFiles\\PartCameraDumps\\JID_403052974_OID_445290035_SEG_5_BE-Bibliothek.A5E00150936_R1315788145.svdmp", "XDeviation": "-3949", "YDeviation": "-39973"}]}, "Pick": {"ActualPickPosition": {"Angle": "0", "X": "1000", "Y": "-51000"}, "MeasuredComponentHeight": "879990", "NominalPickPosition": {"Angle": "0", "X": "868", "Y": "-50997"}, "PickupLocationId": "215", "Result": "0", "TimeStampSinceStationStarted": "1315786.74491", "VacuumAbsolute": "-818", "VacuumRelative": "-818", "ZEndPosition": "12520000", "ZTargetPosition": "12538500"}, "Place": {"ActualPlacePosition": {"Angle": "0", "X": "116967", "Y": "68654"}, "AirkissPressure": "52", "BoardPanelId": "2", "HoldingCircuitPressure": "-830", "NominalPlacePosition": {"Angle": "0", "X": "116970", "Y": "68650"}, "ReferenceDesignator": "H1113_0603_2_DIO_LED", "Result": "0", "TimeStampSinceStationStarted": "1315788.240362", "VacuumAbsolute": "-847", "VacuumRelative": "85", "ZEndPosition": "12362500", "ZTargetPosition": "12436211"}, "ElectricalMeasurement": null, "Dip": null}, {"HeadSegmentId": "396036", "Measures": {"MeasureList": [{"CameraIndividualId": "4030", "MeasurementResult": "0", "PhiDeviation": "-6263310", "TimeStampSinceStationStarted": "1315787.457842", "VisionDumpPath": "C:\\Sirio\\Work\\SvDumpFiles\\PartCameraDumps\\JID_403052975_OID_445290036_SEG_6_BE-Bibliothek.A5E00907098_R1315788245.svdmp", "XDeviation": "-67544", "YDeviation": "-53921"}]}, "Pick": {"ActualPickPosition": {"Angle": "0", "X": "1000", "Y": "-50000"}, "MeasuredComponentHeight": "1648756", "NominalPickPosition": {"Angle": "0", "X": "1070", "Y": "-50082"}, "PickupLocationId": "220", "Result": "0", "TimeStampSinceStationStarted": "1315786.845101", "VacuumAbsolute": "-796", "VacuumRelative": "-796", "ZEndPosition": "14796500", "ZTargetPosition": "14885495"}, "Place": {"ActualPlacePosition": {"Angle": "90000", "X": "115748", "Y": "142974"}, "AirkissPressure": "53", "BoardPanelId": "2", "HoldingCircuitPressure": "-802", "NominalPlacePosition": {"Angle": "90000", "X": "115750", "Y": "142980"}, "ReferenceDesignator": "C2800_1206_KOND_KER_", "Result": "0", "TimeStampSinceStationStarted": "1315788.389373", "VacuumAbsolute": "-861", "VacuumRelative": "96", "ZEndPosition": "14021500", "ZTargetPosition": "14074571"}, "ElectricalMeasurement": null, "Dip": null}, {"HeadSegmentId": "527108", "Measures": {"MeasureList": [{"CameraIndividualId": "4030", "MeasurementResult": "0", "PhiDeviation": "-841246", "TimeStampSinceStationStarted": "1315788.045997", "VisionDumpPath": "C:\\Sirio\\Work\\SvDumpFiles\\PartCameraDumps\\JID_403052976_OID_445290037_SEG_8_BE-Bibliothek.A5E00081516_R1315788479.svdmp", "XDeviation": "-191908", "YDeviation": "16642"}]}, "Pick": {"ActualPickPosition": {"Angle": "0", "X": "6000", "Y": "-49500"}, "MeasuredComponentHeight": "1009964", "NominalPickPosition": {"Angle": "0", "X": "6149", "Y": "-49645"}, "PickupLocationId": "230", "Result": "0", "TimeStampSinceStationStarted": "1315787.079538", "VacuumAbsolute": "-788", "VacuumRelative": "-788", "ZEndPosition": "14521500", "ZTargetPosition": "14512482"}, "Place": {"ActualPlacePosition": {"Angle": "90000", "X": "96940", "Y": "148206"}, "AirkissPressure": "53", "BoardPanelId": "2", "HoldingCircuitPressure": "-831", "NominalPlacePosition": {"Angle": "90000", "X": "96940", "Y": "148213"}, "ReferenceDesignator": "U2403_TSSOP_14_IC_KO", "Result": "0", "TimeStampSinceStationStarted": "1315788.477857", "VacuumAbsolute": "-841", "VacuumRelative": "91", "ZEndPosition": "14441000", "ZTargetPosition": "14393948"}, "ElectricalMeasurement": null, "Dip": null}, {"HeadSegmentId": "592644", "Measures": {"MeasureList": [{"CameraIndividualId": "4030", "MeasurementResult": "0", "PhiDeviation": "-1037170", "TimeStampSinceStationStarted": "1315788.113767", "VisionDumpPath": "C:\\Sirio\\Work\\SvDumpFiles\\PartCameraDumps\\JID_403052977_OID_445290038_SEG_9_BE-Bibliothek.A5E00081516_R1315788573.svdmp", "XDeviation": "66638", "YDeviation": "7348"}]}, "Pick": {"ActualPickPosition": {"Angle": "0", "X": "6000", "Y": "-49500"}, "MeasuredComponentHeight": "985407", "NominalPickPosition": {"Angle": "0", "X": "6149", "Y": "-49645"}, "PickupLocationId": "230", "Result": "0", "TimeStampSinceStationStarted": "1315787.17384", "VacuumAbsolute": "-753", "VacuumRelative": "-753", "ZEndPosition": "14478000", "ZTargetPosition": "14482737"}, "Place": {"ActualPlacePosition": {"Angle": "90000", "X": "88152", "Y": "148206"}, "AirkissPressure": "55", "BoardPanelId": "2", "HoldingCircuitPressure": "-623", "NominalPlacePosition": {"Angle": "90000", "X": "88150", "Y": "148213"}, "ReferenceDesignator": "U2401_TSSOP_14_IC_KO", "Result": "0", "TimeStampSinceStationStarted": "1315788.599234", "VacuumAbsolute": "-793", "VacuumRelative": "89", "ZEndPosition": "14339000", "ZTargetPosition": "14292120"}, "ElectricalMeasurement": null, "Dip": null}, {"HeadSegmentId": "658180", "Measures": {"MeasureList": [{"CameraIndividualId": "4030", "MeasurementResult": "0", "PhiDeviation": "-1059819", "TimeStampSinceStationStarted": "1315788.18152", "VisionDumpPath": "C:\\Sirio\\Work\\SvDumpFiles\\PartCameraDumps\\JID_403052978_OID_445290039_SEG_10_BE-Bibliothek.A5E00081516_R1315788668.svdmp", "XDeviation": "-125925", "YDeviation": "48874"}]}, "Pick": {"ActualPickPosition": {"Angle": "0", "X": "6000", "Y": "-49500"}, "MeasuredComponentHeight": "1006692", "NominalPickPosition": {"Angle": "0", "X": "6149", "Y": "-49645"}, "PickupLocationId": "230", "Result": "0", "TimeStampSinceStationStarted": "1315787.268821", "VacuumAbsolute": "-785", "VacuumRelative": "-785", "ZEndPosition": "14546500", "ZTargetPosition": "14514053"}, "Place": {"ActualPlacePosition": {"Angle": "90000", "X": "79403", "Y": "148206"}, "AirkissPressure": "52", "BoardPanelId": "2", "HoldingCircuitPressure": "-764", "NominalPlacePosition": {"Angle": "90000", "X": "79400", "Y": "148213"}, "ReferenceDesignator": "U2303_TSSOP_14_IC_KO", "Result": "0", "TimeStampSinceStationStarted": "1315788.720284", "VacuumAbsolute": "-828", "VacuumRelative": "86", "ZEndPosition": "14400500", "ZTargetPosition": "14362448"}, "ElectricalMeasurement": null, "Dip": null}, {"HeadSegmentId": "723716", "Measures": {"MeasureList": [{"CameraIndividualId": "4030", "MeasurementResult": "0", "PhiDeviation": "-710175", "TimeStampSinceStationStarted": "1315788.249307", "VisionDumpPath": "C:\\Sirio\\Work\\SvDumpFiles\\PartCameraDumps\\JID_403052979_OID_445290040_SEG_11_BE-Bibliothek.A5E00081516_R1315788765.svdmp", "XDeviation": "126570", "YDeviation": "33784"}]}, "Pick": {"ActualPickPosition": {"Angle": "0", "X": "6000", "Y": "-49500"}, "MeasuredComponentHeight": "1004229", "NominalPickPosition": {"Angle": "0", "X": "6149", "Y": "-49645"}, "PickupLocationId": "230", "Result": "0", "TimeStampSinceStationStarted": "1315787.364798", "VacuumAbsolute": "-785", "VacuumRelative": "-785", "ZEndPosition": "14554000", "ZTargetPosition": "14553164"}, "Place": {"ActualPlacePosition": {"Angle": "90000", "X": "70654", "Y": "148206"}, "AirkissPressure": "56", "BoardPanelId": "2", "HoldingCircuitPressure": "-774", "NominalPlacePosition": {"Angle": "90000", "X": "70650", "Y": "148213"}, "ReferenceDesignator": "U2301_TSSOP_14_IC_KO", "Result": "0", "TimeStampSinceStationStarted": "1315788.840349", "VacuumAbsolute": "-832", "VacuumRelative": "104", "ZEndPosition": "14390000", "ZTargetPosition": "14360453"}, "ElectricalMeasurement": null, "Dip": null}, {"HeadSegmentId": "789252", "Measures": {"MeasureList": [{"CameraIndividualId": "4030", "MeasurementResult": "0", "PhiDeviation": "2174773", "TimeStampSinceStationStarted": "1315788.394441", "VisionDumpPath": "C:\\Sirio\\Work\\SvDumpFiles\\PartCameraDumps\\JID_403052980_OID_445290041_SEG_12_BE-Bibliothek.A5E38213077_R1315788847.svdmp", "XDeviation": "23952", "YDeviation": "-6876"}]}, "Pick": {"ActualPickPosition": {"Angle": "0", "X": "6000", "Y": "-49500"}, "MeasuredComponentHeight": "865113", "NominalPickPosition": {"Angle": "0", "X": "6166", "Y": "-49569"}, "PickupLocationId": "231", "Result": "0", "TimeStampSinceStationStarted": "1315787.4471", "VacuumAbsolute": "-758", "VacuumRelative": "-758", "ZEndPosition": "17478500", "ZTargetPosition": "17479968"}, "Place": {"ActualPlacePosition": {"Angle": "90000", "X": "26511", "Y": "46088"}, "AirkissPressure": "52", "BoardPanelId": "2", "HoldingCircuitPressure": "-727", "NominalPlacePosition": {"Angle": "90000", "X": "26500", "Y": "46080"}, "ReferenceDesignator": "D401_QFN_32_IC_PERI_", "Result": "0", "TimeStampSinceStationStarted": "1315789.057948", "VacuumAbsolute": "-842", "VacuumRelative": "99", "ZEndPosition": "17472500", "ZTargetPosition": "17528341"}, "ElectricalMeasurement": null, "Dip": null}, {"HeadSegmentId": "131585", "Measures": {"MeasureList": [{"CameraIndividualId": "1030", "MeasurementResult": "0", "PhiDeviation": "-224699", "TimeStampSinceStationStarted": "1315788.227693", "VisionDumpPath": "C:\\Sirio\\Work\\SvDumpFiles\\PartCameraDumps\\JID_103020685_OID_445290042_SEG_2_BE-Bibliothek.A5E00132529_R1315788999.svdmp", "XDeviation": "59139", "YDeviation": "19648"}]}, "Pick": {"ActualPickPosition": {"Angle": "0", "X": "8000", "Y": "-51500"}, "MeasuredComponentHeight": "1020813", "NominalPickPosition": {"Angle": "0", "X": "8089", "Y": "-51415"}, "PickupLocationId": "148", "Result": "0", "TimeStampSinceStationStarted": "1315787.598239", "VacuumAbsolute": "-852", "VacuumRelative": "-852", "ZEndPosition": "16438500", "ZTargetPosition": "16468677"}, "Place": {"ActualPlacePosition": {"Angle": "179983", "X": "52982", "Y": "64271"}, "AirkissPressure": "55", "BoardPanelId": "2", "HoldingCircuitPressure": "-640", "NominalPlacePosition": {"Angle": "180000", "X": "52950", "Y": "64230"}, "ReferenceDesignator": "D1102_TSSOP_20_IC_IN", "Result": "0", "TimeStampSinceStationStarted": "1315789.454529", "VacuumAbsolute": "-803", "VacuumRelative": "97", "ZEndPosition": "15938500", "ZTargetPosition": "16024789"}, "ElectricalMeasurement": null, "Dip": null}, {"HeadSegmentId": "197121", "Measures": {"MeasureList": [{"CameraIndividualId": "1030", "MeasurementResult": "0", "PhiDeviation": "-1978746", "TimeStampSinceStationStarted": "1315788.303544", "VisionDumpPath": "C:\\Sirio\\Work\\SvDumpFiles\\PartCameraDumps\\JID_103020686_OID_445290043_SEG_3_BE-Bibliothek.A5E00439671_R1315789185.svdmp", "XDeviation": "20234", "YDeviation": "-37964"}]}, "Pick": {"ActualPickPosition": {"Angle": "0", "X": "6000", "Y": "-49500"}, "MeasuredComponentHeight": "1008771", "NominalPickPosition": {"Angle": "0", "X": "6185", "Y": "-49416"}, "PickupLocationId": "152", "Result": "0", "TimeStampSinceStationStarted": "1315787.785057", "VacuumAbsolute": "-790", "VacuumRelative": "-790", "ZEndPosition": "14423500", "ZTargetPosition": "14416403"}, "Place": {"ActualPlacePosition": {"Angle": "-89999", "X": "36292", "Y": "33680"}, "AirkissPressure": "57", "BoardPanelId": "2", "HoldingCircuitPressure": "-678", "NominalPlacePosition": {"Angle": "-90000", "X": "36250", "Y": "33630"}, "ReferenceDesignator": "D500_TSSOP_14_IC_INT", "Result": "0", "TimeStampSinceStationStarted": "1315789.572219", "VacuumAbsolute": "-829", "VacuumRelative": "91", "ZEndPosition": "14000000", "ZTargetPosition": "14063088"}, "ElectricalMeasurement": null, "Dip": null}, {"HeadSegmentId": "262657", "Measures": {"MeasureList": [{"CameraIndividualId": "1030", "MeasurementResult": "0", "PhiDeviation": "-490523", "TimeStampSinceStationStarted": "1315788.397339", "VisionDumpPath": "C:\\Sirio\\Work\\SvDumpFiles\\PartCameraDumps\\JID_103020687_OID_445290044_SEG_4_BE-Bibliothek.A5E00032567_R1315789308.svdmp", "XDeviation": "-88730", "YDeviation": "216293"}]}, "Pick": {"ActualPickPosition": {"Angle": "0", "X": "6000", "Y": "-51500"}, "MeasuredComponentHeight": "587970", "NominalPickPosition": {"Angle": "0", "X": "6113", "Y": "-51668"}, "PickupLocationId": "155", "Result": "0", "TimeStampSinceStationStarted": "1315787.908233", "VacuumAbsolute": "-745", "VacuumRelative": "-745", "ZEndPosition": "14109000", "ZTargetPosition": "14127500"}, "Place": {"ActualPlacePosition": {"Angle": "-89999", "X": "41788", "Y": "84222"}, "AirkissPressure": "56", "BoardPanelId": "2", "HoldingCircuitPressure": "-582", "NominalPlacePosition": {"Angle": "-90000", "X": "41750", "Y": "84180"}, "ReferenceDesignator": "R416_2010_WID_MET_SH", "Result": "0", "TimeStampSinceStationStarted": "1315789.739799", "VacuumAbsolute": "-812", "VacuumRelative": "95", "ZEndPosition": "14503000", "ZTargetPosition": "14603903"}, "ElectricalMeasurement": null, "Dip": null}, {"HeadSegmentId": "328193", "Measures": {"MeasureList": [{"CameraIndividualId": "1030", "MeasurementResult": "0", "PhiDeviation": "-1699630", "TimeStampSinceStationStarted": "1315788.460647", "VisionDumpPath": "C:\\Sirio\\Work\\SvDumpFiles\\PartCameraDumps\\JID_103020688_OID_445290045_SEG_5_BE-Bibliothek.A5E00198243_R1315789397.svdmp", "XDeviation": "-89485", "YDeviation": "18835"}]}, "Pick": {"ActualPickPosition": {"Angle": "0", "X": "1000", "Y": "-50000"}, "MeasuredComponentHeight": "532376", "NominalPickPosition": {"Angle": "0", "X": "777", "Y": "-49788"}, "PickupLocationId": "158", "Result": "0", "TimeStampSinceStationStarted": "1315787.996867", "VacuumAbsolute": "-795", "VacuumRelative": "-795", "ZEndPosition": "12139000", "ZTargetPosition": "12158000"}, "Place": {"ActualPlacePosition": {"Angle": "-89999", "X": "68473", "Y": "137306"}, "AirkissPressure": "56", "BoardPanelId": "2", "HoldingCircuitPressure": "-645", "NominalPlacePosition": {"Angle": "-90000", "X": "68450", "Y": "137280"}, "ReferenceDesignator": "R2509_1206_WID_MET_S", "Result": "0", "TimeStampSinceStationStarted": "1315789.871922", "VacuumAbsolute": "-847", "VacuumRelative": "105", "ZEndPosition": "13718000", "ZTargetPosition": "13700042"}, "ElectricalMeasurement": null, "Dip": null}, {"HeadSegmentId": "393729", "Measures": {"MeasureList": [{"CameraIndividualId": "1030", "MeasurementResult": "0", "PhiDeviation": "-877391", "TimeStampSinceStationStarted": "1315788.522838", "VisionDumpPath": "C:\\Sirio\\Work\\SvDumpFiles\\PartCameraDumps\\JID_103020689_OID_445290046_SEG_6_BE-Bibliothek.A5E00198243_R1315789470.svdmp", "XDeviation": "-140699", "YDeviation": "19488"}]}, "Pick": {"ActualPickPosition": {"Angle": "0", "X": "1000", "Y": "-50000"}, "MeasuredComponentHeight": "530576", "NominalPickPosition": {"Angle": "0", "X": "777", "Y": "-49788"}, "PickupLocationId": "158", "Result": "0", "TimeStampSinceStationStarted": "1315788.069946", "VacuumAbsolute": "-797", "VacuumRelative": "-797", "ZEndPosition": "12140500", "ZTargetPosition": "12160000"}, "Place": {"ActualPlacePosition": {"Angle": "-89999", "X": "71321", "Y": "137306"}, "AirkissPressure": "55", "BoardPanelId": "2", "HoldingCircuitPressure": "-594", "NominalPlacePosition": {"Angle": "-90000", "X": "71300", "Y": "137280"}, "ReferenceDesignator": "R2508_1206_WID_MET_S", "Result": "0", "TimeStampSinceStationStarted": "1315789.94101", "VacuumAbsolute": "-826", "VacuumRelative": "87", "ZEndPosition": "13720000", "ZTargetPosition": "13722625"}, "ElectricalMeasurement": null, "Dip": null}, {"HeadSegmentId": "459265", "Measures": {"MeasureList": [{"CameraIndividualId": "1030", "MeasurementResult": "0", "PhiDeviation": "-2836631", "TimeStampSinceStationStarted": "1315788.585323", "VisionDumpPath": "C:\\Sirio\\Work\\SvDumpFiles\\PartCameraDumps\\JID_103020690_OID_445290047_SEG_7_BE-Bibliothek.A5E00198243_R1315789544.svdmp", "XDeviation": "-114909", "YDeviation": "-25254"}]}, "Pick": {"ActualPickPosition": {"Angle": "0", "X": "1000", "Y": "-50000"}, "MeasuredComponentHeight": "548883", "NominalPickPosition": {"Angle": "0", "X": "777", "Y": "-49788"}, "PickupLocationId": "158", "Result": "0", "TimeStampSinceStationStarted": "1315788.144235", "VacuumAbsolute": "-800", "VacuumRelative": "-800", "ZEndPosition": "12201000", "ZTargetPosition": "12220500"}, "Place": {"ActualPlacePosition": {"Angle": "-89999", "X": "109801", "Y": "137244"}, "AirkissPressure": "56", "BoardPanelId": "2", "HoldingCircuitPressure": "-473", "NominalPlacePosition": {"Angle": "-90000", "X": "109800", "Y": "137230"}, "ReferenceDesignator": "R2603_1206_WID_MET_S", "Result": "0", "TimeStampSinceStationStarted": "1315790.031795", "VacuumAbsolute": "-862", "VacuumRelative": "107", "ZEndPosition": "13988500", "ZTargetPosition": "13951174"}, "ElectricalMeasurement": null, "Dip": null}, {"HeadSegmentId": "524801", "Measures": {"MeasureList": [{"CameraIndividualId": "1030", "MeasurementResult": "0", "PhiDeviation": "-1701829", "TimeStampSinceStationStarted": "1315789.46216", "VisionDumpPath": "C:\\Sirio\\Work\\SvDumpFiles\\PartCameraDumps\\JID_103020691_OID_445290048_SEG_8_BE-Bibliothek.A5E00198243_R1315789619.svdmp", "XDeviation": "-90453", "YDeviation": "26775"}]}, "Pick": {"ActualPickPosition": {"Angle": "0", "X": "1000", "Y": "-50000"}, "MeasuredComponentHeight": "525447", "NominalPickPosition": {"Angle": "0", "X": "777", "Y": "-49788"}, "PickupLocationId": "158", "Result": "0", "TimeStampSinceStationStarted": "1315788.218965", "VacuumAbsolute": "-808", "VacuumRelative": "-808", "ZEndPosition": "12199500", "ZTargetPosition": "12218000"}, "Place": {"ActualPlacePosition": {"Angle": "-89999", "X": "112650", "Y": "137243"}, "AirkissPressure": "56", "BoardPanelId": "2", "HoldingCircuitPressure": "-621", "NominalPlacePosition": {"Angle": "-90000", "X": "112650", "Y": "137230"}, "ReferenceDesignator": "R2602_1206_WID_MET_S", "Result": "0", "TimeStampSinceStationStarted": "1315790.10165", "VacuumAbsolute": "-835", "VacuumRelative": "91", "ZEndPosition": "14000000", "ZTargetPosition": "13955385"}, "ElectricalMeasurement": null, "Dip": null}, {"HeadSegmentId": "590337", "Measures": {"MeasureList": [{"CameraIndividualId": "1030", "MeasurementResult": "0", "PhiDeviation": "71621", "TimeStampSinceStationStarted": "1315789.578022", "VisionDumpPath": "C:\\Sirio\\Work\\SvDumpFiles\\PartCameraDumps\\JID_103020692_OID_445290049_SEG_9_BE-Bibliothek.A5E00726333_R1315789695.svdmp", "XDeviation": "-314749", "YDeviation": "-131073"}]}, "Pick": {"ActualPickPosition": {"Angle": "0", "X": "1090", "Y": "-50930"}, "MeasuredComponentHeight": "1329373", "NominalPickPosition": {"Angle": "0", "X": "1090", "Y": "-50930"}, "PickupLocationId": "159", "Result": "0", "TimeStampSinceStationStarted": "1315788.294751", "VacuumAbsolute": "-779", "VacuumRelative": "-779", "ZEndPosition": "13600000", "ZTargetPosition": "13604988"}, "Place": {"ActualPlacePosition": {"Angle": "-89999", "X": "76321", "Y": "25869"}, "AirkissPressure": "56", "BoardPanelId": "2", "HoldingCircuitPressure": "-518", "NominalPlacePosition": {"Angle": "-90000", "X": "76300", "Y": "25830"}, "ReferenceDesignator": "C903_0805_KOND_KER_V", "Result": "0", "TimeStampSinceStationStarted": "1315790.273398", "VacuumAbsolute": "-812", "VacuumRelative": "73", "ZEndPosition": "12992500", "ZTargetPosition": "13042856"}, "ElectricalMeasurement": null, "Dip": null}, {"HeadSegmentId": "655873", "Measures": {"MeasureList": [{"CameraIndividualId": "1030", "MeasurementResult": "0", "PhiDeviation": "7361728", "TimeStampSinceStationStarted": "1315789.745851", "VisionDumpPath": "C:\\Sirio\\Work\\SvDumpFiles\\PartCameraDumps\\JID_103020693_OID_445290050_SEG_10_BE-Bibliothek.A5E00091713_R1315789789.svdmp", "XDeviation": "100751", "YDeviation": "-61344"}]}, "Pick": {"ActualPickPosition": {"Angle": "0", "X": "916", "Y": "-50967"}, "MeasuredComponentHeight": "309103", "NominalPickPosition": {"Angle": "0", "X": "931", "Y": "-50948"}, "PickupLocationId": "161", "Result": "0", "TimeStampSinceStationStarted": "1315788.389481", "VacuumAbsolute": "-795", "VacuumRelative": "-795", "ZEndPosition": "11857000", "ZTargetPosition": "11876000"}, "Place": {"ActualPlacePosition": {"Angle": "179983", "X": "40489", "Y": "53276"}, "AirkissPressure": "52", "BoardPanelId": "2", "HoldingCircuitPressure": "-655", "NominalPlacePosition": {"Angle": "180000", "X": "40450", "Y": "53230"}, "ReferenceDesignator": "R615_0402_WID_MET_SH", "Result": "0", "TimeStampSinceStationStarted": "1315790.381256", "VacuumAbsolute": "-857", "VacuumRelative": "165", "ZEndPosition": "12911500", "ZTargetPosition": "12990815"}, "ElectricalMeasurement": null, "Dip": null}, {"HeadSegmentId": "721409", "Measures": {"MeasureList": [{"CameraIndividualId": "1030", "MeasurementResult": "0", "PhiDeviation": "4343468", "TimeStampSinceStationStarted": "1315789.878177", "VisionDumpPath": "C:\\Sirio\\Work\\SvDumpFiles\\PartCameraDumps\\JID_103020694_OID_445290051_SEG_11_BE-Bibliothek.A5E00091713_R1315789851.svdmp", "XDeviation": "-21332", "YDeviation": "-24157"}]}, "Pick": {"ActualPickPosition": {"Angle": "0", "X": "916", "Y": "-50967"}, "MeasuredComponentHeight": "307115", "NominalPickPosition": {"Angle": "0", "X": "931", "Y": "-50948"}, "PickupLocationId": "161", "Result": "0", "TimeStampSinceStationStarted": "1315788.45175", "VacuumAbsolute": "-765", "VacuumRelative": "-765", "ZEndPosition": "11863500", "ZTargetPosition": "11883500"}, "Place": {"ActualPlacePosition": {"Angle": "179983", "X": "40489", "Y": "54276"}, "AirkissPressure": "53", "BoardPanelId": "2", "HoldingCircuitPressure": "-699", "NominalPlacePosition": {"Angle": "180000", "X": "40450", "Y": "54230"}, "ReferenceDesignator": "R616_0402_WID_MET_SH", "Result": "0", "TimeStampSinceStationStarted": "1315790.449269", "VacuumAbsolute": "-849", "VacuumRelative": "125", "ZEndPosition": "12924000", "ZTargetPosition": "12999734"}, "ElectricalMeasurement": null, "Dip": null}, {"HeadSegmentId": "786945", "Measures": {"MeasureList": [{"CameraIndividualId": "1030", "MeasurementResult": "0", "PhiDeviation": "-711224", "TimeStampSinceStationStarted": "1315789.949655", "VisionDumpPath": "C:\\Sirio\\Work\\SvDumpFiles\\PartCameraDumps\\JID_103020695_OID_445290052_SEG_12_BE-Bibliothek.A5E00091702_R1315789914.svdmp", "XDeviation": "45429", "YDeviation": "14983"}]}, "Pick": {"ActualPickPosition": {"Angle": "0", "X": "988", "Y": "-50853"}, "MeasuredComponentHeight": "308562", "NominalPickPosition": {"Angle": "0", "X": "968", "Y": "-50867"}, "PickupLocationId": "162", "Result": "0", "TimeStampSinceStationStarted": "1315788.514004", "VacuumAbsolute": "-811", "VacuumRelative": "-811", "ZEndPosition": "11753000", "ZTargetPosition": "11773000"}, "Place": {"ActualPlacePosition": {"Angle": "-17", "X": "36291", "Y": "60326"}, "AirkissPressure": "51", "BoardPanelId": "2", "HoldingCircuitPressure": "-765", "NominalPlacePosition": {"Angle": "0", "X": "36250", "Y": "60280"}, "ReferenceDesignator": "R707_0402_WID_MET_SH", "Result": "0", "TimeStampSinceStationStarted": "1315790.528859", "VacuumAbsolute": "-865", "VacuumRelative": "111", "ZEndPosition": "12864500", "ZTargetPosition": "12948823"}, "ElectricalMeasurement": null, "Dip": null}, {"HeadSegmentId": "68356", "Measures": {"MeasureList": [{"CameraIndividualId": "4030", "MeasurementResult": "0", "PhiDeviation": "-3196976", "TimeStampSinceStationStarted": "1315790.134355", "VisionDumpPath": "C:\\Sirio\\Work\\SvDumpFiles\\PartCameraDumps\\JID_403052981_OID_445290053_SEG_1_BE-Bibliothek.A5E00150936_R1315790994.svdmp", "XDeviation": "19889", "YDeviation": "-10994"}]}, "Pick": {"ActualPickPosition": {"Angle": "0", "X": "1000", "Y": "-51000"}, "MeasuredComponentHeight": "897749", "NominalPickPosition": {"Angle": "0", "X": "865", "Y": "-51002"}, "PickupLocationId": "215", "Result": "0", "TimeStampSinceStationStarted": "1315789.594199", "VacuumAbsolute": "-815", "VacuumRelative": "-815", "ZEndPosition": "12520000", "ZTargetPosition": "12538500"}, "Place": {"ActualPlacePosition": {"Angle": "0", "X": "119467", "Y": "68654"}, "AirkissPressure": "57", "BoardPanelId": "2", "HoldingCircuitPressure": "-608", "NominalPlacePosition": {"Angle": "0", "X": "119470", "Y": "68650"}, "ReferenceDesignator": "H1119_0603_2_DIO_LED", "Result": "0", "TimeStampSinceStationStarted": "1315791.199256", "VacuumAbsolute": "-838", "VacuumRelative": "64", "ZEndPosition": "12366500", "ZTargetPosition": "12449952"}, "ElectricalMeasurement": null, "Dip": null}, {"HeadSegmentId": "133892", "Measures": {"MeasureList": [{"CameraIndividualId": "4030", "MeasurementResult": "0", "PhiDeviation": "-4627457", "TimeStampSinceStationStarted": "1315790.296159", "VisionDumpPath": "C:\\Sirio\\Work\\SvDumpFiles\\PartCameraDumps\\JID_403052982_OID_445290054_SEG_2_BE-Bibliothek.A5E00150936_R1315791087.svdmp", "XDeviation": "14559", "YDeviation": "-47978"}]}, "Pick": {"ActualPickPosition": {"Angle": "0", "X": "1000", "Y": "-51000"}, "MeasuredComponentHeight": "889056", "NominalPickPosition": {"Angle": "0", "X": "865", "Y": "-51002"}, "PickupLocationId": "215", "Result": "0", "TimeStampSinceStationStarted": "1315789.687345", "VacuumAbsolute": "-820", "VacuumRelative": "-820", "ZEndPosition": "12513500", "ZTargetPosition": "12533500"}, "Place": {"ActualPlacePosition": {"Angle": "0", "X": "129466", "Y": "68654"}, "AirkissPressure": "54", "BoardPanelId": "2", "HoldingCircuitPressure": "-841", "NominalPlacePosition": {"Angle": "0", "X": "129470", "Y": "68650"}, "ReferenceDesignator": "H1212_0603_2_DIO_LED", "Result": "0", "TimeStampSinceStationStarted": "1315791.266626", "VacuumAbsolute": "-847", "VacuumRelative": "54", "ZEndPosition": "12410000", "ZTargetPosition": "12479706"}, "ElectricalMeasurement": null, "Dip": null}, {"HeadSegmentId": "199428", "Measures": {"MeasureList": [{"CameraIndividualId": "4030", "MeasurementResult": "0", "PhiDeviation": "-1934937", "TimeStampSinceStationStarted": "1315790.368699", "VisionDumpPath": "C:\\Sirio\\Work\\SvDumpFiles\\PartCameraDumps\\JID_403052983_OID_445290055_SEG_3_BE-Bibliothek.A5E00150936_R1315791176.svdmp", "XDeviation": "-11624", "YDeviation": "-8418"}]}, "Pick": {"ActualPickPosition": {"Angle": "0", "X": "1000", "Y": "-51000"}, "MeasuredComponentHeight": "888147", "NominalPickPosition": {"Angle": "0", "X": "865", "Y": "-51002"}, "PickupLocationId": "215", "Result": "0", "TimeStampSinceStationStarted": "1315789.775848", "VacuumAbsolute": "-822", "VacuumRelative": "-822", "ZEndPosition": "12430000", "ZTargetPosition": "12448500"}, "Place": {"ActualPlacePosition": {"Angle": "0", "X": "131965", "Y": "68654"}, "AirkissPressure": "51", "BoardPanelId": "2", "HoldingCircuitPressure": "-817", "NominalPlacePosition": {"Angle": "0", "X": "131970", "Y": "68650"}, "ReferenceDesignator": "H1213_0603_2_DIO_LED", "Result": "0", "TimeStampSinceStationStarted": "1315791.334729", "VacuumAbsolute": "-842", "VacuumRelative": "95", "ZEndPosition": "12405500", "ZTargetPosition": "12481123"}, "ElectricalMeasurement": null, "Dip": null}, {"HeadSegmentId": "264964", "Measures": {"MeasureList": [{"CameraIndividualId": "4030", "MeasurementResult": "0", "PhiDeviation": "-2128646", "TimeStampSinceStationStarted": "1315790.462361", "VisionDumpPath": "C:\\Sirio\\Work\\SvDumpFiles\\PartCameraDumps\\JID_403052984_OID_445290056_SEG_4_BE-Bibliothek.A5E00150936_R1315791264.svdmp", "XDeviation": "19285", "YDeviation": "-17443"}]}, "Pick": {"ActualPickPosition": {"Angle": "0", "X": "1000", "Y": "-51000"}, "MeasuredComponentHeight": "865612", "NominalPickPosition": {"Angle": "0", "X": "865", "Y": "-51002"}, "PickupLocationId": "215", "Result": "0", "TimeStampSinceStationStarted": "1315789.864174", "VacuumAbsolute": "-828", "VacuumRelative": "-828", "ZEndPosition": "12610500", "ZTargetPosition": "12630000"}, "Place": {"ActualPlacePosition": {"Angle": "0", "X": "136964", "Y": "68654"}, "AirkissPressure": "51", "BoardPanelId": "2", "HoldingCircuitPressure": "-843", "NominalPlacePosition": {"Angle": "0", "X": "136970", "Y": "68650"}, "ReferenceDesignator": "H1215_0603_2_DIO_LED", "Result": "0", "TimeStampSinceStationStarted": "1315791.402753", "VacuumAbsolute": "-848", "VacuumRelative": "-75", "ZEndPosition": "12570500", "ZTargetPosition": "12610756"}, "ElectricalMeasurement": null, "Dip": null}, {"HeadSegmentId": "330500", "Measures": {"MeasureList": [{"CameraIndividualId": "4030", "MeasurementResult": "0", "PhiDeviation": "-1638046", "TimeStampSinceStationStarted": "1315790.557604", "VisionDumpPath": "C:\\Sirio\\Work\\SvDumpFiles\\PartCameraDumps\\JID_403052985_OID_445290057_SEG_5_BE-Bibliothek.A5E00150936_R1315791352.svdmp", "XDeviation": "-59879", "YDeviation": "-18700"}]}, "Pick": {"ActualPickPosition": {"Angle": "0", "X": "1000", "Y": "-51000"}, "MeasuredComponentHeight": "888117", "NominalPickPosition": {"Angle": "0", "X": "865", "Y": "-51002"}, "PickupLocationId": "215", "Result": "0", "TimeStampSinceStationStarted": "1315789.952622", "VacuumAbsolute": "-817", "VacuumRelative": "-817", "ZEndPosition": "12519500", "ZTargetPosition": "12538500"}, "Place": {"ActualPlacePosition": {"Angle": "0", "X": "141964", "Y": "68654"}, "AirkissPressure": "56", "BoardPanelId": "2", "HoldingCircuitPressure": "-831", "NominalPlacePosition": {"Angle": "0", "X": "141970", "Y": "68650"}, "ReferenceDesignator": "H1217_0603_2_DIO_LED", "Result": "0", "TimeStampSinceStationStarted": "1315791.470742", "VacuumAbsolute": "-846", "VacuumRelative": "82", "ZEndPosition": "12503500", "ZTargetPosition": "12572304"}, "ElectricalMeasurement": null, "Dip": null}, {"HeadSegmentId": "396036", "Measures": {"MeasureList": [{"CameraIndividualId": "4030", "MeasurementResult": "0", "PhiDeviation": "-1207119", "TimeStampSinceStationStarted": "1315790.684806", "VisionDumpPath": "C:\\Sirio\\Work\\SvDumpFiles\\PartCameraDumps\\JID_403052986_OID_445290058_SEG_6_BE-Bibliothek.A5E00907098_R1315791453.svdmp", "XDeviation": "148173", "YDeviation": "6297"}]}, "Pick": {"ActualPickPosition": {"Angle": "0", "X": "1000", "Y": "-50000"}, "MeasuredComponentHeight": "1682192", "NominalPickPosition": {"Angle": "0", "X": "1067", "Y": "-50085"}, "PickupLocationId": "220", "Result": "0", "TimeStampSinceStationStarted": "1315790.052939", "VacuumAbsolute": "-779", "VacuumRelative": "-779", "ZEndPosition": "14783000", "ZTargetPosition": "14863246"}, "Place": {"ActualPlacePosition": {"Angle": "-90000", "X": "157141", "Y": "169905"}, "AirkissPressure": "56", "BoardPanelId": "2", "HoldingCircuitPressure": "-675", "NominalPlacePosition": {"Angle": "-90000", "X": "157150", "Y": "169915"}, "ReferenceDesignator": "C2801_1206_KOND_KER_", "Result": "0", "TimeStampSinceStationStarted": "1315791.63816", "VacuumAbsolute": "-833", "VacuumRelative": "85", "ZEndPosition": "14115000", "ZTargetPosition": "14196073"}, "ElectricalMeasurement": null, "Dip": null}, {"HeadSegmentId": "527108", "Measures": {"MeasureList": [{"CameraIndividualId": "4030", "MeasurementResult": "0", "PhiDeviation": "-1097843", "TimeStampSinceStationStarted": "1315791.275455", "VisionDumpPath": "C:\\Sirio\\Work\\SvDumpFiles\\PartCameraDumps\\JID_403052987_OID_445290059_SEG_8_BE-Bibliothek.A5E00081516_R1315791688.svdmp", "XDeviation": "229561", "YDeviation": "34445"}]}, "Pick": {"ActualPickPosition": {"Angle": "0", "X": "6000", "Y": "-49500"}, "MeasuredComponentHeight": "1001598", "NominalPickPosition": {"Angle": "0", "X": "6144", "Y": "-49640"}, "PickupLocationId": "230", "Result": "0", "TimeStampSinceStationStarted": "1315790.288129", "VacuumAbsolute": "-786", "VacuumRelative": "-786", "ZEndPosition": "14529000", "ZTargetPosition": "14521873"}, "Place": {"ActualPlacePosition": {"Angle": "90000", "X": "61905", "Y": "148206"}, "AirkissPressure": "53", "BoardPanelId": "2", "HoldingCircuitPressure": "-829", "NominalPlacePosition": {"Angle": "90000", "X": "61900", "Y": "148213"}, "ReferenceDesignator": "U2203_TSSOP_14_IC_KO", "Result": "0", "TimeStampSinceStationStarted": "1315791.768571", "VacuumAbsolute": "-868", "VacuumRelative": "100", "ZEndPosition": "14312000", "ZTargetPosition": "14315393"}, "ElectricalMeasurement": null, "Dip": null}, {"HeadSegmentId": "592644", "Measures": {"MeasureList": [{"CameraIndividualId": "4030", "MeasurementResult": "0", "PhiDeviation": "-1097720", "TimeStampSinceStationStarted": "1315791.343584", "VisionDumpPath": "C:\\Sirio\\Work\\SvDumpFiles\\PartCameraDumps\\JID_403052988_OID_445290060_SEG_9_BE-Bibliothek.A5E00081516_R1315791782.svdmp", "XDeviation": "7968", "YDeviation": "2080"}]}, "Pick": {"ActualPickPosition": {"Angle": "0", "X": "6000", "Y": "-49500"}, "MeasuredComponentHeight": "989430", "NominalPickPosition": {"Angle": "0", "X": "6144", "Y": "-49640"}, "PickupLocationId": "230", "Result": "0", "TimeStampSinceStationStarted": "1315790.381809", "VacuumAbsolute": "-751", "VacuumRelative": "-751", "ZEndPosition": "14481000", "ZTargetPosition": "14491655"}, "Place": {"ActualPlacePosition": {"Angle": "90000", "X": "53157", "Y": "148206"}, "AirkissPressure": "51", "BoardPanelId": "2", "HoldingCircuitPressure": "-624", "NominalPlacePosition": {"Angle": "90000", "X": "53150", "Y": "148213"}, "ReferenceDesignator": "U2201_TSSOP_14_IC_KO", "Result": "0", "TimeStampSinceStationStarted": "1315791.883177", "VacuumAbsolute": "-794", "VacuumRelative": "90", "ZEndPosition": "14246500", "ZTargetPosition": "14209468"}, "ElectricalMeasurement": null, "Dip": null}, {"HeadSegmentId": "658180", "Measures": {"MeasureList": [{"CameraIndividualId": "4030", "MeasurementResult": "0", "PhiDeviation": "-1162169", "TimeStampSinceStationStarted": "1315791.411484", "VisionDumpPath": "C:\\Sirio\\Work\\SvDumpFiles\\PartCameraDumps\\JID_403052989_OID_445290061_SEG_10_BE-Bibliothek.A5E00081516_R1315791876.svdmp", "XDeviation": "94415", "YDeviation": "-9641"}]}, "Pick": {"ActualPickPosition": {"Angle": "0", "X": "6000", "Y": "-49500"}, "MeasuredComponentHeight": "1003269", "NominalPickPosition": {"Angle": "0", "X": "6144", "Y": "-49640"}, "PickupLocationId": "230", "Result": "0", "TimeStampSinceStationStarted": "1315790.475755", "VacuumAbsolute": "-782", "VacuumRelative": "-782", "ZEndPosition": "14555000", "ZTargetPosition": "14521491"}, "Place": {"ActualPlacePosition": {"Angle": "90000", "X": "44408", "Y": "148206"}, "AirkissPressure": "51", "BoardPanelId": "2", "HoldingCircuitPressure": "-773", "NominalPlacePosition": {"Angle": "90000", "X": "44400", "Y": "148213"}, "ReferenceDesignator": "U2103_TSSOP_14_IC_KO", "Result": "0", "TimeStampSinceStationStarted": "1315792.00256", "VacuumAbsolute": "-829", "VacuumRelative": "87", "ZEndPosition": "14286000", "ZTargetPosition": "14276148"}, "ElectricalMeasurement": null, "Dip": null}, {"HeadSegmentId": "723716", "Measures": {"MeasureList": [{"CameraIndividualId": "4030", "MeasurementResult": "0", "PhiDeviation": "-622284", "TimeStampSinceStationStarted": "1315791.479924", "VisionDumpPath": "C:\\Sirio\\Work\\SvDumpFiles\\PartCameraDumps\\JID_403052990_OID_445290062_SEG_11_BE-Bibliothek.A5E00081516_R1315791971.svdmp", "XDeviation": "-171096", "YDeviation": "25134"}]}, "Pick": {"ActualPickPosition": {"Angle": "0", "X": "6000", "Y": "-49500"}, "MeasuredComponentHeight": "999672", "NominalPickPosition": {"Angle": "0", "X": "6144", "Y": "-49640"}, "PickupLocationId": "230", "Result": "0", "TimeStampSinceStationStarted": "1315790.570749", "VacuumAbsolute": "-780", "VacuumRelative": "-780", "ZEndPosition": "14558000", "ZTargetPosition": "14560868"}, "Place": {"ActualPlacePosition": {"Angle": "90000", "X": "35659", "Y": "148206"}, "AirkissPressure": "55", "BoardPanelId": "2", "HoldingCircuitPressure": "-786", "NominalPlacePosition": {"Angle": "90000", "X": "35650", "Y": "148213"}, "ReferenceDesignator": "U2101_TSSOP_14_IC_KO", "Result": "0", "TimeStampSinceStationStarted": "1315792.118242", "VacuumAbsolute": "-832", "VacuumRelative": "104", "ZEndPosition": "14262500", "ZTargetPosition": "14265148"}, "ElectricalMeasurement": null, "Dip": null}, {"HeadSegmentId": "789252", "Measures": {"MeasureList": [{"CameraIndividualId": "4030", "MeasurementResult": "0", "PhiDeviation": "-21219", "TimeStampSinceStationStarted": "1315791.644142", "VisionDumpPath": "C:\\Sirio\\Work\\SvDumpFiles\\PartCameraDumps\\JID_403052991_OID_445290063_SEG_12_BE-Bibliothek.A5E00186101_R1315792074.svdmp", "XDeviation": "81799", "YDeviation": "159"}]}, "Pick": {"ActualPickPosition": {"Angle": "0", "X": "6000", "Y": "-49500"}, "MeasuredComponentHeight": "3144460", "NominalPickPosition": {"Angle": "0", "X": "6146", "Y": "-49500"}, "PickupLocationId": "232", "Result": "0", "TimeStampSinceStationStarted": "1315790.674012", "VacuumAbsolute": "-769", "VacuumRelative": "-769", "ZEndPosition": "17449500", "ZTargetPosition": "17460556"}, "Place": {"ActualPlacePosition": {"Angle": "0", "X": "31210", "Y": "27191"}, "AirkissPressure": "49", "BoardPanelId": "2", "HoldingCircuitPressure": "-728", "NominalPlacePosition": {"Angle": "0", "X": "31200", "Y": "27180"}, "ReferenceDesignator": "U501_SOP_8/SOIC_8_OP", "Result": "0", "TimeStampSinceStationStarted": "1315792.341617", "VacuumAbsolute": "-843", "VacuumRelative": "99", "ZEndPosition": "15159500", "ZTargetPosition": "15244367"}, "ElectricalMeasurement": null, "Dip": null}, {"HeadSegmentId": "197121", "Measures": {"MeasureList": [{"CameraIndividualId": "1030", "MeasurementResult": "0", "PhiDeviation": "-46581", "TimeStampSinceStationStarted": "1315791.406898", "VisionDumpPath": "C:\\Sirio\\Work\\SvDumpFiles\\PartCameraDumps\\JID_103020696_OID_445290064_SEG_3_BE-Bibliothek.A5E00207035_R1315792314.svdmp", "XDeviation": "-126425", "YDeviation": "53417"}]}, "Pick": {"ActualPickPosition": {"Angle": "0", "X": "1000", "Y": "-50000"}, "MeasuredComponentHeight": "524578", "NominalPickPosition": {"Angle": "0", "X": "915", "Y": "-49799"}, "PickupLocationId": "156", "Result": "0", "TimeStampSinceStationStarted": "1315790.913965", "VacuumAbsolute": "-747", "VacuumRelative": "-747", "ZEndPosition": "13756500", "ZTargetPosition": "13788947"}, "Place": {"ActualPlacePosition": {"Angle": "179983", "X": "133641", "Y": "55897"}, "AirkissPressure": "54", "BoardPanelId": "2", "HoldingCircuitPressure": "-607", "NominalPlacePosition": {"Angle": "180000", "X": "133650", "Y": "55880"}, "ReferenceDesignator": "R1205_1206_8_WID_NET", "Result": "0", "TimeStampSinceStationStarted": "1315792.778222", "VacuumAbsolute": "-812", "VacuumRelative": "85", "ZEndPosition": "14552000", "ZTargetPosition": "14585098"}, "ElectricalMeasurement": null, "Dip": null}, {"HeadSegmentId": "262657", "Measures": {"MeasureList": [{"CameraIndividualId": "1030", "MeasurementResult": "0", "PhiDeviation": "-58711", "TimeStampSinceStationStarted": "1315791.511719", "VisionDumpPath": "C:\\Sirio\\Work\\SvDumpFiles\\PartCameraDumps\\JID_103020697_OID_445290065_SEG_4_BE-Bibliothek.A5E00207035_R1315792388.svdmp", "XDeviation": "-29860", "YDeviation": "48359"}]}, "Pick": {"ActualPickPosition": {"Angle": "0", "X": "1000", "Y": "-50000"}, "MeasuredComponentHeight": "511102", "NominalPickPosition": {"Angle": "0", "X": "915", "Y": "-49799"}, "PickupLocationId": "156", "Result": "0", "TimeStampSinceStationStarted": "1315790.987845", "VacuumAbsolute": "-728", "VacuumRelative": "-728", "ZEndPosition": "13816500", "ZTargetPosition": "13841835"}, "Place": {"ActualPlacePosition": {"Angle": "179983", "X": "138189", "Y": "55896"}, "AirkissPressure": "56", "BoardPanelId": "2", "HoldingCircuitPressure": "-514", "NominalPlacePosition": {"Angle": "180000", "X": "138200", "Y": "55880"}, "ReferenceDesignator": "R1204_1206_8_WID_NET", "Result": "0", "TimeStampSinceStationStarted": "1315792.84748", "VacuumAbsolute": "-767", "VacuumRelative": "78", "ZEndPosition": "14678500", "ZTargetPosition": "14721656"}, "ElectricalMeasurement": null, "Dip": null}, {"HeadSegmentId": "328193", "Measures": {"MeasureList": [{"CameraIndividualId": "1030", "MeasurementResult": "0", "PhiDeviation": "-796549", "TimeStampSinceStationStarted": "1315791.575225", "VisionDumpPath": "C:\\Sirio\\Work\\SvDumpFiles\\PartCameraDumps\\JID_103020698_OID_445290066_SEG_5_BE-Bibliothek.A5E00726333_R1315792485.svdmp", "XDeviation": "-292843", "YDeviation": "-88739"}]}, "Pick": {"ActualPickPosition": {"Angle": "0", "X": "1090", "Y": "-50930"}, "MeasuredComponentHeight": "1341782", "NominalPickPosition": {"Angle": "0", "X": "1090", "Y": "-50930"}, "PickupLocationId": "159", "Result": "0", "TimeStampSinceStationStarted": "1315791.085141", "VacuumAbsolute": "-790", "VacuumRelative": "-790", "ZEndPosition": "13584500", "ZTargetPosition": "13585241"}, "Place": {"ActualPlacePosition": {"Angle": "179983", "X": "46137", "Y": "24578"}, "AirkissPressure": "51", "BoardPanelId": "2", "HoldingCircuitPressure": "-645", "NominalPlacePosition": {"Angle": "180000", "X": "46100", "Y": "24530"}, "ReferenceDesignator": "C947_0805_KOND_KER_V", "Result": "0", "TimeStampSinceStationStarted": "1315792.974538", "VacuumAbsolute": "-809", "VacuumRelative": "82", "ZEndPosition": "13040500", "ZTargetPosition": "13108420"}, "ElectricalMeasurement": null, "Dip": null}, {"HeadSegmentId": "393729", "Measures": {"MeasureList": [{"CameraIndividualId": "1030", "MeasurementResult": "0", "PhiDeviation": "-544597", "TimeStampSinceStationStarted": "1315791.622721", "VisionDumpPath": "C:\\Sirio\\Work\\SvDumpFiles\\PartCameraDumps\\JID_103020699_OID_445290067_SEG_6_BE-Bibliothek.A5E00726333_R1315792562.svdmp", "XDeviation": "-262081", "YDeviation": "-78024"}]}, "Pick": {"ActualPickPosition": {"Angle": "0", "X": "1090", "Y": "-50930"}, "MeasuredComponentHeight": "1315557", "NominalPickPosition": {"Angle": "0", "X": "1090", "Y": "-50930"}, "PickupLocationId": "159", "Result": "0", "TimeStampSinceStationStarted": "1315791.162174", "VacuumAbsolute": "-801", "VacuumRelative": "-801", "ZEndPosition": "13587000", "ZTargetPosition": "13611556"}, "Place": {"ActualPlacePosition": {"Angle": "90001", "X": "41689", "Y": "25979"}, "AirkissPressure": "55", "BoardPanelId": "2", "HoldingCircuitPressure": "-594", "NominalPlacePosition": {"Angle": "90000", "X": "41650", "Y": "25930"}, "ReferenceDesignator": "C511_0805_KOND_KER_V", "Result": "0", "TimeStampSinceStationStarted": "1315793.042188", "VacuumAbsolute": "-808", "VacuumRelative": "77", "ZEndPosition": "13041000", "ZTargetPosition": "13116641"}, "ElectricalMeasurement": null, "Dip": null}, {"HeadSegmentId": "459265", "Measures": {"MeasureList": [{"CameraIndividualId": "1030", "MeasurementResult": "0", "PhiDeviation": "100599", "TimeStampSinceStationStarted": "1315791.670487", "VisionDumpPath": "C:\\Sirio\\Work\\SvDumpFiles\\PartCameraDumps\\JID_103020700_OID_445290068_SEG_7_BE-Bibliothek.A5E00726333_R1315792639.svdmp", "XDeviation": "-161047", "YDeviation": "-109328"}]}, "Pick": {"ActualPickPosition": {"Angle": "0", "X": "1090", "Y": "-50930"}, "MeasuredComponentHeight": "1333288", "NominalPickPosition": {"Angle": "0", "X": "1090", "Y": "-50930"}, "PickupLocationId": "159", "Result": "0", "TimeStampSinceStationStarted": "1315791.239488", "VacuumAbsolute": "-801", "VacuumRelative": "-801", "ZEndPosition": "13666000", "ZTargetPosition": "13631917"}, "Place": {"ActualPlacePosition": {"Angle": "179983", "X": "36942", "Y": "21581"}, "AirkissPressure": "54", "BoardPanelId": "2", "HoldingCircuitPressure": "-473", "NominalPlacePosition": {"Angle": "180000", "X": "36900", "Y": "21530"}, "ReferenceDesignator": "C1615_0805_KOND_KER_", "Result": "0", "TimeStampSinceStationStarted": "1315793.114432", "VacuumAbsolute": "-818", "VacuumRelative": "79", "ZEndPosition": "13138500", "ZTargetPosition": "13202755"}, "ElectricalMeasurement": null, "Dip": null}, {"HeadSegmentId": "524801", "Measures": {"MeasureList": [{"CameraIndividualId": "1030", "MeasurementResult": "0", "PhiDeviation": "858886", "TimeStampSinceStationStarted": "1315791.717962", "VisionDumpPath": "C:\\Sirio\\Work\\SvDumpFiles\\PartCameraDumps\\JID_103020701_OID_445290069_SEG_8_BE-Bibliothek.A5E00726333_R1315792718.svdmp", "XDeviation": "-54150", "YDeviation": "-109473"}]}, "Pick": {"ActualPickPosition": {"Angle": "0", "X": "1090", "Y": "-50930"}, "MeasuredComponentHeight": "1336835", "NominalPickPosition": {"Angle": "0", "X": "1090", "Y": "-50930"}, "PickupLocationId": "159", "Result": "0", "TimeStampSinceStationStarted": "1315791.317945", "VacuumAbsolute": "-797", "VacuumRelative": "-797", "ZEndPosition": "13672500", "ZTargetPosition": "13655937"}, "Place": {"ActualPlacePosition": {"Angle": "179983", "X": "36942", "Y": "19532"}, "AirkissPressure": "53", "BoardPanelId": "2", "HoldingCircuitPressure": "-621", "NominalPlacePosition": {"Angle": "180000", "X": "36900", "Y": "19480"}, "ReferenceDesignator": "C1614_0805_KOND_KER_", "Result": "0", "TimeStampSinceStationStarted": "1315793.182435", "VacuumAbsolute": "-804", "VacuumRelative": "72", "ZEndPosition": "13154500", "ZTargetPosition": "13216242"}, "ElectricalMeasurement": null, "Dip": null}, {"HeadSegmentId": "590337", "Measures": {"MeasureList": [{"CameraIndividualId": "1030", "MeasurementResult": "0", "PhiDeviation": "154666", "TimeStampSinceStationStarted": "1315792.786164", "VisionDumpPath": "C:\\Sirio\\Work\\SvDumpFiles\\PartCameraDumps\\JID_103020702_OID_445290070_SEG_9_BE-Bibliothek.A5E00726333_R1315792798.svdmp", "XDeviation": "-281087", "YDeviation": "-82638"}]}, "Pick": {"ActualPickPosition": {"Angle": "0", "X": "1090", "Y": "-50930"}, "MeasuredComponentHeight": "1341655", "NominalPickPosition": {"Angle": "0", "X": "1090", "Y": "-50930"}, "PickupLocationId": "159", "Result": "0", "TimeStampSinceStationStarted": "1315791.398147", "VacuumAbsolute": "-787", "VacuumRelative": "-787", "ZEndPosition": "13613000", "ZTargetPosition": "13610078"}, "Place": {"ActualPlacePosition": {"Angle": "179983", "X": "36942", "Y": "17482"}, "AirkissPressure": "53", "BoardPanelId": "2", "HoldingCircuitPressure": "-550", "NominalPlacePosition": {"Angle": "180000", "X": "36900", "Y": "17430"}, "ReferenceDesignator": "C1600_0805_KOND_KER_", "Result": "0", "TimeStampSinceStationStarted": "1315793.250477", "VacuumAbsolute": "-796", "VacuumRelative": "65", "ZEndPosition": "13086500", "ZTargetPosition": "13159730"}, "ElectricalMeasurement": null, "Dip": null}, {"HeadSegmentId": "655873", "Measures": {"MeasureList": [{"CameraIndividualId": "1030", "MeasurementResult": "0", "PhiDeviation": "5224869", "TimeStampSinceStationStarted": "1315792.85626", "VisionDumpPath": "C:\\Sirio\\Work\\SvDumpFiles\\PartCameraDumps\\JID_103020703_OID_445290071_SEG_10_BE-Bibliothek.A5E00091702_R1315792904.svdmp", "XDeviation": "114729", "YDeviation": "26827"}]}, "Pick": {"ActualPickPosition": {"Angle": "0", "X": "988", "Y": "-50853"}, "MeasuredComponentHeight": "326077", "NominalPickPosition": {"Angle": "0", "X": "970", "Y": "-50866"}, "PickupLocationId": "162", "Result": "0", "TimeStampSinceStationStarted": "1315791.504316", "VacuumAbsolute": "-800", "VacuumRelative": "-800", "ZEndPosition": "11775000", "ZTargetPosition": "11795500"}, "Place": {"ActualPlacePosition": {"Angle": "-17", "X": "36291", "Y": "61326"}, "AirkissPressure": "54", "BoardPanelId": "2", "HoldingCircuitPressure": "-684", "NominalPlacePosition": {"Angle": "0", "X": "36250", "Y": "61280"}, "ReferenceDesignator": "R705_0402_WID_MET_SH", "Result": "0", "TimeStampSinceStationStarted": "1315793.373916", "VacuumAbsolute": "-872", "VacuumRelative": "212", "ZEndPosition": "12886000", "ZTargetPosition": "12965691"}, "ElectricalMeasurement": null, "Dip": null}]}, "HeadContext": {"HeadSegments": {"HeadSegment": [{"GantryId": "1", "Head": "1", "HeadName": "CPP 12 2xxx", "Id": "66049", "NozzleTypeId": "2037", "SegmentNumber": "1"}, {"GantryId": "4", "Head": "1", "HeadName": "CPP 12 2xxx", "Id": "68356", "NozzleTypeId": "2003", "SegmentNumber": "1"}, {"GantryId": "1", "Head": "1", "HeadName": "CPP 12 2xxx", "Id": "131585", "NozzleTypeId": "2037", "SegmentNumber": "2"}, {"GantryId": "4", "Head": "1", "HeadName": "CPP 12 2xxx", "Id": "133892", "NozzleTypeId": "2003", "SegmentNumber": "2"}, {"GantryId": "1", "Head": "1", "HeadName": "CPP 12 2xxx", "Id": "197121", "NozzleTypeId": "2035", "SegmentNumber": "3"}, {"GantryId": "4", "Head": "1", "HeadName": "CPP 12 2xxx", "Id": "199428", "NozzleTypeId": "2003", "SegmentNumber": "3"}, {"GantryId": "1", "Head": "1", "HeadName": "CPP 12 2xxx", "Id": "262657", "NozzleTypeId": "2035", "SegmentNumber": "4"}, {"GantryId": "4", "Head": "1", "HeadName": "CPP 12 2xxx", "Id": "264964", "NozzleTypeId": "2003", "SegmentNumber": "4"}, {"GantryId": "1", "Head": "1", "HeadName": "CPP 12 2xxx", "Id": "328193", "NozzleTypeId": "2004", "SegmentNumber": "5"}, {"GantryId": "4", "Head": "1", "HeadName": "CPP 12 2xxx", "Id": "330500", "NozzleTypeId": "2003", "SegmentNumber": "5"}, {"GantryId": "1", "Head": "1", "HeadName": "CPP 12 2xxx", "Id": "393729", "NozzleTypeId": "2004", "SegmentNumber": "6"}, {"GantryId": "4", "Head": "1", "HeadName": "CPP 12 2xxx", "Id": "396036", "NozzleTypeId": "2033", "SegmentNumber": "6"}, {"GantryId": "1", "Head": "1", "HeadName": "CPP 12 2xxx", "Id": "459265", "NozzleTypeId": "2004", "SegmentNumber": "7"}, {"GantryId": "4", "Head": "1", "HeadName": "CPP 12 2xxx", "Id": "461572", "NozzleTypeId": "2004", "SegmentNumber": "7"}, {"GantryId": "1", "Head": "1", "HeadName": "CPP 12 2xxx", "Id": "524801", "NozzleTypeId": "2004", "SegmentNumber": "8"}, {"GantryId": "4", "Head": "1", "HeadName": "CPP 12 2xxx", "Id": "527108", "NozzleTypeId": "2035", "SegmentNumber": "8"}, {"GantryId": "1", "Head": "1", "HeadName": "CPP 12 2xxx", "Id": "590337", "NozzleTypeId": "2004", "SegmentNumber": "9"}, {"GantryId": "4", "Head": "1", "HeadName": "CPP 12 2xxx", "Id": "592644", "NozzleTypeId": "2035", "SegmentNumber": "9"}, {"GantryId": "1", "Head": "1", "HeadName": "CPP 12 2xxx", "Id": "655873", "NozzleTypeId": "2003", "SegmentNumber": "10"}, {"GantryId": "4", "Head": "1", "HeadName": "CPP 12 2xxx", "Id": "658180", "NozzleTypeId": "2035", "SegmentNumber": "10"}, {"GantryId": "1", "Head": "1", "HeadName": "CPP 12 2xxx", "Id": "721409", "NozzleTypeId": "2003", "SegmentNumber": "11"}, {"GantryId": "4", "Head": "1", "HeadName": "CPP 12 2xxx", "Id": "723716", "NozzleTypeId": "2035", "SegmentNumber": "11"}, {"GantryId": "1", "Head": "1", "HeadName": "CPP 12 2xxx", "Id": "786945", "NozzleTypeId": "2003", "SegmentNumber": "12"}, {"GantryId": "4", "Head": "1", "HeadName": "CPP 12 2xxx", "Id": "789252", "NozzleTypeId": "2038", "SegmentNumber": "12"}]}}, "SetupContext": {"PickupLocations": {"PickupLocation": [{"Division": "1", "FeederId": "17ATMJ705061", "FeederType": "273", "Id": "148", "Level": "0", "Location": "1", "StartTrackNumber": "12", "SubLocation": "1", "Tower": "0", "PackagingUid": "M05327284"}, {"Division": "1", "FeederId": "12ATMLN01023", "FeederType": "268", "Id": "152", "Level": "0", "Location": "1", "StartTrackNumber": "20", "SubLocation": "1", "Tower": "0", "PackagingUid": "M05057609"}, {"Division": "1", "FeederId": "12KL-CN00325", "FeederType": "268", "Id": "155", "Level": "0", "Location": "1", "StartTrackNumber": "26", "SubLocation": "1", "Tower": "0", "PackagingUid": "M05241625"}, {"Division": "1", "FeederId": "08KL-K405983", "FeederType": "264", "Id": "156", "Level": "0", "Location": "1", "StartTrackNumber": "28", "SubLocation": "1", "Tower": "0", "PackagingUid": "M04898217"}, {"Division": "1", "FeederId": "08KL-F800736", "FeederType": "264", "Id": "158", "Level": "0", "Location": "1", "StartTrackNumber": "30", "SubLocation": "1", "Tower": "0", "PackagingUid": "M04773241"}, {"Division": "1", "FeederId": "08FAUE601549", "FeederType": "264", "Id": "159", "Level": "0", "Location": "1", "StartTrackNumber": "31", "SubLocation": "1", "Tower": "0", "PackagingUid": "M04682918"}, {"Division": "1", "FeederId": "08ATML904062", "FeederType": "264", "Id": "161", "Level": "0", "Location": "1", "StartTrackNumber": "33", "SubLocation": "1", "Tower": "0", "PackagingUid": "M04872259"}, {"Division": "1", "FeederId": "08ATMLN00817", "FeederType": "264", "Id": "162", "Level": "0", "Location": "1", "StartTrackNumber": "34", "SubLocation": "1", "Tower": "0", "PackagingUid": "M04821274"}, {"Division": "1", "FeederId": "08KL-K806306", "FeederType": "264", "Id": "164", "Level": "0", "Location": "1", "StartTrackNumber": "36", "SubLocation": "1", "Tower": "0", "PackagingUid": "M05199699"}, {"Division": "1", "FeederId": "08KL-JD05112", "FeederType": "264", "Id": "215", "Level": "0", "Location": "4", "StartTrackNumber": "6", "SubLocation": "1", "Tower": "0", "PackagingUid": "M05267759"}, {"Division": "1", "FeederId": "08ATMJ706492", "FeederType": "264", "Id": "217", "Level": "0", "Location": "4", "StartTrackNumber": "8", "SubLocation": "1", "Tower": "0", "PackagingUid": "M04948129"}, {"Division": "1", "FeederId": "08FAUC901346", "FeederType": "264", "Id": "220", "Level": "0", "Location": "4", "StartTrackNumber": "11", "SubLocation": "1", "Tower": "0", "PackagingUid": "M05282492"}, {"Division": "1", "FeederId": "08FAUE300108", "FeederType": "264", "Id": "223", "Level": "0", "Location": "4", "StartTrackNumber": "14", "SubLocation": "1", "Tower": "0", "PackagingUid": "M04998924"}, {"Division": "1", "FeederId": "12KL-CN00258", "FeederType": "268", "Id": "230", "Level": "0", "Location": "4", "StartTrackNumber": "27", "SubLocation": "1", "Tower": "0", "PackagingUid": "M05227173"}, {"Division": "1", "FeederId": "12KL-F805190", "FeederType": "268", "Id": "231", "Level": "0", "Location": "4", "StartTrackNumber": "29", "SubLocation": "1", "Tower": "0", "PackagingUid": "M05328119"}, {"Division": "1", "FeederId": "12KL-F805204", "FeederType": "268", "Id": "232", "Level": "0", "Location": "4", "StartTrackNumber": "31", "SubLocation": "1", "Tower": "0", "PackagingUid": "M05309110"}, {"Division": "1", "FeederId": "17ATMH505294", "FeederType": "273", "Id": "234", "Level": "0", "Location": "4", "StartTrackNumber": "35", "SubLocation": "1", "Tower": "0", "PackagingUid": "M05277160"}]}}}}, "ProductionEndedData": {"StationTime": "2021-11-30T16:04:11.9730000+08:00", "TimeStampSinceStationStarted": "1315793.456413"}}