{"name": "PDI_Line5_3910217634_20211130212247.txt", "Timestamp": "2021-11-30T21:22:33.7549644+08:00", "TxnID": "f424422a-539a-46db-8169-679356550e89", "Line": "SEWC-Lines\\Line5", "Machine": "Line5\\ST3_X3 S", "ProductionStartedData": [{"ConveyorLanePosition": "1", "ConveyorStopperPosition": "1", "Pcb": {"BarcodeReaderPosition": "0", "BoardSide": "1", "IndividualGUID": "fec6ac1c-4dd6-4234-a777-e29a0ed2aef5", "LineJobGUID": "0eac2a39-09f1-470d-9bd7-2a5e9815b5ca", "Path": "STAB\\A5E50302024lt02", "PcbIndividualID": "45157", "RecipePath": "Line5\\Smart_CPU_L5_702SAF\\A5E50302024lt02", "Barcode": "", "OrderNumber": null}, "ProcessingAreaPosition": "1", "SetupPath": "Line5\\Smart_CPU_L5_702SAF", "StationTime": "2021-11-30T21:20:09.1820000+08:00", "TimeStampSinceStationStarted": "1334920.213446"}], "BoardPositionsList": {"BoardPositions": [{"ActualPosition": {"Angle": "50", "X": "-476599", "Y": "-232889", "Z": "-5000"}, "FiducialPositions": {"FiducialRecognitionResult": [{"ActualPosition": {"Angle": "67", "X": "193604", "Y": "12099", "Z": null}, "CameraIndividualId": "4034", "FiducialFunction": "0", "GantryId": "4", "MeasurementResult": "0", "NominalPosition": {"Angle": "0", "X": "194170", "Y": "11990", "Z": null}, "Path": "A5E50302024lt02/1/01/1", "StationTime": "2021-11-30T21:20:12.1190000+08:00", "TimeStampSinceStationStarted": "1334923.150514"}, {"ActualPosition": {"Angle": "55", "X": "4300", "Y": "184190", "Z": null}, "CameraIndividualId": "4034", "FiducialFunction": "0", "GantryId": "4", "MeasurementResult": "0", "NominalPosition": {"Angle": "0", "X": "5040", "Y": "184226", "Z": null}, "Path": "A5E50302024lt02/1/02/1", "StationTime": "2021-11-30T21:20:12.1190000+08:00", "TimeStampSinceStationStarted": "1334923.150514"}]}, "NominalPosition": {"Angle": "0", "X": "-476032", "Y": "-232838", "Z": "-5000"}}]}, "ProgressDataList": {"ProductionProgressData": {"BoardContext": {"BoardPanels": {"BoardPanel": [{"Id": "2", "PanelPath": "A5E50302024lt02/A1"}]}}, "ComponentIndividuals": {"ComponentIndividual": [{"HeadSegmentId": "67588", "Measures": {"MeasureList": [{"CameraIndividualId": "4033", "MeasurementResult": "0", "PhiDeviation": "308824", "TimeStampSinceStationStarted": "1334923.792538", "VisionDumpPath": "C:\\Sirio\\Work\\SvDumpFiles\\PartCameraDumps\\JID_403373595_OID_451570000_SEG_1_BE-Bibliothek.A5E00277754_R1334917259.svdmp", "XDeviation": "-195535", "YDeviation": "276988"}]}, "Pick": {"ActualPickPosition": {"Angle": "0", "X": "18028", "Y": "-70606"}, "MeasuredComponentHeight": "0", "NominalPickPosition": {"Angle": "0", "X": "17714", "Y": "-70425"}, "PickupLocationId": "272", "Result": "0", "TimeStampSinceStationStarted": "1334920.403937", "VacuumAbsolute": "-822", "VacuumRelative": "-822", "ZEndPosition": "47243500", "ZTargetPosition": "47287198"}, "Place": {"ActualPlacePosition": {"Angle": "180000", "X": "172159", "Y": "50419"}, "AirkissPressure": "77", "BoardPanelId": "2", "HoldingCircuitPressure": "2147483647", "NominalPlacePosition": {"Angle": "180000", "X": "172150", "Y": "50425"}, "ReferenceDesignator": "X101_EXSOP_14_STECK_", "Result": "0", "TimeStampSinceStationStarted": "1334924.186422", "VacuumAbsolute": "-842", "VacuumRelative": "96", "ZEndPosition": "38910500", "ZTargetPosition": "38934385"}, "ElectricalMeasurement": null, "Dip": null}, {"HeadSegmentId": "67588", "Measures": {"MeasureList": [{"CameraIndividualId": "4033", "MeasurementResult": "0", "PhiDeviation": "-320769", "TimeStampSinceStationStarted": "1334925.43218", "VisionDumpPath": "C:\\Sirio\\Work\\SvDumpFiles\\PartCameraDumps\\JID_403373596_OID_451570001_SEG_1_BE-Bibliothek.A5E50179091_R1334921840.svdmp", "XDeviation": "28", "YDeviation": "74572"}]}, "Pick": {"ActualPickPosition": {"Angle": "0", "X": "15126", "Y": "-71150"}, "MeasuredComponentHeight": "0", "NominalPickPosition": {"Angle": "0", "X": "15195", "Y": "-71306"}, "PickupLocationId": "266", "Result": "0", "TimeStampSinceStationStarted": "1334924.984307", "VacuumAbsolute": "-784", "VacuumRelative": "-784", "ZEndPosition": "47641500", "ZTargetPosition": "47647483"}, "Place": {"ActualPlacePosition": {"Angle": "0", "X": "146306", "Y": "29321"}, "AirkissPressure": "72", "BoardPanelId": "2", "HoldingCircuitPressure": "2147483647", "NominalPlacePosition": {"Angle": "0", "X": "146300", "Y": "29330"}, "ReferenceDesignator": "D2_BGA_90_IC_DRAM_51", "Result": "0", "TimeStampSinceStationStarted": "1334925.835054", "VacuumAbsolute": "-832", "VacuumRelative": "94", "ZEndPosition": "46565500", "ZTargetPosition": "46588086"}, "ElectricalMeasurement": null, "Dip": null}]}, "HeadContext": {"HeadSegments": {"HeadSegment": [{"GantryId": "4", "Head": "1", "HeadName": "Twin Head 5xx", "Id": "67588", "NozzleTypeId": "516", "SegmentNumber": "1"}]}}, "SetupContext": {"PickupLocations": {"PickupLocation": [{"Division": "1", "FeederId": "24FAUE600590", "FeederType": "280", "Id": "266", "Level": "0", "Location": "4", "StartTrackNumber": "4", "SubLocation": "1", "Tower": "0", "PackagingUid": "A00055530"}, {"Division": "1", "FeederId": "32KL-K405124", "FeederType": "288", "Id": "272", "Level": "0", "Location": "4", "StartTrackNumber": "32", "SubLocation": "1", "Tower": "0", "PackagingUid": "M05323063"}]}}}}, "ProductionEndedData": {"StationTime": "2021-11-30T21:20:15.1730000+08:00", "TimeStampSinceStationStarted": "1334926.204355"}}