{"name": "PDI_Line5_4154439007_20211130065951.txt", "Timestamp": "2021-11-30T06:59:24.9482134+08:00", "TxnID": "e83a7cc4-8dea-4d44-9d05-7e0d805b512a", "Line": "SEWC-Lines\\Line5", "Machine": "Line5\\ST3_X3 S", "ProductionStartedData": [{"ConveyorLanePosition": "1", "ConveyorStopperPosition": "1", "Pcb": {"BarcodeReaderPosition": "0", "BoardSide": "1", "IndividualGUID": "eba75bf1-52b2-46cf-b912-928fba8fa17a", "LineJobGUID": "5fdb5b23-5b59-4b4e-ab1d-ed8a85069eae", "Path": "STAB\\A5E50302021bt01", "PcbIndividualID": "43505", "RecipePath": "Line5\\Smart_CPU_L5_702SAF\\A5E50302021bt01", "Barcode": "", "OrderNumber": null}, "ProcessingAreaPosition": "2", "SetupPath": "Line5\\Smart_CPU_L5_702SAF", "StationTime": "2021-11-30T06:57:01.3530000+08:00", "TimeStampSinceStationStarted": "1283132.642382"}], "BoardPositionsList": {"BoardPositions": [{"ActualPosition": {"Angle": "-53", "X": "457592", "Y": "-232780", "Z": "-5000"}, "FiducialPositions": {"FiducialRecognitionResult": []}, "NominalPosition": {"Angle": "0", "X": "457820", "Y": "-233646", "Z": "-5000"}}]}, "ProgressDataList": {"ProductionProgressData": {"BoardContext": {"BoardPanels": {"BoardPanel": [{"Id": "2", "PanelPath": "A5E50302021bt01/A1"}, {"Id": "3", "PanelPath": "A5E50302021bt01/B1"}]}}, "ComponentIndividuals": {"ComponentIndividual": [{"HeadSegmentId": "66819", "Measures": {"MeasureList": [{"CameraIndividualId": "3033", "MeasurementResult": "0", "PhiDeviation": "-223059", "TimeStampSinceStationStarted": "1283135.003378", "VisionDumpPath": "C:\\Sirio\\Work\\SvDumpFiles\\PartCameraDumps\\JID_303381447_OID_435050024_SEG_1_BE-Bibliothek.A5E32357002_R1283130599.svdmp", "XDeviation": "136564", "YDeviation": "574852"}]}, "Pick": {"ActualPickPosition": {"Angle": "0", "X": "29950", "Y": "-70500"}, "MeasuredComponentHeight": "0", "NominalPickPosition": {"Angle": "0", "X": "30283", "Y": "-70475"}, "PickupLocationId": "257", "Result": "0", "TimeStampSinceStationStarted": "1283134.000265", "VacuumAbsolute": "-840", "VacuumRelative": "-840", "ZEndPosition": "48986000", "ZTargetPosition": "49028454"}, "Place": {"ActualPlacePosition": {"Angle": "180000", "X": "98585", "Y": "160181"}, "AirkissPressure": "74", "BoardPanelId": "3", "HoldingCircuitPressure": "2147483647", "NominalPlacePosition": {"Angle": "180000", "X": "98585", "Y": "160180"}, "ReferenceDesignator": "X202_CONN_28_STECK_R", "Result": "0", "TimeStampSinceStationStarted": "1283135.640118", "VacuumAbsolute": "-853", "VacuumRelative": "101", "ZEndPosition": "30785000", "ZTargetPosition": "30839064"}, "ElectricalMeasurement": null, "Dip": null}, {"HeadSegmentId": "66819", "Measures": {"MeasureList": [{"CameraIndividualId": "3033", "MeasurementResult": "0", "PhiDeviation": "-321933", "TimeStampSinceStationStarted": "1283137.388509", "VisionDumpPath": "C:\\Sirio\\Work\\SvDumpFiles\\PartCameraDumps\\JID_303381448_OID_435050025_SEG_1_BE-Bibliothek.A5E32357002_R1283132994.svdmp", "XDeviation": "46054", "YDeviation": "-135352"}]}, "Pick": {"ActualPickPosition": {"Angle": "0", "X": "29950", "Y": "-70500"}, "MeasuredComponentHeight": "0", "NominalPickPosition": {"Angle": "0", "X": "30290", "Y": "-70447"}, "PickupLocationId": "257", "Result": "0", "TimeStampSinceStationStarted": "1283136.395931", "VacuumAbsolute": "-853", "VacuumRelative": "-853", "ZEndPosition": "49074000", "ZTargetPosition": "49017841"}, "Place": {"ActualPlacePosition": {"Angle": "180000", "X": "219087", "Y": "160181"}, "AirkissPressure": "74", "BoardPanelId": "2", "HoldingCircuitPressure": "2147483647", "NominalPlacePosition": {"Angle": "180000", "X": "219085", "Y": "160180"}, "ReferenceDesignator": "X202_CONN_28_STECK_R", "Result": "0", "TimeStampSinceStationStarted": "1283138.01912", "VacuumAbsolute": "-857", "VacuumRelative": "102", "ZEndPosition": "31052000", "ZTargetPosition": "31023501"}, "ElectricalMeasurement": null, "Dip": null}, {"HeadSegmentId": "132355", "Measures": {"MeasureList": [{"CameraIndividualId": "3033", "MeasurementResult": "0", "PhiDeviation": "946727", "TimeStampSinceStationStarted": "1283139.523303", "VisionDumpPath": "C:\\Sirio\\Work\\SvDumpFiles\\PartCameraDumps\\JID_303381449_OID_435050026_SEG_2_BE-Bibliothek.A5E00701727_R1283135382.svdmp", "XDeviation": "-31299", "YDeviation": "-85908"}]}, "Pick": {"ActualPickPosition": {"Angle": "180000", "X": "15250", "Y": "-70500"}, "MeasuredComponentHeight": "0", "NominalPickPosition": {"Angle": "180000", "X": "15306", "Y": "-70255"}, "PickupLocationId": "260", "Result": "0", "TimeStampSinceStationStarted": "1283138.782898", "VacuumAbsolute": "-820", "VacuumRelative": "-820", "ZEndPosition": "47585500", "ZTargetPosition": "47711758"}, "Place": {"ActualPlacePosition": {"Angle": "0", "X": "102580", "Y": "141631"}, "AirkissPressure": "71", "BoardPanelId": "3", "HoldingCircuitPressure": "2147483647", "NominalPlacePosition": {"Angle": "0", "X": "102580", "Y": "141630"}, "ReferenceDesignator": "C2208_CAPA_2_22_KOND", "Result": "0", "TimeStampSinceStationStarted": "1283140.085957", "VacuumAbsolute": "-833", "VacuumRelative": "103", "ZEndPosition": "37204500", "ZTargetPosition": "37225403"}, "ElectricalMeasurement": null, "Dip": null}, {"HeadSegmentId": "66819", "Measures": {"MeasureList": [{"CameraIndividualId": "3033", "MeasurementResult": "0", "PhiDeviation": "121755", "TimeStampSinceStationStarted": "1283139.664386", "VisionDumpPath": "C:\\Sirio\\Work\\SvDumpFiles\\PartCameraDumps\\JID_303381450_OID_435050027_SEG_1_BE-Bibliothek.A5E01059015_R1283135589.svdmp", "XDeviation": "-17270", "YDeviation": "-677121"}]}, "Pick": {"ActualPickPosition": {"Angle": "0", "X": "17950", "Y": "-70500"}, "MeasuredComponentHeight": "0", "NominalPickPosition": {"Angle": "0", "X": "18370", "Y": "-70025"}, "PickupLocationId": "259", "Result": "0", "TimeStampSinceStationStarted": "1283138.990603", "VacuumAbsolute": "-843", "VacuumRelative": "-843", "ZEndPosition": "49005500", "ZTargetPosition": "49013367"}, "Place": {"ActualPlacePosition": {"Angle": "180000", "X": "24922", "Y": "139451"}, "AirkissPressure": "72", "BoardPanelId": "3", "HoldingCircuitPressure": "2147483647", "NominalPlacePosition": {"Angle": "180000", "X": "24924", "Y": "139450"}, "ReferenceDesignator": "X201_CONN_14_STECK_R", "Result": "0", "TimeStampSinceStationStarted": "1283140.298443", "VacuumAbsolute": "-847", "VacuumRelative": "100", "ZEndPosition": "29713500", "ZTargetPosition": "29683933"}, "ElectricalMeasurement": null, "Dip": null}, {"HeadSegmentId": "132355", "Measures": {"MeasureList": [{"CameraIndividualId": "3033", "MeasurementResult": "0", "PhiDeviation": "-99613", "TimeStampSinceStationStarted": "1283141.666528", "VisionDumpPath": "C:\\Sirio\\Work\\SvDumpFiles\\PartCameraDumps\\JID_303381451_OID_435050028_SEG_2_BE-Bibliothek.A5E00701727_R1283137510.svdmp", "XDeviation": "-98564", "YDeviation": "211006"}]}, "Pick": {"ActualPickPosition": {"Angle": "180000", "X": "15250", "Y": "-70500"}, "MeasuredComponentHeight": "0", "NominalPickPosition": {"Angle": "180000", "X": "15308", "Y": "-70251"}, "PickupLocationId": "260", "Result": "0", "TimeStampSinceStationStarted": "1283140.911887", "VacuumAbsolute": "-811", "VacuumRelative": "-811", "ZEndPosition": "47673000", "ZTargetPosition": "47680194"}, "Place": {"ActualPlacePosition": {"Angle": "0", "X": "210182", "Y": "141631"}, "AirkissPressure": "73", "BoardPanelId": "2", "HoldingCircuitPressure": "2147483647", "NominalPlacePosition": {"Angle": "0", "X": "210180", "Y": "141630"}, "ReferenceDesignator": "C2207_CAPA_2_22_KOND", "Result": "0", "TimeStampSinceStationStarted": "1283142.229566", "VacuumAbsolute": "-818", "VacuumRelative": "100", "ZEndPosition": "37380500", "ZTargetPosition": "37393606"}, "ElectricalMeasurement": null, "Dip": null}, {"HeadSegmentId": "66819", "Measures": {"MeasureList": [{"CameraIndividualId": "3033", "MeasurementResult": "0", "PhiDeviation": "-562957", "TimeStampSinceStationStarted": "1283141.807727", "VisionDumpPath": "C:\\Sirio\\Work\\SvDumpFiles\\PartCameraDumps\\JID_303381452_OID_435050029_SEG_1_BE-Bibliothek.A5E01059015_R1283137727.svdmp", "XDeviation": "5676", "YDeviation": "-393161"}]}, "Pick": {"ActualPickPosition": {"Angle": "0", "X": "17950", "Y": "-70500"}, "MeasuredComponentHeight": "0", "NominalPickPosition": {"Angle": "0", "X": "18369", "Y": "-70059"}, "PickupLocationId": "259", "Result": "0", "TimeStampSinceStationStarted": "1283141.12918", "VacuumAbsolute": "-853", "VacuumRelative": "-853", "ZEndPosition": "49016500", "ZTargetPosition": "49011400"}, "Place": {"ActualPlacePosition": {"Angle": "180000", "X": "145424", "Y": "139451"}, "AirkissPressure": "76", "BoardPanelId": "2", "HoldingCircuitPressure": "2147483647", "NominalPlacePosition": {"Angle": "180000", "X": "145424", "Y": "139450"}, "ReferenceDesignator": "X201_CONN_14_STECK_R", "Result": "0", "TimeStampSinceStationStarted": "1283142.423165", "VacuumAbsolute": "-858", "VacuumRelative": "102", "ZEndPosition": "29557500", "ZTargetPosition": "29563419"}, "ElectricalMeasurement": null, "Dip": null}, {"HeadSegmentId": "66819", "Measures": {"MeasureList": [{"CameraIndividualId": "3033", "MeasurementResult": "0", "PhiDeviation": "-122106", "TimeStampSinceStationStarted": "1283144.739069", "VisionDumpPath": "C:\\Sirio\\Work\\SvDumpFiles\\PartCameraDumps\\JID_303381453_OID_435050030_SEG_1_BE-Bibliothek.A5E30235063_R1283139730.svdmp", "XDeviation": "194118", "YDeviation": "-2406017"}]}, "Pick": {"ActualPickPosition": {"Angle": "-90000", "X": "-40000", "Y": "-300500"}, "MeasuredComponentHeight": "0", "NominalPickPosition": {"Angle": "-90000", "X": "-40000", "Y": "-300500"}, "PickupLocationId": "251", "Result": "0", "TimeStampSinceStationStarted": "1283143.131585", "VacuumAbsolute": "-858", "VacuumRelative": "-858", "ZEndPosition": "47903000", "ZTargetPosition": "48009198"}, "Place": {"ActualPlacePosition": {"Angle": "0", "X": "49318", "Y": "46279"}, "AirkissPressure": "73", "BoardPanelId": "3", "HoldingCircuitPressure": "2147483647", "NominalPlacePosition": {"Angle": "0", "X": "49319", "Y": "46280"}, "ReferenceDesignator": "D1_BGA_372_IC_ASIC_S", "Result": "0", "TimeStampSinceStationStarted": "1283145.273559", "VacuumAbsolute": "-861", "VacuumRelative": "103", "ZEndPosition": "47837500", "ZTargetPosition": "47824653"}, "ElectricalMeasurement": null, "Dip": null}, {"HeadSegmentId": "132355", "Measures": {"MeasureList": [{"CameraIndividualId": "3033", "MeasurementResult": "0", "PhiDeviation": "-880417", "TimeStampSinceStationStarted": "1283144.881438", "VisionDumpPath": "C:\\Sirio\\Work\\SvDumpFiles\\PartCameraDumps\\JID_303381454_OID_435050031_SEG_2_BE-Bibliothek.A5E00210763_R1283140750.svdmp", "XDeviation": "-15387", "YDeviation": "-134834"}]}, "Pick": {"ActualPickPosition": {"Angle": "180000", "X": "15250", "Y": "-70500"}, "MeasuredComponentHeight": "0", "NominalPickPosition": {"Angle": "180000", "X": "15331", "Y": "-70475"}, "PickupLocationId": "256", "Result": "0", "TimeStampSinceStationStarted": "1283144.151987", "VacuumAbsolute": "-790", "VacuumRelative": "-790", "ZEndPosition": "47758000", "ZTargetPosition": "47780909"}, "Place": {"ActualPlacePosition": {"Angle": "90000", "X": "82379", "Y": "33329"}, "AirkissPressure": "73", "BoardPanelId": "3", "HoldingCircuitPressure": "2147483647", "NominalPlacePosition": {"Angle": "90000", "X": "82380", "Y": "33330"}, "ReferenceDesignator": "C1618_CAP_2_KOND_EL_", "Result": "0", "TimeStampSinceStationStarted": "1283145.536015", "VacuumAbsolute": "-791", "VacuumRelative": "95", "ZEndPosition": "37215000", "ZTargetPosition": "37262827"}, "ElectricalMeasurement": null, "Dip": null}, {"HeadSegmentId": "66819", "Measures": {"MeasureList": [{"CameraIndividualId": "3033", "MeasurementResult": "0", "PhiDeviation": "-102520", "TimeStampSinceStationStarted": "1283147.738507", "VisionDumpPath": "C:\\Sirio\\Work\\SvDumpFiles\\PartCameraDumps\\JID_303381455_OID_435050032_SEG_1_BE-Bibliothek.A5E30235063_R1283142712.svdmp", "XDeviation": "214085", "YDeviation": "-2546030"}]}, "Pick": {"ActualPickPosition": {"Angle": "-90000", "X": "-65500", "Y": "-300500"}, "MeasuredComponentHeight": "0", "NominalPickPosition": {"Angle": "-90000", "X": "-65500", "Y": "-300500"}, "PickupLocationId": "251", "Result": "0", "TimeStampSinceStationStarted": "1283146.112643", "VacuumAbsolute": "-858", "VacuumRelative": "-858", "ZEndPosition": "47925000", "ZTargetPosition": "47982648"}, "Place": {"ActualPlacePosition": {"Angle": "0", "X": "169820", "Y": "46279"}, "AirkissPressure": "76", "BoardPanelId": "2", "HoldingCircuitPressure": "2147483647", "NominalPlacePosition": {"Angle": "0", "X": "169819", "Y": "46280"}, "ReferenceDesignator": "D1_BGA_372_IC_ASIC_S", "Result": "0", "TimeStampSinceStationStarted": "1283148.273002", "VacuumAbsolute": "-860", "VacuumRelative": "102", "ZEndPosition": "47862000", "ZTargetPosition": "47885319"}, "ElectricalMeasurement": null, "Dip": null}, {"HeadSegmentId": "132355", "Measures": {"MeasureList": [{"CameraIndividualId": "3033", "MeasurementResult": "0", "PhiDeviation": "-943706", "TimeStampSinceStationStarted": "1283147.880926", "VisionDumpPath": "C:\\Sirio\\Work\\SvDumpFiles\\PartCameraDumps\\JID_303381456_OID_435050033_SEG_2_BE-Bibliothek.A5E00210763_R1283143749.svdmp", "XDeviation": "-186822", "YDeviation": "-94089"}]}, "Pick": {"ActualPickPosition": {"Angle": "180000", "X": "15250", "Y": "-70500"}, "MeasuredComponentHeight": "0", "NominalPickPosition": {"Angle": "180000", "X": "15332", "Y": "-70468"}, "PickupLocationId": "256", "Result": "0", "TimeStampSinceStationStarted": "1283147.150549", "VacuumAbsolute": "-792", "VacuumRelative": "-792", "ZEndPosition": "47793500", "ZTargetPosition": "47775182"}, "Place": {"ActualPlacePosition": {"Angle": "90000", "X": "202881", "Y": "33329"}, "AirkissPressure": "74", "BoardPanelId": "2", "HoldingCircuitPressure": "2147483647", "NominalPlacePosition": {"Angle": "90000", "X": "202880", "Y": "33330"}, "ReferenceDesignator": "C1618_CAP_2_KOND_EL_", "Result": "0", "TimeStampSinceStationStarted": "1283148.532825", "VacuumAbsolute": "-793", "VacuumRelative": "96", "ZEndPosition": "37326000", "ZTargetPosition": "37341482"}, "ElectricalMeasurement": null, "Dip": null}, {"HeadSegmentId": "66819", "Measures": {"MeasureList": [{"CameraIndividualId": "3033", "MeasurementResult": "0", "PhiDeviation": "-466497", "TimeStampSinceStationStarted": "1283151.04187", "VisionDumpPath": "C:\\Sirio\\Work\\SvDumpFiles\\PartCameraDumps\\JID_303381457_OID_435050034_SEG_1_BE-Bibliothek.A5E30242702_R1283146866.svdmp", "XDeviation": "-132646", "YDeviation": "82229"}]}, "Pick": {"ActualPickPosition": {"Angle": "0", "X": "15250", "Y": "-70500"}, "MeasuredComponentHeight": "0", "NominalPickPosition": {"Angle": "0", "X": "15301", "Y": "-70485"}, "PickupLocationId": "261", "Result": "0", "TimeStampSinceStationStarted": "1283150.267425", "VacuumAbsolute": "-800", "VacuumRelative": "-800", "ZEndPosition": "48035000", "ZTargetPosition": "48039774"}, "Place": {"ActualPlacePosition": {"Angle": "0", "X": "20417", "Y": "59679"}, "AirkissPressure": "21", "BoardPanelId": "3", "HoldingCircuitPressure": "2147483647", "NominalPlacePosition": {"Angle": "0", "X": "20419", "Y": "59680"}, "ReferenceDesignator": "Z400_SOP_16_NETZWERK", "Result": "0", "TimeStampSinceStationStarted": "1283151.484266", "VacuumAbsolute": "-816", "VacuumRelative": "94", "ZEndPosition": "42600000", "ZTargetPosition": "42531615"}, "ElectricalMeasurement": null, "Dip": null}, {"HeadSegmentId": "132355", "Measures": {"MeasureList": [{"CameraIndividualId": "3033", "MeasurementResult": "0", "PhiDeviation": "-1448091", "TimeStampSinceStationStarted": "1283150.902915", "VisionDumpPath": "C:\\Sirio\\Work\\SvDumpFiles\\PartCameraDumps\\JID_303381458_OID_435050035_SEG_2_BE-Bibliothek.A5E00701727_R1283147040.svdmp", "XDeviation": "49768", "YDeviation": "145895"}]}, "Pick": {"ActualPickPosition": {"Angle": "180000", "X": "15250", "Y": "-70500"}, "MeasuredComponentHeight": "0", "NominalPickPosition": {"Angle": "180000", "X": "15312", "Y": "-70262"}, "PickupLocationId": "260", "Result": "0", "TimeStampSinceStationStarted": "1283150.442221", "VacuumAbsolute": "-810", "VacuumRelative": "-810", "ZEndPosition": "47726500", "ZTargetPosition": "47678395"}, "Place": {"ActualPlacePosition": {"Angle": "0", "X": "89679", "Y": "141631"}, "AirkissPressure": "75", "BoardPanelId": "3", "HoldingCircuitPressure": "2147483647", "NominalPlacePosition": {"Angle": "0", "X": "89680", "Y": "141630"}, "ReferenceDesignator": "C2207_CAPA_2_22_KOND", "Result": "0", "TimeStampSinceStationStarted": "1283151.804031", "VacuumAbsolute": "-817", "VacuumRelative": "100", "ZEndPosition": "37238500", "ZTargetPosition": "37246344"}, "ElectricalMeasurement": null, "Dip": null}, {"HeadSegmentId": "66819", "Measures": {"MeasureList": [{"CameraIndividualId": "3033", "MeasurementResult": "0", "PhiDeviation": "242578", "TimeStampSinceStationStarted": "1283153.02137", "VisionDumpPath": "C:\\Sirio\\Work\\SvDumpFiles\\PartCameraDumps\\JID_303381459_OID_435050036_SEG_1_BE-Bibliothek.A5E30242702_R1283149008.svdmp", "XDeviation": "-61839", "YDeviation": "-31028"}]}, "Pick": {"ActualPickPosition": {"Angle": "0", "X": "15250", "Y": "-70500"}, "MeasuredComponentHeight": "0", "NominalPickPosition": {"Angle": "0", "X": "15294", "Y": "-70481"}, "PickupLocationId": "261", "Result": "0", "TimeStampSinceStationStarted": "1283152.408951", "VacuumAbsolute": "-783", "VacuumRelative": "-783", "ZEndPosition": "48001500", "ZTargetPosition": "48038581"}, "Place": {"ActualPlacePosition": {"Angle": "0", "X": "140919", "Y": "59679"}, "AirkissPressure": "23", "BoardPanelId": "2", "HoldingCircuitPressure": "2147483647", "NominalPlacePosition": {"Angle": "0", "X": "140919", "Y": "59680"}, "ReferenceDesignator": "Z400_SOP_16_NETZWERK", "Result": "0", "TimeStampSinceStationStarted": "1283153.551103", "VacuumAbsolute": "-797", "VacuumRelative": "91", "ZEndPosition": "42383500", "ZTargetPosition": "42486730"}, "ElectricalMeasurement": null, "Dip": null}, {"HeadSegmentId": "132355", "Measures": {"MeasureList": [{"CameraIndividualId": "3033", "MeasurementResult": "0", "PhiDeviation": "935527", "TimeStampSinceStationStarted": "1283153.163955", "VisionDumpPath": "C:\\Sirio\\Work\\SvDumpFiles\\PartCameraDumps\\JID_303381460_OID_435050037_SEG_2_BE-Bibliothek.A5E00701727_R1283149162.svdmp", "XDeviation": "106973", "YDeviation": "-26771"}]}, "Pick": {"ActualPickPosition": {"Angle": "180000", "X": "15250", "Y": "-70500"}, "MeasuredComponentHeight": "0", "NominalPickPosition": {"Angle": "180000", "X": "15310", "Y": "-70269"}, "PickupLocationId": "260", "Result": "0", "TimeStampSinceStationStarted": "1283152.562933", "VacuumAbsolute": "-822", "VacuumRelative": "-822", "ZEndPosition": "47713500", "ZTargetPosition": "47690421"}, "Place": {"ActualPlacePosition": {"Angle": "0", "X": "223082", "Y": "141631"}, "AirkissPressure": "73", "BoardPanelId": "2", "HoldingCircuitPressure": "2147483647", "NominalPlacePosition": {"Angle": "0", "X": "223080", "Y": "141630"}, "ReferenceDesignator": "C2208_CAPA_2_22_KOND", "Result": "0", "TimeStampSinceStationStarted": "1283153.856352", "VacuumAbsolute": "-840", "VacuumRelative": "104", "ZEndPosition": "37427000", "ZTargetPosition": "37430415"}, "ElectricalMeasurement": null, "Dip": null}, {"HeadSegmentId": "66819", "Measures": {"MeasureList": [{"CameraIndividualId": "3033", "MeasurementResult": "0", "PhiDeviation": "-570716", "TimeStampSinceStationStarted": "1283155.270846", "VisionDumpPath": "C:\\Sirio\\Work\\SvDumpFiles\\PartCameraDumps\\JID_303381461_OID_435050038_SEG_1_BE-Bibliothek.A5E01649509_R1283151045.svdmp", "XDeviation": "32479", "YDeviation": "-22452"}]}, "Pick": {"ActualPickPosition": {"Angle": "-90000", "X": "8000", "Y": "-51500"}, "MeasuredComponentHeight": "0", "NominalPickPosition": {"Angle": "-90000", "X": "8268", "Y": "-51473"}, "PickupLocationId": "258", "Result": "0", "TimeStampSinceStationStarted": "1283154.446854", "VacuumAbsolute": "-753", "VacuumRelative": "-753", "ZEndPosition": "47143000", "ZTargetPosition": "47157665"}, "Place": {"ActualPlacePosition": {"Angle": "180000", "X": "103980", "Y": "67129"}, "AirkissPressure": "76", "BoardPanelId": "3", "HoldingCircuitPressure": "2147483647", "NominalPlacePosition": {"Angle": "180000", "X": "103980", "Y": "67130"}, "ReferenceDesignator": "V701_DPAK/TO252_TRAN", "Result": "0", "TimeStampSinceStationStarted": "1283155.795861", "VacuumAbsolute": "-818", "VacuumRelative": "95", "ZEndPosition": "44944000", "ZTargetPosition": "44946268"}, "ElectricalMeasurement": null, "Dip": null}, {"HeadSegmentId": "132355", "Measures": {"MeasureList": [{"CameraIndividualId": "3033", "MeasurementResult": "0", "PhiDeviation": "-1286930", "TimeStampSinceStationStarted": "1283155.411083", "VisionDumpPath": "C:\\Sirio\\Work\\SvDumpFiles\\PartCameraDumps\\JID_303381462_OID_435050039_SEG_2_BE-Bibliothek.A5E00210763_R1283151281.svdmp", "XDeviation": "34756", "YDeviation": "-37658"}]}, "Pick": {"ActualPickPosition": {"Angle": "180000", "X": "15250", "Y": "-70500"}, "MeasuredComponentHeight": "0", "NominalPickPosition": {"Angle": "180000", "X": "15342", "Y": "-70463"}, "PickupLocationId": "256", "Result": "0", "TimeStampSinceStationStarted": "1283154.683043", "VacuumAbsolute": "-800", "VacuumRelative": "-800", "ZEndPosition": "47733000", "ZTargetPosition": "47779761"}, "Place": {"ActualPlacePosition": {"Angle": "180000", "X": "89929", "Y": "80730"}, "AirkissPressure": "73", "BoardPanelId": "3", "HoldingCircuitPressure": "2147483647", "NominalPlacePosition": {"Angle": "180000", "X": "89930", "Y": "80730"}, "ReferenceDesignator": "C1405_CAP_2_KOND_EL_", "Result": "0", "TimeStampSinceStationStarted": "1283156.111779", "VacuumAbsolute": "-800", "VacuumRelative": "97", "ZEndPosition": "36970500", "ZTargetPosition": "36973867"}, "ElectricalMeasurement": null, "Dip": null}, {"HeadSegmentId": "66819", "Measures": {"MeasureList": [{"CameraIndividualId": "3033", "MeasurementResult": "0", "PhiDeviation": "-249601", "TimeStampSinceStationStarted": "1283157.541211", "VisionDumpPath": "C:\\Sirio\\Work\\SvDumpFiles\\PartCameraDumps\\JID_303381463_OID_435050040_SEG_1_BE-Bibliothek.A5E01649509_R1283153343.svdmp", "XDeviation": "24305", "YDeviation": "18990"}]}, "Pick": {"ActualPickPosition": {"Angle": "-90000", "X": "8000", "Y": "-51500"}, "MeasuredComponentHeight": "0", "NominalPickPosition": {"Angle": "-90000", "X": "8267", "Y": "-51475"}, "PickupLocationId": "258", "Result": "0", "TimeStampSinceStationStarted": "1283156.743897", "VacuumAbsolute": "-760", "VacuumRelative": "-760", "ZEndPosition": "47171500", "ZTargetPosition": "47153999"}, "Place": {"ActualPlacePosition": {"Angle": "180000", "X": "224482", "Y": "67129"}, "AirkissPressure": "72", "BoardPanelId": "2", "HoldingCircuitPressure": "2147483647", "NominalPlacePosition": {"Angle": "180000", "X": "224480", "Y": "67130"}, "ReferenceDesignator": "V701_DPAK/TO252_TRAN", "Result": "0", "TimeStampSinceStationStarted": "1283158.065981", "VacuumAbsolute": "-819", "VacuumRelative": "95", "ZEndPosition": "45169000", "ZTargetPosition": "45153461"}, "ElectricalMeasurement": null, "Dip": null}, {"HeadSegmentId": "132355", "Measures": {"MeasureList": [{"CameraIndividualId": "3033", "MeasurementResult": "0", "PhiDeviation": "-2100118", "TimeStampSinceStationStarted": "1283157.681265", "VisionDumpPath": "C:\\Sirio\\Work\\SvDumpFiles\\PartCameraDumps\\JID_303381464_OID_435050041_SEG_2_BE-Bibliothek.A5E00210763_R1283153553.svdmp", "XDeviation": "-245417", "YDeviation": "-103061"}]}, "Pick": {"ActualPickPosition": {"Angle": "180000", "X": "15250", "Y": "-70500"}, "MeasuredComponentHeight": "0", "NominalPickPosition": {"Angle": "180000", "X": "15340", "Y": "-70461"}, "PickupLocationId": "256", "Result": "0", "TimeStampSinceStationStarted": "1283156.953977", "VacuumAbsolute": "-781", "VacuumRelative": "-781", "ZEndPosition": "47742500", "ZTargetPosition": "47768071"}, "Place": {"ActualPlacePosition": {"Angle": "180000", "X": "210432", "Y": "80730"}, "AirkissPressure": "73", "BoardPanelId": "2", "HoldingCircuitPressure": "2147483647", "NominalPlacePosition": {"Angle": "180000", "X": "210430", "Y": "80730"}, "ReferenceDesignator": "C1405_CAP_2_KOND_EL_", "Result": "0", "TimeStampSinceStationStarted": "1283158.390848", "VacuumAbsolute": "-782", "VacuumRelative": "94", "ZEndPosition": "37110500", "ZTargetPosition": "37168852"}, "ElectricalMeasurement": null, "Dip": null}]}, "HeadContext": {"HeadSegments": {"HeadSegment": [{"GantryId": "3", "Head": "1", "HeadName": "Twin Head 5xx", "Id": "66819", "NozzleTypeId": "573", "SegmentNumber": "1"}, {"GantryId": "3", "Head": "1", "HeadName": "Twin Head 5xx", "Id": "132355", "NozzleTypeId": "517", "SegmentNumber": "2"}]}}, "SetupContext": {"PickupLocations": {"PickupLocation": [{"Division": "1", "FeederId": "", "FeederType": "34", "Id": "251", "Level": "3", "Location": "2", "StartTrackNumber": "1", "SubLocation": "2", "Tower": "1", "PackagingUid": ""}, {"Division": "1", "FeederId": "24FAUE900235", "FeederType": "280", "Id": "256", "Level": "0", "Location": "3", "StartTrackNumber": "4", "SubLocation": "1", "Tower": "0", "PackagingUid": "M05314371"}, {"Division": "1", "FeederId": "56FAUEN00199", "FeederType": "312", "Id": "257", "Level": "0", "Location": "3", "StartTrackNumber": "7", "SubLocation": "1", "Tower": "0", "PackagingUid": "M04854754"}, {"Division": "1", "FeederId": "17ATMH805118", "FeederType": "273", "Id": "258", "Level": "0", "Location": "3", "StartTrackNumber": "13", "SubLocation": "1", "Tower": "0", "PackagingUid": "M05206518"}, {"Division": "1", "FeederId": "32FAUEN00039", "FeederType": "288", "Id": "259", "Level": "0", "Location": "3", "StartTrackNumber": "15", "SubLocation": "1", "Tower": "0", "PackagingUid": "M05323274"}, {"Division": "1", "FeederId": "24FAUE600582", "FeederType": "280", "Id": "260", "Level": "0", "Location": "3", "StartTrackNumber": "19", "SubLocation": "1", "Tower": "0", "PackagingUid": "M05187818"}, {"Division": "1", "FeederId": "24FAUF700689", "FeederType": "280", "Id": "261", "Level": "0", "Location": "3", "StartTrackNumber": "22", "SubLocation": "1", "Tower": "0", "PackagingUid": "M05014338"}]}}}}, "ProductionEndedData": {"StationTime": "2021-11-30T06:57:27.4950000+08:00", "TimeStampSinceStationStarted": "1283158.784651"}}