{"name": "PDI_Line5_4103919049_20211130000457.txt", "Timestamp": "2021-11-30T00:04:50.7743037+08:00", "TxnID": "e300202e-30f1-4a14-9317-09a2f9d2f77e", "Line": "SEWC-Lines\\Line5", "Machine": "Line5\\ST3_X3 S", "ProductionStartedData": [{"ConveyorLanePosition": "2", "ConveyorStopperPosition": "1", "Pcb": {"BarcodeReaderPosition": "0", "BoardSide": "1", "IndividualGUID": "25c9b21f-f527-4f6d-a0ad-d3a2b86bd0a9", "LineJobGUID": "3a5e1e40-f5b9-457f-8e3c-d7ab63795644", "Path": "STAB\\A5E50302021lt01", "PcbIndividualID": "41662", "RecipePath": "Line5\\Smart_CPU_L5_702SAF\\A5E50302021lt01", "Barcode": "", "OrderNumber": null}, "ProcessingAreaPosition": "1", "SetupPath": "Line5\\Smart_CPU_L5_702SAF", "StationTime": "2021-11-30T00:02:25.0320000+08:00", "TimeStampSinceStationStarted": "1258256.445056"}], "BoardPositionsList": {"BoardPositions": [{"ActualPosition": {"Angle": "76", "X": "-527844", "Y": "16519", "Z": "-5000"}, "FiducialPositions": {"FiducialRecognitionResult": [{"ActualPosition": {"Angle": "77", "X": "243478", "Y": "10669", "Z": null}, "CameraIndividualId": "4034", "FiducialFunction": "0", "GantryId": "4", "MeasurementResult": "0", "NominalPosition": {"Angle": "0", "X": "243420", "Y": "10530", "Z": null}, "Path": "A5E50302021lt01/1/01/1", "StationTime": "2021-11-30T00:02:27.8070000+08:00", "TimeStampSinceStationStarted": "1258259.219776"}, {"ActualPosition": {"Angle": "66", "X": "7763", "Y": "191874", "Z": null}, "CameraIndividualId": "4034", "FiducialFunction": "0", "GantryId": "4", "MeasurementResult": "0", "NominalPosition": {"Angle": "0", "X": "7970", "Y": "192030", "Z": null}, "Path": "A5E50302021lt01/1/02/1", "StationTime": "2021-11-30T00:02:27.8070000+08:00", "TimeStampSinceStationStarted": "1258259.219776"}]}, "NominalPosition": {"Angle": "0", "X": "-527904", "Y": "16695", "Z": "-5000"}}]}, "ProgressDataList": {"ProductionProgressData": {"BoardContext": {"BoardPanels": {"BoardPanel": [{"Id": "2", "PanelPath": "A5E50302021lt01/A1"}, {"Id": "3", "PanelPath": "A5E50302021lt01/B1"}]}}, "ComponentIndividuals": {"ComponentIndividual": [{"HeadSegmentId": "67588", "Measures": {"MeasureList": [{"CameraIndividualId": "4033", "MeasurementResult": "0", "PhiDeviation": "-260371", "TimeStampSinceStationStarted": "1258259.77119", "VisionDumpPath": "C:\\Sirio\\Work\\SvDumpFiles\\PartCameraDumps\\JID_403356625_OID_416620000_SEG_1_BE-Bibliothek.A5E50179091_R1258253569.svdmp", "XDeviation": "6276", "YDeviation": "17990"}]}, "Pick": {"ActualPickPosition": {"Angle": "0", "X": "15126", "Y": "-71150"}, "MeasuredComponentHeight": "0", "NominalPickPosition": {"Angle": "0", "X": "15237", "Y": "-71347"}, "PickupLocationId": "266", "Result": "0", "TimeStampSinceStationStarted": "1258257.093902", "VacuumAbsolute": "-785", "VacuumRelative": "-785", "ZEndPosition": "47641000", "ZTargetPosition": "47619042"}, "Place": {"ActualPlacePosition": {"Angle": "0", "X": "200739", "Y": "27973"}, "AirkissPressure": "77", "BoardPanelId": "3", "HoldingCircuitPressure": "2147483647", "NominalPlacePosition": {"Angle": "0", "X": "200731", "Y": "27980"}, "ReferenceDesignator": "D2_BGA_90_IC_DRAM_51", "Result": "0", "TimeStampSinceStationStarted": "1258260.075267", "VacuumAbsolute": "-835", "VacuumRelative": "96", "ZEndPosition": "46602500", "ZTargetPosition": "46644171"}, "ElectricalMeasurement": null, "Dip": null}, {"HeadSegmentId": "67588", "Measures": {"MeasureList": [{"CameraIndividualId": "4033", "MeasurementResult": "0", "PhiDeviation": "170331", "TimeStampSinceStationStarted": "1258261.299114", "VisionDumpPath": "C:\\Sirio\\Work\\SvDumpFiles\\PartCameraDumps\\JID_403356626_OID_416620001_SEG_1_BE-Bibliothek.A5E00277754_R1258257083.svdmp", "XDeviation": "-4974", "YDeviation": "-66464"}]}, "Pick": {"ActualPickPosition": {"Angle": "0", "X": "18028", "Y": "-70606"}, "MeasuredComponentHeight": "0", "NominalPickPosition": {"Angle": "0", "X": "17808", "Y": "-70588"}, "PickupLocationId": "272", "Result": "0", "TimeStampSinceStationStarted": "1258260.607246", "VacuumAbsolute": "-828", "VacuumRelative": "-828", "ZEndPosition": "47251500", "ZTargetPosition": "47257128"}, "Place": {"ActualPlacePosition": {"Angle": "-180000", "X": "226591", "Y": "49075"}, "AirkissPressure": "77", "BoardPanelId": "3", "HoldingCircuitPressure": "2147483647", "NominalPlacePosition": {"Angle": "180000", "X": "226581", "Y": "49080"}, "ReferenceDesignator": "X101_EXSOP_14_STECK_", "Result": "0", "TimeStampSinceStationStarted": "1258261.683892", "VacuumAbsolute": "-850", "VacuumRelative": "98", "ZEndPosition": "38932500", "ZTargetPosition": "39000290"}, "ElectricalMeasurement": null, "Dip": null}, {"HeadSegmentId": "133124", "Measures": {"MeasureList": [{"CameraIndividualId": "4033", "MeasurementResult": "0", "PhiDeviation": "-226106", "TimeStampSinceStationStarted": "1258261.441142", "VisionDumpPath": "C:\\Sirio\\Work\\SvDumpFiles\\PartCameraDumps\\JID_403356627_OID_416620002_SEG_2_BE-Bibliothek.A5E00277754_R1258257297.svdmp", "XDeviation": "-166021", "YDeviation": "-12988"}]}, "Pick": {"ActualPickPosition": {"Angle": "0", "X": "18028", "Y": "-70606"}, "MeasuredComponentHeight": "0", "NominalPickPosition": {"Angle": "0", "X": "17808", "Y": "-70588"}, "PickupLocationId": "272", "Result": "0", "TimeStampSinceStationStarted": "1258260.821548", "VacuumAbsolute": "-825", "VacuumRelative": "-825", "ZEndPosition": "47289000", "ZTargetPosition": "47277628"}, "Place": {"ActualPlacePosition": {"Angle": "-180000", "X": "106079", "Y": "49075"}, "AirkissPressure": "73", "BoardPanelId": "2", "HoldingCircuitPressure": "2147483647", "NominalPlacePosition": {"Angle": "180000", "X": "106081", "Y": "49080"}, "ReferenceDesignator": "X101_EXSOP_14_STECK_", "Result": "0", "TimeStampSinceStationStarted": "1258261.850213", "VacuumAbsolute": "-837", "VacuumRelative": "96", "ZEndPosition": "38882500", "ZTargetPosition": "38824958"}, "ElectricalMeasurement": null, "Dip": null}, {"HeadSegmentId": "67588", "Measures": {"MeasureList": [{"CameraIndividualId": "4033", "MeasurementResult": "0", "PhiDeviation": "-315085", "TimeStampSinceStationStarted": "1258262.937108", "VisionDumpPath": "C:\\Sirio\\Work\\SvDumpFiles\\PartCameraDumps\\JID_403356628_OID_416620003_SEG_1_BE-Bibliothek.A5E50179091_R1258258969.svdmp", "XDeviation": "-24389", "YDeviation": "-23989"}]}, "Pick": {"ActualPickPosition": {"Angle": "0", "X": "15126", "Y": "-71150"}, "MeasuredComponentHeight": "0", "NominalPickPosition": {"Angle": "0", "X": "15237", "Y": "-71346"}, "PickupLocationId": "266", "Result": "0", "TimeStampSinceStationStarted": "1258262.493778", "VacuumAbsolute": "-782", "VacuumRelative": "-782", "ZEndPosition": "47586000", "ZTargetPosition": "47624532"}, "Place": {"ActualPlacePosition": {"Angle": "0", "X": "80226", "Y": "27973"}, "AirkissPressure": "72", "BoardPanelId": "2", "HoldingCircuitPressure": "2147483647", "NominalPlacePosition": {"Angle": "0", "X": "80231", "Y": "27980"}, "ReferenceDesignator": "D2_BGA_90_IC_DRAM_51", "Result": "0", "TimeStampSinceStationStarted": "1258263.241226", "VacuumAbsolute": "-838", "VacuumRelative": "96", "ZEndPosition": "46648500", "ZTargetPosition": "46642215"}, "ElectricalMeasurement": null, "Dip": null}]}, "HeadContext": {"HeadSegments": {"HeadSegment": [{"GantryId": "4", "Head": "1", "HeadName": "Twin Head 5xx", "Id": "67588", "NozzleTypeId": "516", "SegmentNumber": "1"}, {"GantryId": "4", "Head": "1", "HeadName": "Twin Head 5xx", "Id": "133124", "NozzleTypeId": "516", "SegmentNumber": "2"}]}}, "SetupContext": {"PickupLocations": {"PickupLocation": [{"Division": "1", "FeederId": "24FAUE600590", "FeederType": "280", "Id": "266", "Level": "0", "Location": "4", "StartTrackNumber": "4", "SubLocation": "1", "Tower": "0", "PackagingUid": "M05320381"}, {"Division": "1", "FeederId": "32KL-K405124", "FeederType": "288", "Id": "272", "Level": "0", "Location": "4", "StartTrackNumber": "32", "SubLocation": "1", "Tower": "0", "PackagingUid": "M05309819"}]}}}}, "ProductionEndedData": {"StationTime": "2021-11-30T00:02:32.2090000+08:00", "TimeStampSinceStationStarted": "1258263.621534"}}