{"name": "PDI_Line5_4203148142_20211130003540.txt", "Timestamp": "2021-11-30T00:35:31.8043056+08:00", "TxnID": "ca0c4ece-dcd2-415d-b398-46788ca8b094", "Line": "SEWC-Lines\\Line5", "Machine": "Line5\\ST3_X3 S", "ProductionStartedData": [{"ConveyorLanePosition": "1", "ConveyorStopperPosition": "1", "Pcb": {"BarcodeReaderPosition": "0", "BoardSide": "1", "IndividualGUID": "32c4c3f0-7e42-4e7d-ad74-01f4cb9c990c", "LineJobGUID": "3a5e1e40-f5b9-457f-8e3c-d7ab63795644", "Path": "STAB\\A5E50302021lt01", "PcbIndividualID": "42707", "RecipePath": "Line5\\Smart_CPU_L5_702SAF\\A5E50302021lt01", "Barcode": "", "OrderNumber": null}, "ProcessingAreaPosition": "1", "SetupPath": "Line5\\Smart_CPU_L5_702SAF", "StationTime": "2021-11-30T00:33:08.9020000+08:00", "TimeStampSinceStationStarted": "1260100.305704"}], "BoardPositionsList": {"BoardPositions": [{"ActualPosition": {"Angle": "59", "X": "-528656", "Y": "-232670", "Z": "-5000"}, "FiducialPositions": {"FiducialRecognitionResult": [{"ActualPosition": {"Angle": "85", "X": "242806", "Y": "10934", "Z": null}, "CameraIndividualId": "4034", "FiducialFunction": "0", "GantryId": "4", "MeasurementResult": "0", "NominalPosition": {"Angle": "0", "X": "243420", "Y": "10530", "Z": null}, "Path": "A5E50302021lt01/1/01/1", "StationTime": "2021-11-30T00:33:11.9700000+08:00", "TimeStampSinceStationStarted": "1260103.37375"}, {"ActualPosition": {"Angle": "88", "X": "7126", "Y": "192223", "Z": null}, "CameraIndividualId": "4034", "FiducialFunction": "0", "GantryId": "4", "MeasurementResult": "0", "NominalPosition": {"Angle": "0", "X": "7970", "Y": "192030", "Z": null}, "Path": "A5E50302021lt01/1/02/1", "StationTime": "2021-11-30T00:33:11.9700000+08:00", "TimeStampSinceStationStarted": "1260103.37375"}]}, "NominalPosition": {"Angle": "0", "X": "-528032", "Y": "-232838", "Z": "-5000"}}]}, "ProgressDataList": {"ProductionProgressData": {"BoardContext": {"BoardPanels": {"BoardPanel": [{"Id": "2", "PanelPath": "A5E50302021lt01/A1"}, {"Id": "3", "PanelPath": "A5E50302021lt01/B1"}]}}, "ComponentIndividuals": {"ComponentIndividual": [{"HeadSegmentId": "67588", "Measures": {"MeasureList": [{"CameraIndividualId": "4033", "MeasurementResult": "0", "PhiDeviation": "-149502", "TimeStampSinceStationStarted": "1260104.040832", "VisionDumpPath": "C:\\Sirio\\Work\\SvDumpFiles\\PartCameraDumps\\JID_403356964_OID_427070000_SEG_1_BE-Bibliothek.A5E50179091_R1260097439.svdmp", "XDeviation": "28560", "YDeviation": "-8533"}]}, "Pick": {"ActualPickPosition": {"Angle": "0", "X": "15126", "Y": "-71150"}, "MeasuredComponentHeight": "0", "NominalPickPosition": {"Angle": "0", "X": "15223", "Y": "-71349"}, "PickupLocationId": "266", "Result": "0", "TimeStampSinceStationStarted": "1260100.954311", "VacuumAbsolute": "-787", "VacuumRelative": "-787", "ZEndPosition": "47612500", "ZTargetPosition": "47627013"}, "Place": {"ActualPlacePosition": {"Angle": "0", "X": "200744", "Y": "27967"}, "AirkissPressure": "74", "BoardPanelId": "3", "HoldingCircuitPressure": "2147483647", "NominalPlacePosition": {"Angle": "0", "X": "200731", "Y": "27980"}, "ReferenceDesignator": "D2_BGA_90_IC_DRAM_51", "Result": "0", "TimeStampSinceStationStarted": "1260104.443918", "VacuumAbsolute": "-837", "VacuumRelative": "96", "ZEndPosition": "46592000", "ZTargetPosition": "46590203"}, "ElectricalMeasurement": null, "Dip": null}, {"HeadSegmentId": "67588", "Measures": {"MeasureList": [{"CameraIndividualId": "4033", "MeasurementResult": "0", "PhiDeviation": "841210", "TimeStampSinceStationStarted": "1260105.774447", "VisionDumpPath": "C:\\Sirio\\Work\\SvDumpFiles\\PartCameraDumps\\JID_403356965_OID_427070001_SEG_1_BE-Bibliothek.A5E00277754_R1260101562.svdmp", "XDeviation": "-103585", "YDeviation": "-8605"}]}, "Pick": {"ActualPickPosition": {"Angle": "0", "X": "18028", "Y": "-70606"}, "MeasuredComponentHeight": "0", "NominalPickPosition": {"Angle": "0", "X": "17686", "Y": "-70421"}, "PickupLocationId": "272", "Result": "0", "TimeStampSinceStationStarted": "1260105.077543", "VacuumAbsolute": "-830", "VacuumRelative": "-830", "ZEndPosition": "47273500", "ZTargetPosition": "47270803"}, "Place": {"ActualPlacePosition": {"Angle": "180000", "X": "226599", "Y": "49071"}, "AirkissPressure": "72", "BoardPanelId": "3", "HoldingCircuitPressure": "2147483647", "NominalPlacePosition": {"Angle": "180000", "X": "226581", "Y": "49080"}, "ReferenceDesignator": "X101_EXSOP_14_STECK_", "Result": "0", "TimeStampSinceStationStarted": "1260106.258978", "VacuumAbsolute": "-852", "VacuumRelative": "99", "ZEndPosition": "39032500", "ZTargetPosition": "39028385"}, "ElectricalMeasurement": null, "Dip": null}, {"HeadSegmentId": "133124", "Measures": {"MeasureList": [{"CameraIndividualId": "4033", "MeasurementResult": "0", "PhiDeviation": "613150", "TimeStampSinceStationStarted": "1260105.916388", "VisionDumpPath": "C:\\Sirio\\Work\\SvDumpFiles\\PartCameraDumps\\JID_403356966_OID_427070002_SEG_2_BE-Bibliothek.A5E00277754_R1260101778.svdmp", "XDeviation": "-66739", "YDeviation": "-12590"}]}, "Pick": {"ActualPickPosition": {"Angle": "0", "X": "18028", "Y": "-70606"}, "MeasuredComponentHeight": "0", "NominalPickPosition": {"Angle": "0", "X": "17686", "Y": "-70421"}, "PickupLocationId": "272", "Result": "0", "TimeStampSinceStationStarted": "1260105.292707", "VacuumAbsolute": "-834", "VacuumRelative": "-834", "ZEndPosition": "47334500", "ZTargetPosition": "47291303"}, "Place": {"ActualPlacePosition": {"Angle": "180000", "X": "106078", "Y": "49071"}, "AirkissPressure": "73", "BoardPanelId": "2", "HoldingCircuitPressure": "2147483647", "NominalPlacePosition": {"Angle": "180000", "X": "106081", "Y": "49080"}, "ReferenceDesignator": "X101_EXSOP_14_STECK_", "Result": "0", "TimeStampSinceStationStarted": "1260106.424928", "VacuumAbsolute": "-846", "VacuumRelative": "98", "ZEndPosition": "38828500", "ZTargetPosition": "38779262"}, "ElectricalMeasurement": null, "Dip": null}, {"HeadSegmentId": "67588", "Measures": {"MeasureList": [{"CameraIndividualId": "4033", "MeasurementResult": "0", "PhiDeviation": "-244645", "TimeStampSinceStationStarted": "1260107.520486", "VisionDumpPath": "C:\\Sirio\\Work\\SvDumpFiles\\PartCameraDumps\\JID_403356967_OID_427070003_SEG_1_BE-Bibliothek.A5E50179091_R1260103554.svdmp", "XDeviation": "31147", "YDeviation": "26689"}]}, "Pick": {"ActualPickPosition": {"Angle": "0", "X": "15126", "Y": "-71150"}, "MeasuredComponentHeight": "0", "NominalPickPosition": {"Angle": "0", "X": "15225", "Y": "-71350"}, "PickupLocationId": "266", "Result": "0", "TimeStampSinceStationStarted": "1260107.069205", "VacuumAbsolute": "-787", "VacuumRelative": "-787", "ZEndPosition": "47684000", "ZTargetPosition": "47623384"}, "Place": {"ActualPlacePosition": {"Angle": "0", "X": "80223", "Y": "27967"}, "AirkissPressure": "76", "BoardPanelId": "2", "HoldingCircuitPressure": "2147483647", "NominalPlacePosition": {"Angle": "0", "X": "80231", "Y": "27980"}, "ReferenceDesignator": "D2_BGA_90_IC_DRAM_51", "Result": "0", "TimeStampSinceStationStarted": "1260107.923354", "VacuumAbsolute": "-836", "VacuumRelative": "96", "ZEndPosition": "46560500", "ZTargetPosition": "46555120"}, "ElectricalMeasurement": null, "Dip": null}]}, "HeadContext": {"HeadSegments": {"HeadSegment": [{"GantryId": "4", "Head": "1", "HeadName": "Twin Head 5xx", "Id": "67588", "NozzleTypeId": "516", "SegmentNumber": "1"}, {"GantryId": "4", "Head": "1", "HeadName": "Twin Head 5xx", "Id": "133124", "NozzleTypeId": "516", "SegmentNumber": "2"}]}}, "SetupContext": {"PickupLocations": {"PickupLocation": [{"Division": "1", "FeederId": "24FAUE600590", "FeederType": "280", "Id": "266", "Level": "0", "Location": "4", "StartTrackNumber": "4", "SubLocation": "1", "Tower": "0", "PackagingUid": "M05320381"}, {"Division": "1", "FeederId": "32KL-K405124", "FeederType": "288", "Id": "272", "Level": "0", "Location": "4", "StartTrackNumber": "32", "SubLocation": "1", "Tower": "0", "PackagingUid": "M05323060"}]}}}}, "ProductionEndedData": {"StationTime": "2021-11-30T00:33:16.9000000+08:00", "TimeStampSinceStationStarted": "1260108.303644"}}