{"name": "PDI_Line5_4070345905_20211130024251.txt", "Timestamp": "2021-11-30T02:42:37.4554921+08:00", "TxnID": "6e87c721-d9c0-4ef2-882f-5ef56470d832", "Line": "SEWC-Lines\\Line5", "Machine": "Line5\\ST3_X3 S", "ProductionStartedData": [{"ConveyorLanePosition": "1", "ConveyorStopperPosition": "1", "Pcb": {"BarcodeReaderPosition": "0", "BoardSide": "1", "IndividualGUID": "82eaf830-5ad1-4a23-ac1d-b9fbd72f30b0", "LineJobGUID": "3a5e1e40-f5b9-457f-8e3c-d7ab63795644", "Path": "STAB\\A5E50302021lt01", "PcbIndividualID": "43039", "RecipePath": "Line5\\Smart_CPU_L5_702SAF\\A5E50302021lt01", "Barcode": "", "OrderNumber": null}, "ProcessingAreaPosition": "1", "SetupPath": "Line5\\Smart_CPU_L5_702SAF", "StationTime": "2021-11-30T02:40:14.1620000+08:00", "TimeStampSinceStationStarted": "1267725.527616"}], "BoardPositionsList": {"BoardPositions": [{"ActualPosition": {"Angle": "15", "X": "-528802", "Y": "-232770", "Z": "-5000"}, "FiducialPositions": {"FiducialRecognitionResult": [{"ActualPosition": {"Angle": "29", "X": "242683", "Y": "10636", "Z": null}, "CameraIndividualId": "4034", "FiducialFunction": "0", "GantryId": "4", "MeasurementResult": "0", "NominalPosition": {"Angle": "0", "X": "243420", "Y": "10530", "Z": null}, "Path": "A5E50302021lt01/1/01/1", "StationTime": "2021-11-30T02:40:17.2490000+08:00", "TimeStampSinceStationStarted": "1267728.61502"}, {"ActualPosition": {"Angle": "49", "X": "7112", "Y": "192128", "Z": null}, "CameraIndividualId": "4034", "FiducialFunction": "0", "GantryId": "4", "MeasurementResult": "0", "NominalPosition": {"Angle": "0", "X": "7970", "Y": "192030", "Z": null}, "Path": "A5E50302021lt01/1/02/1", "StationTime": "2021-11-30T02:40:17.2490000+08:00", "TimeStampSinceStationStarted": "1267728.61502"}]}, "NominalPosition": {"Angle": "0", "X": "-528032", "Y": "-232838", "Z": "-5000"}}]}, "ProgressDataList": {"ProductionProgressData": {"BoardContext": {"BoardPanels": {"BoardPanel": [{"Id": "2", "PanelPath": "A5E50302021lt01/A1"}, {"Id": "3", "PanelPath": "A5E50302021lt01/B1"}]}}, "ComponentIndividuals": {"ComponentIndividual": [{"HeadSegmentId": "67588", "Measures": {"MeasureList": [{"CameraIndividualId": "4033", "MeasurementResult": "0", "PhiDeviation": "-234314", "TimeStampSinceStationStarted": "1267729.280636", "VisionDumpPath": "C:\\Sirio\\Work\\SvDumpFiles\\PartCameraDumps\\JID_403358275_OID_430390000_SEG_1_BE-Bibliothek.A5E50179091_R1267722698.svdmp", "XDeviation": "13090", "YDeviation": "51930"}]}, "Pick": {"ActualPickPosition": {"Angle": "0", "X": "15126", "Y": "-71150"}, "MeasuredComponentHeight": "0", "NominalPickPosition": {"Angle": "0", "X": "15222", "Y": "-71321"}, "PickupLocationId": "266", "Result": "0", "TimeStampSinceStationStarted": "1267726.176122", "VacuumAbsolute": "-785", "VacuumRelative": "-785", "ZEndPosition": "47578000", "ZTargetPosition": "47613247"}, "Place": {"ActualPlacePosition": {"Angle": "0", "X": "200754", "Y": "27958"}, "AirkissPressure": "71", "BoardPanelId": "3", "HoldingCircuitPressure": "2147483647", "NominalPlacePosition": {"Angle": "0", "X": "200731", "Y": "27980"}, "ReferenceDesignator": "D2_BGA_90_IC_DRAM_51", "Result": "0", "TimeStampSinceStationStarted": "1267729.683467", "VacuumAbsolute": "-837", "VacuumRelative": "96", "ZEndPosition": "46583500", "ZTargetPosition": "46574257"}, "ElectricalMeasurement": null, "Dip": null}, {"HeadSegmentId": "67588", "Measures": {"MeasureList": [{"CameraIndividualId": "4033", "MeasurementResult": "0", "PhiDeviation": "323604", "TimeStampSinceStationStarted": "1267731.013481", "VisionDumpPath": "C:\\Sirio\\Work\\SvDumpFiles\\PartCameraDumps\\JID_403358276_OID_430390001_SEG_1_BE-Bibliothek.A5E00277754_R1267726842.svdmp", "XDeviation": "139786", "YDeviation": "17915"}]}, "Pick": {"ActualPickPosition": {"Angle": "0", "X": "18028", "Y": "-70606"}, "MeasuredComponentHeight": "0", "NominalPickPosition": {"Angle": "0", "X": "17707", "Y": "-70471"}, "PickupLocationId": "272", "Result": "0", "TimeStampSinceStationStarted": "1267730.319766", "VacuumAbsolute": "-827", "VacuumRelative": "-827", "ZEndPosition": "47301000", "ZTargetPosition": "47283889"}, "Place": {"ActualPlacePosition": {"Angle": "180000", "X": "226612", "Y": "49064"}, "AirkissPressure": "77", "BoardPanelId": "3", "HoldingCircuitPressure": "2147483647", "NominalPlacePosition": {"Angle": "180000", "X": "226581", "Y": "49080"}, "ReferenceDesignator": "X101_EXSOP_14_STECK_", "Result": "0", "TimeStampSinceStationStarted": "1267731.498134", "VacuumAbsolute": "-849", "VacuumRelative": "98", "ZEndPosition": "39004500", "ZTargetPosition": "38980687"}, "ElectricalMeasurement": null, "Dip": null}, {"HeadSegmentId": "133124", "Measures": {"MeasureList": [{"CameraIndividualId": "4033", "MeasurementResult": "0", "PhiDeviation": "120280", "TimeStampSinceStationStarted": "1267731.155579", "VisionDumpPath": "C:\\Sirio\\Work\\SvDumpFiles\\PartCameraDumps\\JID_403358277_OID_430390002_SEG_2_BE-Bibliothek.A5E00277754_R1267727057.svdmp", "XDeviation": "-119500", "YDeviation": "-52649"}]}, "Pick": {"ActualPickPosition": {"Angle": "0", "X": "18028", "Y": "-70606"}, "MeasuredComponentHeight": "0", "NominalPickPosition": {"Angle": "0", "X": "17707", "Y": "-70471"}, "PickupLocationId": "272", "Result": "0", "TimeStampSinceStationStarted": "1267730.535011", "VacuumAbsolute": "-832", "VacuumRelative": "-832", "ZEndPosition": "47325000", "ZTargetPosition": "47304389"}, "Place": {"ActualPlacePosition": {"Angle": "180000", "X": "106075", "Y": "49064"}, "AirkissPressure": "72", "BoardPanelId": "2", "HoldingCircuitPressure": "2147483647", "NominalPlacePosition": {"Angle": "180000", "X": "106081", "Y": "49080"}, "ReferenceDesignator": "X101_EXSOP_14_STECK_", "Result": "0", "TimeStampSinceStationStarted": "1267731.666839", "VacuumAbsolute": "-845", "VacuumRelative": "98", "ZEndPosition": "38787500", "ZTargetPosition": "38768878"}, "ElectricalMeasurement": null, "Dip": null}, {"HeadSegmentId": "67588", "Measures": {"MeasureList": [{"CameraIndividualId": "4033", "MeasurementResult": "0", "PhiDeviation": "-364265", "TimeStampSinceStationStarted": "1267732.753095", "VisionDumpPath": "C:\\Sirio\\Work\\SvDumpFiles\\PartCameraDumps\\JID_403358278_OID_430390003_SEG_1_BE-Bibliothek.A5E50179091_R1267728831.svdmp", "XDeviation": "5259", "YDeviation": "-42544"}]}, "Pick": {"ActualPickPosition": {"Angle": "0", "X": "15126", "Y": "-71150"}, "MeasuredComponentHeight": "0", "NominalPickPosition": {"Angle": "0", "X": "15223", "Y": "-71318"}, "PickupLocationId": "266", "Result": "0", "TimeStampSinceStationStarted": "1267732.308935", "VacuumAbsolute": "-787", "VacuumRelative": "-787", "ZEndPosition": "47626500", "ZTargetPosition": "47604435"}, "Place": {"ActualPlacePosition": {"Angle": "0", "X": "80217", "Y": "27958"}, "AirkissPressure": "74", "BoardPanelId": "2", "HoldingCircuitPressure": "2147483647", "NominalPlacePosition": {"Angle": "0", "X": "80231", "Y": "27980"}, "ReferenceDesignator": "D2_BGA_90_IC_DRAM_51", "Result": "0", "TimeStampSinceStationStarted": "1267733.156247", "VacuumAbsolute": "-839", "VacuumRelative": "96", "ZEndPosition": "46550500", "ZTargetPosition": "46538880"}, "ElectricalMeasurement": null, "Dip": null}]}, "HeadContext": {"HeadSegments": {"HeadSegment": [{"GantryId": "4", "Head": "1", "HeadName": "Twin Head 5xx", "Id": "67588", "NozzleTypeId": "516", "SegmentNumber": "1"}, {"GantryId": "4", "Head": "1", "HeadName": "Twin Head 5xx", "Id": "133124", "NozzleTypeId": "516", "SegmentNumber": "2"}]}}, "SetupContext": {"PickupLocations": {"PickupLocation": [{"Division": "1", "FeederId": "24FAUE600590", "FeederType": "280", "Id": "266", "Level": "0", "Location": "4", "StartTrackNumber": "4", "SubLocation": "1", "Tower": "0", "PackagingUid": "M05320388"}, {"Division": "1", "FeederId": "32KL-K405124", "FeederType": "288", "Id": "272", "Level": "0", "Location": "4", "StartTrackNumber": "32", "SubLocation": "1", "Tower": "0", "PackagingUid": "M05323047"}]}}}}, "ProductionEndedData": {"StationTime": "2021-11-30T02:40:22.1690000+08:00", "TimeStampSinceStationStarted": "1267733.53519"}}