{"name": "PDI_Line5_3878749383_20211130180001.txt", "Timestamp": "2021-11-30T17:59:44.6955462+08:00", "TxnID": "a46ebf33-e9db-4290-9d5d-40027bc263b5", "Line": "SEWC-Lines\\Line5", "Machine": "Line5\\ST3_X3 S", "ProductionStartedData": [{"ConveyorLanePosition": "2", "ConveyorStopperPosition": "1", "Pcb": {"BarcodeReaderPosition": "0", "BoardSide": "1", "IndividualGUID": "cc20566d-c4d8-4985-8692-16da28f20abc", "LineJobGUID": "e5c1bbcc-188b-45e0-8688-0345d94b6a3b", "Path": "STAB\\A5E50302024bt02", "PcbIndividualID": "43730", "RecipePath": "Line5\\Smart_CPU_L5_702SAF\\A5E50302024bt02", "Barcode": "", "OrderNumber": null}, "ProcessingAreaPosition": "1", "SetupPath": "Line5\\Smart_CPU_L5_702SAF", "StationTime": "2021-11-30T17:57:20.3540000+08:00", "TimeStampSinceStationStarted": "1322751.44678"}], "BoardPositionsList": {"BoardPositions": [{"ActualPosition": {"Angle": "-286", "X": "-476687", "Y": "17746", "Z": "-5000"}, "FiducialPositions": {"FiducialRecognitionResult": [{"ActualPosition": {"Angle": "-260", "X": "4091", "Y": "12730", "Z": null}, "CameraIndividualId": "4034", "FiducialFunction": "0", "GantryId": "4", "MeasurementResult": "0", "NominalPosition": {"Angle": "0", "X": "4810", "Y": "11697", "Z": null}, "Path": "A5E50302024bt02/1/01/1", "StationTime": "2021-11-30T17:57:20.3540000+08:00", "TimeStampSinceStationStarted": "1322751.44678"}, {"ActualPosition": {"Angle": "-312", "X": "192969", "Y": "186087", "Z": null}, "CameraIndividualId": "4034", "FiducialFunction": "0", "GantryId": "4", "MeasurementResult": "0", "NominalPosition": {"Angle": "0", "X": "192833", "Y": "186004", "Z": null}, "Path": "A5E50302024bt02/1/02/1", "StationTime": "2021-11-30T17:57:20.3540000+08:00", "TimeStampSinceStationStarted": "1322751.44678"}]}, "NominalPosition": {"Angle": "0", "X": "-475904", "Y": "16695", "Z": "-5000"}}]}, "ProgressDataList": {"ProductionProgressData": {"BoardContext": {"BoardPanels": {"BoardPanel": [{"Id": "2", "PanelPath": "A5E50302024bt02/A1"}]}}, "ComponentIndividuals": {"ComponentIndividual": [{"HeadSegmentId": "66049", "Measures": {"MeasureList": [{"CameraIndividualId": "1033", "MeasurementResult": "0", "PhiDeviation": "-697857", "TimeStampSinceStationStarted": "1322752.702778", "VisionDumpPath": "C:\\Sirio\\Work\\SvDumpFiles\\PartCameraDumps\\JID_103386413_OID_437300000_SEG_1_BE-Bibliothek.A5E00701727_R1322748770.svdmp", "XDeviation": "-127041", "YDeviation": "-126214"}]}, "Pick": {"ActualPickPosition": {"Angle": "180000", "X": "15250", "Y": "-70500"}, "MeasuredComponentHeight": "0", "NominalPickPosition": {"Angle": "180000", "X": "15264", "Y": "-70671"}, "PickupLocationId": "240", "Result": "0", "TimeStampSinceStationStarted": "1322751.97518", "VacuumAbsolute": "-791", "VacuumRelative": "-791", "ZEndPosition": "47047000", "ZTargetPosition": "47042248"}, "Place": {"ActualPlacePosition": {"Angle": "-90002", "X": "174216", "Y": "142276"}, "AirkissPressure": "73", "BoardPanelId": "2", "HoldingCircuitPressure": "2147483647", "NominalPlacePosition": {"Angle": "-90000", "X": "174220", "Y": "142270"}, "ReferenceDesignator": "C2808_CAPA_2_22_KOND", "Result": "0", "TimeStampSinceStationStarted": "1322753.086764", "VacuumAbsolute": "-802", "VacuumRelative": "96", "ZEndPosition": "36864500", "ZTargetPosition": "36841971"}, "ElectricalMeasurement": null, "Dip": null}, {"HeadSegmentId": "67588", "Measures": {"MeasureList": [{"CameraIndividualId": "4033", "MeasurementResult": "0", "PhiDeviation": "-258604", "TimeStampSinceStationStarted": "1322753.667283", "VisionDumpPath": "C:\\Sirio\\Work\\SvDumpFiles\\PartCameraDumps\\JID_403371386_OID_437300001_SEG_1_BE-Bibliothek.A5E30248076_R1322749473.svdmp", "XDeviation": "-712579", "YDeviation": "-923469"}]}, "Pick": {"ActualPickPosition": {"Angle": "180000", "X": "17020", "Y": "-69475"}, "MeasuredComponentHeight": "0", "NominalPickPosition": {"Angle": "180000", "X": "17020", "Y": "-69475"}, "PickupLocationId": "267", "Result": "0", "TimeStampSinceStationStarted": "1322752.677899", "VacuumAbsolute": "-792", "VacuumRelative": "-792", "ZEndPosition": "47297000", "ZTargetPosition": "47293570"}, "Place": {"ActualPlacePosition": {"Angle": "180000", "X": "170916", "Y": "31754"}, "AirkissPressure": "72", "BoardPanelId": "2", "HoldingCircuitPressure": "2147483647", "NominalPlacePosition": {"Angle": "180000", "X": "170920", "Y": "31750"}, "ReferenceDesignator": "X802_CONN_8_38_SONST", "Result": "0", "TimeStampSinceStationStarted": "1322754.099865", "VacuumAbsolute": "-794", "VacuumRelative": "85", "ZEndPosition": "33385500", "ZTargetPosition": "33406849"}, "ElectricalMeasurement": null, "Dip": null}, {"HeadSegmentId": "131585", "Measures": {"MeasureList": [{"CameraIndividualId": "1033", "MeasurementResult": "0", "PhiDeviation": "227701", "TimeStampSinceStationStarted": "1322754.865157", "VisionDumpPath": "C:\\Sirio\\Work\\SvDumpFiles\\PartCameraDumps\\JID_103386414_OID_437300002_SEG_2_BE-Bibliothek.A5E02285215_R1322750501.svdmp", "XDeviation": "-98130", "YDeviation": "544139"}]}, "Pick": {"ActualPickPosition": {"Angle": "180000", "X": "23950", "Y": "-70500"}, "MeasuredComponentHeight": "0", "NominalPickPosition": {"Angle": "180000", "X": "23950", "Y": "-70500"}, "PickupLocationId": "241", "Result": "0", "TimeStampSinceStationStarted": "1322753.70512", "VacuumAbsolute": "-855", "VacuumRelative": "-855", "ZEndPosition": "48458000", "ZTargetPosition": "48450982"}, "Place": {"ActualPlacePosition": {"Angle": "-90002", "X": "20868", "Y": "24258"}, "AirkissPressure": "73", "BoardPanelId": "2", "HoldingCircuitPressure": "2147483647", "NominalPlacePosition": {"Angle": "-90000", "X": "20870", "Y": "24250"}, "ReferenceDesignator": "X501_CONN_DSUB_9_STE", "Result": "0", "TimeStampSinceStationStarted": "1322755.631297", "VacuumAbsolute": "-856", "VacuumRelative": "102", "ZEndPosition": "36484500", "ZTargetPosition": "36500667"}, "ElectricalMeasurement": null, "Dip": null}, {"HeadSegmentId": "66049", "Measures": {"MeasureList": [{"CameraIndividualId": "1033", "MeasurementResult": "0", "PhiDeviation": "-564517", "TimeStampSinceStationStarted": "1322755.162215", "VisionDumpPath": "C:\\Sirio\\Work\\SvDumpFiles\\PartCameraDumps\\JID_103386415_OID_437300003_SEG_1_BE-Bibliothek.A5E00189819_R1322750917.svdmp", "XDeviation": "143043", "YDeviation": "-8916"}]}, "Pick": {"ActualPickPosition": {"Angle": "0", "X": "15250", "Y": "-70500"}, "MeasuredComponentHeight": "0", "NominalPickPosition": {"Angle": "0", "X": "15098", "Y": "-70434"}, "PickupLocationId": "242", "Result": "0", "TimeStampSinceStationStarted": "1322754.121155", "VacuumAbsolute": "-804", "VacuumRelative": "-804", "ZEndPosition": "47367000", "ZTargetPosition": "47353481"}, "Place": {"ActualPlacePosition": {"Angle": "0", "X": "132198", "Y": "142336"}, "AirkissPressure": "72", "BoardPanelId": "2", "HoldingCircuitPressure": "2147483647", "NominalPlacePosition": {"Angle": "0", "X": "132200", "Y": "142330"}, "ReferenceDesignator": "T2800_EX120_TRAFO_SC", "Result": "0", "TimeStampSinceStationStarted": "1322755.97582", "VacuumAbsolute": "-804", "VacuumRelative": "96", "ZEndPosition": "41322500", "ZTargetPosition": "41317787"}, "ElectricalMeasurement": null, "Dip": null}, {"HeadSegmentId": "133124", "Measures": {"MeasureList": [{"CameraIndividualId": "4033", "MeasurementResult": "0", "PhiDeviation": "709346", "TimeStampSinceStationStarted": "1322756.547758", "VisionDumpPath": "C:\\Sirio\\Work\\SvDumpFiles\\PartCameraDumps\\JID_403371387_OID_437300004_SEG_2_BE-Bibliothek.A5E44859639_R1322751619.svdmp", "XDeviation": "38172", "YDeviation": "-45183"}]}, "Pick": {"ActualPickPosition": {"Angle": "0", "X": "6000", "Y": "-49500"}, "MeasuredComponentHeight": "0", "NominalPickPosition": {"Angle": "0", "X": "5979", "Y": "-49492"}, "PickupLocationId": "280", "Result": "0", "TimeStampSinceStationStarted": "1322754.824536", "VacuumAbsolute": "-846", "VacuumRelative": "-846", "ZEndPosition": "46262500", "ZTargetPosition": "46252631"}, "Place": {"ActualPlacePosition": {"Angle": "180000", "X": "25010", "Y": "160901"}, "AirkissPressure": "75", "BoardPanelId": "2", "HoldingCircuitPressure": "2147483647", "NominalPlacePosition": {"Angle": "180000", "X": "25006", "Y": "160905"}, "ReferenceDesignator": "U2005_SOP_8/SOIC_8_O", "Result": "0", "TimeStampSinceStationStarted": "1322757.005437", "VacuumAbsolute": "-847", "VacuumRelative": "97", "ZEndPosition": "43666500", "ZTargetPosition": "43632846"}, "ElectricalMeasurement": null, "Dip": null}, {"HeadSegmentId": "67588", "Measures": {"MeasureList": [{"CameraIndividualId": "4033", "MeasurementResult": "0", "PhiDeviation": "-58397", "TimeStampSinceStationStarted": "1322756.759891", "VisionDumpPath": "C:\\Sirio\\Work\\SvDumpFiles\\PartCameraDumps\\JID_403371388_OID_437300005_SEG_1_BE-Bibliothek.A5E45275537_R1322751955.svdmp", "XDeviation": "-245656", "YDeviation": "9161"}]}, "Pick": {"ActualPickPosition": {"Angle": "0", "X": "17470", "Y": "-70910"}, "MeasuredComponentHeight": "0", "NominalPickPosition": {"Angle": "0", "X": "17902", "Y": "-70976"}, "PickupLocationId": "271", "Result": "0", "TimeStampSinceStationStarted": "1322755.159483", "VacuumAbsolute": "-800", "VacuumRelative": "-800", "ZEndPosition": "47067000", "ZTargetPosition": "47109025"}, "Place": {"ActualPlacePosition": {"Angle": "180000", "X": "54403", "Y": "75351"}, "AirkissPressure": "72", "BoardPanelId": "2", "HoldingCircuitPressure": "2147483647", "NominalPlacePosition": {"Angle": "180000", "X": "54400", "Y": "75350"}, "ReferenceDesignator": "X601_CONN_16_STECK_R", "Result": "0", "TimeStampSinceStationStarted": "1322757.364537", "VacuumAbsolute": "-821", "VacuumRelative": "91", "ZEndPosition": "39047500", "ZTargetPosition": "39082223"}, "ElectricalMeasurement": null, "Dip": null}, {"HeadSegmentId": "66049", "Measures": {"MeasureList": [{"CameraIndividualId": "1033", "MeasurementResult": "0", "PhiDeviation": "-384393", "TimeStampSinceStationStarted": "1322758.479338", "VisionDumpPath": "C:\\Sirio\\Work\\SvDumpFiles\\PartCameraDumps\\JID_103386416_OID_437300006_SEG_1_BE-Bibliothek.A5E01114436_R1322754811.svdmp", "XDeviation": "-86321", "YDeviation": "82694"}]}, "Pick": {"ActualPickPosition": {"Angle": "180000", "X": "17950", "Y": "-70500"}, "MeasuredComponentHeight": "0", "NominalPickPosition": {"Angle": "180000", "X": "17898", "Y": "-70919"}, "PickupLocationId": "238", "Result": "0", "TimeStampSinceStationStarted": "1322758.014515", "VacuumAbsolute": "-772", "VacuumRelative": "-772", "ZEndPosition": "43481500", "ZTargetPosition": "43491082"}, "Place": {"ActualPlacePosition": {"Angle": "-180000", "X": "168027", "Y": "169921"}, "AirkissPressure": "73", "BoardPanelId": "2", "HoldingCircuitPressure": "2147483647", "NominalPlacePosition": {"Angle": "180000", "X": "168030", "Y": "169915"}, "ReferenceDesignator": "X605_CONN_8_STECK_RC", "Result": "0", "TimeStampSinceStationStarted": "1322758.925765", "VacuumAbsolute": "-804", "VacuumRelative": "96", "ZEndPosition": "40271500", "ZTargetPosition": "40222993"}, "ElectricalMeasurement": null, "Dip": null}, {"HeadSegmentId": "67588", "Measures": {"MeasureList": [{"CameraIndividualId": "4033", "MeasurementResult": "0", "PhiDeviation": "-306599", "TimeStampSinceStationStarted": "1322759.418825", "VisionDumpPath": "C:\\Sirio\\Work\\SvDumpFiles\\PartCameraDumps\\JID_403371389_OID_437300007_SEG_1_BE-Bibliothek.A5E30621710_R1322755009.svdmp", "XDeviation": "-94668", "YDeviation": "-84220"}]}, "Pick": {"ActualPickPosition": {"Angle": "0", "X": "15250", "Y": "-70500"}, "MeasuredComponentHeight": "0", "NominalPickPosition": {"Angle": "0", "X": "15196", "Y": "-70782"}, "PickupLocationId": "269", "Result": "0", "TimeStampSinceStationStarted": "1322758.213477", "VacuumAbsolute": "-780", "VacuumRelative": "-780", "ZEndPosition": "47044500", "ZTargetPosition": "47045285"}, "Place": {"ActualPlacePosition": {"Angle": "0", "X": "87901", "Y": "50133"}, "AirkissPressure": "77", "BoardPanelId": "2", "HoldingCircuitPressure": "2147483647", "NominalPlacePosition": {"Angle": "0", "X": "87900", "Y": "50130"}, "ReferenceDesignator": "D1500_TSSOP_56_IC_IN", "Result": "0", "TimeStampSinceStationStarted": "1322759.941549", "VacuumAbsolute": "-829", "VacuumRelative": "93", "ZEndPosition": "46217500", "ZTargetPosition": "46256356"}, "ElectricalMeasurement": null, "Dip": null}, {"HeadSegmentId": "133124", "Measures": {"MeasureList": [{"CameraIndividualId": "4033", "MeasurementResult": "0", "PhiDeviation": "-791645", "TimeStampSinceStationStarted": "1322759.578619", "VisionDumpPath": "C:\\Sirio\\Work\\SvDumpFiles\\PartCameraDumps\\JID_403371390_OID_437300008_SEG_2_BE-Bibliothek.A5E44859639_R1322755287.svdmp", "XDeviation": "-57089", "YDeviation": "-50639"}]}, "Pick": {"ActualPickPosition": {"Angle": "0", "X": "6000", "Y": "-49500"}, "MeasuredComponentHeight": "0", "NominalPickPosition": {"Angle": "0", "X": "5981", "Y": "-49495"}, "PickupLocationId": "280", "Result": "0", "TimeStampSinceStationStarted": "1322758.491848", "VacuumAbsolute": "-848", "VacuumRelative": "-848", "ZEndPosition": "46261000", "ZTargetPosition": "46255098"}, "Place": {"ActualPlacePosition": {"Angle": "180000", "X": "37654", "Y": "27184"}, "AirkissPressure": "71", "BoardPanelId": "2", "HoldingCircuitPressure": "2147483647", "NominalPlacePosition": {"Angle": "180000", "X": "37650", "Y": "27180"}, "ReferenceDesignator": "U500_SOP_8/SOIC_8_OP", "Result": "0", "TimeStampSinceStationStarted": "1322760.186573", "VacuumAbsolute": "-849", "VacuumRelative": "98", "ZEndPosition": "43790000", "ZTargetPosition": "43826322"}, "ElectricalMeasurement": null, "Dip": null}, {"HeadSegmentId": "66049", "Measures": {"MeasureList": [{"CameraIndividualId": "1033", "MeasurementResult": "0", "PhiDeviation": "193844", "TimeStampSinceStationStarted": "1322761.527671", "VisionDumpPath": "C:\\Sirio\\Work\\SvDumpFiles\\PartCameraDumps\\JID_103386417_OID_437300009_SEG_1_BE-Bibliothek.A5E02081137_R1322757544.svdmp", "XDeviation": "28993", "YDeviation": "-299265"}]}, "Pick": {"ActualPickPosition": {"Angle": "0", "X": "29950", "Y": "-70500"}, "MeasuredComponentHeight": "0", "NominalPickPosition": {"Angle": "0", "X": "30066", "Y": "-71715"}, "PickupLocationId": "244", "Result": "0", "TimeStampSinceStationStarted": "1322760.748248", "VacuumAbsolute": "-834", "VacuumRelative": "-834", "ZEndPosition": "48697500", "ZTargetPosition": "48705890"}, "Place": {"ActualPlacePosition": {"Angle": "0", "X": "164297", "Y": "153636"}, "AirkissPressure": "73", "BoardPanelId": "2", "HoldingCircuitPressure": "2147483647", "NominalPlacePosition": {"Angle": "0", "X": "164300", "Y": "153630"}, "ReferenceDesignator": "X203_CONN_32_STECK_R", "Result": "0", "TimeStampSinceStationStarted": "1322762.048952", "VacuumAbsolute": "-836", "VacuumRelative": "105", "ZEndPosition": "30088500", "ZTargetPosition": "30042655"}, "ElectricalMeasurement": null, "Dip": null}, {"HeadSegmentId": "67588", "Measures": {"MeasureList": [{"CameraIndividualId": "4033", "MeasurementResult": "0", "PhiDeviation": "-267169", "TimeStampSinceStationStarted": "1322763.362495", "VisionDumpPath": "C:\\Sirio\\Work\\SvDumpFiles\\PartCameraDumps\\JID_403371391_OID_437300011_SEG_1_BE-Bibliothek.A5E51102635_R1322759032.svdmp", "XDeviation": "-90202", "YDeviation": "-3530"}]}, "Pick": {"ActualPickPosition": {"Angle": "0", "X": "15250", "Y": "-70500"}, "MeasuredComponentHeight": "0", "NominalPickPosition": {"Angle": "0", "X": "15151", "Y": "-70493"}, "PickupLocationId": "265", "Result": "0", "TimeStampSinceStationStarted": "1322762.236505", "VacuumAbsolute": "-824", "VacuumRelative": "-824", "ZEndPosition": "47266000", "ZTargetPosition": "47248322"}, "Place": {"ActualPlacePosition": {"Angle": "180000", "X": "72052", "Y": "49983"}, "AirkissPressure": "73", "BoardPanelId": "2", "HoldingCircuitPressure": "2147483647", "NominalPlacePosition": {"Angle": "180000", "X": "72050", "Y": "49980"}, "ReferenceDesignator": "D3_BGA_63_", "Result": "0", "TimeStampSinceStationStarted": "1322763.706222", "VacuumAbsolute": "-826", "VacuumRelative": "92", "ZEndPosition": "46318000", "ZTargetPosition": "46337508"}, "ElectricalMeasurement": null, "Dip": null}, {"HeadSegmentId": "133124", "Measures": {"MeasureList": [{"CameraIndividualId": "4033", "MeasurementResult": "0", "PhiDeviation": "-1335752", "TimeStampSinceStationStarted": "1322763.150381", "VisionDumpPath": "C:\\Sirio\\Work\\SvDumpFiles\\PartCameraDumps\\JID_403371392_OID_437300010_SEG_2_BE-Bibliothek.A5E44859639_R1322759427.svdmp", "XDeviation": "252003", "YDeviation": "-83076"}]}, "Pick": {"ActualPickPosition": {"Angle": "0", "X": "6000", "Y": "-49500"}, "MeasuredComponentHeight": "0", "NominalPickPosition": {"Angle": "0", "X": "5978", "Y": "-49497"}, "PickupLocationId": "280", "Result": "0", "TimeStampSinceStationStarted": "1322762.630966", "VacuumAbsolute": "-847", "VacuumRelative": "-847", "ZEndPosition": "46271000", "ZTargetPosition": "46256574"}, "Place": {"ActualPlacePosition": {"Angle": "180000", "X": "32210", "Y": "160901"}, "AirkissPressure": "76", "BoardPanelId": "2", "HoldingCircuitPressure": "2147483647", "NominalPlacePosition": {"Angle": "180000", "X": "32206", "Y": "160905"}, "ReferenceDesignator": "U2006_SOP_8/SOIC_8_O", "Result": "0", "TimeStampSinceStationStarted": "1322764.039641", "VacuumAbsolute": "-848", "VacuumRelative": "97", "ZEndPosition": "43667500", "ZTargetPosition": "43637292"}, "ElectricalMeasurement": null, "Dip": null}]}, "HeadContext": {"HeadSegments": {"HeadSegment": [{"GantryId": "1", "Head": "1", "HeadName": "Twin Head 5xx", "Id": "66049", "NozzleTypeId": "517", "SegmentNumber": "1"}, {"GantryId": "4", "Head": "1", "HeadName": "Twin Head 5xx", "Id": "67588", "NozzleTypeId": "516", "SegmentNumber": "1"}, {"GantryId": "1", "Head": "1", "HeadName": "Twin Head 5xx", "Id": "131585", "NozzleTypeId": "573", "SegmentNumber": "2"}, {"GantryId": "4", "Head": "1", "HeadName": "Twin Head 5xx", "Id": "133124", "NozzleTypeId": "597", "SegmentNumber": "2"}]}}, "SetupContext": {"PickupLocations": {"PickupLocation": [{"Division": "1", "FeederId": "32FAUE900466", "FeederType": "288", "Id": "238", "Level": "0", "Location": "1", "StartTrackNumber": "7", "SubLocation": "1", "Tower": "0", "PackagingUid": "M05328016"}, {"Division": "1", "FeederId": "24KL-L205402", "FeederType": "280", "Id": "240", "Level": "0", "Location": "1", "StartTrackNumber": "14", "SubLocation": "1", "Tower": "0", "PackagingUid": "M05187748"}, {"Division": "1", "FeederId": "44KL-K305106", "FeederType": "300", "Id": "241", "Level": "0", "Location": "1", "StartTrackNumber": "17", "SubLocation": "1", "Tower": "0", "PackagingUid": "M04859330"}, {"Division": "1", "FeederId": "24KL-K305319", "FeederType": "280", "Id": "242", "Level": "0", "Location": "1", "StartTrackNumber": "22", "SubLocation": "1", "Tower": "0", "PackagingUid": "M04790535"}, {"Division": "1", "FeederId": "56FAUE300111", "FeederType": "312", "Id": "244", "Level": "0", "Location": "1", "StartTrackNumber": "27", "SubLocation": "1", "Tower": "0", "PackagingUid": "M05301307"}, {"Division": "1", "FeederId": "24FAUE900672", "FeederType": "280", "Id": "265", "Level": "0", "Location": "4", "StartTrackNumber": "1", "SubLocation": "1", "Tower": "0", "PackagingUid": "A00061487"}, {"Division": "1", "FeederId": "32FAUE000671", "FeederType": "288", "Id": "267", "Level": "0", "Location": "4", "StartTrackNumber": "16", "SubLocation": "1", "Tower": "0", "PackagingUid": "M05305956"}, {"Division": "1", "FeederId": "24KL-N300550", "FeederType": "280", "Id": "269", "Level": "0", "Location": "4", "StartTrackNumber": "22", "SubLocation": "1", "Tower": "0", "PackagingUid": "M05263329"}, {"Division": "1", "FeederId": "32FAUE900659", "FeederType": "288", "Id": "271", "Level": "0", "Location": "4", "StartTrackNumber": "28", "SubLocation": "1", "Tower": "0", "PackagingUid": "M05325464"}, {"Division": "1", "FeederId": "12KL-F105078", "FeederType": "268", "Id": "280", "Level": "0", "Location": "4", "StartTrackNumber": "14", "SubLocation": "1", "Tower": "0", "PackagingUid": "M05245896"}]}}}}, "ProductionEndedData": {"StationTime": "2021-11-30T17:57:33.3900000+08:00", "TimeStampSinceStationStarted": "1322764.482777"}}