{"name": "PDI_Line5_3835167774_20211130223923.txt", "Timestamp": "2021-11-30T22:39:12.2541347+08:00", "TxnID": "63738168-ead3-4262-a16b-de7f036381a5", "Line": "SEWC-Lines\\Line5", "Machine": "Line5\\ST3_X3 S", "ProductionStartedData": [{"ConveyorLanePosition": "1", "ConveyorStopperPosition": "1", "Pcb": {"BarcodeReaderPosition": "0", "BoardSide": "1", "IndividualGUID": "e1559020-d6e9-4233-97e5-39875088be4b", "LineJobGUID": "0eac2a39-09f1-470d-9bd7-2a5e9815b5ca", "Path": "STAB\\A5E50302024lt02", "PcbIndividualID": "45353", "RecipePath": "Line5\\Smart_CPU_L5_702SAF\\A5E50302024lt02", "Barcode": "", "OrderNumber": null}, "ProcessingAreaPosition": "2", "SetupPath": "Line5\\Smart_CPU_L5_702SAF", "StationTime": "2021-11-30T22:36:47.6550000+08:00", "TimeStampSinceStationStarted": "1339518.665628"}], "BoardPositionsList": {"BoardPositions": [{"ActualPosition": {"Angle": "220", "X": "509714", "Y": "-233369", "Z": "-5000"}, "FiducialPositions": {"FiducialRecognitionResult": []}, "NominalPosition": {"Angle": "0", "X": "509820", "Y": "-233646", "Z": "-5000"}}]}, "ProgressDataList": {"ProductionProgressData": {"BoardContext": {"BoardPanels": {"BoardPanel": [{"Id": "2", "PanelPath": "A5E50302024lt02/A1"}]}}, "ComponentIndividuals": {"ComponentIndividual": [{"HeadSegmentId": "132355", "Measures": {"MeasureList": [{"CameraIndividualId": "3033", "MeasurementResult": "0", "PhiDeviation": "-1748443", "TimeStampSinceStationStarted": "1339521.704074", "VisionDumpPath": "C:\\Sirio\\Work\\SvDumpFiles\\PartCameraDumps\\JID_303395661_OID_453530002_SEG_2_BE-Bibliothek.A5E01058093_R1339517318.svdmp", "XDeviation": "25142", "YDeviation": "-253683"}]}, "Pick": {"ActualPickPosition": {"Angle": "0", "X": "23950", "Y": "-70500"}, "MeasuredComponentHeight": "0", "NominalPickPosition": {"Angle": "0", "X": "23886", "Y": "-70598"}, "PickupLocationId": "263", "Result": "0", "TimeStampSinceStationStarted": "1339520.439628", "VacuumAbsolute": "-434", "VacuumRelative": "-434", "ZEndPosition": "50303000", "ZTargetPosition": "50300811"}, "Place": {"ActualPlacePosition": {"Angle": "0", "X": "67696", "Y": "66326"}, "AirkissPressure": "71", "BoardPanelId": "2", "HoldingCircuitPressure": "2147483647", "NominalPlacePosition": {"Angle": "0", "X": "67700", "Y": "66330"}, "ReferenceDesignator": "X102_CONN_28_STECK_R", "Result": "0", "TimeStampSinceStationStarted": "1339523.097507", "VacuumAbsolute": "-488", "VacuumRelative": "42", "ZEndPosition": "41581500", "ZTargetPosition": "41565676"}, "ElectricalMeasurement": null, "Dip": null}, {"HeadSegmentId": "66819", "Measures": {"MeasureList": [{"CameraIndividualId": "3033", "MeasurementResult": "0", "PhiDeviation": "642977", "TimeStampSinceStationStarted": "1339522.162347", "VisionDumpPath": "C:\\Sirio\\Work\\SvDumpFiles\\PartCameraDumps\\JID_303395660_OID_453530003_SEG_1_BE-Bibliothek.A5E02081140_R1339516432.svdmp", "XDeviation": "28075", "YDeviation": "267570"}]}, "Pick": {"ActualPickPosition": {"Angle": "0", "X": "30273", "Y": "-70772"}, "MeasuredComponentHeight": "0", "NominalPickPosition": {"Angle": "0", "X": "30826", "Y": "-70597"}, "PickupLocationId": "247", "Result": "0", "TimeStampSinceStationStarted": "1339519.553729", "VacuumAbsolute": "-828", "VacuumRelative": "-828", "ZEndPosition": "49439500", "ZTargetPosition": "49597580"}, "Place": {"ActualPlacePosition": {"Angle": "0", "X": "35191", "Y": "66326"}, "AirkissPressure": "74", "BoardPanelId": "2", "HoldingCircuitPressure": "2147483647", "NominalPlacePosition": {"Angle": "0", "X": "35200", "Y": "66330"}, "ReferenceDesignator": "X103_CONN_32_STECK_R", "Result": "0", "TimeStampSinceStationStarted": "1339523.361723", "VacuumAbsolute": "-860", "VacuumRelative": "102", "ZEndPosition": "40696500", "ZTargetPosition": "40653179"}, "ElectricalMeasurement": null, "Dip": null}]}, "HeadContext": {"HeadSegments": {"HeadSegment": [{"GantryId": "3", "Head": "1", "HeadName": "Twin Head 5xx", "Id": "66819", "NozzleTypeId": "573", "SegmentNumber": "1"}, {"GantryId": "3", "Head": "1", "HeadName": "Twin Head 5xx", "Id": "132355", "NozzleTypeId": "573", "SegmentNumber": "2"}]}}, "SetupContext": {"PickupLocations": {"PickupLocation": [{"Division": "1", "FeederId": "56FAUC000504", "FeederType": "312", "Id": "247", "Level": "0", "Location": "2", "StartTrackNumber": "1", "SubLocation": "1", "Tower": "0", "PackagingUid": "M05297981"}, {"Division": "1", "FeederId": "44FAUD200890", "FeederType": "300", "Id": "263", "Level": "0", "Location": "3", "StartTrackNumber": "30", "SubLocation": "1", "Tower": "0", "PackagingUid": "M05298575"}]}}}}, "ProductionEndedData": {"StationTime": "2021-11-30T22:36:52.7880000+08:00", "TimeStampSinceStationStarted": "1339523.797768"}}