{"name": "PDI_Line5_3965139785_20211130185456.txt", "Timestamp": "2021-11-30T18:54:30.8016963+08:00", "TxnID": "25ecf486-8f15-4505-80e7-189ec8c3ff24", "Line": "SEWC-Lines\\Line5", "Machine": "Line5\\ST3_X3 S", "ProductionStartedData": [{"ConveyorLanePosition": "2", "ConveyorStopperPosition": "1", "Pcb": {"BarcodeReaderPosition": "0", "BoardSide": "1", "IndividualGUID": "ee5e7ffa-e485-4286-bcd1-941a0ff65817", "LineJobGUID": "e5c1bbcc-188b-45e0-8688-0345d94b6a3b", "Path": "STAB\\A5E50302024bt02", "PcbIndividualID": "43866", "RecipePath": "Line5\\Smart_CPU_L5_702SAF\\A5E50302024bt02", "Barcode": "", "OrderNumber": null}, "ProcessingAreaPosition": "1", "SetupPath": "Line5\\Smart_CPU_L5_702SAF", "StationTime": "2021-11-30T18:52:06.4530000+08:00", "TimeStampSinceStationStarted": "1326037.529392"}], "BoardPositionsList": {"BoardPositions": [{"ActualPosition": {"Angle": "-192", "X": "-476144", "Y": "17482", "Z": "-5000"}, "FiducialPositions": {"FiducialRecognitionResult": [{"ActualPosition": {"Angle": "-223", "X": "4642", "Y": "12498", "Z": null}, "CameraIndividualId": "4034", "FiducialFunction": "0", "GantryId": "4", "MeasurementResult": "0", "NominalPosition": {"Angle": "0", "X": "4810", "Y": "11697", "Z": null}, "Path": "A5E50302024bt02/1/01/1", "StationTime": "2021-11-30T18:52:07.9980000+08:00", "TimeStampSinceStationStarted": "1326039.074444"}, {"ActualPosition": {"Angle": "-162", "X": "193184", "Y": "186113", "Z": null}, "CameraIndividualId": "4034", "FiducialFunction": "0", "GantryId": "4", "MeasurementResult": "0", "NominalPosition": {"Angle": "0", "X": "192833", "Y": "186004", "Z": null}, "Path": "A5E50302024bt02/1/02/1", "StationTime": "2021-11-30T18:52:07.9980000+08:00", "TimeStampSinceStationStarted": "1326039.074444"}, {"ActualPosition": {"Angle": "-25", "X": "4835", "Y": "11731", "Z": null}, "CameraIndividualId": "1034", "FiducialFunction": "0", "GantryId": "1", "MeasurementResult": "0", "NominalPosition": {"Angle": "0", "X": "4810", "Y": "11697", "Z": null}, "Path": "A5E50302024bt02/1/01/1", "StationTime": "2021-11-30T18:52:07.9980000+08:00", "TimeStampSinceStationStarted": "1326039.074444"}]}, "NominalPosition": {"Angle": "0", "X": "-475904", "Y": "16695", "Z": "-5000"}}]}, "ProgressDataList": {"ProductionProgressData": {"BoardContext": {"BoardPanels": {"BoardPanel": [{"Id": "2", "PanelPath": "A5E50302024bt02/A1"}]}}, "ComponentIndividuals": {"ComponentIndividual": [{"HeadSegmentId": "66049", "Measures": {"MeasureList": [{"CameraIndividualId": "1033", "MeasurementResult": "0", "PhiDeviation": "360267", "TimeStampSinceStationStarted": "1326041.552857", "VisionDumpPath": "C:\\Sirio\\Work\\SvDumpFiles\\PartCameraDumps\\JID_103387105_OID_438660000_SEG_1_BE-Bibliothek.A5E00701727_R1326034873.svdmp", "XDeviation": "38789", "YDeviation": "-110411"}]}, "Pick": {"ActualPickPosition": {"Angle": "180000", "X": "15250", "Y": "-70500"}, "MeasuredComponentHeight": "0", "NominalPickPosition": {"Angle": "180000", "X": "15302", "Y": "-70473"}, "PickupLocationId": "240", "Result": "0", "TimeStampSinceStationStarted": "1326038.061168", "VacuumAbsolute": "-794", "VacuumRelative": "-794", "ZEndPosition": "47025500", "ZTargetPosition": "47004616"}, "Place": {"ActualPlacePosition": {"Angle": "-90001", "X": "174189", "Y": "142261"}, "AirkissPressure": "74", "BoardPanelId": "2", "HoldingCircuitPressure": "2147483647", "NominalPlacePosition": {"Angle": "-90000", "X": "174220", "Y": "142270"}, "ReferenceDesignator": "C2808_CAPA_2_22_KOND", "Result": "0", "TimeStampSinceStationStarted": "1326041.936757", "VacuumAbsolute": "-806", "VacuumRelative": "97", "ZEndPosition": "36870500", "ZTargetPosition": "36822467"}, "ElectricalMeasurement": null, "Dip": null}, {"HeadSegmentId": "67588", "Measures": {"MeasureList": [{"CameraIndividualId": "4033", "MeasurementResult": "0", "PhiDeviation": "-383255", "TimeStampSinceStationStarted": "1326042.520735", "VisionDumpPath": "C:\\Sirio\\Work\\SvDumpFiles\\PartCameraDumps\\JID_403372349_OID_438660001_SEG_1_BE-Bibliothek.A5E30248076_R1326037124.svdmp", "XDeviation": "-688297", "YDeviation": "-825597"}]}, "Pick": {"ActualPickPosition": {"Angle": "180000", "X": "17020", "Y": "-69475"}, "MeasuredComponentHeight": "0", "NominalPickPosition": {"Angle": "180000", "X": "17020", "Y": "-69475"}, "PickupLocationId": "267", "Result": "0", "TimeStampSinceStationStarted": "1326040.312517", "VacuumAbsolute": "-799", "VacuumRelative": "-799", "ZEndPosition": "47309000", "ZTargetPosition": "47285154"}, "Place": {"ActualPlacePosition": {"Angle": "180000", "X": "170895", "Y": "31773"}, "AirkissPressure": "75", "BoardPanelId": "2", "HoldingCircuitPressure": "2147483647", "NominalPlacePosition": {"Angle": "180000", "X": "170920", "Y": "31750"}, "ReferenceDesignator": "X802_CONN_8_38_SONST", "Result": "0", "TimeStampSinceStationStarted": "1326042.959578", "VacuumAbsolute": "-800", "VacuumRelative": "87", "ZEndPosition": "33403000", "ZTargetPosition": "33405426"}, "ElectricalMeasurement": null, "Dip": null}, {"HeadSegmentId": "131585", "Measures": {"MeasureList": [{"CameraIndividualId": "1033", "MeasurementResult": "0", "PhiDeviation": "153530", "TimeStampSinceStationStarted": "1326043.727801", "VisionDumpPath": "C:\\Sirio\\Work\\SvDumpFiles\\PartCameraDumps\\JID_103387106_OID_438660002_SEG_2_BE-Bibliothek.A5E02285215_R1326039369.svdmp", "XDeviation": "-38987", "YDeviation": "517198"}]}, "Pick": {"ActualPickPosition": {"Angle": "180000", "X": "23950", "Y": "-70500"}, "MeasuredComponentHeight": "0", "NominalPickPosition": {"Angle": "180000", "X": "23950", "Y": "-70500"}, "PickupLocationId": "241", "Result": "0", "TimeStampSinceStationStarted": "1326042.556763", "VacuumAbsolute": "-856", "VacuumRelative": "-856", "ZEndPosition": "48487000", "ZTargetPosition": "48413651"}, "Place": {"ActualPlacePosition": {"Angle": "-90001", "X": "20890", "Y": "24280"}, "AirkissPressure": "71", "BoardPanelId": "2", "HoldingCircuitPressure": "2147483647", "NominalPlacePosition": {"Angle": "-90000", "X": "20870", "Y": "24250"}, "ReferenceDesignator": "X501_CONN_DSUB_9_STE", "Result": "0", "TimeStampSinceStationStarted": "1326045.057646", "VacuumAbsolute": "-856", "VacuumRelative": "102", "ZEndPosition": "36543500", "ZTargetPosition": "36426780"}, "ElectricalMeasurement": null, "Dip": null}, {"HeadSegmentId": "66049", "Measures": {"MeasureList": [{"CameraIndividualId": "1033", "MeasurementResult": "0", "PhiDeviation": "-481325", "TimeStampSinceStationStarted": "1326044.024228", "VisionDumpPath": "C:\\Sirio\\Work\\SvDumpFiles\\PartCameraDumps\\JID_103387107_OID_438660003_SEG_1_BE-Bibliothek.A5E00189819_R1326039790.svdmp", "XDeviation": "74784", "YDeviation": "75465"}]}, "Pick": {"ActualPickPosition": {"Angle": "0", "X": "15250", "Y": "-70500"}, "MeasuredComponentHeight": "0", "NominalPickPosition": {"Angle": "0", "X": "15099", "Y": "-70416"}, "PickupLocationId": "242", "Result": "0", "TimeStampSinceStationStarted": "1326042.978028", "VacuumAbsolute": "-800", "VacuumRelative": "-800", "ZEndPosition": "47396500", "ZTargetPosition": "47366330"}, "Place": {"ActualPlacePosition": {"Angle": "-2", "X": "132183", "Y": "142323"}, "AirkissPressure": "71", "BoardPanelId": "2", "HoldingCircuitPressure": "2147483647", "NominalPlacePosition": {"Angle": "0", "X": "132200", "Y": "142330"}, "ReferenceDesignator": "T2800_EX120_TRAFO_SC", "Result": "0", "TimeStampSinceStationStarted": "1326045.422003", "VacuumAbsolute": "-800", "VacuumRelative": "95", "ZEndPosition": "41325500", "ZTargetPosition": "41323561"}, "ElectricalMeasurement": null, "Dip": null}, {"HeadSegmentId": "133124", "Measures": {"MeasureList": [{"CameraIndividualId": "4033", "MeasurementResult": "0", "PhiDeviation": "1862337", "TimeStampSinceStationStarted": "1326044.591266", "VisionDumpPath": "C:\\Sirio\\Work\\SvDumpFiles\\PartCameraDumps\\JID_403372350_OID_438660004_SEG_2_BE-Bibliothek.A5E44859639_R1326040498.svdmp", "XDeviation": "35260", "YDeviation": "-30031"}]}, "Pick": {"ActualPickPosition": {"Angle": "0", "X": "6000", "Y": "-49500"}, "MeasuredComponentHeight": "0", "NominalPickPosition": {"Angle": "0", "X": "6022", "Y": "-49498"}, "PickupLocationId": "280", "Result": "0", "TimeStampSinceStationStarted": "1326043.686222", "VacuumAbsolute": "-848", "VacuumRelative": "-848", "ZEndPosition": "46260000", "ZTargetPosition": "46268368"}, "Place": {"ActualPlacePosition": {"Angle": "180000", "X": "25031", "Y": "160884"}, "AirkissPressure": "74", "BoardPanelId": "2", "HoldingCircuitPressure": "2147483647", "NominalPlacePosition": {"Angle": "180000", "X": "25006", "Y": "160905"}, "ReferenceDesignator": "U2005_SOP_8/SOIC_8_O", "Result": "0", "TimeStampSinceStationStarted": "1326046.115335", "VacuumAbsolute": "-849", "VacuumRelative": "98", "ZEndPosition": "43655000", "ZTargetPosition": "43627017"}, "ElectricalMeasurement": null, "Dip": null}, {"HeadSegmentId": "67588", "Measures": {"MeasureList": [{"CameraIndividualId": "4033", "MeasurementResult": "0", "PhiDeviation": "-58752", "TimeStampSinceStationStarted": "1326045.869584", "VisionDumpPath": "C:\\Sirio\\Work\\SvDumpFiles\\PartCameraDumps\\JID_403372351_OID_438660005_SEG_1_BE-Bibliothek.A5E45275537_R1326040816.svdmp", "XDeviation": "98564", "YDeviation": "-4611"}]}, "Pick": {"ActualPickPosition": {"Angle": "0", "X": "17470", "Y": "-70910"}, "MeasuredComponentHeight": "0", "NominalPickPosition": {"Angle": "0", "X": "17914", "Y": "-70913"}, "PickupLocationId": "271", "Result": "0", "TimeStampSinceStationStarted": "1326044.003793", "VacuumAbsolute": "-795", "VacuumRelative": "-795", "ZEndPosition": "47085000", "ZTargetPosition": "47084363"}, "Place": {"ActualPlacePosition": {"Angle": "180000", "X": "54415", "Y": "75358"}, "AirkissPressure": "73", "BoardPanelId": "2", "HoldingCircuitPressure": "2147483647", "NominalPlacePosition": {"Angle": "180000", "X": "54400", "Y": "75350"}, "ReferenceDesignator": "X601_CONN_16_STECK_R", "Result": "0", "TimeStampSinceStationStarted": "1326046.484849", "VacuumAbsolute": "-816", "VacuumRelative": "90", "ZEndPosition": "39076000", "ZTargetPosition": "39064245"}, "ElectricalMeasurement": null, "Dip": null}, {"HeadSegmentId": "66049", "Measures": {"MeasureList": [{"CameraIndividualId": "1033", "MeasurementResult": "0", "PhiDeviation": "-151193", "TimeStampSinceStationStarted": "1326047.930844", "VisionDumpPath": "C:\\Sirio\\Work\\SvDumpFiles\\PartCameraDumps\\JID_103387108_OID_438660006_SEG_1_BE-Bibliothek.A5E01114436_R1326044271.svdmp", "XDeviation": "-139162", "YDeviation": "-38520"}]}, "Pick": {"ActualPickPosition": {"Angle": "180000", "X": "17950", "Y": "-70500"}, "MeasuredComponentHeight": "0", "NominalPickPosition": {"Angle": "180000", "X": "17881", "Y": "-70993"}, "PickupLocationId": "238", "Result": "0", "TimeStampSinceStationStarted": "1326047.458974", "VacuumAbsolute": "-771", "VacuumRelative": "-771", "ZEndPosition": "43490500", "ZTargetPosition": "43488543"}, "Place": {"ActualPlacePosition": {"Angle": "179998", "X": "168002", "Y": "169899"}, "AirkissPressure": "74", "BoardPanelId": "2", "HoldingCircuitPressure": "2147483647", "NominalPlacePosition": {"Angle": "180000", "X": "168030", "Y": "169915"}, "ReferenceDesignator": "X605_CONN_8_STECK_RC", "Result": "0", "TimeStampSinceStationStarted": "1326048.377107", "VacuumAbsolute": "-804", "VacuumRelative": "96", "ZEndPosition": "40214500", "ZTargetPosition": "40234285"}, "ElectricalMeasurement": null, "Dip": null}, {"HeadSegmentId": "67588", "Measures": {"MeasureList": [{"CameraIndividualId": "4033", "MeasurementResult": "0", "PhiDeviation": "755316", "TimeStampSinceStationStarted": "1326048.864056", "VisionDumpPath": "C:\\Sirio\\Work\\SvDumpFiles\\PartCameraDumps\\JID_403372352_OID_438660007_SEG_1_BE-Bibliothek.A5E30621710_R1326044144.svdmp", "XDeviation": "206762", "YDeviation": "-28977"}]}, "Pick": {"ActualPickPosition": {"Angle": "0", "X": "15250", "Y": "-70500"}, "MeasuredComponentHeight": "0", "NominalPickPosition": {"Angle": "0", "X": "15224", "Y": "-70820"}, "PickupLocationId": "269", "Result": "0", "TimeStampSinceStationStarted": "1326047.332173", "VacuumAbsolute": "-781", "VacuumRelative": "-781", "ZEndPosition": "47034500", "ZTargetPosition": "47065093"}, "Place": {"ActualPlacePosition": {"Angle": "0", "X": "87904", "Y": "50147"}, "AirkissPressure": "71", "BoardPanelId": "2", "HoldingCircuitPressure": "2147483647", "NominalPlacePosition": {"Angle": "0", "X": "87900", "Y": "50130"}, "ReferenceDesignator": "D1500_TSSOP_56_IC_IN", "Result": "0", "TimeStampSinceStationStarted": "1326049.387075", "VacuumAbsolute": "-832", "VacuumRelative": "94", "ZEndPosition": "46255000", "ZTargetPosition": "46259903"}, "ElectricalMeasurement": null, "Dip": null}, {"HeadSegmentId": "133124", "Measures": {"MeasureList": [{"CameraIndividualId": "4033", "MeasurementResult": "0", "PhiDeviation": "733962", "TimeStampSinceStationStarted": "1326049.023889", "VisionDumpPath": "C:\\Sirio\\Work\\SvDumpFiles\\PartCameraDumps\\JID_403372353_OID_438660008_SEG_2_BE-Bibliothek.A5E44859639_R1326044422.svdmp", "XDeviation": "87773", "YDeviation": "-65924"}]}, "Pick": {"ActualPickPosition": {"Angle": "0", "X": "6000", "Y": "-49500"}, "MeasuredComponentHeight": "0", "NominalPickPosition": {"Angle": "0", "X": "6023", "Y": "-49500"}, "PickupLocationId": "280", "Result": "0", "TimeStampSinceStationStarted": "1326047.611003", "VacuumAbsolute": "-848", "VacuumRelative": "-848", "ZEndPosition": "46266500", "ZTargetPosition": "46266276"}, "Place": {"ActualPlacePosition": {"Angle": "180000", "X": "37671", "Y": "27205"}, "AirkissPressure": "75", "BoardPanelId": "2", "HoldingCircuitPressure": "2147483647", "NominalPlacePosition": {"Angle": "180000", "X": "37650", "Y": "27180"}, "ReferenceDesignator": "U500_SOP_8/SOIC_8_OP", "Result": "0", "TimeStampSinceStationStarted": "1326049.629069", "VacuumAbsolute": "-849", "VacuumRelative": "98", "ZEndPosition": "43844000", "ZTargetPosition": "43831909"}, "ElectricalMeasurement": null, "Dip": null}, {"HeadSegmentId": "66049", "Measures": {"MeasureList": [{"CameraIndividualId": "1033", "MeasurementResult": "0", "PhiDeviation": "-324990", "TimeStampSinceStationStarted": "1326050.972744", "VisionDumpPath": "C:\\Sirio\\Work\\SvDumpFiles\\PartCameraDumps\\JID_103387109_OID_438660009_SEG_1_BE-Bibliothek.A5E02081137_R1326047005.svdmp", "XDeviation": "67501", "YDeviation": "-1242149"}]}, "Pick": {"ActualPickPosition": {"Angle": "0", "X": "29950", "Y": "-70500"}, "MeasuredComponentHeight": "0", "NominalPickPosition": {"Angle": "0", "X": "29983", "Y": "-70951"}, "PickupLocationId": "244", "Result": "0", "TimeStampSinceStationStarted": "1326050.193321", "VacuumAbsolute": "-835", "VacuumRelative": "-835", "ZEndPosition": "48693500", "ZTargetPosition": "48630930"}, "Place": {"ActualPlacePosition": {"Angle": "-2", "X": "164273", "Y": "153618"}, "AirkissPressure": "72", "BoardPanelId": "2", "HoldingCircuitPressure": "2147483647", "NominalPlacePosition": {"Angle": "0", "X": "164300", "Y": "153630"}, "ReferenceDesignator": "X203_CONN_32_STECK_R", "Result": "0", "TimeStampSinceStationStarted": "1326051.493708", "VacuumAbsolute": "-836", "VacuumRelative": "105", "ZEndPosition": "30063000", "ZTargetPosition": "30066771"}, "ElectricalMeasurement": null, "Dip": null}, {"HeadSegmentId": "67588", "Measures": {"MeasureList": [{"CameraIndividualId": "4033", "MeasurementResult": "0", "PhiDeviation": "-349035", "TimeStampSinceStationStarted": "1326052.797759", "VisionDumpPath": "C:\\Sirio\\Work\\SvDumpFiles\\PartCameraDumps\\JID_403372354_OID_438660011_SEG_1_BE-Bibliothek.A5E51102635_R1326048481.svdmp", "XDeviation": "187122", "YDeviation": "54681"}]}, "Pick": {"ActualPickPosition": {"Angle": "0", "X": "15250", "Y": "-70500"}, "MeasuredComponentHeight": "0", "NominalPickPosition": {"Angle": "0", "X": "15147", "Y": "-70455"}, "PickupLocationId": "265", "Result": "0", "TimeStampSinceStationStarted": "1326051.669154", "VacuumAbsolute": "-821", "VacuumRelative": "-821", "ZEndPosition": "47182500", "ZTargetPosition": "47155057"}, "Place": {"ActualPlacePosition": {"Angle": "180000", "X": "72059", "Y": "49997"}, "AirkissPressure": "77", "BoardPanelId": "2", "HoldingCircuitPressure": "2147483647", "NominalPlacePosition": {"Angle": "180000", "X": "72050", "Y": "49980"}, "ReferenceDesignator": "D3_BGA_63_", "Result": "0", "TimeStampSinceStationStarted": "1326053.141858", "VacuumAbsolute": "-823", "VacuumRelative": "92", "ZEndPosition": "46345500", "ZTargetPosition": "46342572"}, "ElectricalMeasurement": null, "Dip": null}, {"HeadSegmentId": "133124", "Measures": {"MeasureList": [{"CameraIndividualId": "4033", "MeasurementResult": "0", "PhiDeviation": "-214153", "TimeStampSinceStationStarted": "1326052.585983", "VisionDumpPath": "C:\\Sirio\\Work\\SvDumpFiles\\PartCameraDumps\\JID_403372355_OID_438660010_SEG_2_BE-Bibliothek.A5E44859639_R1326048879.svdmp", "XDeviation": "-99488", "YDeviation": "-35091"}]}, "Pick": {"ActualPickPosition": {"Angle": "0", "X": "6000", "Y": "-49500"}, "MeasuredComponentHeight": "0", "NominalPickPosition": {"Angle": "0", "X": "6028", "Y": "-49503"}, "PickupLocationId": "280", "Result": "0", "TimeStampSinceStationStarted": "1326052.067272", "VacuumAbsolute": "-849", "VacuumRelative": "-849", "ZEndPosition": "46270000", "ZTargetPosition": "46266332"}, "Place": {"ActualPlacePosition": {"Angle": "180000", "X": "32229", "Y": "160884"}, "AirkissPressure": "75", "BoardPanelId": "2", "HoldingCircuitPressure": "2147483647", "NominalPlacePosition": {"Angle": "180000", "X": "32206", "Y": "160905"}, "ReferenceDesignator": "U2006_SOP_8/SOIC_8_O", "Result": "0", "TimeStampSinceStationStarted": "1326053.460707", "VacuumAbsolute": "-849", "VacuumRelative": "98", "ZEndPosition": "43656500", "ZTargetPosition": "43631484"}, "ElectricalMeasurement": null, "Dip": null}]}, "HeadContext": {"HeadSegments": {"HeadSegment": [{"GantryId": "1", "Head": "1", "HeadName": "Twin Head 5xx", "Id": "66049", "NozzleTypeId": "517", "SegmentNumber": "1"}, {"GantryId": "4", "Head": "1", "HeadName": "Twin Head 5xx", "Id": "67588", "NozzleTypeId": "516", "SegmentNumber": "1"}, {"GantryId": "1", "Head": "1", "HeadName": "Twin Head 5xx", "Id": "131585", "NozzleTypeId": "573", "SegmentNumber": "2"}, {"GantryId": "4", "Head": "1", "HeadName": "Twin Head 5xx", "Id": "133124", "NozzleTypeId": "597", "SegmentNumber": "2"}]}}, "SetupContext": {"PickupLocations": {"PickupLocation": [{"Division": "1", "FeederId": "32FAUE900466", "FeederType": "288", "Id": "238", "Level": "0", "Location": "1", "StartTrackNumber": "7", "SubLocation": "1", "Tower": "0", "PackagingUid": "M05328016"}, {"Division": "1", "FeederId": "24KL-L205402", "FeederType": "280", "Id": "240", "Level": "0", "Location": "1", "StartTrackNumber": "14", "SubLocation": "1", "Tower": "0", "PackagingUid": "M05255215"}, {"Division": "1", "FeederId": "44KL-K305106", "FeederType": "300", "Id": "241", "Level": "0", "Location": "1", "StartTrackNumber": "17", "SubLocation": "1", "Tower": "0", "PackagingUid": "M04859338"}, {"Division": "1", "FeederId": "24KL-K305319", "FeederType": "280", "Id": "242", "Level": "0", "Location": "1", "StartTrackNumber": "22", "SubLocation": "1", "Tower": "0", "PackagingUid": "M04790535"}, {"Division": "1", "FeederId": "56FAUE300111", "FeederType": "312", "Id": "244", "Level": "0", "Location": "1", "StartTrackNumber": "27", "SubLocation": "1", "Tower": "0", "PackagingUid": "M05301312"}, {"Division": "1", "FeederId": "24FAUE900672", "FeederType": "280", "Id": "265", "Level": "0", "Location": "4", "StartTrackNumber": "1", "SubLocation": "1", "Tower": "0", "PackagingUid": "A00061266"}, {"Division": "1", "FeederId": "32FAUE000671", "FeederType": "288", "Id": "267", "Level": "0", "Location": "4", "StartTrackNumber": "16", "SubLocation": "1", "Tower": "0", "PackagingUid": "M05305956"}, {"Division": "1", "FeederId": "24KL-N300550", "FeederType": "280", "Id": "269", "Level": "0", "Location": "4", "StartTrackNumber": "22", "SubLocation": "1", "Tower": "0", "PackagingUid": "M05263329"}, {"Division": "1", "FeederId": "32FAUE900659", "FeederType": "288", "Id": "271", "Level": "0", "Location": "4", "StartTrackNumber": "28", "SubLocation": "1", "Tower": "0", "PackagingUid": "M05325464"}, {"Division": "1", "FeederId": "12KL-F105078", "FeederType": "268", "Id": "280", "Level": "0", "Location": "4", "StartTrackNumber": "14", "SubLocation": "1", "Tower": "0", "PackagingUid": "M05245896"}]}}}}, "ProductionEndedData": {"StationTime": "2021-11-30T18:52:22.8330000+08:00", "TimeStampSinceStationStarted": "1326053.909183"}}