{"name": "PDI_Line5_4249441360_20211130071222.txt", "Timestamp": "2021-11-30T07:11:57.0415437+08:00", "TxnID": "507805e5-dfdb-4ce9-98c2-5436a5ac56f8", "Line": "SEWC-Lines\\Line5", "Machine": "Line5\\ST3_X3 S", "ProductionStartedData": [{"ConveyorLanePosition": "2", "ConveyorStopperPosition": "1", "Pcb": {"BarcodeReaderPosition": "0", "BoardSide": "1", "IndividualGUID": "66c371b6-4d5f-4608-bf82-bd1987b84186", "LineJobGUID": "5fdb5b23-5b59-4b4e-ab1d-ed8a85069eae", "Path": "STAB\\A5E50302021bt01", "PcbIndividualID": "42550", "RecipePath": "Line5\\Smart_CPU_L5_702SAF\\A5E50302021bt01", "Barcode": "", "OrderNumber": null}, "ProcessingAreaPosition": "1", "SetupPath": "Line5\\Smart_CPU_L5_702SAF", "StationTime": "2021-11-30T07:09:33.4560000+08:00", "TimeStampSinceStationStarted": "1283884.741266"}], "BoardPositionsList": {"BoardPositions": [{"ActualPosition": {"Angle": "-216", "X": "-528433", "Y": "17734", "Z": "-5000"}, "FiducialPositions": {"FiducialRecognitionResult": [{"ActualPosition": {"Angle": "-212", "X": "5989", "Y": "11543", "Z": null}, "CameraIndividualId": "4034", "FiducialFunction": "0", "GantryId": "4", "MeasurementResult": "0", "NominalPosition": {"Angle": "0", "X": "6480", "Y": "10530", "Z": null}, "Path": "A5E50302021bt01/1/02/1", "StationTime": "2021-11-30T07:09:33.4560000+08:00", "TimeStampSinceStationStarted": "1283884.741266"}, {"ActualPosition": {"Angle": "-186", "X": "242025", "Y": "192157", "Z": null}, "CameraIndividualId": "4034", "FiducialFunction": "0", "GantryId": "4", "MeasurementResult": "0", "NominalPosition": {"Angle": "0", "X": "241830", "Y": "192030", "Z": null}, "Path": "A5E50302021bt01/1/01/1", "StationTime": "2021-11-30T07:09:33.4560000+08:00", "TimeStampSinceStationStarted": "1283884.741266"}]}, "NominalPosition": {"Angle": "0", "X": "-527904", "Y": "16695", "Z": "-5000"}}]}, "ProgressDataList": {"ProductionProgressData": {"BoardContext": {"BoardPanels": {"BoardPanel": [{"Id": "2", "PanelPath": "A5E50302021bt01/A1"}, {"Id": "3", "PanelPath": "A5E50302021bt01/B1"}]}}, "ComponentIndividuals": {"ComponentIndividual": [{"HeadSegmentId": "66049", "Measures": {"MeasureList": [{"CameraIndividualId": "1033", "MeasurementResult": "0", "PhiDeviation": "-180182", "TimeStampSinceStationStarted": "1283886.189987", "VisionDumpPath": "C:\\Sirio\\Work\\SvDumpFiles\\PartCameraDumps\\JID_103381551_OID_425500000_SEG_1_BE-Bibliothek.A5E01114436_R1283881867.svdmp", "XDeviation": "22409", "YDeviation": "-42865"}]}, "Pick": {"ActualPickPosition": {"Angle": "180000", "X": "17950", "Y": "-70500"}, "MeasuredComponentHeight": "0", "NominalPickPosition": {"Angle": "180000", "X": "18025", "Y": "-70917"}, "PickupLocationId": "238", "Result": "0", "TimeStampSinceStationStarted": "1283885.264717", "VacuumAbsolute": "-782", "VacuumRelative": "-782", "ZEndPosition": "43449000", "ZTargetPosition": "43459073"}, "Place": {"ActualPlacePosition": {"Angle": "-179999", "X": "100455", "Y": "171764"}, "AirkissPressure": "73", "BoardPanelId": "3", "HoldingCircuitPressure": "2147483647", "NominalPlacePosition": {"Angle": "180000", "X": "100457", "Y": "171753"}, "ReferenceDesignator": "X605_CONN_8_STECK_RC", "Result": "0", "TimeStampSinceStationStarted": "1283887.143467", "VacuumAbsolute": "-826", "VacuumRelative": "101", "ZEndPosition": "40163500", "ZTargetPosition": "40161737"}, "ElectricalMeasurement": null, "Dip": null}, {"HeadSegmentId": "131585", "Measures": {"MeasureList": [{"CameraIndividualId": "1033", "MeasurementResult": "0", "PhiDeviation": "-756310", "TimeStampSinceStationStarted": "1283886.354931", "VisionDumpPath": "C:\\Sirio\\Work\\SvDumpFiles\\PartCameraDumps\\JID_103381552_OID_425500001_SEG_2_BE-Bibliothek.A5E00189819_R1283882141.svdmp", "XDeviation": "-66881", "YDeviation": "27193"}]}, "Pick": {"ActualPickPosition": {"Angle": "0", "X": "15250", "Y": "-70500"}, "MeasuredComponentHeight": "0", "NominalPickPosition": {"Angle": "0", "X": "15034", "Y": "-70434"}, "PickupLocationId": "242", "Result": "0", "TimeStampSinceStationStarted": "1283885.538711", "VacuumAbsolute": "-840", "VacuumRelative": "-840", "ZEndPosition": "47439000", "ZTargetPosition": "47391765"}, "Place": {"ActualPlacePosition": {"Angle": "1", "X": "73578", "Y": "151039"}, "AirkissPressure": "71", "BoardPanelId": "3", "HoldingCircuitPressure": "2147483647", "NominalPlacePosition": {"Angle": "0", "X": "73580", "Y": "151030"}, "ReferenceDesignator": "T2200_EX120_TRAFO_SC", "Result": "0", "TimeStampSinceStationStarted": "1283887.310708", "VacuumAbsolute": "-841", "VacuumRelative": "99", "ZEndPosition": "41323500", "ZTargetPosition": "41279746"}, "ElectricalMeasurement": null, "Dip": null}, {"HeadSegmentId": "133124", "Measures": {"MeasureList": [{"CameraIndividualId": "4033", "MeasurementResult": "0", "PhiDeviation": "406710", "TimeStampSinceStationStarted": "1283886.723607", "VisionDumpPath": "C:\\Sirio\\Work\\SvDumpFiles\\PartCameraDumps\\JID_403363437_OID_425500002_SEG_2_BE-Bibliothek.A5E44859639_R1283882341.svdmp", "XDeviation": "200696", "YDeviation": "77550"}]}, "Pick": {"ActualPickPosition": {"Angle": "0", "X": "6000", "Y": "-49500"}, "MeasuredComponentHeight": "0", "NominalPickPosition": {"Angle": "0", "X": "6032", "Y": "-49463"}, "PickupLocationId": "280", "Result": "0", "TimeStampSinceStationStarted": "1283885.738888", "VacuumAbsolute": "-852", "VacuumRelative": "-852", "ZEndPosition": "46261500", "ZTargetPosition": "46263580"}, "Place": {"ActualPlacePosition": {"Angle": "180000", "X": "22578", "Y": "162631"}, "AirkissPressure": "73", "BoardPanelId": "3", "HoldingCircuitPressure": "2147483647", "NominalPlacePosition": {"Angle": "180000", "X": "22580", "Y": "162630"}, "ReferenceDesignator": "U1700_SOP_8/SOIC_8_O", "Result": "0", "TimeStampSinceStationStarted": "1283888.006797", "VacuumAbsolute": "-852", "VacuumRelative": "98", "ZEndPosition": "43734000", "ZTargetPosition": "43692546"}, "ElectricalMeasurement": null, "Dip": null}, {"HeadSegmentId": "67588", "Measures": {"MeasureList": [{"CameraIndividualId": "4033", "MeasurementResult": "0", "PhiDeviation": "356112", "TimeStampSinceStationStarted": "1283887.761494", "VisionDumpPath": "C:\\Sirio\\Work\\SvDumpFiles\\PartCameraDumps\\JID_403363438_OID_425500003_SEG_1_BE-Bibliothek.A5E45275537_R1283882659.svdmp", "XDeviation": "-40704", "YDeviation": "93624"}]}, "Pick": {"ActualPickPosition": {"Angle": "0", "X": "17470", "Y": "-70910"}, "MeasuredComponentHeight": "0", "NominalPickPosition": {"Angle": "0", "X": "17923", "Y": "-70885"}, "PickupLocationId": "271", "Result": "0", "TimeStampSinceStationStarted": "1283886.056683", "VacuumAbsolute": "-802", "VacuumRelative": "-802", "ZEndPosition": "47105000", "ZTargetPosition": "47107141"}, "Place": {"ActualPlacePosition": {"Angle": "180000", "X": "51774", "Y": "74120"}, "AirkissPressure": "76", "BoardPanelId": "3", "HoldingCircuitPressure": "2147483647", "NominalPlacePosition": {"Angle": "180000", "X": "51775", "Y": "74120"}, "ReferenceDesignator": "X601_CONN_16_STECK_R", "Result": "0", "TimeStampSinceStationStarted": "1283888.331067", "VacuumAbsolute": "-822", "VacuumRelative": "92", "ZEndPosition": "38984000", "ZTargetPosition": "38948935"}, "ElectricalMeasurement": null, "Dip": null}, {"HeadSegmentId": "66049", "Measures": {"MeasureList": [{"CameraIndividualId": "1033", "MeasurementResult": "0", "PhiDeviation": "31110", "TimeStampSinceStationStarted": "1283888.69699", "VisionDumpPath": "C:\\Sirio\\Work\\SvDumpFiles\\PartCameraDumps\\JID_103381553_OID_425500004_SEG_1_BE-Bibliothek.A5E01114436_R1283884616.svdmp", "XDeviation": "-103689", "YDeviation": "3231"}]}, "Pick": {"ActualPickPosition": {"Angle": "180000", "X": "17950", "Y": "-70500"}, "MeasuredComponentHeight": "0", "NominalPickPosition": {"Angle": "180000", "X": "18024", "Y": "-70915"}, "PickupLocationId": "238", "Result": "0", "TimeStampSinceStationStarted": "1283888.012996", "VacuumAbsolute": "-781", "VacuumRelative": "-781", "ZEndPosition": "43453000", "ZTargetPosition": "43456555"}, "Place": {"ActualPlacePosition": {"Angle": "-179999", "X": "220954", "Y": "171765"}, "AirkissPressure": "72", "BoardPanelId": "2", "HoldingCircuitPressure": "2147483647", "NominalPlacePosition": {"Angle": "180000", "X": "220957", "Y": "171753"}, "ReferenceDesignator": "X605_CONN_8_STECK_RC", "Result": "0", "TimeStampSinceStationStarted": "1283889.183158", "VacuumAbsolute": "-822", "VacuumRelative": "101", "ZEndPosition": "40372500", "ZTargetPosition": "40392234"}, "ElectricalMeasurement": null, "Dip": null}, {"HeadSegmentId": "131585", "Measures": {"MeasureList": [{"CameraIndividualId": "1033", "MeasurementResult": "0", "PhiDeviation": "-1015336", "TimeStampSinceStationStarted": "1283888.838682", "VisionDumpPath": "C:\\Sirio\\Work\\SvDumpFiles\\PartCameraDumps\\JID_103381554_OID_425500005_SEG_2_BE-Bibliothek.A5E00701727_R1283884838.svdmp", "XDeviation": "36514", "YDeviation": "977"}]}, "Pick": {"ActualPickPosition": {"Angle": "180000", "X": "15250", "Y": "-70500"}, "MeasuredComponentHeight": "0", "NominalPickPosition": {"Angle": "180000", "X": "15233", "Y": "-70515"}, "PickupLocationId": "240", "Result": "0", "TimeStampSinceStationStarted": "1283888.235749", "VacuumAbsolute": "-803", "VacuumRelative": "-803", "ZEndPosition": "47047500", "ZTargetPosition": "47047298"}, "Place": {"ActualPlacePosition": {"Angle": "1", "X": "88578", "Y": "151140"}, "AirkissPressure": "75", "BoardPanelId": "3", "HoldingCircuitPressure": "2147483647", "NominalPlacePosition": {"Angle": "0", "X": "88580", "Y": "151130"}, "ReferenceDesignator": "C2209_CAPA_2_22_KOND", "Result": "0", "TimeStampSinceStationStarted": "1283889.370495", "VacuumAbsolute": "-814", "VacuumRelative": "92", "ZEndPosition": "36756500", "ZTargetPosition": "36734755"}, "ElectricalMeasurement": null, "Dip": null}, {"HeadSegmentId": "133124", "Measures": {"MeasureList": [{"CameraIndividualId": "4033", "MeasurementResult": "0", "PhiDeviation": "1088859", "TimeStampSinceStationStarted": "1283889.849576", "VisionDumpPath": "C:\\Sirio\\Work\\SvDumpFiles\\PartCameraDumps\\JID_403363439_OID_425500006_SEG_2_BE-Bibliothek.A5E44859639_R1283885489.svdmp", "XDeviation": "104985", "YDeviation": "63328"}]}, "Pick": {"ActualPickPosition": {"Angle": "0", "X": "6000", "Y": "-49500"}, "MeasuredComponentHeight": "0", "NominalPickPosition": {"Angle": "0", "X": "6042", "Y": "-49459"}, "PickupLocationId": "280", "Result": "0", "TimeStampSinceStationStarted": "1283888.886845", "VacuumAbsolute": "-851", "VacuumRelative": "-851", "ZEndPosition": "46260000", "ZTargetPosition": "46263060"}, "Place": {"ActualPlacePosition": {"Angle": "180000", "X": "157481", "Y": "162631"}, "AirkissPressure": "77", "BoardPanelId": "2", "HoldingCircuitPressure": "2147483647", "NominalPlacePosition": {"Angle": "180000", "X": "157480", "Y": "162630"}, "ReferenceDesignator": "U1800_SOP_8/SOIC_8_O", "Result": "0", "TimeStampSinceStationStarted": "1283890.306918", "VacuumAbsolute": "-852", "VacuumRelative": "98", "ZEndPosition": "43678500", "ZTargetPosition": "43709844"}, "ElectricalMeasurement": null, "Dip": null}, {"HeadSegmentId": "67588", "Measures": {"MeasureList": [{"CameraIndividualId": "4033", "MeasurementResult": "0", "PhiDeviation": "343668", "TimeStampSinceStationStarted": "1283890.061687", "VisionDumpPath": "C:\\Sirio\\Work\\SvDumpFiles\\PartCameraDumps\\JID_403363440_OID_425500007_SEG_1_BE-Bibliothek.A5E45275537_R1283885808.svdmp", "XDeviation": "120886", "YDeviation": "-380"}]}, "Pick": {"ActualPickPosition": {"Angle": "0", "X": "17470", "Y": "-70910"}, "MeasuredComponentHeight": "0", "NominalPickPosition": {"Angle": "0", "X": "17921", "Y": "-70880"}, "PickupLocationId": "271", "Result": "0", "TimeStampSinceStationStarted": "1283889.205604", "VacuumAbsolute": "-801", "VacuumRelative": "-801", "ZEndPosition": "47041000", "ZTargetPosition": "47106606"}, "Place": {"ActualPlacePosition": {"Angle": "180000", "X": "172276", "Y": "74120"}, "AirkissPressure": "74", "BoardPanelId": "2", "HoldingCircuitPressure": "2147483647", "NominalPlacePosition": {"Angle": "180000", "X": "172275", "Y": "74120"}, "ReferenceDesignator": "X601_CONN_16_STECK_R", "Result": "0", "TimeStampSinceStationStarted": "1283890.638322", "VacuumAbsolute": "-826", "VacuumRelative": "92", "ZEndPosition": "39130500", "ZTargetPosition": "39148500"}, "ElectricalMeasurement": null, "Dip": null}, {"HeadSegmentId": "66049", "Measures": {"MeasureList": [{"CameraIndividualId": "1033", "MeasurementResult": "0", "PhiDeviation": "800019", "TimeStampSinceStationStarted": "1283892.182884", "VisionDumpPath": "C:\\Sirio\\Work\\SvDumpFiles\\PartCameraDumps\\JID_103381555_OID_425500008_SEG_1_BE-Bibliothek.A5E00701727_R1283888051.svdmp", "XDeviation": "59912", "YDeviation": "-140872"}]}, "Pick": {"ActualPickPosition": {"Angle": "180000", "X": "15250", "Y": "-70500"}, "MeasuredComponentHeight": "0", "NominalPickPosition": {"Angle": "180000", "X": "15231", "Y": "-70515"}, "PickupLocationId": "240", "Result": "0", "TimeStampSinceStationStarted": "1283891.448533", "VacuumAbsolute": "-805", "VacuumRelative": "-805", "ZEndPosition": "47009000", "ZTargetPosition": "47010349"}, "Place": {"ActualPlacePosition": {"Angle": "1", "X": "209077", "Y": "151141"}, "AirkissPressure": "74", "BoardPanelId": "2", "HoldingCircuitPressure": "2147483647", "NominalPlacePosition": {"Angle": "0", "X": "209080", "Y": "151130"}, "ReferenceDesignator": "C2209_CAPA_2_22_KOND", "Result": "0", "TimeStampSinceStationStarted": "1283892.673898", "VacuumAbsolute": "-825", "VacuumRelative": "101", "ZEndPosition": "36971500", "ZTargetPosition": "36958609"}, "ElectricalMeasurement": null, "Dip": null}, {"HeadSegmentId": "131585", "Measures": {"MeasureList": [{"CameraIndividualId": "1033", "MeasurementResult": "0", "PhiDeviation": "-385577", "TimeStampSinceStationStarted": "1283892.322637", "VisionDumpPath": "C:\\Sirio\\Work\\SvDumpFiles\\PartCameraDumps\\JID_103381556_OID_425500009_SEG_2_BE-Bibliothek.A5E00701727_R1283888323.svdmp", "XDeviation": "-7800", "YDeviation": "119216"}]}, "Pick": {"ActualPickPosition": {"Angle": "180000", "X": "15250", "Y": "-70500"}, "MeasuredComponentHeight": "0", "NominalPickPosition": {"Angle": "180000", "X": "15231", "Y": "-70515"}, "PickupLocationId": "240", "Result": "0", "TimeStampSinceStationStarted": "1283891.720703", "VacuumAbsolute": "-814", "VacuumRelative": "-814", "ZEndPosition": "47100000", "ZTargetPosition": "47047349"}, "Place": {"ActualPlacePosition": {"Angle": "1", "X": "102578", "Y": "151140"}, "AirkissPressure": "73", "BoardPanelId": "3", "HoldingCircuitPressure": "2147483647", "NominalPlacePosition": {"Angle": "0", "X": "102580", "Y": "151130"}, "ReferenceDesignator": "C2206_CAPA_2_22_KOND", "Result": "0", "TimeStampSinceStationStarted": "1283892.847127", "VacuumAbsolute": "-828", "VacuumRelative": "96", "ZEndPosition": "36790000", "ZTargetPosition": "36774469"}, "ElectricalMeasurement": null, "Dip": null}, {"HeadSegmentId": "133124", "Measures": {"MeasureList": [{"CameraIndividualId": "4033", "MeasurementResult": "0", "PhiDeviation": "992621", "TimeStampSinceStationStarted": "1283893.421128", "VisionDumpPath": "C:\\Sirio\\Work\\SvDumpFiles\\PartCameraDumps\\JID_403363441_OID_425500010_SEG_2_BE-Bibliothek.A5E44859639_R1283887807.svdmp", "XDeviation": "-152112", "YDeviation": "-83885"}]}, "Pick": {"ActualPickPosition": {"Angle": "0", "X": "6000", "Y": "-49500"}, "MeasuredComponentHeight": "0", "NominalPickPosition": {"Angle": "0", "X": "6048", "Y": "-49456"}, "PickupLocationId": "280", "Result": "0", "TimeStampSinceStationStarted": "1283891.204892", "VacuumAbsolute": "-853", "VacuumRelative": "-853", "ZEndPosition": "46275500", "ZTargetPosition": "46262295"}, "Place": {"ActualPlacePosition": {"Angle": "180000", "X": "34642", "Y": "25850"}, "AirkissPressure": "74", "BoardPanelId": "3", "HoldingCircuitPressure": "2147483647", "NominalPlacePosition": {"Angle": "180000", "X": "34643", "Y": "25851"}, "ReferenceDesignator": "U500_SOP_8/SOIC_8_OP", "Result": "0", "TimeStampSinceStationStarted": "1283894.145582", "VacuumAbsolute": "-854", "VacuumRelative": "99", "ZEndPosition": "43858000", "ZTargetPosition": "43811001"}, "ElectricalMeasurement": null, "Dip": null}, {"HeadSegmentId": "67588", "Measures": {"MeasureList": [{"CameraIndividualId": "4033", "MeasurementResult": "0", "PhiDeviation": "-376329", "TimeStampSinceStationStarted": "1283893.712598", "VisionDumpPath": "C:\\Sirio\\Work\\SvDumpFiles\\PartCameraDumps\\JID_403363442_OID_425500011_SEG_1_BE-Bibliothek.A5E30248076_R1283888079.svdmp", "XDeviation": "-814373", "YDeviation": "-751120"}]}, "Pick": {"ActualPickPosition": {"Angle": "180000", "X": "17020", "Y": "-69475"}, "MeasuredComponentHeight": "0", "NominalPickPosition": {"Angle": "180000", "X": "17020", "Y": "-69475"}, "PickupLocationId": "267", "Result": "0", "TimeStampSinceStationStarted": "1283891.476584", "VacuumAbsolute": "-839", "VacuumRelative": "-839", "ZEndPosition": "47298500", "ZTargetPosition": "46938683"}, "Place": {"ActualPlacePosition": {"Angle": "180000", "X": "103250", "Y": "30529"}, "AirkissPressure": "77", "BoardPanelId": "3", "HoldingCircuitPressure": "2147483647", "NominalPlacePosition": {"Angle": "180000", "X": "103250", "Y": "30530"}, "ReferenceDesignator": "X802_CONN_8_38_SONST", "Result": "0", "TimeStampSinceStationStarted": "1283894.418885", "VacuumAbsolute": "-837", "VacuumRelative": "95", "ZEndPosition": "33158500", "ZTargetPosition": "33145098"}, "ElectricalMeasurement": null, "Dip": null}, {"HeadSegmentId": "66049", "Measures": {"MeasureList": [{"CameraIndividualId": "1033", "MeasurementResult": "0", "PhiDeviation": "-1608596", "TimeStampSinceStationStarted": "1283895.409387", "VisionDumpPath": "C:\\Sirio\\Work\\SvDumpFiles\\PartCameraDumps\\JID_103381557_OID_425500013_SEG_1_BE-Bibliothek.A5E00701727_R1283890986.svdmp", "XDeviation": "-35182", "YDeviation": "42257"}]}, "Pick": {"ActualPickPosition": {"Angle": "180000", "X": "15250", "Y": "-70500"}, "MeasuredComponentHeight": "0", "NominalPickPosition": {"Angle": "180000", "X": "15229", "Y": "-70514"}, "PickupLocationId": "240", "Result": "0", "TimeStampSinceStationStarted": "1283894.383814", "VacuumAbsolute": "-802", "VacuumRelative": "-802", "ZEndPosition": "47023500", "ZTargetPosition": "47023259"}, "Place": {"ActualPlacePosition": {"Angle": "1", "X": "223077", "Y": "151141"}, "AirkissPressure": "73", "BoardPanelId": "2", "HoldingCircuitPressure": "2147483647", "NominalPlacePosition": {"Angle": "0", "X": "223080", "Y": "151130"}, "ReferenceDesignator": "C2206_CAPA_2_22_KOND", "Result": "0", "TimeStampSinceStationStarted": "1283896.145817", "VacuumAbsolute": "-816", "VacuumRelative": "100", "ZEndPosition": "37024500", "ZTargetPosition": "36988814"}, "ElectricalMeasurement": null, "Dip": null}, {"HeadSegmentId": "131585", "Measures": {"MeasureList": [{"CameraIndividualId": "1033", "MeasurementResult": "0", "PhiDeviation": "-488796", "TimeStampSinceStationStarted": "1283895.628775", "VisionDumpPath": "C:\\Sirio\\Work\\SvDumpFiles\\PartCameraDumps\\JID_103381558_OID_425500012_SEG_2_BE-Bibliothek.A5E02285215_R1283891260.svdmp", "XDeviation": "-175137", "YDeviation": "487852"}]}, "Pick": {"ActualPickPosition": {"Angle": "180000", "X": "23950", "Y": "-70500"}, "MeasuredComponentHeight": "0", "NominalPickPosition": {"Angle": "180000", "X": "23950", "Y": "-70500"}, "PickupLocationId": "241", "Result": "0", "TimeStampSinceStationStarted": "1283894.657571", "VacuumAbsolute": "-861", "VacuumRelative": "-861", "ZEndPosition": "48386000", "ZTargetPosition": "48450917"}, "Place": {"ActualPlacePosition": {"Angle": "-90001", "X": "18434", "Y": "22902"}, "AirkissPressure": "73", "BoardPanelId": "3", "HoldingCircuitPressure": "2147483647", "NominalPlacePosition": {"Angle": "-90000", "X": "18439", "Y": "22900"}, "ReferenceDesignator": "X501_CONN_DSUB_9_STE", "Result": "0", "TimeStampSinceStationStarted": "1283896.497", "VacuumAbsolute": "-861", "VacuumRelative": "104", "ZEndPosition": "36492000", "ZTargetPosition": "36435317"}, "ElectricalMeasurement": null, "Dip": null}, {"HeadSegmentId": "133124", "Measures": {"MeasureList": [{"CameraIndividualId": "4033", "MeasurementResult": "0", "PhiDeviation": "810406", "TimeStampSinceStationStarted": "1283897.122474", "VisionDumpPath": "C:\\Sirio\\Work\\SvDumpFiles\\PartCameraDumps\\JID_403363443_OID_425500014_SEG_2_BE-Bibliothek.A5E44859639_R1283891749.svdmp", "XDeviation": "-26611", "YDeviation": "-104093"}]}, "Pick": {"ActualPickPosition": {"Angle": "0", "X": "6000", "Y": "-49500"}, "MeasuredComponentHeight": "0", "NominalPickPosition": {"Angle": "0", "X": "6040", "Y": "-49460"}, "PickupLocationId": "280", "Result": "0", "TimeStampSinceStationStarted": "1283895.146018", "VacuumAbsolute": "-853", "VacuumRelative": "-853", "ZEndPosition": "46268500", "ZTargetPosition": "46265596"}, "Place": {"ActualPlacePosition": {"Angle": "180000", "X": "155143", "Y": "25850"}, "AirkissPressure": "71", "BoardPanelId": "2", "HoldingCircuitPressure": "2147483647", "NominalPlacePosition": {"Angle": "180000", "X": "155143", "Y": "25851"}, "ReferenceDesignator": "U500_SOP_8/SOIC_8_OP", "Result": "0", "TimeStampSinceStationStarted": "1283897.849257", "VacuumAbsolute": "-854", "VacuumRelative": "99", "ZEndPosition": "43825000", "ZTargetPosition": "43817163"}, "ElectricalMeasurement": null, "Dip": null}, {"HeadSegmentId": "67588", "Measures": {"MeasureList": [{"CameraIndividualId": "4033", "MeasurementResult": "0", "PhiDeviation": "-368611", "TimeStampSinceStationStarted": "1283897.415171", "VisionDumpPath": "C:\\Sirio\\Work\\SvDumpFiles\\PartCameraDumps\\JID_403363444_OID_425500015_SEG_1_BE-Bibliothek.A5E30248076_R1283892006.svdmp", "XDeviation": "-816110", "YDeviation": "-723948"}]}, "Pick": {"ActualPickPosition": {"Angle": "180000", "X": "17020", "Y": "-69475"}, "MeasuredComponentHeight": "0", "NominalPickPosition": {"Angle": "180000", "X": "17020", "Y": "-69475"}, "PickupLocationId": "267", "Result": "0", "TimeStampSinceStationStarted": "1283895.403444", "VacuumAbsolute": "-834", "VacuumRelative": "-834", "ZEndPosition": "47291000", "ZTargetPosition": "47028637"}, "Place": {"ActualPlacePosition": {"Angle": "180000", "X": "223752", "Y": "30529"}, "AirkissPressure": "73", "BoardPanelId": "2", "HoldingCircuitPressure": "2147483647", "NominalPlacePosition": {"Angle": "180000", "X": "223750", "Y": "30530"}, "ReferenceDesignator": "X802_CONN_8_38_SONST", "Result": "0", "TimeStampSinceStationStarted": "1283898.123312", "VacuumAbsolute": "-834", "VacuumRelative": "94", "ZEndPosition": "33485000", "ZTargetPosition": "33491023"}, "ElectricalMeasurement": null, "Dip": null}, {"HeadSegmentId": "131585", "Measures": {"MeasureList": [{"CameraIndividualId": "1033", "MeasurementResult": "0", "PhiDeviation": "286307", "TimeStampSinceStationStarted": "1283898.356275", "VisionDumpPath": "C:\\Sirio\\Work\\SvDumpFiles\\PartCameraDumps\\JID_103381559_OID_425500016_SEG_2_BE-Bibliothek.A5E02285215_R1283893841.svdmp", "XDeviation": "-151549", "YDeviation": "571617"}]}, "Pick": {"ActualPickPosition": {"Angle": "180000", "X": "23950", "Y": "-70500"}, "MeasuredComponentHeight": "0", "NominalPickPosition": {"Angle": "180000", "X": "23950", "Y": "-70500"}, "PickupLocationId": "241", "Result": "0", "TimeStampSinceStationStarted": "1283897.238775", "VacuumAbsolute": "-860", "VacuumRelative": "-860", "ZEndPosition": "48276500", "ZTargetPosition": "48434688"}, "Place": {"ActualPlacePosition": {"Angle": "-90001", "X": "138934", "Y": "22903"}, "AirkissPressure": "74", "BoardPanelId": "2", "HoldingCircuitPressure": "2147483647", "NominalPlacePosition": {"Angle": "-90000", "X": "138939", "Y": "22900"}, "ReferenceDesignator": "X501_CONN_DSUB_9_STE", "Result": "0", "TimeStampSinceStationStarted": "1283899.1187", "VacuumAbsolute": "-861", "VacuumRelative": "104", "ZEndPosition": "36453500", "ZTargetPosition": "36458541"}, "ElectricalMeasurement": null, "Dip": null}, {"HeadSegmentId": "66049", "Measures": {"MeasureList": [{"CameraIndividualId": "1033", "MeasurementResult": "0", "PhiDeviation": "179940", "TimeStampSinceStationStarted": "1283898.65094", "VisionDumpPath": "C:\\Sirio\\Work\\SvDumpFiles\\PartCameraDumps\\JID_103381560_OID_425500017_SEG_1_BE-Bibliothek.A5E00189819_R1283894216.svdmp", "XDeviation": "-186005", "YDeviation": "-67538"}]}, "Pick": {"ActualPickPosition": {"Angle": "0", "X": "15250", "Y": "-70500"}, "MeasuredComponentHeight": "0", "NominalPickPosition": {"Angle": "0", "X": "15031", "Y": "-70433"}, "PickupLocationId": "242", "Result": "0", "TimeStampSinceStationStarted": "1283897.61393", "VacuumAbsolute": "-805", "VacuumRelative": "-805", "ZEndPosition": "47343500", "ZTargetPosition": "47366574"}, "Place": {"ActualPlacePosition": {"Angle": "1", "X": "194077", "Y": "151041"}, "AirkissPressure": "71", "BoardPanelId": "2", "HoldingCircuitPressure": "2147483647", "NominalPlacePosition": {"Angle": "0", "X": "194080", "Y": "151030"}, "ReferenceDesignator": "T2200_EX120_TRAFO_SC", "Result": "0", "TimeStampSinceStationStarted": "1283899.471474", "VacuumAbsolute": "-806", "VacuumRelative": "98", "ZEndPosition": "41439000", "ZTargetPosition": "41457309"}, "ElectricalMeasurement": null, "Dip": null}, {"HeadSegmentId": "67588", "Measures": {"MeasureList": [{"CameraIndividualId": "4033", "MeasurementResult": "0", "PhiDeviation": "-395563", "TimeStampSinceStationStarted": "1283901.343287", "VisionDumpPath": "C:\\Sirio\\Work\\SvDumpFiles\\PartCameraDumps\\JID_403363445_OID_425500019_SEG_1_BE-Bibliothek.A5E51102635_R1283896827.svdmp", "XDeviation": "80973", "YDeviation": "-43541"}]}, "Pick": {"ActualPickPosition": {"Angle": "0", "X": "15250", "Y": "-70500"}, "MeasuredComponentHeight": "0", "NominalPickPosition": {"Angle": "0", "X": "15139", "Y": "-70464"}, "PickupLocationId": "265", "Result": "0", "TimeStampSinceStationStarted": "1283900.224036", "VacuumAbsolute": "-831", "VacuumRelative": "-831", "ZEndPosition": "47217000", "ZTargetPosition": "47249024"}, "Place": {"ActualPlacePosition": {"Angle": "180000", "X": "69618", "Y": "48629"}, "AirkissPressure": "77", "BoardPanelId": "3", "HoldingCircuitPressure": "2147483647", "NominalPlacePosition": {"Angle": "180000", "X": "69619", "Y": "48630"}, "ReferenceDesignator": "D3_BGA_63_", "Result": "0", "TimeStampSinceStationStarted": "1283901.686731", "VacuumAbsolute": "-833", "VacuumRelative": "94", "ZEndPosition": "46343000", "ZTargetPosition": "46335488"}, "ElectricalMeasurement": null, "Dip": null}, {"HeadSegmentId": "133124", "Measures": {"MeasureList": [{"CameraIndividualId": "4033", "MeasurementResult": "0", "PhiDeviation": "546651", "TimeStampSinceStationStarted": "1283901.131199", "VisionDumpPath": "C:\\Sirio\\Work\\SvDumpFiles\\PartCameraDumps\\JID_403363446_OID_425500018_SEG_2_BE-Bibliothek.A5E44859639_R1283897217.svdmp", "XDeviation": "105444", "YDeviation": "4782"}]}, "Pick": {"ActualPickPosition": {"Angle": "0", "X": "6000", "Y": "-49500"}, "MeasuredComponentHeight": "0", "NominalPickPosition": {"Angle": "0", "X": "6039", "Y": "-49465"}, "PickupLocationId": "280", "Result": "0", "TimeStampSinceStationStarted": "1283900.614316", "VacuumAbsolute": "-853", "VacuumRelative": "-853", "ZEndPosition": "46251000", "ZTargetPosition": "46266322"}, "Place": {"ActualPlacePosition": {"Angle": "180000", "X": "150280", "Y": "162631"}, "AirkissPressure": "72", "BoardPanelId": "2", "HoldingCircuitPressure": "2147483647", "NominalPlacePosition": {"Angle": "180000", "X": "150280", "Y": "162630"}, "ReferenceDesignator": "U1704_SOP_8/SOIC_8_O", "Result": "0", "TimeStampSinceStationStarted": "1283902.019707", "VacuumAbsolute": "-854", "VacuumRelative": "99", "ZEndPosition": "43660500", "ZTargetPosition": "43678611"}, "ElectricalMeasurement": null, "Dip": null}, {"HeadSegmentId": "133124", "Measures": {"MeasureList": [{"CameraIndividualId": "4033", "MeasurementResult": "0", "PhiDeviation": "-655902", "TimeStampSinceStationStarted": "1283903.464067", "VisionDumpPath": "C:\\Sirio\\Work\\SvDumpFiles\\PartCameraDumps\\JID_403363447_OID_425500020_SEG_2_BE-Bibliothek.A5E44859639_R1283899228.svdmp", "XDeviation": "129929", "YDeviation": "15250"}]}, "Pick": {"ActualPickPosition": {"Angle": "0", "X": "6000", "Y": "-49500"}, "MeasuredComponentHeight": "0", "NominalPickPosition": {"Angle": "0", "X": "6044", "Y": "-49465"}, "PickupLocationId": "280", "Result": "0", "TimeStampSinceStationStarted": "1283902.624868", "VacuumAbsolute": "-852", "VacuumRelative": "-852", "ZEndPosition": "46244000", "ZTargetPosition": "46262492"}, "Place": {"ActualPlacePosition": {"Angle": "180000", "X": "29779", "Y": "162631"}, "AirkissPressure": "76", "BoardPanelId": "3", "HoldingCircuitPressure": "2147483647", "NominalPlacePosition": {"Angle": "180000", "X": "29780", "Y": "162630"}, "ReferenceDesignator": "U1704_SOP_8/SOIC_8_O", "Result": "0", "TimeStampSinceStationStarted": "1283903.9215", "VacuumAbsolute": "-852", "VacuumRelative": "98", "ZEndPosition": "43721000", "ZTargetPosition": "43688587"}, "ElectricalMeasurement": null, "Dip": null}, {"HeadSegmentId": "67588", "Measures": {"MeasureList": [{"CameraIndividualId": "4033", "MeasurementResult": "0", "PhiDeviation": "-400303", "TimeStampSinceStationStarted": "1283903.676086", "VisionDumpPath": "C:\\Sirio\\Work\\SvDumpFiles\\PartCameraDumps\\JID_403363448_OID_425500021_SEG_1_BE-Bibliothek.A5E51102635_R1283899462.svdmp", "XDeviation": "29663", "YDeviation": "-49621"}]}, "Pick": {"ActualPickPosition": {"Angle": "0", "X": "15250", "Y": "-70500"}, "MeasuredComponentHeight": "0", "NominalPickPosition": {"Angle": "0", "X": "15143", "Y": "-70466"}, "PickupLocationId": "265", "Result": "0", "TimeStampSinceStationStarted": "1283902.85949", "VacuumAbsolute": "-836", "VacuumRelative": "-836", "ZEndPosition": "47248000", "ZTargetPosition": "47241018"}, "Place": {"ActualPlacePosition": {"Angle": "180000", "X": "190120", "Y": "48629"}, "AirkissPressure": "77", "BoardPanelId": "2", "HoldingCircuitPressure": "2147483647", "NominalPlacePosition": {"Angle": "180000", "X": "190119", "Y": "48630"}, "ReferenceDesignator": "D3_BGA_63_", "Result": "0", "TimeStampSinceStationStarted": "1283904.311314", "VacuumAbsolute": "-838", "VacuumRelative": "95", "ZEndPosition": "46439000", "ZTargetPosition": "46485876"}, "ElectricalMeasurement": null, "Dip": null}, {"HeadSegmentId": "67588", "Measures": {"MeasureList": [{"CameraIndividualId": "4033", "MeasurementResult": "0", "PhiDeviation": "-674070", "TimeStampSinceStationStarted": "1283907.0198", "VisionDumpPath": "C:\\Sirio\\Work\\SvDumpFiles\\PartCameraDumps\\JID_403363449_OID_425500022_SEG_1_BE-Bibliothek.A5E44859639_R1283902575.svdmp", "XDeviation": "-2811", "YDeviation": "-30152"}]}, "Pick": {"ActualPickPosition": {"Angle": "0", "X": "6000", "Y": "-49500"}, "MeasuredComponentHeight": "0", "NominalPickPosition": {"Angle": "0", "X": "6051", "Y": "-49464"}, "PickupLocationId": "280", "Result": "0", "TimeStampSinceStationStarted": "1283905.972805", "VacuumAbsolute": "-839", "VacuumRelative": "-839", "ZEndPosition": "46229000", "ZTargetPosition": "46257369"}, "Place": {"ActualPlacePosition": {"Angle": "180000", "X": "143080", "Y": "162631"}, "AirkissPressure": "75", "BoardPanelId": "2", "HoldingCircuitPressure": "2147483647", "NominalPlacePosition": {"Angle": "180000", "X": "143080", "Y": "162630"}, "ReferenceDesignator": "U1700_SOP_8/SOIC_8_O", "Result": "0", "TimeStampSinceStationStarted": "1283907.335425", "VacuumAbsolute": "-841", "VacuumRelative": "96", "ZEndPosition": "43631000", "ZTargetPosition": "43632154"}, "ElectricalMeasurement": null, "Dip": null}, {"HeadSegmentId": "133124", "Measures": {"MeasureList": [{"CameraIndividualId": "4033", "MeasurementResult": "0", "PhiDeviation": "1221310", "TimeStampSinceStationStarted": "1283906.789512", "VisionDumpPath": "C:\\Sirio\\Work\\SvDumpFiles\\PartCameraDumps\\JID_403363450_OID_425500023_SEG_2_BE-Bibliothek.A5E44859639_R1283902858.svdmp", "XDeviation": "117503", "YDeviation": "-24915"}]}, "Pick": {"ActualPickPosition": {"Angle": "0", "X": "6000", "Y": "-49500"}, "MeasuredComponentHeight": "0", "NominalPickPosition": {"Angle": "0", "X": "6051", "Y": "-49464"}, "PickupLocationId": "280", "Result": "0", "TimeStampSinceStationStarted": "1283906.2554", "VacuumAbsolute": "-853", "VacuumRelative": "-853", "ZEndPosition": "46263500", "ZTargetPosition": "46257869"}, "Place": {"ActualPlacePosition": {"Angle": "180000", "X": "36979", "Y": "162631"}, "AirkissPressure": "76", "BoardPanelId": "3", "HoldingCircuitPressure": "2147483647", "NominalPlacePosition": {"Angle": "180000", "X": "36980", "Y": "162630"}, "ReferenceDesignator": "U1800_SOP_8/SOIC_8_O", "Result": "0", "TimeStampSinceStationStarted": "1283907.636027", "VacuumAbsolute": "-853", "VacuumRelative": "99", "ZEndPosition": "43696500", "ZTargetPosition": "43681129"}, "ElectricalMeasurement": null, "Dip": null}]}, "HeadContext": {"HeadSegments": {"HeadSegment": [{"GantryId": "1", "Head": "1", "HeadName": "Twin Head 5xx", "Id": "66049", "NozzleTypeId": "581", "SegmentNumber": "1"}, {"GantryId": "4", "Head": "1", "HeadName": "Twin Head 5xx", "Id": "67588", "NozzleTypeId": "516", "SegmentNumber": "1"}, {"GantryId": "1", "Head": "1", "HeadName": "Twin Head 5xx", "Id": "131585", "NozzleTypeId": "517", "SegmentNumber": "2"}, {"GantryId": "4", "Head": "1", "HeadName": "Twin Head 5xx", "Id": "133124", "NozzleTypeId": "597", "SegmentNumber": "2"}]}}, "SetupContext": {"PickupLocations": {"PickupLocation": [{"Division": "1", "FeederId": "32FAUE900466", "FeederType": "288", "Id": "238", "Level": "0", "Location": "1", "StartTrackNumber": "7", "SubLocation": "1", "Tower": "0", "PackagingUid": "M05323114"}, {"Division": "1", "FeederId": "24KL-L205402", "FeederType": "280", "Id": "240", "Level": "0", "Location": "1", "StartTrackNumber": "14", "SubLocation": "1", "Tower": "0", "PackagingUid": "M05187823"}, {"Division": "1", "FeederId": "44KL-K305106", "FeederType": "300", "Id": "241", "Level": "0", "Location": "1", "StartTrackNumber": "17", "SubLocation": "1", "Tower": "0", "PackagingUid": "M04859696"}, {"Division": "1", "FeederId": "24KL-K305319", "FeederType": "280", "Id": "242", "Level": "0", "Location": "1", "StartTrackNumber": "22", "SubLocation": "1", "Tower": "0", "PackagingUid": "M04790497"}, {"Division": "1", "FeederId": "24FAUE900672", "FeederType": "280", "Id": "265", "Level": "0", "Location": "4", "StartTrackNumber": "1", "SubLocation": "1", "Tower": "0", "PackagingUid": "A00061484"}, {"Division": "1", "FeederId": "32FAUE000671", "FeederType": "288", "Id": "267", "Level": "0", "Location": "4", "StartTrackNumber": "16", "SubLocation": "1", "Tower": "0", "PackagingUid": "M05305958"}, {"Division": "1", "FeederId": "32FAUE900659", "FeederType": "288", "Id": "271", "Level": "0", "Location": "4", "StartTrackNumber": "28", "SubLocation": "1", "Tower": "0", "PackagingUid": "M05325461"}, {"Division": "1", "FeederId": "12KL-F105078", "FeederType": "268", "Id": "280", "Level": "0", "Location": "4", "StartTrackNumber": "14", "SubLocation": "1", "Tower": "0", "PackagingUid": "M05245903"}]}}}}, "ProductionEndedData": {"StationTime": "2021-11-30T07:09:56.6350000+08:00", "TimeStampSinceStationStarted": "1283907.92081"}}