{"name": "PDI_Line5_3827013055_20211130100545.txt", "Timestamp": "2021-11-30T10:05:11.7700047+08:00", "TxnID": "e06b1db7-e865-464c-99a8-836321286812", "Line": "SEWC-Lines\\Line5", "Machine": "Line5\\ST3_X3 S", "ProductionStartedData": [{"ConveyorLanePosition": "2", "ConveyorStopperPosition": "1", "Pcb": {"BarcodeReaderPosition": "0", "BoardSide": "1", "IndividualGUID": "7fdca08f-f523-4b97-9e39-5ce965d00c4d", "LineJobGUID": "fead7f33-0866-4d90-8540-e9f27c9d6bcf", "Path": "STAB\\A5E50302021bt01", "PcbIndividualID": "42818", "RecipePath": "Line5\\Smart_CPU_L5_702SAF\\A5E50302021bt01", "Barcode": "", "OrderNumber": null}, "ProcessingAreaPosition": "2", "SetupPath": "Line5\\Smart_CPU_L5_702SAF", "StationTime": "2021-11-30T10:02:48.2230000+08:00", "TimeStampSinceStationStarted": "1294279.456153"}], "BoardPositionsList": {"BoardPositions": [{"ActualPosition": {"Angle": "43", "X": "458356", "Y": "16658", "Z": "-5000"}, "FiducialPositions": {"FiducialRecognitionResult": []}, "NominalPosition": {"Angle": "0", "X": "458392", "Y": "16359", "Z": "-5000"}}]}, "ProgressDataList": {"ProductionProgressData": {"BoardContext": {"BoardPanels": {"BoardPanel": [{"Id": "2", "PanelPath": "A5E50302021bt01/A1"}, {"Id": "3", "PanelPath": "A5E50302021bt01/B1"}]}}, "ComponentIndividuals": {"ComponentIndividual": [{"HeadSegmentId": "66819", "Measures": {"MeasureList": [{"CameraIndividualId": "3033", "MeasurementResult": "0", "PhiDeviation": "-1591228", "TimeStampSinceStationStarted": "1294282.251345", "VisionDumpPath": "C:\\Sirio\\Work\\SvDumpFiles\\PartCameraDumps\\JID_303386980_OID_428180024_SEG_1_BE-Bibliothek.A5E00701727_R1294278181.svdmp", "XDeviation": "-111784", "YDeviation": "56769"}]}, "Pick": {"ActualPickPosition": {"Angle": "180000", "X": "15250", "Y": "-70500"}, "MeasuredComponentHeight": "0", "NominalPickPosition": {"Angle": "180000", "X": "15382", "Y": "-70308"}, "PickupLocationId": "260", "Result": "0", "TimeStampSinceStationStarted": "1294281.525676", "VacuumAbsolute": "-827", "VacuumRelative": "-827", "ZEndPosition": "47641500", "ZTargetPosition": "47645227"}, "Place": {"ActualPlacePosition": {"Angle": "0", "X": "89679", "Y": "141631"}, "AirkissPressure": "74", "BoardPanelId": "3", "HoldingCircuitPressure": "2147483647", "NominalPlacePosition": {"Angle": "0", "X": "89680", "Y": "141630"}, "ReferenceDesignator": "C2207_CAPA_2_22_KOND", "Result": "0", "TimeStampSinceStationStarted": "1294282.712079", "VacuumAbsolute": "-850", "VacuumRelative": "101", "ZEndPosition": "37264500", "ZTargetPosition": "37280423"}, "ElectricalMeasurement": null, "Dip": null}, {"HeadSegmentId": "132355", "Measures": {"MeasureList": [{"CameraIndividualId": "3033", "MeasurementResult": "0", "PhiDeviation": "-195342", "TimeStampSinceStationStarted": "1294282.391898", "VisionDumpPath": "C:\\Sirio\\Work\\SvDumpFiles\\PartCameraDumps\\JID_303386981_OID_428180025_SEG_2_BE-Bibliothek.A5E01059015_R1294278360.svdmp", "XDeviation": "-133606", "YDeviation": "-326849"}]}, "Pick": {"ActualPickPosition": {"Angle": "0", "X": "17950", "Y": "-70500"}, "MeasuredComponentHeight": "0", "NominalPickPosition": {"Angle": "0", "X": "18272", "Y": "-70534"}, "PickupLocationId": "259", "Result": "0", "TimeStampSinceStationStarted": "1294281.704894", "VacuumAbsolute": "-830", "VacuumRelative": "-830", "ZEndPosition": "48726000", "ZTargetPosition": "48866553"}, "Place": {"ActualPlacePosition": {"Angle": "180000", "X": "145424", "Y": "139451"}, "AirkissPressure": "73", "BoardPanelId": "2", "HoldingCircuitPressure": "2147483647", "NominalPlacePosition": {"Angle": "180000", "X": "145424", "Y": "139450"}, "ReferenceDesignator": "X201_CONN_14_STECK_R", "Result": "0", "TimeStampSinceStationStarted": "1294282.92578", "VacuumAbsolute": "-833", "VacuumRelative": "103", "ZEndPosition": "29628000", "ZTargetPosition": "29632406"}, "ElectricalMeasurement": null, "Dip": null}, {"HeadSegmentId": "66819", "Measures": {"MeasureList": [{"CameraIndividualId": "3033", "MeasurementResult": "0", "PhiDeviation": "-1853018", "TimeStampSinceStationStarted": "1294284.109277", "VisionDumpPath": "C:\\Sirio\\Work\\SvDumpFiles\\PartCameraDumps\\JID_303386982_OID_428180026_SEG_1_BE-Bibliothek.A5E00701727_R1294280076.svdmp", "XDeviation": "53498", "YDeviation": "342"}]}, "Pick": {"ActualPickPosition": {"Angle": "180000", "X": "15250", "Y": "-70500"}, "MeasuredComponentHeight": "0", "NominalPickPosition": {"Angle": "180000", "X": "15387", "Y": "-70311"}, "PickupLocationId": "260", "Result": "0", "TimeStampSinceStationStarted": "1294283.42151", "VacuumAbsolute": "-831", "VacuumRelative": "-831", "ZEndPosition": "47640000", "ZTargetPosition": "47644295"}, "Place": {"ActualPlacePosition": {"Angle": "0", "X": "102580", "Y": "141631"}, "AirkissPressure": "74", "BoardPanelId": "3", "HoldingCircuitPressure": "2147483647", "NominalPlacePosition": {"Angle": "0", "X": "102580", "Y": "141630"}, "ReferenceDesignator": "C2208_CAPA_2_22_KOND", "Result": "0", "TimeStampSinceStationStarted": "1294284.569514", "VacuumAbsolute": "-860", "VacuumRelative": "102", "ZEndPosition": "37236500", "ZTargetPosition": "37253762"}, "ElectricalMeasurement": null, "Dip": null}, {"HeadSegmentId": "132355", "Measures": {"MeasureList": [{"CameraIndividualId": "3033", "MeasurementResult": "0", "PhiDeviation": "-1252273", "TimeStampSinceStationStarted": "1294284.249972", "VisionDumpPath": "C:\\Sirio\\Work\\SvDumpFiles\\PartCameraDumps\\JID_303386983_OID_428180027_SEG_2_BE-Bibliothek.A5E01059015_R1294280238.svdmp", "XDeviation": "-71656", "YDeviation": "-11034"}]}, "Pick": {"ActualPickPosition": {"Angle": "0", "X": "17950", "Y": "-70500"}, "MeasuredComponentHeight": "0", "NominalPickPosition": {"Angle": "0", "X": "18265", "Y": "-70550"}, "PickupLocationId": "259", "Result": "0", "TimeStampSinceStationStarted": "1294283.583749", "VacuumAbsolute": "-833", "VacuumRelative": "-833", "ZEndPosition": "48716000", "ZTargetPosition": "48831415"}, "Place": {"ActualPlacePosition": {"Angle": "180000", "X": "24922", "Y": "139451"}, "AirkissPressure": "72", "BoardPanelId": "3", "HoldingCircuitPressure": "2147483647", "NominalPlacePosition": {"Angle": "180000", "X": "24924", "Y": "139450"}, "ReferenceDesignator": "X201_CONN_14_STECK_R", "Result": "0", "TimeStampSinceStationStarted": "1294284.878665", "VacuumAbsolute": "-837", "VacuumRelative": "104", "ZEndPosition": "29753000", "ZTargetPosition": "29740871"}, "ElectricalMeasurement": null, "Dip": null}, {"HeadSegmentId": "132355", "Measures": {"MeasureList": [{"CameraIndividualId": "3033", "MeasurementResult": "0", "PhiDeviation": "-19513", "TimeStampSinceStationStarted": "1294287.160372", "VisionDumpPath": "C:\\Sirio\\Work\\SvDumpFiles\\PartCameraDumps\\JID_303386984_OID_428180028_SEG_2_BE-Bibliothek.A5E30235063_R1294282241.svdmp", "XDeviation": "333847", "YDeviation": "-2414738"}]}, "Pick": {"ActualPickPosition": {"Angle": "-90000", "X": "-40000", "Y": "-168500"}, "MeasuredComponentHeight": "0", "NominalPickPosition": {"Angle": "-90000", "X": "-40000", "Y": "-168500"}, "PickupLocationId": "249", "Result": "0", "TimeStampSinceStationStarted": "1294285.58562", "VacuumAbsolute": "-840", "VacuumRelative": "-840", "ZEndPosition": "48231000", "ZTargetPosition": "48232899"}, "Place": {"ActualPlacePosition": {"Angle": "0", "X": "169820", "Y": "46279"}, "AirkissPressure": "72", "BoardPanelId": "2", "HoldingCircuitPressure": "2147483647", "NominalPlacePosition": {"Angle": "0", "X": "169819", "Y": "46280"}, "ReferenceDesignator": "D1_BGA_372_IC_ASIC_S", "Result": "0", "TimeStampSinceStationStarted": "1294287.601157", "VacuumAbsolute": "-841", "VacuumRelative": "104", "ZEndPosition": "48057000", "ZTargetPosition": "48060823"}, "ElectricalMeasurement": null, "Dip": null}, {"HeadSegmentId": "66819", "Measures": {"MeasureList": [{"CameraIndividualId": "3033", "MeasurementResult": "0", "PhiDeviation": "1307025", "TimeStampSinceStationStarted": "1294287.302406", "VisionDumpPath": "C:\\Sirio\\Work\\SvDumpFiles\\PartCameraDumps\\JID_303386985_OID_428180029_SEG_1_BE-Bibliothek.A5E00210763_R1294283228.svdmp", "XDeviation": "-12025", "YDeviation": "-179693"}]}, "Pick": {"ActualPickPosition": {"Angle": "180000", "X": "15250", "Y": "-70500"}, "MeasuredComponentHeight": "0", "NominalPickPosition": {"Angle": "180000", "X": "15190", "Y": "-70542"}, "PickupLocationId": "256", "Result": "0", "TimeStampSinceStationStarted": "1294286.573246", "VacuumAbsolute": "-819", "VacuumRelative": "-819", "ZEndPosition": "47773500", "ZTargetPosition": "47787068"}, "Place": {"ActualPlacePosition": {"Angle": "90000", "X": "82379", "Y": "33329"}, "AirkissPressure": "75", "BoardPanelId": "3", "HoldingCircuitPressure": "2147483647", "NominalPlacePosition": {"Angle": "90000", "X": "82380", "Y": "33330"}, "ReferenceDesignator": "C1618_CAP_2_KOND_EL_", "Result": "0", "TimeStampSinceStationStarted": "1294287.84034", "VacuumAbsolute": "-818", "VacuumRelative": "95", "ZEndPosition": "37380500", "ZTargetPosition": "37393295"}, "ElectricalMeasurement": null, "Dip": null}, {"HeadSegmentId": "132355", "Measures": {"MeasureList": [{"CameraIndividualId": "3033", "MeasurementResult": "0", "PhiDeviation": "-86331", "TimeStampSinceStationStarted": "1294290.079648", "VisionDumpPath": "C:\\Sirio\\Work\\SvDumpFiles\\PartCameraDumps\\JID_303386986_OID_428180030_SEG_2_BE-Bibliothek.A5E30235063_R1294285138.svdmp", "XDeviation": "297897", "YDeviation": "-2564416"}]}, "Pick": {"ActualPickPosition": {"Angle": "-90000", "X": "-65500", "Y": "-168500"}, "MeasuredComponentHeight": "0", "NominalPickPosition": {"Angle": "-90000", "X": "-65500", "Y": "-168500"}, "PickupLocationId": "249", "Result": "0", "TimeStampSinceStationStarted": "1294288.483256", "VacuumAbsolute": "-840", "VacuumRelative": "-840", "ZEndPosition": "48349500", "ZTargetPosition": "48232424"}, "Place": {"ActualPlacePosition": {"Angle": "0", "X": "49317", "Y": "46279"}, "AirkissPressure": "73", "BoardPanelId": "3", "HoldingCircuitPressure": "2147483647", "NominalPlacePosition": {"Angle": "0", "X": "49319", "Y": "46280"}, "ReferenceDesignator": "D1_BGA_372_IC_ASIC_S", "Result": "0", "TimeStampSinceStationStarted": "1294290.514208", "VacuumAbsolute": "-842", "VacuumRelative": "104", "ZEndPosition": "47967000", "ZTargetPosition": "47997470"}, "ElectricalMeasurement": null, "Dip": null}, {"HeadSegmentId": "66819", "Measures": {"MeasureList": [{"CameraIndividualId": "3033", "MeasurementResult": "0", "PhiDeviation": "836015", "TimeStampSinceStationStarted": "1294290.221912", "VisionDumpPath": "C:\\Sirio\\Work\\SvDumpFiles\\PartCameraDumps\\JID_303386987_OID_428180031_SEG_1_BE-Bibliothek.A5E00210763_R1294286137.svdmp", "XDeviation": "33372", "YDeviation": "-97214"}]}, "Pick": {"ActualPickPosition": {"Angle": "180000", "X": "15250", "Y": "-70500"}, "MeasuredComponentHeight": "0", "NominalPickPosition": {"Angle": "180000", "X": "15190", "Y": "-70533"}, "PickupLocationId": "256", "Result": "0", "TimeStampSinceStationStarted": "1294289.48176", "VacuumAbsolute": "-814", "VacuumRelative": "-814", "ZEndPosition": "47822500", "ZTargetPosition": "47783676"}, "Place": {"ActualPlacePosition": {"Angle": "90000", "X": "202882", "Y": "33329"}, "AirkissPressure": "74", "BoardPanelId": "2", "HoldingCircuitPressure": "2147483647", "NominalPlacePosition": {"Angle": "90000", "X": "202880", "Y": "33330"}, "ReferenceDesignator": "C1618_CAP_2_KOND_EL_", "Result": "0", "TimeStampSinceStationStarted": "1294290.856776", "VacuumAbsolute": "-815", "VacuumRelative": "94", "ZEndPosition": "37563000", "ZTargetPosition": "37545263"}, "ElectricalMeasurement": null, "Dip": null}, {"HeadSegmentId": "66819", "Measures": {"MeasureList": [{"CameraIndividualId": "3033", "MeasurementResult": "0", "PhiDeviation": "-975818", "TimeStampSinceStationStarted": "1294293.037377", "VisionDumpPath": "C:\\Sirio\\Work\\SvDumpFiles\\PartCameraDumps\\JID_303386988_OID_428180033_SEG_1_BE-Bibliothek.A5E00701727_R1294289021.svdmp", "XDeviation": "-75617", "YDeviation": "-3076"}]}, "Pick": {"ActualPickPosition": {"Angle": "180000", "X": "15250", "Y": "-70500"}, "MeasuredComponentHeight": "0", "NominalPickPosition": {"Angle": "180000", "X": "15385", "Y": "-70311"}, "PickupLocationId": "260", "Result": "0", "TimeStampSinceStationStarted": "1294292.366533", "VacuumAbsolute": "-828", "VacuumRelative": "-828", "ZEndPosition": "47600000", "ZTargetPosition": "47643221"}, "Place": {"ActualPlacePosition": {"Angle": "0", "X": "223082", "Y": "141631"}, "AirkissPressure": "75", "BoardPanelId": "2", "HoldingCircuitPressure": "2147483647", "NominalPlacePosition": {"Angle": "0", "X": "223080", "Y": "141630"}, "ReferenceDesignator": "C2208_CAPA_2_22_KOND", "Result": "0", "TimeStampSinceStationStarted": "1294293.439054", "VacuumAbsolute": "-852", "VacuumRelative": "101", "ZEndPosition": "37410000", "ZTargetPosition": "37452512"}, "ElectricalMeasurement": null, "Dip": null}, {"HeadSegmentId": "132355", "Measures": {"MeasureList": [{"CameraIndividualId": "3033", "MeasurementResult": "0", "PhiDeviation": "-40532", "TimeStampSinceStationStarted": "1294293.176482", "VisionDumpPath": "C:\\Sirio\\Work\\SvDumpFiles\\PartCameraDumps\\JID_303386989_OID_428180032_SEG_2_BE-Bibliothek.A5E30242702_R1294289224.svdmp", "XDeviation": "-104974", "YDeviation": "82096"}]}, "Pick": {"ActualPickPosition": {"Angle": "0", "X": "15250", "Y": "-70500"}, "MeasuredComponentHeight": "0", "NominalPickPosition": {"Angle": "0", "X": "15352", "Y": "-70606"}, "PickupLocationId": "261", "Result": "0", "TimeStampSinceStationStarted": "1294292.569436", "VacuumAbsolute": "-795", "VacuumRelative": "-795", "ZEndPosition": "47988500", "ZTargetPosition": "48041859"}, "Place": {"ActualPlacePosition": {"Angle": "0", "X": "20417", "Y": "59679"}, "AirkissPressure": "22", "BoardPanelId": "3", "HoldingCircuitPressure": "2147483647", "NominalPlacePosition": {"Angle": "0", "X": "20419", "Y": "59680"}, "ReferenceDesignator": "Z400_SOP_16_NETZWERK", "Result": "0", "TimeStampSinceStationStarted": "1294293.799045", "VacuumAbsolute": "-800", "VacuumRelative": "97", "ZEndPosition": "42698500", "ZTargetPosition": "42698220"}, "ElectricalMeasurement": null, "Dip": null}, {"HeadSegmentId": "132355", "Measures": {"MeasureList": [{"CameraIndividualId": "3033", "MeasurementResult": "0", "PhiDeviation": "-229353", "TimeStampSinceStationStarted": "1294295.520488", "VisionDumpPath": "C:\\Sirio\\Work\\SvDumpFiles\\PartCameraDumps\\JID_303386990_OID_428180034_SEG_2_BE-Bibliothek.A5E30242702_R1294291296.svdmp", "XDeviation": "-17978", "YDeviation": "111628"}]}, "Pick": {"ActualPickPosition": {"Angle": "0", "X": "15250", "Y": "-70500"}, "MeasuredComponentHeight": "0", "NominalPickPosition": {"Angle": "0", "X": "15347", "Y": "-70602"}, "PickupLocationId": "261", "Result": "0", "TimeStampSinceStationStarted": "1294294.6407", "VacuumAbsolute": "-801", "VacuumRelative": "-801", "ZEndPosition": "48022500", "ZTargetPosition": "48028520"}, "Place": {"ActualPlacePosition": {"Angle": "0", "X": "140919", "Y": "59679"}, "AirkissPressure": "23", "BoardPanelId": "2", "HoldingCircuitPressure": "2147483647", "NominalPlacePosition": {"Angle": "0", "X": "140919", "Y": "59680"}, "ReferenceDesignator": "Z400_SOP_16_NETZWERK", "Result": "0", "TimeStampSinceStationStarted": "1294295.950787", "VacuumAbsolute": "-809", "VacuumRelative": "99", "ZEndPosition": "42695500", "ZTargetPosition": "42654531"}, "ElectricalMeasurement": null, "Dip": null}, {"HeadSegmentId": "66819", "Measures": {"MeasureList": [{"CameraIndividualId": "3033", "MeasurementResult": "0", "PhiDeviation": "784342", "TimeStampSinceStationStarted": "1294295.662887", "VisionDumpPath": "C:\\Sirio\\Work\\SvDumpFiles\\PartCameraDumps\\JID_303386991_OID_428180035_SEG_1_BE-Bibliothek.A5E00210763_R1294291575.svdmp", "XDeviation": "21383", "YDeviation": "-64685"}]}, "Pick": {"ActualPickPosition": {"Angle": "180000", "X": "15250", "Y": "-70500"}, "MeasuredComponentHeight": "0", "NominalPickPosition": {"Angle": "180000", "X": "15189", "Y": "-70528"}, "PickupLocationId": "256", "Result": "0", "TimeStampSinceStationStarted": "1294294.9194", "VacuumAbsolute": "-821", "VacuumRelative": "-821", "ZEndPosition": "47751000", "ZTargetPosition": "47793382"}, "Place": {"ActualPlacePosition": {"Angle": "180000", "X": "89929", "Y": "80730"}, "AirkissPressure": "77", "BoardPanelId": "3", "HoldingCircuitPressure": "2147483647", "NominalPlacePosition": {"Angle": "180000", "X": "89930", "Y": "80730"}, "ReferenceDesignator": "C1405_CAP_2_KOND_EL_", "Result": "0", "TimeStampSinceStationStarted": "1294296.197887", "VacuumAbsolute": "-822", "VacuumRelative": "95", "ZEndPosition": "37089500", "ZTargetPosition": "37076954"}, "ElectricalMeasurement": null, "Dip": null}, {"HeadSegmentId": "132355", "Measures": {"MeasureList": [{"CameraIndividualId": "3033", "MeasurementResult": "0", "PhiDeviation": "-471296", "TimeStampSinceStationStarted": "1294297.645896", "VisionDumpPath": "C:\\Sirio\\Work\\SvDumpFiles\\PartCameraDumps\\JID_303386992_OID_428180036_SEG_2_BE-Bibliothek.A5E01649509_R1294293402.svdmp", "XDeviation": "-7221", "YDeviation": "-128294"}]}, "Pick": {"ActualPickPosition": {"Angle": "-90000", "X": "8000", "Y": "-51500"}, "MeasuredComponentHeight": "0", "NominalPickPosition": {"Angle": "-90000", "X": "8304", "Y": "-51474"}, "PickupLocationId": "258", "Result": "0", "TimeStampSinceStationStarted": "1294296.74685", "VacuumAbsolute": "-772", "VacuumRelative": "-772", "ZEndPosition": "47139000", "ZTargetPosition": "47149516"}, "Place": {"ActualPlacePosition": {"Angle": "180000", "X": "224482", "Y": "67129"}, "AirkissPressure": "73", "BoardPanelId": "2", "HoldingCircuitPressure": "2147483647", "NominalPlacePosition": {"Angle": "180000", "X": "224480", "Y": "67130"}, "ReferenceDesignator": "V701_DPAK/TO252_TRAN", "Result": "0", "TimeStampSinceStationStarted": "1294298.070515", "VacuumAbsolute": "-809", "VacuumRelative": "99", "ZEndPosition": "45308000", "ZTargetPosition": "45305962"}, "ElectricalMeasurement": null, "Dip": null}, {"HeadSegmentId": "66819", "Measures": {"MeasureList": [{"CameraIndividualId": "3033", "MeasurementResult": "0", "PhiDeviation": "1270105", "TimeStampSinceStationStarted": "1294297.785794", "VisionDumpPath": "C:\\Sirio\\Work\\SvDumpFiles\\PartCameraDumps\\JID_303386993_OID_428180037_SEG_1_BE-Bibliothek.A5E00210763_R1294293713.svdmp", "XDeviation": "-1335", "YDeviation": "-183195"}]}, "Pick": {"ActualPickPosition": {"Angle": "180000", "X": "15250", "Y": "-70500"}, "MeasuredComponentHeight": "0", "NominalPickPosition": {"Angle": "180000", "X": "15187", "Y": "-70525"}, "PickupLocationId": "256", "Result": "0", "TimeStampSinceStationStarted": "1294297.058216", "VacuumAbsolute": "-786", "VacuumRelative": "-786", "ZEndPosition": "47725500", "ZTargetPosition": "47782787"}, "Place": {"ActualPlacePosition": {"Angle": "180000", "X": "210432", "Y": "80730"}, "AirkissPressure": "71", "BoardPanelId": "2", "HoldingCircuitPressure": "2147483647", "NominalPlacePosition": {"Angle": "180000", "X": "210430", "Y": "80730"}, "ReferenceDesignator": "C1405_CAP_2_KOND_EL_", "Result": "0", "TimeStampSinceStationStarted": "1294298.365008", "VacuumAbsolute": "-787", "VacuumRelative": "89", "ZEndPosition": "37187500", "ZTargetPosition": "37257697"}, "ElectricalMeasurement": null, "Dip": null}, {"HeadSegmentId": "66819", "Measures": {"MeasureList": [{"CameraIndividualId": "3033", "MeasurementResult": "0", "PhiDeviation": "-2008809", "TimeStampSinceStationStarted": "1294299.480727", "VisionDumpPath": "C:\\Sirio\\Work\\SvDumpFiles\\PartCameraDumps\\JID_303386994_OID_428180038_SEG_1_BE-Bibliothek.A5E00701727_R1294295556.svdmp", "XDeviation": "75298", "YDeviation": "39147"}]}, "Pick": {"ActualPickPosition": {"Angle": "180000", "X": "15250", "Y": "-70500"}, "MeasuredComponentHeight": "0", "NominalPickPosition": {"Angle": "180000", "X": "15388", "Y": "-70311"}, "PickupLocationId": "260", "Result": "0", "TimeStampSinceStationStarted": "1294298.901009", "VacuumAbsolute": "-831", "VacuumRelative": "-831", "ZEndPosition": "47619500", "ZTargetPosition": "47632416"}, "Place": {"ActualPlacePosition": {"Angle": "0", "X": "210182", "Y": "141631"}, "AirkissPressure": "75", "BoardPanelId": "2", "HoldingCircuitPressure": "2147483647", "NominalPlacePosition": {"Angle": "0", "X": "210180", "Y": "141630"}, "ReferenceDesignator": "C2207_CAPA_2_22_KOND", "Result": "0", "TimeStampSinceStationStarted": "1294299.876329", "VacuumAbsolute": "-859", "VacuumRelative": "102", "ZEndPosition": "37394000", "ZTargetPosition": "37439083"}, "ElectricalMeasurement": null, "Dip": null}, {"HeadSegmentId": "132355", "Measures": {"MeasureList": [{"CameraIndividualId": "3033", "MeasurementResult": "0", "PhiDeviation": "-308000", "TimeStampSinceStationStarted": "1294299.620369", "VisionDumpPath": "C:\\Sirio\\Work\\SvDumpFiles\\PartCameraDumps\\JID_303386995_OID_428180039_SEG_2_BE-Bibliothek.A5E01649509_R1294295715.svdmp", "XDeviation": "-54420", "YDeviation": "1139"}]}, "Pick": {"ActualPickPosition": {"Angle": "-90000", "X": "8000", "Y": "-51500"}, "MeasuredComponentHeight": "0", "NominalPickPosition": {"Angle": "-90000", "X": "8297", "Y": "-51473"}, "PickupLocationId": "258", "Result": "0", "TimeStampSinceStationStarted": "1294299.059621", "VacuumAbsolute": "-773", "VacuumRelative": "-773", "ZEndPosition": "47162500", "ZTargetPosition": "47146887"}, "Place": {"ActualPlacePosition": {"Angle": "180000", "X": "103980", "Y": "67129"}, "AirkissPressure": "73", "BoardPanelId": "3", "HoldingCircuitPressure": "2147483647", "NominalPlacePosition": {"Angle": "180000", "X": "103980", "Y": "67130"}, "ReferenceDesignator": "V701_DPAK/TO252_TRAN", "Result": "0", "TimeStampSinceStationStarted": "1294300.195258", "VacuumAbsolute": "-807", "VacuumRelative": "98", "ZEndPosition": "45099500", "ZTargetPosition": "45083171"}, "ElectricalMeasurement": null, "Dip": null}, {"HeadSegmentId": "132355", "Measures": {"MeasureList": [{"CameraIndividualId": "3033", "MeasurementResult": "0", "PhiDeviation": "316323", "TimeStampSinceStationStarted": "1294301.755665", "VisionDumpPath": "C:\\Sirio\\Work\\SvDumpFiles\\PartCameraDumps\\JID_303386996_OID_428180040_SEG_2_BE-Bibliothek.A5E32357002_R1294297428.svdmp", "XDeviation": "-280476", "YDeviation": "554551"}]}, "Pick": {"ActualPickPosition": {"Angle": "0", "X": "30150", "Y": "-72740"}, "MeasuredComponentHeight": "0", "NominalPickPosition": {"Angle": "0", "X": "30211", "Y": "-72589"}, "PickupLocationId": "257", "Result": "0", "TimeStampSinceStationStarted": "1294300.772627", "VacuumAbsolute": "-760", "VacuumRelative": "-760", "ZEndPosition": "47140000", "ZTargetPosition": "47133113"}, "Place": {"ActualPlacePosition": {"Angle": "180000", "X": "98584", "Y": "160181"}, "AirkissPressure": "73", "BoardPanelId": "3", "HoldingCircuitPressure": "2147483647", "NominalPlacePosition": {"Angle": "180000", "X": "98585", "Y": "160180"}, "ReferenceDesignator": "X202_CONN_28_STECK_R", "Result": "0", "TimeStampSinceStationStarted": "1294302.241452", "VacuumAbsolute": "-761", "VacuumRelative": "90", "ZEndPosition": "28931000", "ZTargetPosition": "29001116"}, "ElectricalMeasurement": null, "Dip": null}, {"HeadSegmentId": "132355", "Measures": {"MeasureList": [{"CameraIndividualId": "3033", "MeasurementResult": "0", "PhiDeviation": "519713", "TimeStampSinceStationStarted": "1294303.783603", "VisionDumpPath": "C:\\Sirio\\Work\\SvDumpFiles\\PartCameraDumps\\JID_303386997_OID_428180041_SEG_2_BE-Bibliothek.A5E32357002_R1294299450.svdmp", "XDeviation": "-92222", "YDeviation": "-275027"}]}, "Pick": {"ActualPickPosition": {"Angle": "0", "X": "30150", "Y": "-72740"}, "MeasuredComponentHeight": "0", "NominalPickPosition": {"Angle": "0", "X": "30197", "Y": "-72562"}, "PickupLocationId": "257", "Result": "0", "TimeStampSinceStationStarted": "1294302.795071", "VacuumAbsolute": "-807", "VacuumRelative": "-807", "ZEndPosition": "47186000", "ZTargetPosition": "47134835"}, "Place": {"ActualPlacePosition": {"Angle": "180000", "X": "219087", "Y": "160181"}, "AirkissPressure": "71", "BoardPanelId": "2", "HoldingCircuitPressure": "2147483647", "NominalPlacePosition": {"Angle": "180000", "X": "219085", "Y": "160180"}, "ReferenceDesignator": "X202_CONN_28_STECK_R", "Result": "0", "TimeStampSinceStationStarted": "1294304.267897", "VacuumAbsolute": "-810", "VacuumRelative": "99", "ZEndPosition": "29105500", "ZTargetPosition": "28998312"}, "ElectricalMeasurement": null, "Dip": null}]}, "HeadContext": {"HeadSegments": {"HeadSegment": [{"GantryId": "3", "Head": "1", "HeadName": "Twin Head 5xx", "Id": "66819", "NozzleTypeId": "517", "SegmentNumber": "1"}, {"GantryId": "3", "Head": "1", "HeadName": "Twin Head 5xx", "Id": "132355", "NozzleTypeId": "573", "SegmentNumber": "2"}]}}, "SetupContext": {"PickupLocations": {"PickupLocation": [{"Division": "1", "FeederId": "", "FeederType": "34", "Id": "249", "Level": "1", "Location": "2", "StartTrackNumber": "1", "SubLocation": "2", "Tower": "1", "PackagingUid": ""}, {"Division": "1", "FeederId": "24FAUE900235", "FeederType": "280", "Id": "256", "Level": "0", "Location": "3", "StartTrackNumber": "4", "SubLocation": "1", "Tower": "0", "PackagingUid": "M05256972"}, {"Division": "1", "FeederId": "56FAUEN00199", "FeederType": "312", "Id": "257", "Level": "0", "Location": "3", "StartTrackNumber": "7", "SubLocation": "1", "Tower": "0", "PackagingUid": "M04854771"}, {"Division": "1", "FeederId": "17ATMH805118", "FeederType": "273", "Id": "258", "Level": "0", "Location": "3", "StartTrackNumber": "13", "SubLocation": "1", "Tower": "0", "PackagingUid": "M05206518"}, {"Division": "1", "FeederId": "32FAUEN00039", "FeederType": "288", "Id": "259", "Level": "0", "Location": "3", "StartTrackNumber": "15", "SubLocation": "1", "Tower": "0", "PackagingUid": "M05323151"}, {"Division": "1", "FeederId": "24FAUE600582", "FeederType": "280", "Id": "260", "Level": "0", "Location": "3", "StartTrackNumber": "19", "SubLocation": "1", "Tower": "0", "PackagingUid": "M05187765"}, {"Division": "1", "FeederId": "24FAUF700689", "FeederType": "280", "Id": "261", "Level": "0", "Location": "3", "StartTrackNumber": "22", "SubLocation": "1", "Tower": "0", "PackagingUid": "M05014339"}]}}}}, "ProductionEndedData": {"StationTime": "2021-11-30T10:03:13.4940000+08:00", "TimeStampSinceStationStarted": "1294304.72715"}}