{"name": "PDI_Line5_3857793522_20211130194550.txt", "Timestamp": "2021-11-30T19:45:30.2223637+08:00", "TxnID": "df886c3f-f0a6-4392-b165-257f23ada400", "Line": "SEWC-Lines\\Line5", "Machine": "Line5\\ST2_X4 S", "ProductionStartedData": [{"ConveyorLanePosition": "1", "ConveyorStopperPosition": "1", "Pcb": {"BarcodeReaderPosition": "0", "BoardSide": "1", "IndividualGUID": "b7851e30-02f4-42ba-8004-cd78f2e1ded8", "LineJobGUID": "e5c1bbcc-188b-45e0-8688-0345d94b6a3b", "Path": "STAB\\A5E50302024bt02", "PcbIndividualID": "44983", "RecipePath": "Line5\\Smart_CPU_L5_702SAF\\A5E50302024bt02", "Barcode": "", "OrderNumber": null}, "ProcessingAreaPosition": "1", "SetupPath": "Line5\\Smart_CPU_L5_702SAF", "StationTime": "2021-11-30T19:45:49.6750000+08:00", "TimeStampSinceStationStarted": "1329091.04736"}], "BoardPositionsList": {"BoardPositions": [{"ActualPosition": {"Angle": "23", "X": "-476448", "Y": "-232569", "Z": "-5000"}, "FiducialPositions": {"FiducialRecognitionResult": [{"ActualPosition": {"Angle": "-56", "X": "192189", "Y": "185933", "Z": null}, "CameraIndividualId": "4034", "FiducialFunction": "0", "GantryId": "4", "MeasurementResult": "0", "NominalPosition": {"Angle": "0", "X": "192833", "Y": "186004", "Z": null}, "Path": "A5E50302024bt02/1/02/1", "StationTime": "2021-11-30T19:45:52.1890000+08:00", "TimeStampSinceStationStarted": "1329093.561204"}, {"ActualPosition": {"Angle": "-4", "X": "4256", "Y": "11572", "Z": null}, "CameraIndividualId": "4034", "FiducialFunction": "0", "GantryId": "4", "MeasurementResult": "0", "NominalPosition": {"Angle": "0", "X": "4810", "Y": "11697", "Z": null}, "Path": "A5E50302024bt02/1/01/1", "StationTime": "2021-11-30T19:45:52.1890000+08:00", "TimeStampSinceStationStarted": "1329093.561204"}]}, "NominalPosition": {"Angle": "0", "X": "-475888", "Y": "-232431", "Z": "-5000"}}]}, "ProgressDataList": {"ProductionProgressData": {"BoardContext": {"BoardPanels": {"BoardPanel": [{"Id": "2", "PanelPath": "A5E50302024bt02/A1"}]}}, "ComponentIndividuals": {"ComponentIndividual": [{"HeadSegmentId": "66049", "Measures": {"MeasureList": [{"CameraIndividualId": "1030", "MeasurementResult": "0", "PhiDeviation": "-98549", "TimeStampSinceStationStarted": "1329091.963488", "VisionDumpPath": "C:\\Sirio\\Work\\SvDumpFiles\\PartCameraDumps\\JID_103040533_OID_449830000_SEG_1_BE-Bibliothek.A5E00132529_R1329092766.svdmp", "XDeviation": "75441", "YDeviation": "14990"}]}, "Pick": {"ActualPickPosition": {"Angle": "0", "X": "8000", "Y": "-51500"}, "MeasuredComponentHeight": "1026255", "NominalPickPosition": {"Angle": "0", "X": "8128", "Y": "-51398"}, "PickupLocationId": "148", "Result": "0", "TimeStampSinceStationStarted": "1329091.255618", "VacuumAbsolute": "-831", "VacuumRelative": "-831", "ZEndPosition": "16427000", "ZTargetPosition": "16466459"}, "Place": {"ActualPlacePosition": {"Angle": "-5", "X": "99442", "Y": "50068"}, "AirkissPressure": "56", "BoardPanelId": "2", "HoldingCircuitPressure": "-595", "NominalPlacePosition": {"Angle": "0", "X": "99450", "Y": "50030"}, "ReferenceDesignator": "D1200_TSSOP_20_IC_IN", "Result": "0", "TimeStampSinceStationStarted": "1329094.257773", "VacuumAbsolute": "-775", "VacuumRelative": "76", "ZEndPosition": "15961000", "ZTargetPosition": "15963070"}, "ElectricalMeasurement": null, "Dip": null}, {"HeadSegmentId": "131585", "Measures": {"MeasureList": [{"CameraIndividualId": "1030", "MeasurementResult": "0", "PhiDeviation": "259247", "TimeStampSinceStationStarted": "1329092.043915", "VisionDumpPath": "C:\\Sirio\\Work\\SvDumpFiles\\PartCameraDumps\\JID_103040534_OID_449830001_SEG_2_BE-Bibliothek.A5E00132529_R1329092909.svdmp", "XDeviation": "-24358", "YDeviation": "-69265"}]}, "Pick": {"ActualPickPosition": {"Angle": "0", "X": "8000", "Y": "-51500"}, "MeasuredComponentHeight": "1019445", "NominalPickPosition": {"Angle": "0", "X": "8128", "Y": "-51398"}, "PickupLocationId": "148", "Result": "0", "TimeStampSinceStationStarted": "1329091.39953", "VacuumAbsolute": "-852", "VacuumRelative": "-852", "ZEndPosition": "16515500", "ZTargetPosition": "16450094"}, "Place": {"ActualPlacePosition": {"Angle": "-5", "X": "119327", "Y": "50266"}, "AirkissPressure": "55", "BoardPanelId": "2", "HoldingCircuitPressure": "-599", "NominalPlacePosition": {"Angle": "0", "X": "119350", "Y": "50230"}, "ReferenceDesignator": "D1204_TSSOP_20_IC_IN", "Result": "0", "TimeStampSinceStationStarted": "1329094.3373", "VacuumAbsolute": "-784", "VacuumRelative": "91", "ZEndPosition": "15984500", "ZTargetPosition": "16000027"}, "ElectricalMeasurement": null, "Dip": null}, {"HeadSegmentId": "197121", "Measures": {"MeasureList": [{"CameraIndividualId": "1030", "MeasurementResult": "0", "PhiDeviation": "-256225", "TimeStampSinceStationStarted": "1329092.126382", "VisionDumpPath": "C:\\Sirio\\Work\\SvDumpFiles\\PartCameraDumps\\JID_103040535_OID_449830002_SEG_3_BE-Bibliothek.A5E00207035_R1329093138.svdmp", "XDeviation": "27215", "YDeviation": "26175"}]}, "Pick": {"ActualPickPosition": {"Angle": "0", "X": "1000", "Y": "-50000"}, "MeasuredComponentHeight": "515520", "NominalPickPosition": {"Angle": "0", "X": "910", "Y": "-49802"}, "PickupLocationId": "156", "Result": "0", "TimeStampSinceStationStarted": "1329091.626851", "VacuumAbsolute": "-745", "VacuumRelative": "-745", "ZEndPosition": "13802000", "ZTargetPosition": "13763523"}, "Place": {"ActualPlacePosition": {"Angle": "-5", "X": "101391", "Y": "55668"}, "AirkissPressure": "54", "BoardPanelId": "2", "HoldingCircuitPressure": "-506", "NominalPlacePosition": {"Angle": "0", "X": "101400", "Y": "55630"}, "ReferenceDesignator": "R1209_1206_8_WID_NET", "Result": "0", "TimeStampSinceStationStarted": "1329094.420878", "VacuumAbsolute": "-787", "VacuumRelative": "76", "ZEndPosition": "14476500", "ZTargetPosition": "14493072"}, "ElectricalMeasurement": null, "Dip": null}, {"HeadSegmentId": "262657", "Measures": {"MeasureList": [{"CameraIndividualId": "1030", "MeasurementResult": "0", "PhiDeviation": "-484738", "TimeStampSinceStationStarted": "1329092.25056", "VisionDumpPath": "C:\\Sirio\\Work\\SvDumpFiles\\PartCameraDumps\\JID_103040536_OID_449830003_SEG_4_BE-Bibliothek.A5E00207035_R1329093212.svdmp", "XDeviation": "50384", "YDeviation": "31443"}]}, "Pick": {"ActualPickPosition": {"Angle": "0", "X": "1000", "Y": "-50000"}, "MeasuredComponentHeight": "519375", "NominalPickPosition": {"Angle": "0", "X": "910", "Y": "-49802"}, "PickupLocationId": "156", "Result": "0", "TimeStampSinceStationStarted": "1329091.701769", "VacuumAbsolute": "-725", "VacuumRelative": "-725", "ZEndPosition": "13787000", "ZTargetPosition": "13857142"}, "Place": {"ActualPlacePosition": {"Angle": "179995", "X": "97544", "Y": "55668"}, "AirkissPressure": "53", "BoardPanelId": "2", "HoldingCircuitPressure": "-451", "NominalPlacePosition": {"Angle": "180000", "X": "97550", "Y": "55630"}, "ReferenceDesignator": "R1203_1206_8_WID_NET", "Result": "0", "TimeStampSinceStationStarted": "1329094.491686", "VacuumAbsolute": "-770", "VacuumRelative": "79", "ZEndPosition": "14582500", "ZTargetPosition": "14577787"}, "ElectricalMeasurement": null, "Dip": null}, {"HeadSegmentId": "328193", "Measures": {"MeasureList": [{"CameraIndividualId": "1030", "MeasurementResult": "0", "PhiDeviation": "3388973", "TimeStampSinceStationStarted": "1329092.308182", "VisionDumpPath": "C:\\Sirio\\Work\\SvDumpFiles\\PartCameraDumps\\JID_103040537_OID_449830004_SEG_5_BE-Bibliothek.A5E00207035_R1329093288.svdmp", "XDeviation": "-136292", "YDeviation": "-64282"}]}, "Pick": {"ActualPickPosition": {"Angle": "0", "X": "1000", "Y": "-50000"}, "MeasuredComponentHeight": "542632", "NominalPickPosition": {"Angle": "0", "X": "910", "Y": "-49802"}, "PickupLocationId": "156", "Result": "0", "TimeStampSinceStationStarted": "1329091.777304", "VacuumAbsolute": "-794", "VacuumRelative": "-794", "ZEndPosition": "12852000", "ZTargetPosition": "12799607"}, "Place": {"ActualPlacePosition": {"Angle": "-5", "X": "118728", "Y": "55966"}, "AirkissPressure": "51", "BoardPanelId": "2", "HoldingCircuitPressure": "-557", "NominalPlacePosition": {"Angle": "0", "X": "118750", "Y": "55930"}, "ReferenceDesignator": "R1207_1206_8_WID_NET", "Result": "0", "TimeStampSinceStationStarted": "1329094.56584", "VacuumAbsolute": "-831", "VacuumRelative": "96", "ZEndPosition": "13536500", "ZTargetPosition": "13558525"}, "ElectricalMeasurement": null, "Dip": null}, {"HeadSegmentId": "393729", "Measures": {"MeasureList": [{"CameraIndividualId": "1030", "MeasurementResult": "0", "PhiDeviation": "202700", "TimeStampSinceStationStarted": "1329092.365932", "VisionDumpPath": "C:\\Sirio\\Work\\SvDumpFiles\\PartCameraDumps\\JID_103040538_OID_449830005_SEG_6_BE-Bibliothek.A5E00726333_R1329093387.svdmp", "XDeviation": "-232679", "YDeviation": "-161616"}]}, "Pick": {"ActualPickPosition": {"Angle": "0", "X": "1090", "Y": "-50930"}, "MeasuredComponentHeight": "1319580", "NominalPickPosition": {"Angle": "0", "X": "1090", "Y": "-50930"}, "PickupLocationId": "159", "Result": "0", "TimeStampSinceStationStarted": "1329091.876594", "VacuumAbsolute": "-796", "VacuumRelative": "-796", "ZEndPosition": "13567500", "ZTargetPosition": "13572674"}, "Place": {"ActualPlacePosition": {"Angle": "89994", "X": "169988", "Y": "38563"}, "AirkissPressure": "56", "BoardPanelId": "2", "HoldingCircuitPressure": "-458", "NominalPlacePosition": {"Angle": "90000", "X": "170050", "Y": "38530"}, "ReferenceDesignator": "C807_0805_KOND_KER_V", "Result": "0", "TimeStampSinceStationStarted": "1329094.665781", "VacuumAbsolute": "-835", "VacuumRelative": "92", "ZEndPosition": "13160000", "ZTargetPosition": "13170458"}, "ElectricalMeasurement": null, "Dip": null}, {"HeadSegmentId": "459265", "Measures": {"MeasureList": [{"CameraIndividualId": "1030", "MeasurementResult": "0", "PhiDeviation": "1274522", "TimeStampSinceStationStarted": "1329094.265022", "VisionDumpPath": "C:\\Sirio\\Work\\SvDumpFiles\\PartCameraDumps\\JID_103040539_OID_449830006_SEG_7_BE-Bibliothek.A5E00726333_R1329093467.svdmp", "XDeviation": "-89133", "YDeviation": "-176059"}]}, "Pick": {"ActualPickPosition": {"Angle": "0", "X": "1090", "Y": "-50930"}, "MeasuredComponentHeight": "1333287", "NominalPickPosition": {"Angle": "0", "X": "1090", "Y": "-50930"}, "PickupLocationId": "159", "Result": "0", "TimeStampSinceStationStarted": "1329091.955988", "VacuumAbsolute": "-797", "VacuumRelative": "-797", "ZEndPosition": "13613000", "ZTargetPosition": "13608881"}, "Place": {"ActualPlacePosition": {"Angle": "-5", "X": "169538", "Y": "26564"}, "AirkissPressure": "56", "BoardPanelId": "2", "HoldingCircuitPressure": "-485", "NominalPlacePosition": {"Angle": "0", "X": "169600", "Y": "26530"}, "ReferenceDesignator": "C940_0805_KOND_KER_V", "Result": "0", "TimeStampSinceStationStarted": "1329094.754235", "VacuumAbsolute": "-833", "VacuumRelative": "89", "ZEndPosition": "13282500", "ZTargetPosition": "13320469"}, "ElectricalMeasurement": null, "Dip": null}, {"HeadSegmentId": "524801", "Measures": {"MeasureList": [{"CameraIndividualId": "1030", "MeasurementResult": "0", "PhiDeviation": "-232021", "TimeStampSinceStationStarted": "1329094.347385", "VisionDumpPath": "C:\\Sirio\\Work\\SvDumpFiles\\PartCameraDumps\\JID_103040540_OID_449830007_SEG_8_BE-Bibliothek.A5E00726333_R1329093547.svdmp", "XDeviation": "-102872", "YDeviation": "-184759"}]}, "Pick": {"ActualPickPosition": {"Angle": "0", "X": "1090", "Y": "-50930"}, "MeasuredComponentHeight": "1311959", "NominalPickPosition": {"Angle": "0", "X": "1090", "Y": "-50930"}, "PickupLocationId": "159", "Result": "0", "TimeStampSinceStationStarted": "1329092.036258", "VacuumAbsolute": "-792", "VacuumRelative": "-792", "ZEndPosition": "13620000", "ZTargetPosition": "13633911"}, "Place": {"ActualPlacePosition": {"Angle": "89994", "X": "76777", "Y": "29083"}, "AirkissPressure": "51", "BoardPanelId": "2", "HoldingCircuitPressure": "-536", "NominalPlacePosition": {"Angle": "90000", "X": "76770", "Y": "29040"}, "ReferenceDesignator": "C902_0805_KOND_KER_V", "Result": "0", "TimeStampSinceStationStarted": "1329094.881039", "VacuumAbsolute": "-840", "VacuumRelative": "93", "ZEndPosition": "13059000", "ZTargetPosition": "13024769"}, "ElectricalMeasurement": null, "Dip": null}, {"HeadSegmentId": "590337", "Measures": {"MeasureList": [{"CameraIndividualId": "1030", "MeasurementResult": "0", "PhiDeviation": "-554013", "TimeStampSinceStationStarted": "1329094.427064", "VisionDumpPath": "C:\\Sirio\\Work\\SvDumpFiles\\PartCameraDumps\\JID_103040541_OID_449830008_SEG_9_BE-Bibliothek.A5E00726333_R1329093629.svdmp", "XDeviation": "-130340", "YDeviation": "-160174"}]}, "Pick": {"ActualPickPosition": {"Angle": "0", "X": "1090", "Y": "-50930"}, "MeasuredComponentHeight": "1365085", "NominalPickPosition": {"Angle": "0", "X": "1090", "Y": "-50930"}, "PickupLocationId": "159", "Result": "0", "TimeStampSinceStationStarted": "1329092.118879", "VacuumAbsolute": "-774", "VacuumRelative": "-774", "ZEndPosition": "13538500", "ZTargetPosition": "13557933"}, "Place": {"ActualPlacePosition": {"Angle": "-5", "X": "68363", "Y": "31223"}, "AirkissPressure": "53", "BoardPanelId": "2", "HoldingCircuitPressure": "-530", "NominalPlacePosition": {"Angle": "0", "X": "68350", "Y": "31180"}, "ReferenceDesignator": "C926_0805_KOND_KER_V", "Result": "0", "TimeStampSinceStationStarted": "1329094.950817", "VacuumAbsolute": "-805", "VacuumRelative": "77", "ZEndPosition": "12925000", "ZTargetPosition": "12944726"}, "ElectricalMeasurement": null, "Dip": null}, {"HeadSegmentId": "655873", "Measures": {"MeasureList": [{"CameraIndividualId": "1030", "MeasurementResult": "0", "PhiDeviation": "-808536", "TimeStampSinceStationStarted": "1329094.499597", "VisionDumpPath": "C:\\Sirio\\Work\\SvDumpFiles\\PartCameraDumps\\JID_103040542_OID_449830009_SEG_10_BE-Bibliothek.A5E00818233_R1329093753.svdmp", "XDeviation": "-8312", "YDeviation": "2927"}]}, "Pick": {"ActualPickPosition": {"Angle": "0", "X": "899", "Y": "-51449"}, "MeasuredComponentHeight": "494165", "NominalPickPosition": {"Angle": "0", "X": "953", "Y": "-51439"}, "PickupLocationId": "164", "Result": "0", "TimeStampSinceStationStarted": "1329092.242986", "VacuumAbsolute": "-746", "VacuumRelative": "-746", "ZEndPosition": "11732000", "ZTargetPosition": "11751500"}, "Place": {"ActualPlacePosition": {"Angle": "89994", "X": "59419", "Y": "25775"}, "AirkissPressure": "51", "BoardPanelId": "2", "HoldingCircuitPressure": "-641", "NominalPlacePosition": {"Angle": "90000", "X": "59400", "Y": "25730"}, "ReferenceDesignator": "C999_0402_2_KOND_KER", "Result": "0", "TimeStampSinceStationStarted": "1329095.027584", "VacuumAbsolute": "-859", "VacuumRelative": "175", "ZEndPosition": "12894500", "ZTargetPosition": "12896409"}, "ElectricalMeasurement": null, "Dip": null}, {"HeadSegmentId": "721409", "Measures": {"MeasureList": [{"CameraIndividualId": "1030", "MeasurementResult": "0", "PhiDeviation": "-3419537", "TimeStampSinceStationStarted": "1329094.576368", "VisionDumpPath": "C:\\Sirio\\Work\\SvDumpFiles\\PartCameraDumps\\JID_103040543_OID_449830010_SEG_11_BE-Bibliothek.A5E00818233_R1329093811.svdmp", "XDeviation": "-19251", "YDeviation": "-15798"}]}, "Pick": {"ActualPickPosition": {"Angle": "0", "X": "899", "Y": "-51449"}, "MeasuredComponentHeight": "498598", "NominalPickPosition": {"Angle": "0", "X": "953", "Y": "-51439"}, "PickupLocationId": "164", "Result": "0", "TimeStampSinceStationStarted": "1329092.300574", "VacuumAbsolute": "-686", "VacuumRelative": "-686", "ZEndPosition": "11741500", "ZTargetPosition": "11759500"}, "Place": {"ActualPlacePosition": {"Angle": "-5", "X": "57420", "Y": "25125"}, "AirkissPressure": "51", "BoardPanelId": "2", "HoldingCircuitPressure": "-691", "NominalPlacePosition": {"Angle": "0", "X": "57400", "Y": "25080"}, "ReferenceDesignator": "C998_0402_2_KOND_KER", "Result": "0", "TimeStampSinceStationStarted": "1329095.097142", "VacuumAbsolute": "-847", "VacuumRelative": "123", "ZEndPosition": "12923500", "ZTargetPosition": "12919587"}, "ElectricalMeasurement": null, "Dip": null}, {"HeadSegmentId": "786945", "Measures": {"MeasureList": [{"CameraIndividualId": "1030", "MeasurementResult": "0", "PhiDeviation": "1140828", "TimeStampSinceStationStarted": "1329094.676448", "VisionDumpPath": "C:\\Sirio\\Work\\SvDumpFiles\\PartCameraDumps\\JID_103040544_OID_449830011_SEG_12_BE-Bibliothek.A5E00818233_R1329093868.svdmp", "XDeviation": "-1105", "YDeviation": "-25323"}]}, "Pick": {"ActualPickPosition": {"Angle": "0", "X": "899", "Y": "-51449"}, "MeasuredComponentHeight": "502442", "NominalPickPosition": {"Angle": "0", "X": "953", "Y": "-51439"}, "PickupLocationId": "164", "Result": "0", "TimeStampSinceStationStarted": "1329092.358314", "VacuumAbsolute": "-787", "VacuumRelative": "-787", "ZEndPosition": "11695500", "ZTargetPosition": "11715000"}, "Place": {"ActualPlacePosition": {"Angle": "-5", "X": "55722", "Y": "25125"}, "AirkissPressure": "56", "BoardPanelId": "2", "HoldingCircuitPressure": "-729", "NominalPlacePosition": {"Angle": "0", "X": "55700", "Y": "25080"}, "ReferenceDesignator": "C955_0402_2_KOND_KER", "Result": "0", "TimeStampSinceStationStarted": "1329095.167046", "VacuumAbsolute": "-845", "VacuumRelative": "46", "ZEndPosition": "12885000", "ZTargetPosition": "12876177"}, "ElectricalMeasurement": null, "Dip": null}, {"HeadSegmentId": "199428", "Measures": {"MeasureList": [{"CameraIndividualId": "4030", "MeasurementResult": "0", "PhiDeviation": "-3268948", "TimeStampSinceStationStarted": "1329094.96299", "VisionDumpPath": "C:\\Sirio\\Work\\SvDumpFiles\\PartCameraDumps\\JID_403066320_OID_449830012_SEG_3_BE-Bibliothek.A5E00150936_R1329095889.svdmp", "XDeviation": "24823", "YDeviation": "14807"}]}, "Pick": {"ActualPickPosition": {"Angle": "0", "X": "1000", "Y": "-51000"}, "MeasuredComponentHeight": "891796", "NominalPickPosition": {"Angle": "0", "X": "840", "Y": "-51010"}, "PickupLocationId": "215", "Result": "0", "TimeStampSinceStationStarted": "1329094.378901", "VacuumAbsolute": "-813", "VacuumRelative": "-813", "ZEndPosition": "12412500", "ZTargetPosition": "12431500"}, "Place": {"ActualPlacePosition": {"Angle": "-90000", "X": "33827", "Y": "75653"}, "AirkissPressure": "51", "BoardPanelId": "2", "HoldingCircuitPressure": "-826", "NominalPlacePosition": {"Angle": "-90000", "X": "33820", "Y": "75650"}, "ReferenceDesignator": "H401_0603_2_DIO_LED_", "Result": "0", "TimeStampSinceStationStarted": "1329095.837171", "VacuumAbsolute": "-841", "VacuumRelative": "90", "ZEndPosition": "12512000", "ZTargetPosition": "12506045"}, "ElectricalMeasurement": null, "Dip": null}, {"HeadSegmentId": "264964", "Measures": {"MeasureList": [{"CameraIndividualId": "4030", "MeasurementResult": "0", "PhiDeviation": "-5507727", "TimeStampSinceStationStarted": "1329095.02206", "VisionDumpPath": "C:\\Sirio\\Work\\SvDumpFiles\\PartCameraDumps\\JID_403066321_OID_449830013_SEG_4_BE-Bibliothek.A5E00115146_R1329095960.svdmp", "XDeviation": "-61374", "YDeviation": "-84042"}]}, "Pick": {"ActualPickPosition": {"Angle": "0", "X": "982", "Y": "-50918"}, "MeasuredComponentHeight": "458489", "NominalPickPosition": {"Angle": "0", "X": "918", "Y": "-50878"}, "PickupLocationId": "217", "Result": "0", "TimeStampSinceStationStarted": "1329094.449215", "VacuumAbsolute": "-826", "VacuumRelative": "-826", "ZEndPosition": "11983000", "ZTargetPosition": "12003000"}, "Place": {"ActualPlacePosition": {"Angle": "180000", "X": "82732", "Y": "56135"}, "AirkissPressure": "55", "BoardPanelId": "2", "HoldingCircuitPressure": "-844", "NominalPlacePosition": {"Angle": "180000", "X": "82730", "Y": "56130"}, "ReferenceDesignator": "R1501_0603_WID_MET_S", "Result": "0", "TimeStampSinceStationStarted": "1329095.937411", "VacuumAbsolute": "-869", "VacuumRelative": "86", "ZEndPosition": "12953000", "ZTargetPosition": "12948957"}, "ElectricalMeasurement": null, "Dip": null}, {"HeadSegmentId": "330500", "Measures": {"MeasureList": [{"CameraIndividualId": "4030", "MeasurementResult": "0", "PhiDeviation": "160217", "TimeStampSinceStationStarted": "1329095.080977", "VisionDumpPath": "C:\\Sirio\\Work\\SvDumpFiles\\PartCameraDumps\\JID_403066322_OID_449830014_SEG_5_BE-Bibliothek.A5E00150936_R1329096029.svdmp", "XDeviation": "-49090", "YDeviation": "6447"}]}, "Pick": {"ActualPickPosition": {"Angle": "0", "X": "1000", "Y": "-51000"}, "MeasuredComponentHeight": "897222", "NominalPickPosition": {"Angle": "0", "X": "840", "Y": "-51010"}, "PickupLocationId": "215", "Result": "0", "TimeStampSinceStationStarted": "1329094.518583", "VacuumAbsolute": "-824", "VacuumRelative": "-824", "ZEndPosition": "12435500", "ZTargetPosition": "12455500"}, "Place": {"ActualPlacePosition": {"Angle": "0", "X": "84472", "Y": "68653"}, "AirkissPressure": "55", "BoardPanelId": "2", "HoldingCircuitPressure": "-829", "NominalPlacePosition": {"Angle": "0", "X": "84470", "Y": "68650"}, "ReferenceDesignator": "H1102_0603_2_DIO_LED", "Result": "0", "TimeStampSinceStationStarted": "1329096.027098", "VacuumAbsolute": "-868", "VacuumRelative": "100", "ZEndPosition": "12356000", "ZTargetPosition": "12380259"}, "ElectricalMeasurement": null, "Dip": null}, {"HeadSegmentId": "396036", "Measures": {"MeasureList": [{"CameraIndividualId": "4030", "MeasurementResult": "0", "PhiDeviation": "-1120061", "TimeStampSinceStationStarted": "1329095.200032", "VisionDumpPath": "C:\\Sirio\\Work\\SvDumpFiles\\PartCameraDumps\\JID_403066323_OID_449830015_SEG_6_BE-Bibliothek.A5E00907098_R1329096129.svdmp", "XDeviation": "92948", "YDeviation": "13489"}]}, "Pick": {"ActualPickPosition": {"Angle": "0", "X": "1000", "Y": "-50000"}, "MeasuredComponentHeight": "1719784", "NominalPickPosition": {"Angle": "0", "X": "1057", "Y": "-50125"}, "PickupLocationId": "220", "Result": "0", "TimeStampSinceStationStarted": "1329094.618835", "VacuumAbsolute": "-798", "VacuumRelative": "-798", "ZEndPosition": "14856500", "ZTargetPosition": "14840480"}, "Place": {"ActualPlacePosition": {"Angle": "90000", "X": "113198", "Y": "142975"}, "AirkissPressure": "54", "BoardPanelId": "2", "HoldingCircuitPressure": "-808", "NominalPlacePosition": {"Angle": "90000", "X": "113200", "Y": "142980"}, "ReferenceDesignator": "C2802_1206_KOND_KER_", "Result": "0", "TimeStampSinceStationStarted": "1329096.178426", "VacuumAbsolute": "-865", "VacuumRelative": "97", "ZEndPosition": "14028000", "ZTargetPosition": "13965322"}, "ElectricalMeasurement": null, "Dip": null}, {"HeadSegmentId": "461572", "Measures": {"MeasureList": [{"CameraIndividualId": "4030", "MeasurementResult": "0", "PhiDeviation": "-2422092", "TimeStampSinceStationStarted": "1329095.28297", "VisionDumpPath": "C:\\Sirio\\Work\\SvDumpFiles\\PartCameraDumps\\JID_403066324_OID_449830016_SEG_7_BE-Bibliothek.A5E00511631_R1329096228.svdmp", "XDeviation": "90529", "YDeviation": "-32319"}]}, "Pick": {"ActualPickPosition": {"Angle": "0", "X": "1000", "Y": "-51000"}, "MeasuredComponentHeight": "1241860", "NominalPickPosition": {"Angle": "0", "X": "1037", "Y": "-51250"}, "PickupLocationId": "223", "Result": "0", "TimeStampSinceStationStarted": "1329094.717299", "VacuumAbsolute": "-825", "VacuumRelative": "-825", "ZEndPosition": "13821000", "ZTargetPosition": "13831484"}, "Place": {"ActualPlacePosition": {"Angle": "0", "X": "21489", "Y": "130346"}, "AirkissPressure": "51", "BoardPanelId": "2", "HoldingCircuitPressure": "-243", "NominalPlacePosition": {"Angle": "0", "X": "21480", "Y": "130350"}, "ReferenceDesignator": "C2819_1206_KOND_KER_", "Result": "0", "TimeStampSinceStationStarted": "1329096.307473", "VacuumAbsolute": "-845", "VacuumRelative": "100", "ZEndPosition": "13171000", "ZTargetPosition": "13194591"}, "ElectricalMeasurement": null, "Dip": null}, {"HeadSegmentId": "527108", "Measures": {"MeasureList": [{"CameraIndividualId": "4030", "MeasurementResult": "0", "PhiDeviation": "-584410", "TimeStampSinceStationStarted": "1329095.344113", "VisionDumpPath": "C:\\Sirio\\Work\\SvDumpFiles\\PartCameraDumps\\JID_403066325_OID_449830017_SEG_8_BE-Bibliothek.A5E00081516_R1329096382.svdmp", "XDeviation": "-51339", "YDeviation": "1942"}]}, "Pick": {"ActualPickPosition": {"Angle": "0", "X": "6000", "Y": "-49500"}, "MeasuredComponentHeight": "1003744", "NominalPickPosition": {"Angle": "0", "X": "6109", "Y": "-49669"}, "PickupLocationId": "230", "Result": "0", "TimeStampSinceStationStarted": "1329094.871458", "VacuumAbsolute": "-786", "VacuumRelative": "-786", "ZEndPosition": "14580000", "ZTargetPosition": "14567485"}, "Place": {"ActualPlacePosition": {"Angle": "90000", "X": "26435", "Y": "148007"}, "AirkissPressure": "53", "BoardPanelId": "2", "HoldingCircuitPressure": "-831", "NominalPlacePosition": {"Angle": "90000", "X": "26427", "Y": "148013"}, "ReferenceDesignator": "U2000_TSSOP_14_IC_KO", "Result": "0", "TimeStampSinceStationStarted": "1329096.404869", "VacuumAbsolute": "-869", "VacuumRelative": "99", "ZEndPosition": "14202500", "ZTargetPosition": "14212095"}, "ElectricalMeasurement": null, "Dip": null}, {"HeadSegmentId": "789252", "Measures": {"MeasureList": [{"CameraIndividualId": "4030", "MeasurementResult": "0", "PhiDeviation": "162380", "TimeStampSinceStationStarted": "1329096.184119", "VisionDumpPath": "C:\\Sirio\\Work\\SvDumpFiles\\PartCameraDumps\\JID_403066326_OID_449830018_SEG_12_BE-Bibliothek.A5E32552243_R1329096699.svdmp", "XDeviation": "-49839", "YDeviation": "93472"}]}, "Pick": {"ActualPickPosition": {"Angle": "0", "X": "8000", "Y": "-51500"}, "MeasuredComponentHeight": "2335729", "NominalPickPosition": {"Angle": "0", "X": "8112", "Y": "-51491"}, "PickupLocationId": "234", "Result": "0", "TimeStampSinceStationStarted": "1329095.188787", "VacuumAbsolute": "-766", "VacuumRelative": "-766", "ZEndPosition": "17460000", "ZTargetPosition": "17490771"}, "Place": {"ActualPlacePosition": {"Angle": "90000", "X": "62054", "Y": "84532"}, "AirkissPressure": "53", "BoardPanelId": "2", "HoldingCircuitPressure": "-728", "NominalPlacePosition": {"Angle": "90000", "X": "62050", "Y": "84530"}, "ReferenceDesignator": "D601_SOP_8_", "Result": "0", "TimeStampSinceStationStarted": "1329096.593568", "VacuumAbsolute": "-843", "VacuumRelative": "99", "ZEndPosition": "15694000", "ZTargetPosition": "15700618"}, "ElectricalMeasurement": null, "Dip": null}, {"HeadSegmentId": "66049", "Measures": {"MeasureList": [{"CameraIndividualId": "1030", "MeasurementResult": "0", "PhiDeviation": "223175", "TimeStampSinceStationStarted": "1329096.247662", "VisionDumpPath": "C:\\Sirio\\Work\\SvDumpFiles\\PartCameraDumps\\JID_103040545_OID_449830019_SEG_1_BE-Bibliothek.A5E00132529_R1329097047.svdmp", "XDeviation": "21180", "YDeviation": "-34206"}]}, "Pick": {"ActualPickPosition": {"Angle": "0", "X": "8000", "Y": "-51500"}, "MeasuredComponentHeight": "1023066", "NominalPickPosition": {"Angle": "0", "X": "8130", "Y": "-51400"}, "PickupLocationId": "148", "Result": "0", "TimeStampSinceStationStarted": "1329095.53722", "VacuumAbsolute": "-831", "VacuumRelative": "-831", "ZEndPosition": "16501500", "ZTargetPosition": "16472946"}, "Place": {"ActualPlacePosition": {"Angle": "-5", "X": "135365", "Y": "50265"}, "AirkissPressure": "56", "BoardPanelId": "2", "HoldingCircuitPressure": "-596", "NominalPlacePosition": {"Angle": "0", "X": "135400", "Y": "50230"}, "ReferenceDesignator": "D1203_TSSOP_20_IC_IN", "Result": "0", "TimeStampSinceStationStarted": "1329097.034171", "VacuumAbsolute": "-771", "VacuumRelative": "75", "ZEndPosition": "16043000", "ZTargetPosition": "16079522"}, "ElectricalMeasurement": null, "Dip": null}, {"HeadSegmentId": "131585", "Measures": {"MeasureList": [{"CameraIndividualId": "1030", "MeasurementResult": "0", "PhiDeviation": "-39997", "TimeStampSinceStationStarted": "1329096.328703", "VisionDumpPath": "C:\\Sirio\\Work\\SvDumpFiles\\PartCameraDumps\\JID_103040546_OID_449830020_SEG_2_BE-Bibliothek.A5E00132529_R1329097193.svdmp", "XDeviation": "118286", "YDeviation": "-60524"}]}, "Pick": {"ActualPickPosition": {"Angle": "0", "X": "8000", "Y": "-51500"}, "MeasuredComponentHeight": "1020834", "NominalPickPosition": {"Angle": "0", "X": "8130", "Y": "-51400"}, "PickupLocationId": "148", "Result": "0", "TimeStampSinceStationStarted": "1329095.6827", "VacuumAbsolute": "-853", "VacuumRelative": "-853", "ZEndPosition": "16477000", "ZTargetPosition": "16473584"}, "Place": {"ActualPlacePosition": {"Angle": "179995", "X": "61571", "Y": "64270"}, "AirkissPressure": "55", "BoardPanelId": "2", "HoldingCircuitPressure": "-611", "NominalPlacePosition": {"Angle": "180000", "X": "61550", "Y": "64230"}, "ReferenceDesignator": "D1101_TSSOP_20_IC_IN", "Result": "0", "TimeStampSinceStationStarted": "1329097.156741", "VacuumAbsolute": "-796", "VacuumRelative": "97", "ZEndPosition": "15950000", "ZTargetPosition": "15934089"}, "ElectricalMeasurement": null, "Dip": null}, {"HeadSegmentId": "197121", "Measures": {"MeasureList": [{"CameraIndividualId": "1030", "MeasurementResult": "0", "PhiDeviation": "-730734", "TimeStampSinceStationStarted": "1329096.411375", "VisionDumpPath": "C:\\Sirio\\Work\\SvDumpFiles\\PartCameraDumps\\JID_103040547_OID_449830021_SEG_3_BE-Bibliothek.A5E00207035_R1329097420.svdmp", "XDeviation": "45757", "YDeviation": "-5848"}]}, "Pick": {"ActualPickPosition": {"Angle": "0", "X": "1000", "Y": "-50000"}, "MeasuredComponentHeight": "517765", "NominalPickPosition": {"Angle": "0", "X": "907", "Y": "-49803"}, "PickupLocationId": "156", "Result": "0", "TimeStampSinceStationStarted": "1329095.909145", "VacuumAbsolute": "-754", "VacuumRelative": "-754", "ZEndPosition": "13802000", "ZTargetPosition": "13768705"}, "Place": {"ActualPlacePosition": {"Angle": "179995", "X": "67366", "Y": "57371"}, "AirkissPressure": "52", "BoardPanelId": "2", "HoldingCircuitPressure": "-532", "NominalPlacePosition": {"Angle": "180000", "X": "67350", "Y": "57330"}, "ReferenceDesignator": "R1309_1206_8_WID_NET", "Result": "0", "TimeStampSinceStationStarted": "1329097.245502", "VacuumAbsolute": "-794", "VacuumRelative": "78", "ZEndPosition": "14527000", "ZTargetPosition": "14518096"}, "ElectricalMeasurement": null, "Dip": null}, {"HeadSegmentId": "262657", "Measures": {"MeasureList": [{"CameraIndividualId": "1030", "MeasurementResult": "0", "PhiDeviation": "-109473", "TimeStampSinceStationStarted": "1329096.534753", "VisionDumpPath": "C:\\Sirio\\Work\\SvDumpFiles\\PartCameraDumps\\JID_103040548_OID_449830022_SEG_4_BE-Bibliothek.A5E00207035_R1329097495.svdmp", "XDeviation": "65930", "YDeviation": "6103"}]}, "Pick": {"ActualPickPosition": {"Angle": "0", "X": "1000", "Y": "-50000"}, "MeasuredComponentHeight": "508781", "NominalPickPosition": {"Angle": "0", "X": "907", "Y": "-49803"}, "PickupLocationId": "156", "Result": "0", "TimeStampSinceStationStarted": "1329095.983788", "VacuumAbsolute": "-721", "VacuumRelative": "-721", "ZEndPosition": "13849000", "ZTargetPosition": "13861029"}, "Place": {"ActualPlacePosition": {"Angle": "179995", "X": "71164", "Y": "57370"}, "AirkissPressure": "53", "BoardPanelId": "2", "HoldingCircuitPressure": "-424", "NominalPlacePosition": {"Angle": "180000", "X": "71150", "Y": "57330"}, "ReferenceDesignator": "R1308_1206_8_WID_NET", "Result": "0", "TimeStampSinceStationStarted": "1329097.316361", "VacuumAbsolute": "-756", "VacuumRelative": "73", "ZEndPosition": "14592500", "ZTargetPosition": "14580050"}, "ElectricalMeasurement": null, "Dip": null}, {"HeadSegmentId": "328193", "Measures": {"MeasureList": [{"CameraIndividualId": "1030", "MeasurementResult": "0", "PhiDeviation": "91788", "TimeStampSinceStationStarted": "1329096.603515", "VisionDumpPath": "C:\\Sirio\\Work\\SvDumpFiles\\PartCameraDumps\\JID_103040549_OID_449830023_SEG_5_BE-Bibliothek.A5E00726333_R1329097592.svdmp", "XDeviation": "-141148", "YDeviation": "-143729"}]}, "Pick": {"ActualPickPosition": {"Angle": "0", "X": "1090", "Y": "-50930"}, "MeasuredComponentHeight": "1352099", "NominalPickPosition": {"Angle": "0", "X": "1090", "Y": "-50930"}, "PickupLocationId": "159", "Result": "0", "TimeStampSinceStationStarted": "1329096.081237", "VacuumAbsolute": "-795", "VacuumRelative": "-795", "ZEndPosition": "13526500", "ZTargetPosition": "13552575"}, "Place": {"ActualPlacePosition": {"Angle": "179995", "X": "32341", "Y": "41775"}, "AirkissPressure": "55", "BoardPanelId": "2", "HoldingCircuitPressure": "-502", "NominalPlacePosition": {"Angle": "180000", "X": "32300", "Y": "41730"}, "ReferenceDesignator": "C400_0805_KOND_KER_V", "Result": "0", "TimeStampSinceStationStarted": "1329097.410553", "VacuumAbsolute": "-818", "VacuumRelative": "88", "ZEndPosition": "13018000", "ZTargetPosition": "13011947"}, "ElectricalMeasurement": null, "Dip": null}, {"HeadSegmentId": "393729", "Measures": {"MeasureList": [{"CameraIndividualId": "1030", "MeasurementResult": "0", "PhiDeviation": "3738317", "TimeStampSinceStationStarted": "1329096.666887", "VisionDumpPath": "C:\\Sirio\\Work\\SvDumpFiles\\PartCameraDumps\\JID_103040550_OID_449830024_SEG_6_BE-Bibliothek.A5E00726333_R1329097670.svdmp", "XDeviation": "-144248", "YDeviation": "-195445"}]}, "Pick": {"ActualPickPosition": {"Angle": "0", "X": "1090", "Y": "-50930"}, "MeasuredComponentHeight": "1363685", "NominalPickPosition": {"Angle": "0", "X": "1090", "Y": "-50930"}, "PickupLocationId": "159", "Result": "0", "TimeStampSinceStationStarted": "1329096.159582", "VacuumAbsolute": "-788", "VacuumRelative": "-788", "ZEndPosition": "13571500", "ZTargetPosition": "13557556"}, "Place": {"ActualPlacePosition": {"Angle": "179995", "X": "62917", "Y": "28374"}, "AirkissPressure": "57", "BoardPanelId": "2", "HoldingCircuitPressure": "-440", "NominalPlacePosition": {"Angle": "180000", "X": "62900", "Y": "28330"}, "ReferenceDesignator": "C929_0805_KOND_KER_V", "Result": "0", "TimeStampSinceStationStarted": "1329097.500949", "VacuumAbsolute": "-819", "VacuumRelative": "82", "ZEndPosition": "12996500", "ZTargetPosition": "13012064"}, "ElectricalMeasurement": null, "Dip": null}, {"HeadSegmentId": "459265", "Measures": {"MeasureList": [{"CameraIndividualId": "1030", "MeasurementResult": "0", "PhiDeviation": "1127131", "TimeStampSinceStationStarted": "1329097.04104", "VisionDumpPath": "C:\\Sirio\\Work\\SvDumpFiles\\PartCameraDumps\\JID_103040551_OID_449830025_SEG_7_BE-Bibliothek.A5E00726333_R1329097751.svdmp", "XDeviation": "-223124", "YDeviation": "-171846"}]}, "Pick": {"ActualPickPosition": {"Angle": "0", "X": "1090", "Y": "-50930"}, "MeasuredComponentHeight": "1367466", "NominalPickPosition": {"Angle": "0", "X": "1090", "Y": "-50930"}, "PickupLocationId": "159", "Result": "0", "TimeStampSinceStationStarted": "1329096.240105", "VacuumAbsolute": "-796", "VacuumRelative": "-796", "ZEndPosition": "13609500", "ZTargetPosition": "13598542"}, "Place": {"ActualPlacePosition": {"Angle": "89994", "X": "65565", "Y": "29574"}, "AirkissPressure": "57", "BoardPanelId": "2", "HoldingCircuitPressure": "-474", "NominalPlacePosition": {"Angle": "90000", "X": "65550", "Y": "29530"}, "ReferenceDesignator": "C952_0805_KOND_KER_V", "Result": "0", "TimeStampSinceStationStarted": "1329097.570245", "VacuumAbsolute": "-809", "VacuumRelative": "73", "ZEndPosition": "13014500", "ZTargetPosition": "13022246"}, "ElectricalMeasurement": null, "Dip": null}, {"HeadSegmentId": "524801", "Measures": {"MeasureList": [{"CameraIndividualId": "1030", "MeasurementResult": "0", "PhiDeviation": "-574562", "TimeStampSinceStationStarted": "1329097.167399", "VisionDumpPath": "C:\\Sirio\\Work\\SvDumpFiles\\PartCameraDumps\\JID_103040552_OID_449830026_SEG_8_BE-Bibliothek.A5E00726333_R1329097832.svdmp", "XDeviation": "-90240", "YDeviation": "-164201"}]}, "Pick": {"ActualPickPosition": {"Angle": "0", "X": "1090", "Y": "-50930"}, "MeasuredComponentHeight": "1311344", "NominalPickPosition": {"Angle": "0", "X": "1090", "Y": "-50930"}, "PickupLocationId": "159", "Result": "0", "TimeStampSinceStationStarted": "1329096.321203", "VacuumAbsolute": "-795", "VacuumRelative": "-795", "ZEndPosition": "13624500", "ZTargetPosition": "13625282"}, "Place": {"ActualPlacePosition": {"Angle": "-90006", "X": "65565", "Y": "32773"}, "AirkissPressure": "57", "BoardPanelId": "2", "HoldingCircuitPressure": "-519", "NominalPlacePosition": {"Angle": "-90000", "X": "65550", "Y": "32730"}, "ReferenceDesignator": "C920_0805_KOND_KER_V", "Result": "0", "TimeStampSinceStationStarted": "1329097.640013", "VacuumAbsolute": "-813", "VacuumRelative": "77", "ZEndPosition": "13034000", "ZTargetPosition": "12998125"}, "ElectricalMeasurement": null, "Dip": null}, {"HeadSegmentId": "590337", "Measures": {"MeasureList": [{"CameraIndividualId": "1030", "MeasurementResult": "0", "PhiDeviation": "-1014232", "TimeStampSinceStationStarted": "1329097.251138", "VisionDumpPath": "C:\\Sirio\\Work\\SvDumpFiles\\PartCameraDumps\\JID_103040553_OID_449830027_SEG_9_BE-Bibliothek.A5E00726333_R1329097915.svdmp", "XDeviation": "-200524", "YDeviation": "-196459"}]}, "Pick": {"ActualPickPosition": {"Angle": "0", "X": "1090", "Y": "-50930"}, "MeasuredComponentHeight": "1316814", "NominalPickPosition": {"Angle": "0", "X": "1090", "Y": "-50930"}, "PickupLocationId": "159", "Result": "0", "TimeStampSinceStationStarted": "1329096.404006", "VacuumAbsolute": "-781", "VacuumRelative": "-781", "ZEndPosition": "13555500", "ZTargetPosition": "13552586"}, "Place": {"ActualPlacePosition": {"Angle": "-5", "X": "68363", "Y": "33273"}, "AirkissPressure": "53", "BoardPanelId": "2", "HoldingCircuitPressure": "-540", "NominalPlacePosition": {"Angle": "0", "X": "68350", "Y": "33230"}, "ReferenceDesignator": "C923_0805_KOND_KER_V", "Result": "0", "TimeStampSinceStationStarted": "1329097.710114", "VacuumAbsolute": "-812", "VacuumRelative": "81", "ZEndPosition": "12948000", "ZTargetPosition": "12929291"}, "ElectricalMeasurement": null, "Dip": null}, {"HeadSegmentId": "655873", "Measures": {"MeasureList": [{"CameraIndividualId": "1030", "MeasurementResult": "0", "PhiDeviation": "66730", "TimeStampSinceStationStarted": "1329097.324164", "VisionDumpPath": "C:\\Sirio\\Work\\SvDumpFiles\\PartCameraDumps\\JID_103040554_OID_449830028_SEG_10_BE-Bibliothek.A5E00818233_R1329098037.svdmp", "XDeviation": "68186", "YDeviation": "-26183"}]}, "Pick": {"ActualPickPosition": {"Angle": "0", "X": "899", "Y": "-51449"}, "MeasuredComponentHeight": "488624", "NominalPickPosition": {"Angle": "0", "X": "952", "Y": "-51441"}, "PickupLocationId": "164", "Result": "0", "TimeStampSinceStationStarted": "1329096.526975", "VacuumAbsolute": "-753", "VacuumRelative": "-753", "ZEndPosition": "11731500", "ZTargetPosition": "11751500"}, "Place": {"ActualPlacePosition": {"Angle": "-5", "X": "48627", "Y": "25126"}, "AirkissPressure": "53", "BoardPanelId": "2", "HoldingCircuitPressure": "-637", "NominalPlacePosition": {"Angle": "0", "X": "48600", "Y": "25080"}, "ReferenceDesignator": "C9990_0402_2_KOND_KE", "Result": "0", "TimeStampSinceStationStarted": "1329097.793017", "VacuumAbsolute": "-863", "VacuumRelative": "187", "ZEndPosition": "12921000", "ZTargetPosition": "12910080"}, "ElectricalMeasurement": null, "Dip": null}, {"HeadSegmentId": "721409", "Measures": {"MeasureList": [{"CameraIndividualId": "1030", "MeasurementResult": "0", "PhiDeviation": "-3784543", "TimeStampSinceStationStarted": "1329097.418813", "VisionDumpPath": "C:\\Sirio\\Work\\SvDumpFiles\\PartCameraDumps\\JID_103040555_OID_449830029_SEG_11_BE-Bibliothek.A5E00091702_R1329098106.svdmp", "XDeviation": "61041", "YDeviation": "-15304"}]}, "Pick": {"ActualPickPosition": {"Angle": "0", "X": "988", "Y": "-50853"}, "MeasuredComponentHeight": "323823", "NominalPickPosition": {"Angle": "0", "X": "981", "Y": "-50869"}, "PickupLocationId": "162", "Result": "0", "TimeStampSinceStationStarted": "1329096.595751", "VacuumAbsolute": "-778", "VacuumRelative": "-778", "ZEndPosition": "11781000", "ZTargetPosition": "11800000"}, "Place": {"ActualPlacePosition": {"Angle": "-5", "X": "36289", "Y": "57323"}, "AirkissPressure": "56", "BoardPanelId": "2", "HoldingCircuitPressure": "-704", "NominalPlacePosition": {"Angle": "0", "X": "36250", "Y": "57280"}, "ReferenceDesignator": "R706_0402_WID_MET_SH", "Result": "0", "TimeStampSinceStationStarted": "1329097.904853", "VacuumAbsolute": "-872", "VacuumRelative": "197", "ZEndPosition": "12981500", "ZTargetPosition": "12965247"}, "ElectricalMeasurement": null, "Dip": null}, {"HeadSegmentId": "786945", "Measures": {"MeasureList": [{"CameraIndividualId": "1030", "MeasurementResult": "0", "PhiDeviation": "438105", "TimeStampSinceStationStarted": "1329097.50729", "VisionDumpPath": "C:\\Sirio\\Work\\SvDumpFiles\\PartCameraDumps\\JID_103040556_OID_449830030_SEG_12_BE-Bibliothek.A5E00091702_R1329098169.svdmp", "XDeviation": "-43869", "YDeviation": "-1148"}]}, "Pick": {"ActualPickPosition": {"Angle": "0", "X": "988", "Y": "-50853"}, "MeasuredComponentHeight": "303332", "NominalPickPosition": {"Angle": "0", "X": "981", "Y": "-50869"}, "PickupLocationId": "162", "Result": "0", "TimeStampSinceStationStarted": "1329096.659096", "VacuumAbsolute": "-792", "VacuumRelative": "-792", "ZEndPosition": "11735000", "ZTargetPosition": "11755500"}, "Place": {"ActualPlacePosition": {"Angle": "-5", "X": "36290", "Y": "59323"}, "AirkissPressure": "51", "BoardPanelId": "2", "HoldingCircuitPressure": "-806", "NominalPlacePosition": {"Angle": "0", "X": "36250", "Y": "59280"}, "ReferenceDesignator": "R709_0402_WID_MET_SH", "Result": "0", "TimeStampSinceStationStarted": "1329097.974783", "VacuumAbsolute": "-852", "VacuumRelative": "58", "ZEndPosition": "12951500", "ZTargetPosition": "12925784"}, "ElectricalMeasurement": null, "Dip": null}, {"HeadSegmentId": "68356", "Measures": {"MeasureList": [{"CameraIndividualId": "4030", "MeasurementResult": "0", "PhiDeviation": "452759", "TimeStampSinceStationStarted": "1329097.656614", "VisionDumpPath": "C:\\Sirio\\Work\\SvDumpFiles\\PartCameraDumps\\JID_403066327_OID_449830031_SEG_1_BE-Bibliothek.A5E00150936_R1329098626.svdmp", "XDeviation": "-43917", "YDeviation": "40349"}]}, "Pick": {"ActualPickPosition": {"Angle": "0", "X": "1000", "Y": "-51000"}, "MeasuredComponentHeight": "888066", "NominalPickPosition": {"Angle": "0", "X": "839", "Y": "-51009"}, "PickupLocationId": "215", "Result": "0", "TimeStampSinceStationStarted": "1329097.115733", "VacuumAbsolute": "-815", "VacuumRelative": "-815", "ZEndPosition": "12438500", "ZTargetPosition": "12458000"}, "Place": {"ActualPlacePosition": {"Angle": "0", "X": "86971", "Y": "68653"}, "AirkissPressure": "54", "BoardPanelId": "2", "HoldingCircuitPressure": "-607", "NominalPlacePosition": {"Angle": "0", "X": "86970", "Y": "68650"}, "ReferenceDesignator": "H1103_0603_2_DIO_LED", "Result": "0", "TimeStampSinceStationStarted": "1329098.698512", "VacuumAbsolute": "-839", "VacuumRelative": "67", "ZEndPosition": "12373500", "ZTargetPosition": "12395804"}, "ElectricalMeasurement": null, "Dip": null}, {"HeadSegmentId": "133892", "Measures": {"MeasureList": [{"CameraIndividualId": "4030", "MeasurementResult": "0", "PhiDeviation": "-5298522", "TimeStampSinceStationStarted": "1329097.818406", "VisionDumpPath": "C:\\Sirio\\Work\\SvDumpFiles\\PartCameraDumps\\JID_403066328_OID_449830032_SEG_2_BE-Bibliothek.A5E00150936_R1329098718.svdmp", "XDeviation": "-14894", "YDeviation": "-32037"}]}, "Pick": {"ActualPickPosition": {"Angle": "0", "X": "1000", "Y": "-51000"}, "MeasuredComponentHeight": "880618", "NominalPickPosition": {"Angle": "0", "X": "839", "Y": "-51009"}, "PickupLocationId": "215", "Result": "0", "TimeStampSinceStationStarted": "1329097.208495", "VacuumAbsolute": "-820", "VacuumRelative": "-820", "ZEndPosition": "12435500", "ZTargetPosition": "12454500"}, "Place": {"ActualPlacePosition": {"Angle": "0", "X": "89471", "Y": "68653"}, "AirkissPressure": "52", "BoardPanelId": "2", "HoldingCircuitPressure": "-838", "NominalPlacePosition": {"Angle": "0", "X": "89470", "Y": "68650"}, "ReferenceDesignator": "H1104_0603_2_DIO_LED", "Result": "0", "TimeStampSinceStationStarted": "1329098.76584", "VacuumAbsolute": "-845", "VacuumRelative": "51", "ZEndPosition": "12362500", "ZTargetPosition": "12386723"}, "ElectricalMeasurement": null, "Dip": null}, {"HeadSegmentId": "199428", "Measures": {"MeasureList": [{"CameraIndividualId": "4030", "MeasurementResult": "0", "PhiDeviation": "-246413", "TimeStampSinceStationStarted": "1329097.891064", "VisionDumpPath": "C:\\Sirio\\Work\\SvDumpFiles\\PartCameraDumps\\JID_403066329_OID_449830033_SEG_3_BE-Bibliothek.A5E00150936_R1329098807.svdmp", "XDeviation": "-36620", "YDeviation": "43678"}]}, "Pick": {"ActualPickPosition": {"Angle": "0", "X": "1000", "Y": "-51000"}, "MeasuredComponentHeight": "889347", "NominalPickPosition": {"Angle": "0", "X": "839", "Y": "-51009"}, "PickupLocationId": "215", "Result": "0", "TimeStampSinceStationStarted": "1329097.297308", "VacuumAbsolute": "-824", "VacuumRelative": "-824", "ZEndPosition": "12411500", "ZTargetPosition": "12431500"}, "Place": {"ActualPlacePosition": {"Angle": "0", "X": "96970", "Y": "68653"}, "AirkissPressure": "55", "BoardPanelId": "2", "HoldingCircuitPressure": "-812", "NominalPlacePosition": {"Angle": "0", "X": "96970", "Y": "68650"}, "ReferenceDesignator": "H1107_0603_2_DIO_LED", "Result": "0", "TimeStampSinceStationStarted": "1329098.83334", "VacuumAbsolute": "-842", "VacuumRelative": "95", "ZEndPosition": "12350500", "ZTargetPosition": "12361297"}, "ElectricalMeasurement": null, "Dip": null}, {"HeadSegmentId": "264964", "Measures": {"MeasureList": [{"CameraIndividualId": "4030", "MeasurementResult": "0", "PhiDeviation": "-188567", "TimeStampSinceStationStarted": "1329097.984755", "VisionDumpPath": "C:\\Sirio\\Work\\SvDumpFiles\\PartCameraDumps\\JID_403066330_OID_449830034_SEG_4_BE-Bibliothek.A5E00150936_R1329098896.svdmp", "XDeviation": "-29649", "YDeviation": "50311"}]}, "Pick": {"ActualPickPosition": {"Angle": "0", "X": "1000", "Y": "-51000"}, "MeasuredComponentHeight": "890367", "NominalPickPosition": {"Angle": "0", "X": "839", "Y": "-51009"}, "PickupLocationId": "215", "Result": "0", "TimeStampSinceStationStarted": "1329097.38588", "VacuumAbsolute": "-826", "VacuumRelative": "-826", "ZEndPosition": "12524500", "ZTargetPosition": "12543000"}, "Place": {"ActualPlacePosition": {"Angle": "0", "X": "106969", "Y": "68653"}, "AirkissPressure": "52", "BoardPanelId": "2", "HoldingCircuitPressure": "-837", "NominalPlacePosition": {"Angle": "0", "X": "106970", "Y": "68650"}, "ReferenceDesignator": "H1109_0603_2_DIO_LED", "Result": "0", "TimeStampSinceStationStarted": "1329098.900791", "VacuumAbsolute": "-847", "VacuumRelative": "-8", "ZEndPosition": "12454000", "ZTargetPosition": "12490240"}, "ElectricalMeasurement": null, "Dip": null}, {"HeadSegmentId": "330500", "Measures": {"MeasureList": [{"CameraIndividualId": "4030", "MeasurementResult": "0", "PhiDeviation": "-1943801", "TimeStampSinceStationStarted": "1329098.07982", "VisionDumpPath": "C:\\Sirio\\Work\\SvDumpFiles\\PartCameraDumps\\JID_403066331_OID_449830035_SEG_5_BE-Bibliothek.A5E00150936_R1329098985.svdmp", "XDeviation": "81432", "YDeviation": "34453"}]}, "Pick": {"ActualPickPosition": {"Angle": "0", "X": "1000", "Y": "-51000"}, "MeasuredComponentHeight": "877667", "NominalPickPosition": {"Angle": "0", "X": "839", "Y": "-51009"}, "PickupLocationId": "215", "Result": "0", "TimeStampSinceStationStarted": "1329097.474456", "VacuumAbsolute": "-816", "VacuumRelative": "-816", "ZEndPosition": "12437000", "ZTargetPosition": "12455500"}, "Place": {"ActualPlacePosition": {"Angle": "0", "X": "116968", "Y": "68653"}, "AirkissPressure": "56", "BoardPanelId": "2", "HoldingCircuitPressure": "-833", "NominalPlacePosition": {"Angle": "0", "X": "116970", "Y": "68650"}, "ReferenceDesignator": "H1113_0603_2_DIO_LED", "Result": "0", "TimeStampSinceStationStarted": "1329098.967922", "VacuumAbsolute": "-846", "VacuumRelative": "58", "ZEndPosition": "12385500", "ZTargetPosition": "12449837"}, "ElectricalMeasurement": null, "Dip": null}, {"HeadSegmentId": "396036", "Measures": {"MeasureList": [{"CameraIndividualId": "4030", "MeasurementResult": "0", "PhiDeviation": "-2209633", "TimeStampSinceStationStarted": "1329098.186548", "VisionDumpPath": "C:\\Sirio\\Work\\SvDumpFiles\\PartCameraDumps\\JID_403066332_OID_449830036_SEG_6_BE-Bibliothek.A5E00907098_R1329099085.svdmp", "XDeviation": "51887", "YDeviation": "-172481"}]}, "Pick": {"ActualPickPosition": {"Angle": "0", "X": "1000", "Y": "-50000"}, "MeasuredComponentHeight": "1705963", "NominalPickPosition": {"Angle": "0", "X": "1062", "Y": "-50125"}, "PickupLocationId": "220", "Result": "0", "TimeStampSinceStationStarted": "1329097.574721", "VacuumAbsolute": "-801", "VacuumRelative": "-801", "ZEndPosition": "14888000", "ZTargetPosition": "14844485"}, "Place": {"ActualPlacePosition": {"Angle": "90000", "X": "115748", "Y": "142975"}, "AirkissPressure": "54", "BoardPanelId": "2", "HoldingCircuitPressure": "-815", "NominalPlacePosition": {"Angle": "90000", "X": "115750", "Y": "142980"}, "ReferenceDesignator": "C2800_1206_KOND_KER_", "Result": "0", "TimeStampSinceStationStarted": "1329099.117407", "VacuumAbsolute": "-867", "VacuumRelative": "98", "ZEndPosition": "14019000", "ZTargetPosition": "13982579"}, "ElectricalMeasurement": null, "Dip": null}, {"HeadSegmentId": "527108", "Measures": {"MeasureList": [{"CameraIndividualId": "4030", "MeasurementResult": "0", "PhiDeviation": "-423191", "TimeStampSinceStationStarted": "1329098.775492", "VisionDumpPath": "C:\\Sirio\\Work\\SvDumpFiles\\PartCameraDumps\\JID_403066333_OID_449830037_SEG_8_BE-Bibliothek.A5E00081516_R1329099321.svdmp", "XDeviation": "-105724", "YDeviation": "-14071"}]}, "Pick": {"ActualPickPosition": {"Angle": "0", "X": "6000", "Y": "-49500"}, "MeasuredComponentHeight": "1006058", "NominalPickPosition": {"Angle": "0", "X": "6107", "Y": "-49669"}, "PickupLocationId": "230", "Result": "0", "TimeStampSinceStationStarted": "1329097.810401", "VacuumAbsolute": "-789", "VacuumRelative": "-789", "ZEndPosition": "14577500", "ZTargetPosition": "14570614"}, "Place": {"ActualPlacePosition": {"Angle": "90000", "X": "96940", "Y": "148207"}, "AirkissPressure": "58", "BoardPanelId": "2", "HoldingCircuitPressure": "-833", "NominalPlacePosition": {"Angle": "90000", "X": "96940", "Y": "148213"}, "ReferenceDesignator": "U2403_TSSOP_14_IC_KO", "Result": "0", "TimeStampSinceStationStarted": "1329099.205644", "VacuumAbsolute": "-841", "VacuumRelative": "90", "ZEndPosition": "14387500", "ZTargetPosition": "14391521"}, "ElectricalMeasurement": null, "Dip": null}, {"HeadSegmentId": "592644", "Measures": {"MeasureList": [{"CameraIndividualId": "4030", "MeasurementResult": "0", "PhiDeviation": "-1103881", "TimeStampSinceStationStarted": "1329098.843008", "VisionDumpPath": "C:\\Sirio\\Work\\SvDumpFiles\\PartCameraDumps\\JID_403066334_OID_449830038_SEG_9_BE-Bibliothek.A5E00081516_R1329099415.svdmp", "XDeviation": "-102536", "YDeviation": "-12134"}]}, "Pick": {"ActualPickPosition": {"Angle": "0", "X": "6000", "Y": "-49500"}, "MeasuredComponentHeight": "988387", "NominalPickPosition": {"Angle": "0", "X": "6107", "Y": "-49669"}, "PickupLocationId": "230", "Result": "0", "TimeStampSinceStationStarted": "1329097.90412", "VacuumAbsolute": "-753", "VacuumRelative": "-753", "ZEndPosition": "14532500", "ZTargetPosition": "14559835"}, "Place": {"ActualPlacePosition": {"Angle": "90000", "X": "88151", "Y": "148207"}, "AirkissPressure": "55", "BoardPanelId": "2", "HoldingCircuitPressure": "-624", "NominalPlacePosition": {"Angle": "90000", "X": "88150", "Y": "148213"}, "ReferenceDesignator": "U2401_TSSOP_14_IC_KO", "Result": "0", "TimeStampSinceStationStarted": "1329099.319798", "VacuumAbsolute": "-788", "VacuumRelative": "87", "ZEndPosition": "14281500", "ZTargetPosition": "14322200"}, "ElectricalMeasurement": null, "Dip": null}, {"HeadSegmentId": "658180", "Measures": {"MeasureList": [{"CameraIndividualId": "4030", "MeasurementResult": "0", "PhiDeviation": "-1043365", "TimeStampSinceStationStarted": "1329098.91036", "VisionDumpPath": "C:\\Sirio\\Work\\SvDumpFiles\\PartCameraDumps\\JID_403066335_OID_449830039_SEG_10_BE-Bibliothek.A5E00081516_R1329099509.svdmp", "XDeviation": "272175", "YDeviation": "181"}]}, "Pick": {"ActualPickPosition": {"Angle": "0", "X": "6000", "Y": "-49500"}, "MeasuredComponentHeight": "1012270", "NominalPickPosition": {"Angle": "0", "X": "6107", "Y": "-49669"}, "PickupLocationId": "230", "Result": "0", "TimeStampSinceStationStarted": "1329097.998229", "VacuumAbsolute": "-786", "VacuumRelative": "-786", "ZEndPosition": "14585500", "ZTargetPosition": "14570002"}, "Place": {"ActualPlacePosition": {"Angle": "90000", "X": "79402", "Y": "148207"}, "AirkissPressure": "51", "BoardPanelId": "2", "HoldingCircuitPressure": "-776", "NominalPlacePosition": {"Angle": "90000", "X": "79400", "Y": "148213"}, "ReferenceDesignator": "U2303_TSSOP_14_IC_KO", "Result": "0", "TimeStampSinceStationStarted": "1329099.428496", "VacuumAbsolute": "-827", "VacuumRelative": "86", "ZEndPosition": "14330000", "ZTargetPosition": "14373337"}, "ElectricalMeasurement": null, "Dip": null}, {"HeadSegmentId": "723716", "Measures": {"MeasureList": [{"CameraIndividualId": "4030", "MeasurementResult": "0", "PhiDeviation": "-309967", "TimeStampSinceStationStarted": "1329098.977599", "VisionDumpPath": "C:\\Sirio\\Work\\SvDumpFiles\\PartCameraDumps\\JID_403066336_OID_449830040_SEG_11_BE-Bibliothek.A5E00081516_R1329099604.svdmp", "XDeviation": "-114221", "YDeviation": "-30326"}]}, "Pick": {"ActualPickPosition": {"Angle": "0", "X": "6000", "Y": "-49500"}, "MeasuredComponentHeight": "996832", "NominalPickPosition": {"Angle": "0", "X": "6107", "Y": "-49669"}, "PickupLocationId": "230", "Result": "0", "TimeStampSinceStationStarted": "1329098.093185", "VacuumAbsolute": "-785", "VacuumRelative": "-785", "ZEndPosition": "14594000", "ZTargetPosition": "14599376"}, "Place": {"ActualPlacePosition": {"Angle": "90000", "X": "70653", "Y": "148207"}, "AirkissPressure": "54", "BoardPanelId": "2", "HoldingCircuitPressure": "-788", "NominalPlacePosition": {"Angle": "90000", "X": "70650", "Y": "148213"}, "ReferenceDesignator": "U2301_TSSOP_14_IC_KO", "Result": "0", "TimeStampSinceStationStarted": "1329099.536415", "VacuumAbsolute": "-831", "VacuumRelative": "104", "ZEndPosition": "14382000", "ZTargetPosition": "14346459"}, "ElectricalMeasurement": null, "Dip": null}, {"HeadSegmentId": "789252", "Measures": {"MeasureList": [{"CameraIndividualId": "4030", "MeasurementResult": "0", "PhiDeviation": "-2046331", "TimeStampSinceStationStarted": "1329099.123748", "VisionDumpPath": "C:\\Sirio\\Work\\SvDumpFiles\\PartCameraDumps\\JID_403066337_OID_449830041_SEG_12_BE-Bibliothek.A5E38213077_R1329099686.svdmp", "XDeviation": "-166168", "YDeviation": "18151"}]}, "Pick": {"ActualPickPosition": {"Angle": "0", "X": "6000", "Y": "-49500"}, "MeasuredComponentHeight": "854172", "NominalPickPosition": {"Angle": "0", "X": "6193", "Y": "-49568"}, "PickupLocationId": "231", "Result": "0", "TimeStampSinceStationStarted": "1329098.175691", "VacuumAbsolute": "-752", "VacuumRelative": "-752", "ZEndPosition": "17503000", "ZTargetPosition": "17477354"}, "Place": {"ActualPlacePosition": {"Angle": "90000", "X": "26508", "Y": "46086"}, "AirkissPressure": "58", "BoardPanelId": "2", "HoldingCircuitPressure": "-724", "NominalPlacePosition": {"Angle": "90000", "X": "26500", "Y": "46080"}, "ReferenceDesignator": "D401_QFN_32_IC_PERI_", "Result": "0", "TimeStampSinceStationStarted": "1329099.755141", "VacuumAbsolute": "-846", "VacuumRelative": "100", "ZEndPosition": "17528000", "ZTargetPosition": "17509841"}, "ElectricalMeasurement": null, "Dip": null}, {"HeadSegmentId": "131585", "Measures": {"MeasureList": [{"CameraIndividualId": "1030", "MeasurementResult": "0", "PhiDeviation": "-108531", "TimeStampSinceStationStarted": "1329098.989611", "VisionDumpPath": "C:\\Sirio\\Work\\SvDumpFiles\\PartCameraDumps\\JID_103040557_OID_449830042_SEG_2_BE-Bibliothek.A5E00132529_R1329099868.svdmp", "XDeviation": "-659", "YDeviation": "-46297"}]}, "Pick": {"ActualPickPosition": {"Angle": "0", "X": "8000", "Y": "-51500"}, "MeasuredComponentHeight": "1031750", "NominalPickPosition": {"Angle": "0", "X": "8137", "Y": "-51405"}, "PickupLocationId": "148", "Result": "0", "TimeStampSinceStationStarted": "1329098.357594", "VacuumAbsolute": "-849", "VacuumRelative": "-849", "ZEndPosition": "16415000", "ZTargetPosition": "16474438"}, "Place": {"ActualPlacePosition": {"Angle": "179995", "X": "52978", "Y": "64271"}, "AirkissPressure": "59", "BoardPanelId": "2", "HoldingCircuitPressure": "-635", "NominalPlacePosition": {"Angle": "180000", "X": "52950", "Y": "64230"}, "ReferenceDesignator": "D1102_TSSOP_20_IC_IN", "Result": "0", "TimeStampSinceStationStarted": "1329100.151272", "VacuumAbsolute": "-800", "VacuumRelative": "98", "ZEndPosition": "16000000", "ZTargetPosition": "15985076"}, "ElectricalMeasurement": null, "Dip": null}, {"HeadSegmentId": "197121", "Measures": {"MeasureList": [{"CameraIndividualId": "1030", "MeasurementResult": "0", "PhiDeviation": "-478140", "TimeStampSinceStationStarted": "1329099.067394", "VisionDumpPath": "C:\\Sirio\\Work\\SvDumpFiles\\PartCameraDumps\\JID_103040558_OID_449830043_SEG_3_BE-Bibliothek.A5E00439671_R1329100054.svdmp", "XDeviation": "-157548", "YDeviation": "-487"}]}, "Pick": {"ActualPickPosition": {"Angle": "0", "X": "6000", "Y": "-49500"}, "MeasuredComponentHeight": "995074", "NominalPickPosition": {"Angle": "0", "X": "6119", "Y": "-49411"}, "PickupLocationId": "152", "Result": "0", "TimeStampSinceStationStarted": "1329098.544401", "VacuumAbsolute": "-789", "VacuumRelative": "-789", "ZEndPosition": "14412000", "ZTargetPosition": "14423118"}, "Place": {"ActualPlacePosition": {"Angle": "-90006", "X": "36287", "Y": "33676"}, "AirkissPressure": "56", "BoardPanelId": "2", "HoldingCircuitPressure": "-675", "NominalPlacePosition": {"Angle": "-90000", "X": "36250", "Y": "33630"}, "ReferenceDesignator": "D500_TSSOP_14_IC_INT", "Result": "0", "TimeStampSinceStationStarted": "1329100.27009", "VacuumAbsolute": "-829", "VacuumRelative": "91", "ZEndPosition": "14054500", "ZTargetPosition": "14043194"}, "ElectricalMeasurement": null, "Dip": null}, {"HeadSegmentId": "262657", "Measures": {"MeasureList": [{"CameraIndividualId": "1030", "MeasurementResult": "0", "PhiDeviation": "1928722", "TimeStampSinceStationStarted": "1329099.161211", "VisionDumpPath": "C:\\Sirio\\Work\\SvDumpFiles\\PartCameraDumps\\JID_103040559_OID_449830044_SEG_4_BE-Bibliothek.A5E00032567_R1329100177.svdmp", "XDeviation": "204467", "YDeviation": "-202267"}]}, "Pick": {"ActualPickPosition": {"Angle": "0", "X": "6000", "Y": "-51500"}, "MeasuredComponentHeight": "565086", "NominalPickPosition": {"Angle": "0", "X": "6090", "Y": "-51590"}, "PickupLocationId": "155", "Result": "0", "TimeStampSinceStationStarted": "1329098.667232", "VacuumAbsolute": "-738", "VacuumRelative": "-738", "ZEndPosition": "14104000", "ZTargetPosition": "14124000"}, "Place": {"ActualPlacePosition": {"Angle": "-90006", "X": "41788", "Y": "84220"}, "AirkissPressure": "58", "BoardPanelId": "2", "HoldingCircuitPressure": "-556", "NominalPlacePosition": {"Angle": "-90000", "X": "41750", "Y": "84180"}, "ReferenceDesignator": "R416_2010_WID_MET_SH", "Result": "0", "TimeStampSinceStationStarted": "1329100.44916", "VacuumAbsolute": "-807", "VacuumRelative": "93", "ZEndPosition": "14544500", "ZTargetPosition": "14539708"}, "ElectricalMeasurement": null, "Dip": null}, {"HeadSegmentId": "328193", "Measures": {"MeasureList": [{"CameraIndividualId": "1030", "MeasurementResult": "0", "PhiDeviation": "-2277266", "TimeStampSinceStationStarted": "1329099.225077", "VisionDumpPath": "C:\\Sirio\\Work\\SvDumpFiles\\PartCameraDumps\\JID_103040560_OID_449830045_SEG_5_BE-Bibliothek.A5E00198243_R1329100266.svdmp", "XDeviation": "-34014", "YDeviation": "-39732"}]}, "Pick": {"ActualPickPosition": {"Angle": "0", "X": "1000", "Y": "-50000"}, "MeasuredComponentHeight": "538074", "NominalPickPosition": {"Angle": "0", "X": "755", "Y": "-49775"}, "PickupLocationId": "158", "Result": "0", "TimeStampSinceStationStarted": "1329098.755673", "VacuumAbsolute": "-801", "VacuumRelative": "-801", "ZEndPosition": "12107000", "ZTargetPosition": "12125500"}, "Place": {"ActualPlacePosition": {"Angle": "-90006", "X": "68474", "Y": "137312"}, "AirkissPressure": "54", "BoardPanelId": "2", "HoldingCircuitPressure": "-632", "NominalPlacePosition": {"Angle": "-90000", "X": "68450", "Y": "137280"}, "ReferenceDesignator": "R2509_1206_WID_MET_S", "Result": "0", "TimeStampSinceStationStarted": "1329100.58202", "VacuumAbsolute": "-855", "VacuumRelative": "110", "ZEndPosition": "13738500", "ZTargetPosition": "13725398"}, "ElectricalMeasurement": null, "Dip": null}, {"HeadSegmentId": "393729", "Measures": {"MeasureList": [{"CameraIndividualId": "1030", "MeasurementResult": "0", "PhiDeviation": "1613687", "TimeStampSinceStationStarted": "1329099.288585", "VisionDumpPath": "C:\\Sirio\\Work\\SvDumpFiles\\PartCameraDumps\\JID_103040561_OID_449830046_SEG_6_BE-Bibliothek.A5E00198243_R1329100341.svdmp", "XDeviation": "-125495", "YDeviation": "41369"}]}, "Pick": {"ActualPickPosition": {"Angle": "0", "X": "1000", "Y": "-50000"}, "MeasuredComponentHeight": "525139", "NominalPickPosition": {"Angle": "0", "X": "755", "Y": "-49775"}, "PickupLocationId": "158", "Result": "0", "TimeStampSinceStationStarted": "1329098.830773", "VacuumAbsolute": "-799", "VacuumRelative": "-799", "ZEndPosition": "12125500", "ZTargetPosition": "12145000"}, "Place": {"ActualPlacePosition": {"Angle": "-90006", "X": "71321", "Y": "137312"}, "AirkissPressure": "51", "BoardPanelId": "2", "HoldingCircuitPressure": "-577", "NominalPlacePosition": {"Angle": "-90000", "X": "71300", "Y": "137280"}, "ReferenceDesignator": "R2508_1206_WID_MET_S", "Result": "0", "TimeStampSinceStationStarted": "1329100.652375", "VacuumAbsolute": "-834", "VacuumRelative": "91", "ZEndPosition": "13743000", "ZTargetPosition": "13757276"}, "ElectricalMeasurement": null, "Dip": null}, {"HeadSegmentId": "459265", "Measures": {"MeasureList": [{"CameraIndividualId": "1030", "MeasurementResult": "0", "PhiDeviation": "-123325", "TimeStampSinceStationStarted": "1329099.352048", "VisionDumpPath": "C:\\Sirio\\Work\\SvDumpFiles\\PartCameraDumps\\JID_103040562_OID_449830047_SEG_7_BE-Bibliothek.A5E00198243_R1329100417.svdmp", "XDeviation": "-64413", "YDeviation": "90928"}]}, "Pick": {"ActualPickPosition": {"Angle": "0", "X": "1000", "Y": "-50000"}, "MeasuredComponentHeight": "537224", "NominalPickPosition": {"Angle": "0", "X": "755", "Y": "-49775"}, "PickupLocationId": "158", "Result": "0", "TimeStampSinceStationStarted": "1329098.906226", "VacuumAbsolute": "-801", "VacuumRelative": "-801", "ZEndPosition": "12170500", "ZTargetPosition": "12190000"}, "Place": {"ActualPlacePosition": {"Angle": "-90006", "X": "109793", "Y": "137258"}, "AirkissPressure": "55", "BoardPanelId": "2", "HoldingCircuitPressure": "-474", "NominalPlacePosition": {"Angle": "-90000", "X": "109800", "Y": "137230"}, "ReferenceDesignator": "R2603_1206_WID_MET_S", "Result": "0", "TimeStampSinceStationStarted": "1329100.742798", "VacuumAbsolute": "-863", "VacuumRelative": "108", "ZEndPosition": "13954500", "ZTargetPosition": "13956832"}, "ElectricalMeasurement": null, "Dip": null}, {"HeadSegmentId": "524801", "Measures": {"MeasureList": [{"CameraIndividualId": "1030", "MeasurementResult": "0", "PhiDeviation": "-2256577", "TimeStampSinceStationStarted": "1329100.158942", "VisionDumpPath": "C:\\Sirio\\Work\\SvDumpFiles\\PartCameraDumps\\JID_103040563_OID_449830048_SEG_8_BE-Bibliothek.A5E00198243_R1329100493.svdmp", "XDeviation": "366841", "YDeviation": "44377"}]}, "Pick": {"ActualPickPosition": {"Angle": "0", "X": "1000", "Y": "-50000"}, "MeasuredComponentHeight": "535383", "NominalPickPosition": {"Angle": "0", "X": "755", "Y": "-49775"}, "PickupLocationId": "158", "Result": "0", "TimeStampSinceStationStarted": "1329098.982122", "VacuumAbsolute": "-810", "VacuumRelative": "-810", "ZEndPosition": "12169000", "ZTargetPosition": "12189500"}, "Place": {"ActualPlacePosition": {"Angle": "-90006", "X": "112641", "Y": "137258"}, "AirkissPressure": "54", "BoardPanelId": "2", "HoldingCircuitPressure": "-603", "NominalPlacePosition": {"Angle": "-90000", "X": "112650", "Y": "137230"}, "ReferenceDesignator": "R2602_1206_WID_MET_S", "Result": "0", "TimeStampSinceStationStarted": "1329100.813506", "VacuumAbsolute": "-839", "VacuumRelative": "93", "ZEndPosition": "13980000", "ZTargetPosition": "13949321"}, "ElectricalMeasurement": null, "Dip": null}, {"HeadSegmentId": "590337", "Measures": {"MeasureList": [{"CameraIndividualId": "1030", "MeasurementResult": "0", "PhiDeviation": "-2753904", "TimeStampSinceStationStarted": "1329100.275726", "VisionDumpPath": "C:\\Sirio\\Work\\SvDumpFiles\\PartCameraDumps\\JID_103040564_OID_449830049_SEG_9_BE-Bibliothek.A5E00726333_R1329100571.svdmp", "XDeviation": "-69985", "YDeviation": "-205215"}]}, "Pick": {"ActualPickPosition": {"Angle": "0", "X": "1090", "Y": "-50930"}, "MeasuredComponentHeight": "1364985", "NominalPickPosition": {"Angle": "0", "X": "1090", "Y": "-50930"}, "PickupLocationId": "159", "Result": "0", "TimeStampSinceStationStarted": "1329099.059937", "VacuumAbsolute": "-786", "VacuumRelative": "-786", "ZEndPosition": "13538000", "ZTargetPosition": "13553315"}, "Place": {"ActualPlacePosition": {"Angle": "-90006", "X": "76307", "Y": "25873"}, "AirkissPressure": "51", "BoardPanelId": "2", "HoldingCircuitPressure": "-535", "NominalPlacePosition": {"Angle": "-90000", "X": "76300", "Y": "25830"}, "ReferenceDesignator": "C903_0805_KOND_KER_V", "Result": "0", "TimeStampSinceStationStarted": "1329100.984442", "VacuumAbsolute": "-822", "VacuumRelative": "87", "ZEndPosition": "12979000", "ZTargetPosition": "12997955"}, "ElectricalMeasurement": null, "Dip": null}, {"HeadSegmentId": "655873", "Measures": {"MeasureList": [{"CameraIndividualId": "1030", "MeasurementResult": "0", "PhiDeviation": "3536781", "TimeStampSinceStationStarted": "1329100.455219", "VisionDumpPath": "C:\\Sirio\\Work\\SvDumpFiles\\PartCameraDumps\\JID_103040565_OID_449830050_SEG_10_BE-Bibliothek.A5E00091713_R1329100664.svdmp", "XDeviation": "51502", "YDeviation": "15030"}]}, "Pick": {"ActualPickPosition": {"Angle": "0", "X": "942", "Y": "-50965"}, "MeasuredComponentHeight": "302593", "NominalPickPosition": {"Angle": "0", "X": "947", "Y": "-50946"}, "PickupLocationId": "161", "Result": "0", "TimeStampSinceStationStarted": "1329099.153812", "VacuumAbsolute": "-794", "VacuumRelative": "-794", "ZEndPosition": "11859000", "ZTargetPosition": "11879000"}, "Place": {"ActualPlacePosition": {"Angle": "179995", "X": "40486", "Y": "53273"}, "AirkissPressure": "53", "BoardPanelId": "2", "HoldingCircuitPressure": "-671", "NominalPlacePosition": {"Angle": "180000", "X": "40450", "Y": "53230"}, "ReferenceDesignator": "R615_0402_WID_MET_SH", "Result": "0", "TimeStampSinceStationStarted": "1329101.092092", "VacuumAbsolute": "-874", "VacuumRelative": "221", "ZEndPosition": "12989000", "ZTargetPosition": "12965128"}, "ElectricalMeasurement": null, "Dip": null}, {"HeadSegmentId": "721409", "Measures": {"MeasureList": [{"CameraIndividualId": "1030", "MeasurementResult": "0", "PhiDeviation": "-36622", "TimeStampSinceStationStarted": "1329100.588385", "VisionDumpPath": "C:\\Sirio\\Work\\SvDumpFiles\\PartCameraDumps\\JID_103040566_OID_449830051_SEG_11_BE-Bibliothek.A5E00091713_R1329100728.svdmp", "XDeviation": "72148", "YDeviation": "34901"}]}, "Pick": {"ActualPickPosition": {"Angle": "0", "X": "942", "Y": "-50965"}, "MeasuredComponentHeight": "310618", "NominalPickPosition": {"Angle": "0", "X": "947", "Y": "-50946"}, "PickupLocationId": "161", "Result": "0", "TimeStampSinceStationStarted": "1329099.21721", "VacuumAbsolute": "-773", "VacuumRelative": "-773", "ZEndPosition": "11868000", "ZTargetPosition": "11887000"}, "Place": {"ActualPlacePosition": {"Angle": "179995", "X": "40486", "Y": "54273"}, "AirkissPressure": "53", "BoardPanelId": "2", "HoldingCircuitPressure": "-712", "NominalPlacePosition": {"Angle": "180000", "X": "40450", "Y": "54230"}, "ReferenceDesignator": "R616_0402_WID_MET_SH", "Result": "0", "TimeStampSinceStationStarted": "1329101.162153", "VacuumAbsolute": "-851", "VacuumRelative": "135", "ZEndPosition": "12996000", "ZTargetPosition": "12967105"}, "ElectricalMeasurement": null, "Dip": null}, {"HeadSegmentId": "786945", "Measures": {"MeasureList": [{"CameraIndividualId": "1030", "MeasurementResult": "0", "PhiDeviation": "858659", "TimeStampSinceStationStarted": "1329100.659801", "VisionDumpPath": "C:\\Sirio\\Work\\SvDumpFiles\\PartCameraDumps\\JID_103040567_OID_449830052_SEG_12_BE-Bibliothek.A5E00091702_R1329100791.svdmp", "XDeviation": "54258", "YDeviation": "-14644"}]}, "Pick": {"ActualPickPosition": {"Angle": "0", "X": "988", "Y": "-50853"}, "MeasuredComponentHeight": "315874", "NominalPickPosition": {"Angle": "0", "X": "981", "Y": "-50870"}, "PickupLocationId": "162", "Result": "0", "TimeStampSinceStationStarted": "1329099.280792", "VacuumAbsolute": "-809", "VacuumRelative": "-809", "ZEndPosition": "11736500", "ZTargetPosition": "11755500"}, "Place": {"ActualPlacePosition": {"Angle": "-5", "X": "36290", "Y": "60323"}, "AirkissPressure": "57", "BoardPanelId": "2", "HoldingCircuitPressure": "-819", "NominalPlacePosition": {"Angle": "0", "X": "36250", "Y": "60280"}, "ReferenceDesignator": "R707_0402_WID_MET_SH", "Result": "0", "TimeStampSinceStationStarted": "1329101.242681", "VacuumAbsolute": "-864", "VacuumRelative": "80", "ZEndPosition": "12927000", "ZTargetPosition": "12908324"}, "ElectricalMeasurement": null, "Dip": null}, {"HeadSegmentId": "68356", "Measures": {"MeasureList": [{"CameraIndividualId": "4030", "MeasurementResult": "0", "PhiDeviation": "1791168", "TimeStampSinceStationStarted": "1329100.830975", "VisionDumpPath": "C:\\Sirio\\Work\\SvDumpFiles\\PartCameraDumps\\JID_403066338_OID_449830053_SEG_1_BE-Bibliothek.A5E00150936_R1329101802.svdmp", "XDeviation": "-7998", "YDeviation": "34581"}]}, "Pick": {"ActualPickPosition": {"Angle": "0", "X": "1000", "Y": "-51000"}, "MeasuredComponentHeight": "881174", "NominalPickPosition": {"Angle": "0", "X": "837", "Y": "-51003"}, "PickupLocationId": "215", "Result": "0", "TimeStampSinceStationStarted": "1329100.292353", "VacuumAbsolute": "-814", "VacuumRelative": "-814", "ZEndPosition": "12439500", "ZTargetPosition": "12458000"}, "Place": {"ActualPlacePosition": {"Angle": "0", "X": "119468", "Y": "68653"}, "AirkissPressure": "52", "BoardPanelId": "2", "HoldingCircuitPressure": "-607", "NominalPlacePosition": {"Angle": "0", "X": "119470", "Y": "68650"}, "ReferenceDesignator": "H1119_0603_2_DIO_LED", "Result": "0", "TimeStampSinceStationStarted": "1329101.897854", "VacuumAbsolute": "-839", "VacuumRelative": "67", "ZEndPosition": "12428500", "ZTargetPosition": "12454694"}, "ElectricalMeasurement": null, "Dip": null}, {"HeadSegmentId": "133892", "Measures": {"MeasureList": [{"CameraIndividualId": "4030", "MeasurementResult": "0", "PhiDeviation": "157440", "TimeStampSinceStationStarted": "1329100.992895", "VisionDumpPath": "C:\\Sirio\\Work\\SvDumpFiles\\PartCameraDumps\\JID_403066339_OID_449830054_SEG_2_BE-Bibliothek.A5E00150936_R1329101895.svdmp", "XDeviation": "-27608", "YDeviation": "-2827"}]}, "Pick": {"ActualPickPosition": {"Angle": "0", "X": "1000", "Y": "-51000"}, "MeasuredComponentHeight": "882714", "NominalPickPosition": {"Angle": "0", "X": "837", "Y": "-51003"}, "PickupLocationId": "215", "Result": "0", "TimeStampSinceStationStarted": "1329100.385237", "VacuumAbsolute": "-812", "VacuumRelative": "-812", "ZEndPosition": "12435000", "ZTargetPosition": "12454500"}, "Place": {"ActualPlacePosition": {"Angle": "0", "X": "129466", "Y": "68653"}, "AirkissPressure": "53", "BoardPanelId": "2", "HoldingCircuitPressure": "-837", "NominalPlacePosition": {"Angle": "0", "X": "129470", "Y": "68650"}, "ReferenceDesignator": "H1212_0603_2_DIO_LED", "Result": "0", "TimeStampSinceStationStarted": "1329101.965419", "VacuumAbsolute": "-845", "VacuumRelative": "51", "ZEndPosition": "12422500", "ZTargetPosition": "12504053"}, "ElectricalMeasurement": null, "Dip": null}, {"HeadSegmentId": "199428", "Measures": {"MeasureList": [{"CameraIndividualId": "4030", "MeasurementResult": "0", "PhiDeviation": "1099701", "TimeStampSinceStationStarted": "1329101.065148", "VisionDumpPath": "C:\\Sirio\\Work\\SvDumpFiles\\PartCameraDumps\\JID_403066340_OID_449830055_SEG_3_BE-Bibliothek.A5E00150936_R1329101984.svdmp", "XDeviation": "5881", "YDeviation": "36842"}]}, "Pick": {"ActualPickPosition": {"Angle": "0", "X": "1000", "Y": "-51000"}, "MeasuredComponentHeight": "884260", "NominalPickPosition": {"Angle": "0", "X": "837", "Y": "-51003"}, "PickupLocationId": "215", "Result": "0", "TimeStampSinceStationStarted": "1329100.473213", "VacuumAbsolute": "-815", "VacuumRelative": "-815", "ZEndPosition": "12412500", "ZTargetPosition": "12431500"}, "Place": {"ActualPlacePosition": {"Angle": "0", "X": "131966", "Y": "68653"}, "AirkissPressure": "51", "BoardPanelId": "2", "HoldingCircuitPressure": "-820", "NominalPlacePosition": {"Angle": "0", "X": "131970", "Y": "68650"}, "ReferenceDesignator": "H1213_0603_2_DIO_LED", "Result": "0", "TimeStampSinceStationStarted": "1329102.032446", "VacuumAbsolute": "-841", "VacuumRelative": "90", "ZEndPosition": "12387500", "ZTargetPosition": "12488403"}, "ElectricalMeasurement": null, "Dip": null}, {"HeadSegmentId": "264964", "Measures": {"MeasureList": [{"CameraIndividualId": "4030", "MeasurementResult": "0", "PhiDeviation": "14403", "TimeStampSinceStationStarted": "1329101.160251", "VisionDumpPath": "C:\\Sirio\\Work\\SvDumpFiles\\PartCameraDumps\\JID_403066341_OID_449830056_SEG_4_BE-Bibliothek.A5E00150936_R1329102072.svdmp", "XDeviation": "14483", "YDeviation": "33287"}]}, "Pick": {"ActualPickPosition": {"Angle": "0", "X": "1000", "Y": "-51000"}, "MeasuredComponentHeight": "887900", "NominalPickPosition": {"Angle": "0", "X": "837", "Y": "-51003"}, "PickupLocationId": "215", "Result": "0", "TimeStampSinceStationStarted": "1329100.561233", "VacuumAbsolute": "-825", "VacuumRelative": "-825", "ZEndPosition": "12524500", "ZTargetPosition": "12543000"}, "Place": {"ActualPlacePosition": {"Angle": "0", "X": "136966", "Y": "68653"}, "AirkissPressure": "57", "BoardPanelId": "2", "HoldingCircuitPressure": "-844", "NominalPlacePosition": {"Angle": "0", "X": "136970", "Y": "68650"}, "ReferenceDesignator": "H1215_0603_2_DIO_LED", "Result": "0", "TimeStampSinceStationStarted": "1329102.09929", "VacuumAbsolute": "-849", "VacuumRelative": "0", "ZEndPosition": "12363000", "ZTargetPosition": "12612885"}, "ElectricalMeasurement": null, "Dip": null}, {"HeadSegmentId": "330500", "Measures": {"MeasureList": [{"CameraIndividualId": "4030", "MeasurementResult": "0", "PhiDeviation": "-803573", "TimeStampSinceStationStarted": "1329101.255561", "VisionDumpPath": "C:\\Sirio\\Work\\SvDumpFiles\\PartCameraDumps\\JID_403066342_OID_449830057_SEG_5_BE-Bibliothek.A5E00150936_R1329102160.svdmp", "XDeviation": "65211", "YDeviation": "44139"}]}, "Pick": {"ActualPickPosition": {"Angle": "0", "X": "1000", "Y": "-51000"}, "MeasuredComponentHeight": "889375", "NominalPickPosition": {"Angle": "0", "X": "837", "Y": "-51003"}, "PickupLocationId": "215", "Result": "0", "TimeStampSinceStationStarted": "1329100.649566", "VacuumAbsolute": "-821", "VacuumRelative": "-821", "ZEndPosition": "12436500", "ZTargetPosition": "12455500"}, "Place": {"ActualPlacePosition": {"Angle": "0", "X": "141965", "Y": "68653"}, "AirkissPressure": "55", "BoardPanelId": "2", "HoldingCircuitPressure": "-835", "NominalPlacePosition": {"Angle": "0", "X": "141970", "Y": "68650"}, "ReferenceDesignator": "H1217_0603_2_DIO_LED", "Result": "0", "TimeStampSinceStationStarted": "1329102.165012", "VacuumAbsolute": "-847", "VacuumRelative": "60", "ZEndPosition": "12337500", "ZTargetPosition": "12577723"}, "ElectricalMeasurement": null, "Dip": null}, {"HeadSegmentId": "396036", "Measures": {"MeasureList": [{"CameraIndividualId": "4030", "MeasurementResult": "0", "PhiDeviation": "-915524", "TimeStampSinceStationStarted": "1329101.383413", "VisionDumpPath": "C:\\Sirio\\Work\\SvDumpFiles\\PartCameraDumps\\JID_403066343_OID_449830058_SEG_6_BE-Bibliothek.A5E00907098_R1329102260.svdmp", "XDeviation": "-153854", "YDeviation": "28878"}]}, "Pick": {"ActualPickPosition": {"Angle": "0", "X": "1000", "Y": "-50000"}, "MeasuredComponentHeight": "1727222", "NominalPickPosition": {"Angle": "0", "X": "1064", "Y": "-50133"}, "PickupLocationId": "220", "Result": "0", "TimeStampSinceStationStarted": "1329100.749823", "VacuumAbsolute": "-798", "VacuumRelative": "-798", "ZEndPosition": "14813500", "ZTargetPosition": "14855364"}, "Place": {"ActualPlacePosition": {"Angle": "-90000", "X": "157143", "Y": "169907"}, "AirkissPressure": "56", "BoardPanelId": "2", "HoldingCircuitPressure": "-794", "NominalPlacePosition": {"Angle": "-90000", "X": "157150", "Y": "169915"}, "ReferenceDesignator": "C2801_1206_KOND_KER_", "Result": "0", "TimeStampSinceStationStarted": "1329102.330924", "VacuumAbsolute": "-859", "VacuumRelative": "95", "ZEndPosition": "14002000", "ZTargetPosition": "14045008"}, "ElectricalMeasurement": null, "Dip": null}, {"HeadSegmentId": "527108", "Measures": {"MeasureList": [{"CameraIndividualId": "4030", "MeasurementResult": "0", "PhiDeviation": "-477177", "TimeStampSinceStationStarted": "1329101.975039", "VisionDumpPath": "C:\\Sirio\\Work\\SvDumpFiles\\PartCameraDumps\\JID_403066344_OID_449830059_SEG_8_BE-Bibliothek.A5E00081516_R1329102495.svdmp", "XDeviation": "63467", "YDeviation": "8921"}]}, "Pick": {"ActualPickPosition": {"Angle": "0", "X": "6000", "Y": "-49500"}, "MeasuredComponentHeight": "999293", "NominalPickPosition": {"Angle": "0", "X": "6105", "Y": "-49672"}, "PickupLocationId": "230", "Result": "0", "TimeStampSinceStationStarted": "1329100.98477", "VacuumAbsolute": "-786", "VacuumRelative": "-786", "ZEndPosition": "14558500", "ZTargetPosition": "14568032"}, "Place": {"ActualPlacePosition": {"Angle": "90000", "X": "61904", "Y": "148207"}, "AirkissPressure": "53", "BoardPanelId": "2", "HoldingCircuitPressure": "-833", "NominalPlacePosition": {"Angle": "90000", "X": "61900", "Y": "148213"}, "ReferenceDesignator": "U2203_TSSOP_14_IC_KO", "Result": "0", "TimeStampSinceStationStarted": "1329102.461734", "VacuumAbsolute": "-871", "VacuumRelative": "100", "ZEndPosition": "14300000", "ZTargetPosition": "14316043"}, "ElectricalMeasurement": null, "Dip": null}, {"HeadSegmentId": "592644", "Measures": {"MeasureList": [{"CameraIndividualId": "4030", "MeasurementResult": "0", "PhiDeviation": "-848602", "TimeStampSinceStationStarted": "1329102.042046", "VisionDumpPath": "C:\\Sirio\\Work\\SvDumpFiles\\PartCameraDumps\\JID_403066345_OID_449830060_SEG_9_BE-Bibliothek.A5E00081516_R1329102590.svdmp", "XDeviation": "-157780", "YDeviation": "-13321"}]}, "Pick": {"ActualPickPosition": {"Angle": "0", "X": "6000", "Y": "-49500"}, "MeasuredComponentHeight": "999915", "NominalPickPosition": {"Angle": "0", "X": "6105", "Y": "-49672"}, "PickupLocationId": "230", "Result": "0", "TimeStampSinceStationStarted": "1329101.079199", "VacuumAbsolute": "-754", "VacuumRelative": "-754", "ZEndPosition": "14541000", "ZTargetPosition": "14553149"}, "Place": {"ActualPlacePosition": {"Angle": "90000", "X": "53155", "Y": "148207"}, "AirkissPressure": "51", "BoardPanelId": "2", "HoldingCircuitPressure": "-623", "NominalPlacePosition": {"Angle": "90000", "X": "53150", "Y": "148213"}, "ReferenceDesignator": "U2201_TSSOP_14_IC_KO", "Result": "0", "TimeStampSinceStationStarted": "1329102.573549", "VacuumAbsolute": "-789", "VacuumRelative": "87", "ZEndPosition": "14206500", "ZTargetPosition": "14198807"}, "ElectricalMeasurement": null, "Dip": null}, {"HeadSegmentId": "658180", "Measures": {"MeasureList": [{"CameraIndividualId": "4030", "MeasurementResult": "0", "PhiDeviation": "-843295", "TimeStampSinceStationStarted": "1329102.108913", "VisionDumpPath": "C:\\Sirio\\Work\\SvDumpFiles\\PartCameraDumps\\JID_403066346_OID_449830061_SEG_10_BE-Bibliothek.A5E00081516_R1329102684.svdmp", "XDeviation": "-62212", "YDeviation": "-9135"}]}, "Pick": {"ActualPickPosition": {"Angle": "0", "X": "6000", "Y": "-49500"}, "MeasuredComponentHeight": "1002827", "NominalPickPosition": {"Angle": "0", "X": "6105", "Y": "-49672"}, "PickupLocationId": "230", "Result": "0", "TimeStampSinceStationStarted": "1329101.173919", "VacuumAbsolute": "-786", "VacuumRelative": "-786", "ZEndPosition": "14591500", "ZTargetPosition": "14567112"}, "Place": {"ActualPlacePosition": {"Angle": "90000", "X": "44406", "Y": "148207"}, "AirkissPressure": "52", "BoardPanelId": "2", "HoldingCircuitPressure": "-768", "NominalPlacePosition": {"Angle": "90000", "X": "44400", "Y": "148213"}, "ReferenceDesignator": "U2103_TSSOP_14_IC_KO", "Result": "0", "TimeStampSinceStationStarted": "1329102.688228", "VacuumAbsolute": "-827", "VacuumRelative": "86", "ZEndPosition": "14276000", "ZTargetPosition": "14275337"}, "ElectricalMeasurement": null, "Dip": null}, {"HeadSegmentId": "723716", "Measures": {"MeasureList": [{"CameraIndividualId": "4030", "MeasurementResult": "0", "PhiDeviation": "-228032", "TimeStampSinceStationStarted": "1329102.1746", "VisionDumpPath": "C:\\Sirio\\Work\\SvDumpFiles\\PartCameraDumps\\JID_403066347_OID_449830062_SEG_11_BE-Bibliothek.A5E00081516_R1329102779.svdmp", "XDeviation": "-35587", "YDeviation": "-58418"}]}, "Pick": {"ActualPickPosition": {"Angle": "0", "X": "6000", "Y": "-49500"}, "MeasuredComponentHeight": "994374", "NominalPickPosition": {"Angle": "0", "X": "6105", "Y": "-49672"}, "PickupLocationId": "230", "Result": "0", "TimeStampSinceStationStarted": "1329101.269294", "VacuumAbsolute": "-786", "VacuumRelative": "-786", "ZEndPosition": "14606000", "ZTargetPosition": "14598709"}, "Place": {"ActualPlacePosition": {"Angle": "90000", "X": "35657", "Y": "148207"}, "AirkissPressure": "51", "BoardPanelId": "2", "HoldingCircuitPressure": "-771", "NominalPlacePosition": {"Angle": "90000", "X": "35650", "Y": "148213"}, "ReferenceDesignator": "U2101_TSSOP_14_IC_KO", "Result": "0", "TimeStampSinceStationStarted": "1329102.801559", "VacuumAbsolute": "-831", "VacuumRelative": "104", "ZEndPosition": "14252000", "ZTargetPosition": "14252163"}, "ElectricalMeasurement": null, "Dip": null}, {"HeadSegmentId": "789252", "Measures": {"MeasureList": [{"CameraIndividualId": "4030", "MeasurementResult": "0", "PhiDeviation": "-2064662", "TimeStampSinceStationStarted": "1329102.33727", "VisionDumpPath": "C:\\Sirio\\Work\\SvDumpFiles\\PartCameraDumps\\JID_403066348_OID_449830063_SEG_12_BE-Bibliothek.A5E00186101_R1329102883.svdmp", "XDeviation": "46989", "YDeviation": "47497"}]}, "Pick": {"ActualPickPosition": {"Angle": "0", "X": "6000", "Y": "-49500"}, "MeasuredComponentHeight": "3153379", "NominalPickPosition": {"Angle": "0", "X": "6179", "Y": "-49491"}, "PickupLocationId": "232", "Result": "0", "TimeStampSinceStationStarted": "1329101.372675", "VacuumAbsolute": "-769", "VacuumRelative": "-769", "ZEndPosition": "17470500", "ZTargetPosition": "17477487"}, "Place": {"ActualPlacePosition": {"Angle": "0", "X": "31208", "Y": "27188"}, "AirkissPressure": "45", "BoardPanelId": "2", "HoldingCircuitPressure": "-726", "NominalPlacePosition": {"Angle": "0", "X": "31200", "Y": "27180"}, "ReferenceDesignator": "U501_SOP_8/SOIC_8_OP", "Result": "0", "TimeStampSinceStationStarted": "1329103.025319", "VacuumAbsolute": "-845", "VacuumRelative": "99", "ZEndPosition": "15261000", "ZTargetPosition": "15234049"}, "ElectricalMeasurement": null, "Dip": null}, {"HeadSegmentId": "197121", "Measures": {"MeasureList": [{"CameraIndividualId": "1030", "MeasurementResult": "0", "PhiDeviation": "-89447", "TimeStampSinceStationStarted": "1329102.127555", "VisionDumpPath": "C:\\Sirio\\Work\\SvDumpFiles\\PartCameraDumps\\JID_103040568_OID_449830064_SEG_3_BE-Bibliothek.A5E00207035_R1329103139.svdmp", "XDeviation": "111476", "YDeviation": "52901"}]}, "Pick": {"ActualPickPosition": {"Angle": "0", "X": "1000", "Y": "-50000"}, "MeasuredComponentHeight": "520055", "NominalPickPosition": {"Angle": "0", "X": "912", "Y": "-49803"}, "PickupLocationId": "156", "Result": "0", "TimeStampSinceStationStarted": "1329101.629194", "VacuumAbsolute": "-748", "VacuumRelative": "-748", "ZEndPosition": "13748000", "ZTargetPosition": "13774022"}, "Place": {"ActualPlacePosition": {"Angle": "179995", "X": "133617", "Y": "55915"}, "AirkissPressure": "57", "BoardPanelId": "2", "HoldingCircuitPressure": "-590", "NominalPlacePosition": {"Angle": "180000", "X": "133650", "Y": "55880"}, "ReferenceDesignator": "R1205_1206_8_WID_NET", "Result": "0", "TimeStampSinceStationStarted": "1329103.463091", "VacuumAbsolute": "-808", "VacuumRelative": "84", "ZEndPosition": "14570500", "ZTargetPosition": "14603720"}, "ElectricalMeasurement": null, "Dip": null}, {"HeadSegmentId": "262657", "Measures": {"MeasureList": [{"CameraIndividualId": "1030", "MeasurementResult": "0", "PhiDeviation": "-12362", "TimeStampSinceStationStarted": "1329102.231415", "VisionDumpPath": "C:\\Sirio\\Work\\SvDumpFiles\\PartCameraDumps\\JID_103040569_OID_449830065_SEG_4_BE-Bibliothek.A5E00207035_R1329103214.svdmp", "XDeviation": "92291", "YDeviation": "3661"}]}, "Pick": {"ActualPickPosition": {"Angle": "0", "X": "1000", "Y": "-50000"}, "MeasuredComponentHeight": "509689", "NominalPickPosition": {"Angle": "0", "X": "912", "Y": "-49803"}, "PickupLocationId": "156", "Result": "0", "TimeStampSinceStationStarted": "1329101.70415", "VacuumAbsolute": "-723", "VacuumRelative": "-723", "ZEndPosition": "13846500", "ZTargetPosition": "13851516"}, "Place": {"ActualPlacePosition": {"Angle": "179995", "X": "138164", "Y": "55914"}, "AirkissPressure": "57", "BoardPanelId": "2", "HoldingCircuitPressure": "-490", "NominalPlacePosition": {"Angle": "180000", "X": "138200", "Y": "55880"}, "ReferenceDesignator": "R1204_1206_8_WID_NET", "Result": "0", "TimeStampSinceStationStarted": "1329103.533614", "VacuumAbsolute": "-765", "VacuumRelative": "77", "ZEndPosition": "14694500", "ZTargetPosition": "14730731"}, "ElectricalMeasurement": null, "Dip": null}, {"HeadSegmentId": "328193", "Measures": {"MeasureList": [{"CameraIndividualId": "1030", "MeasurementResult": "0", "PhiDeviation": "378929", "TimeStampSinceStationStarted": "1329102.294845", "VisionDumpPath": "C:\\Sirio\\Work\\SvDumpFiles\\PartCameraDumps\\JID_103040570_OID_449830066_SEG_5_BE-Bibliothek.A5E00726333_R1329103311.svdmp", "XDeviation": "-147741", "YDeviation": "-213132"}]}, "Pick": {"ActualPickPosition": {"Angle": "0", "X": "1090", "Y": "-50930"}, "MeasuredComponentHeight": "1360181", "NominalPickPosition": {"Angle": "0", "X": "1090", "Y": "-50930"}, "PickupLocationId": "159", "Result": "0", "TimeStampSinceStationStarted": "1329101.801036", "VacuumAbsolute": "-793", "VacuumRelative": "-793", "ZEndPosition": "13559000", "ZTargetPosition": "13548986"}, "Place": {"ActualPlacePosition": {"Angle": "179995", "X": "46129", "Y": "24576"}, "AirkissPressure": "52", "BoardPanelId": "2", "HoldingCircuitPressure": "-632", "NominalPlacePosition": {"Angle": "180000", "X": "46100", "Y": "24530"}, "ReferenceDesignator": "C947_0805_KOND_KER_V", "Result": "0", "TimeStampSinceStationStarted": "1329103.660461", "VacuumAbsolute": "-813", "VacuumRelative": "85", "ZEndPosition": "13027000", "ZTargetPosition": "13040442"}, "ElectricalMeasurement": null, "Dip": null}, {"HeadSegmentId": "393729", "Measures": {"MeasureList": [{"CameraIndividualId": "1030", "MeasurementResult": "0", "PhiDeviation": "-1747660", "TimeStampSinceStationStarted": "1329102.342272", "VisionDumpPath": "C:\\Sirio\\Work\\SvDumpFiles\\PartCameraDumps\\JID_103040571_OID_449830067_SEG_6_BE-Bibliothek.A5E00726333_R1329103390.svdmp", "XDeviation": "-104584", "YDeviation": "-159100"}]}, "Pick": {"ActualPickPosition": {"Angle": "0", "X": "1090", "Y": "-50930"}, "MeasuredComponentHeight": "1319354", "NominalPickPosition": {"Angle": "0", "X": "1090", "Y": "-50930"}, "PickupLocationId": "159", "Result": "0", "TimeStampSinceStationStarted": "1329101.879708", "VacuumAbsolute": "-803", "VacuumRelative": "-803", "ZEndPosition": "13556500", "ZTargetPosition": "13562989"}, "Place": {"ActualPlacePosition": {"Angle": "89994", "X": "41682", "Y": "25976"}, "AirkissPressure": "55", "BoardPanelId": "2", "HoldingCircuitPressure": "-577", "NominalPlacePosition": {"Angle": "90000", "X": "41650", "Y": "25930"}, "ReferenceDesignator": "C511_0805_KOND_KER_V", "Result": "0", "TimeStampSinceStationStarted": "1329103.730123", "VacuumAbsolute": "-814", "VacuumRelative": "80", "ZEndPosition": "13094500", "ZTargetPosition": "13055364"}, "ElectricalMeasurement": null, "Dip": null}, {"HeadSegmentId": "459265", "Measures": {"MeasureList": [{"CameraIndividualId": "1030", "MeasurementResult": "0", "PhiDeviation": "3616958", "TimeStampSinceStationStarted": "1329102.390038", "VisionDumpPath": "C:\\Sirio\\Work\\SvDumpFiles\\PartCameraDumps\\JID_103040572_OID_449830068_SEG_7_BE-Bibliothek.A5E00726333_R1329103469.svdmp", "XDeviation": "-181943", "YDeviation": "-213997"}]}, "Pick": {"ActualPickPosition": {"Angle": "0", "X": "1090", "Y": "-50930"}, "MeasuredComponentHeight": "1356668", "NominalPickPosition": {"Angle": "0", "X": "1090", "Y": "-50930"}, "PickupLocationId": "159", "Result": "0", "TimeStampSinceStationStarted": "1329101.958368", "VacuumAbsolute": "-796", "VacuumRelative": "-796", "ZEndPosition": "13646000", "ZTargetPosition": "13598867"}, "Place": {"ActualPlacePosition": {"Angle": "179995", "X": "36935", "Y": "21577"}, "AirkissPressure": "57", "BoardPanelId": "2", "HoldingCircuitPressure": "-474", "NominalPlacePosition": {"Angle": "180000", "X": "36900", "Y": "21530"}, "ReferenceDesignator": "C1615_0805_KOND_KER_", "Result": "0", "TimeStampSinceStationStarted": "1329103.80218", "VacuumAbsolute": "-811", "VacuumRelative": "75", "ZEndPosition": "13159000", "ZTargetPosition": "13148992"}, "ElectricalMeasurement": null, "Dip": null}, {"HeadSegmentId": "524801", "Measures": {"MeasureList": [{"CameraIndividualId": "1030", "MeasurementResult": "0", "PhiDeviation": "460044", "TimeStampSinceStationStarted": "1329102.437554", "VisionDumpPath": "C:\\Sirio\\Work\\SvDumpFiles\\PartCameraDumps\\JID_103040573_OID_449830069_SEG_8_BE-Bibliothek.A5E00726333_R1329103549.svdmp", "XDeviation": "-228065", "YDeviation": "-191982"}]}, "Pick": {"ActualPickPosition": {"Angle": "0", "X": "1090", "Y": "-50930"}, "MeasuredComponentHeight": "1298913", "NominalPickPosition": {"Angle": "0", "X": "1090", "Y": "-50930"}, "PickupLocationId": "159", "Result": "0", "TimeStampSinceStationStarted": "1329102.038453", "VacuumAbsolute": "-803", "VacuumRelative": "-803", "ZEndPosition": "13648500", "ZTargetPosition": "13634650"}, "Place": {"ActualPlacePosition": {"Angle": "179995", "X": "36935", "Y": "19527"}, "AirkissPressure": "54", "BoardPanelId": "2", "HoldingCircuitPressure": "-603", "NominalPlacePosition": {"Angle": "180000", "X": "36900", "Y": "19480"}, "ReferenceDesignator": "C1614_0805_KOND_KER_", "Result": "0", "TimeStampSinceStationStarted": "1329103.872266", "VacuumAbsolute": "-818", "VacuumRelative": "80", "ZEndPosition": "13241500", "ZTargetPosition": "13187170"}, "ElectricalMeasurement": null, "Dip": null}, {"HeadSegmentId": "590337", "Measures": {"MeasureList": [{"CameraIndividualId": "1030", "MeasurementResult": "0", "PhiDeviation": "-1018886", "TimeStampSinceStationStarted": "1329103.47098", "VisionDumpPath": "C:\\Sirio\\Work\\SvDumpFiles\\PartCameraDumps\\JID_103040574_OID_449830070_SEG_9_BE-Bibliothek.A5E00726333_R1329103631.svdmp", "XDeviation": "-61910", "YDeviation": "-151402"}]}, "Pick": {"ActualPickPosition": {"Angle": "0", "X": "1090", "Y": "-50930"}, "MeasuredComponentHeight": "1315614", "NominalPickPosition": {"Angle": "0", "X": "1090", "Y": "-50930"}, "PickupLocationId": "159", "Result": "0", "TimeStampSinceStationStarted": "1329102.12014", "VacuumAbsolute": "-795", "VacuumRelative": "-795", "ZEndPosition": "13556500", "ZTargetPosition": "13565613"}, "Place": {"ActualPlacePosition": {"Angle": "179995", "X": "36935", "Y": "17478"}, "AirkissPressure": "53", "BoardPanelId": "2", "HoldingCircuitPressure": "-582", "NominalPlacePosition": {"Angle": "180000", "X": "36900", "Y": "17430"}, "ReferenceDesignator": "C1600_0805_KOND_KER_", "Result": "0", "TimeStampSinceStationStarted": "1329103.942422", "VacuumAbsolute": "-817", "VacuumRelative": "84", "ZEndPosition": "13157500", "ZTargetPosition": "13127515"}, "ElectricalMeasurement": null, "Dip": null}, {"HeadSegmentId": "655873", "Measures": {"MeasureList": [{"CameraIndividualId": "1030", "MeasurementResult": "0", "PhiDeviation": "1461044", "TimeStampSinceStationStarted": "1329103.541519", "VisionDumpPath": "C:\\Sirio\\Work\\SvDumpFiles\\PartCameraDumps\\JID_103040575_OID_449830071_SEG_10_BE-Bibliothek.A5E00091702_R1329103735.svdmp", "XDeviation": "-50103", "YDeviation": "-8829"}]}, "Pick": {"ActualPickPosition": {"Angle": "0", "X": "988", "Y": "-50853"}, "MeasuredComponentHeight": "313695", "NominalPickPosition": {"Angle": "0", "X": "984", "Y": "-50871"}, "PickupLocationId": "162", "Result": "0", "TimeStampSinceStationStarted": "1329102.223992", "VacuumAbsolute": "-799", "VacuumRelative": "-799", "ZEndPosition": "11772500", "ZTargetPosition": "11792000"}, "Place": {"ActualPlacePosition": {"Angle": "-5", "X": "36290", "Y": "61323"}, "AirkissPressure": "51", "BoardPanelId": "2", "HoldingCircuitPressure": "-682", "NominalPlacePosition": {"Angle": "0", "X": "36250", "Y": "61280"}, "ReferenceDesignator": "R705_0402_WID_MET_SH", "Result": "0", "TimeStampSinceStationStarted": "1329104.06646", "VacuumAbsolute": "-872", "VacuumRelative": "215", "ZEndPosition": "12951000", "ZTargetPosition": "12937484"}, "ElectricalMeasurement": null, "Dip": null}]}, "HeadContext": {"HeadSegments": {"HeadSegment": [{"GantryId": "1", "Head": "1", "HeadName": "CPP 12 2xxx", "Id": "66049", "NozzleTypeId": "2037", "SegmentNumber": "1"}, {"GantryId": "4", "Head": "1", "HeadName": "CPP 12 2xxx", "Id": "68356", "NozzleTypeId": "2003", "SegmentNumber": "1"}, {"GantryId": "1", "Head": "1", "HeadName": "CPP 12 2xxx", "Id": "131585", "NozzleTypeId": "2037", "SegmentNumber": "2"}, {"GantryId": "4", "Head": "1", "HeadName": "CPP 12 2xxx", "Id": "133892", "NozzleTypeId": "2003", "SegmentNumber": "2"}, {"GantryId": "1", "Head": "1", "HeadName": "CPP 12 2xxx", "Id": "197121", "NozzleTypeId": "2035", "SegmentNumber": "3"}, {"GantryId": "4", "Head": "1", "HeadName": "CPP 12 2xxx", "Id": "199428", "NozzleTypeId": "2003", "SegmentNumber": "3"}, {"GantryId": "1", "Head": "1", "HeadName": "CPP 12 2xxx", "Id": "262657", "NozzleTypeId": "2035", "SegmentNumber": "4"}, {"GantryId": "4", "Head": "1", "HeadName": "CPP 12 2xxx", "Id": "264964", "NozzleTypeId": "2003", "SegmentNumber": "4"}, {"GantryId": "1", "Head": "1", "HeadName": "CPP 12 2xxx", "Id": "328193", "NozzleTypeId": "2004", "SegmentNumber": "5"}, {"GantryId": "4", "Head": "1", "HeadName": "CPP 12 2xxx", "Id": "330500", "NozzleTypeId": "2003", "SegmentNumber": "5"}, {"GantryId": "1", "Head": "1", "HeadName": "CPP 12 2xxx", "Id": "393729", "NozzleTypeId": "2004", "SegmentNumber": "6"}, {"GantryId": "4", "Head": "1", "HeadName": "CPP 12 2xxx", "Id": "396036", "NozzleTypeId": "2033", "SegmentNumber": "6"}, {"GantryId": "1", "Head": "1", "HeadName": "CPP 12 2xxx", "Id": "459265", "NozzleTypeId": "2004", "SegmentNumber": "7"}, {"GantryId": "4", "Head": "1", "HeadName": "CPP 12 2xxx", "Id": "461572", "NozzleTypeId": "2004", "SegmentNumber": "7"}, {"GantryId": "1", "Head": "1", "HeadName": "CPP 12 2xxx", "Id": "524801", "NozzleTypeId": "2004", "SegmentNumber": "8"}, {"GantryId": "4", "Head": "1", "HeadName": "CPP 12 2xxx", "Id": "527108", "NozzleTypeId": "2035", "SegmentNumber": "8"}, {"GantryId": "1", "Head": "1", "HeadName": "CPP 12 2xxx", "Id": "590337", "NozzleTypeId": "2004", "SegmentNumber": "9"}, {"GantryId": "4", "Head": "1", "HeadName": "CPP 12 2xxx", "Id": "592644", "NozzleTypeId": "2035", "SegmentNumber": "9"}, {"GantryId": "1", "Head": "1", "HeadName": "CPP 12 2xxx", "Id": "655873", "NozzleTypeId": "2003", "SegmentNumber": "10"}, {"GantryId": "4", "Head": "1", "HeadName": "CPP 12 2xxx", "Id": "658180", "NozzleTypeId": "2035", "SegmentNumber": "10"}, {"GantryId": "1", "Head": "1", "HeadName": "CPP 12 2xxx", "Id": "721409", "NozzleTypeId": "2003", "SegmentNumber": "11"}, {"GantryId": "4", "Head": "1", "HeadName": "CPP 12 2xxx", "Id": "723716", "NozzleTypeId": "2035", "SegmentNumber": "11"}, {"GantryId": "1", "Head": "1", "HeadName": "CPP 12 2xxx", "Id": "786945", "NozzleTypeId": "2003", "SegmentNumber": "12"}, {"GantryId": "4", "Head": "1", "HeadName": "CPP 12 2xxx", "Id": "789252", "NozzleTypeId": "2038", "SegmentNumber": "12"}]}}, "SetupContext": {"PickupLocations": {"PickupLocation": [{"Division": "1", "FeederId": "17ATMJ705061", "FeederType": "273", "Id": "148", "Level": "0", "Location": "1", "StartTrackNumber": "12", "SubLocation": "1", "Tower": "0", "PackagingUid": "M05327284"}, {"Division": "1", "FeederId": "12ATMLN01023", "FeederType": "268", "Id": "152", "Level": "0", "Location": "1", "StartTrackNumber": "20", "SubLocation": "1", "Tower": "0", "PackagingUid": "M05057609"}, {"Division": "1", "FeederId": "12KL-CN00325", "FeederType": "268", "Id": "155", "Level": "0", "Location": "1", "StartTrackNumber": "26", "SubLocation": "1", "Tower": "0", "PackagingUid": "M05241625"}, {"Division": "1", "FeederId": "08KL-K405983", "FeederType": "264", "Id": "156", "Level": "0", "Location": "1", "StartTrackNumber": "28", "SubLocation": "1", "Tower": "0", "PackagingUid": "M04898246"}, {"Division": "1", "FeederId": "08KL-F800736", "FeederType": "264", "Id": "158", "Level": "0", "Location": "1", "StartTrackNumber": "30", "SubLocation": "1", "Tower": "0", "PackagingUid": "M04773241"}, {"Division": "1", "FeederId": "08FAUE601549", "FeederType": "264", "Id": "159", "Level": "0", "Location": "1", "StartTrackNumber": "31", "SubLocation": "1", "Tower": "0", "PackagingUid": "M04682883"}, {"Division": "1", "FeederId": "08ATML904062", "FeederType": "264", "Id": "161", "Level": "0", "Location": "1", "StartTrackNumber": "33", "SubLocation": "1", "Tower": "0", "PackagingUid": "M04872259"}, {"Division": "1", "FeederId": "08ATMLN00817", "FeederType": "264", "Id": "162", "Level": "0", "Location": "1", "StartTrackNumber": "34", "SubLocation": "1", "Tower": "0", "PackagingUid": "M04821274"}, {"Division": "1", "FeederId": "08KL-K806306", "FeederType": "264", "Id": "164", "Level": "0", "Location": "1", "StartTrackNumber": "36", "SubLocation": "1", "Tower": "0", "PackagingUid": "M05199699"}, {"Division": "1", "FeederId": "08KL-JD05112", "FeederType": "264", "Id": "215", "Level": "0", "Location": "4", "StartTrackNumber": "6", "SubLocation": "1", "Tower": "0", "PackagingUid": "M05267759"}, {"Division": "1", "FeederId": "08ATMJ706492", "FeederType": "264", "Id": "217", "Level": "0", "Location": "4", "StartTrackNumber": "8", "SubLocation": "1", "Tower": "0", "PackagingUid": "M04948129"}, {"Division": "1", "FeederId": "08FAUC901346", "FeederType": "264", "Id": "220", "Level": "0", "Location": "4", "StartTrackNumber": "11", "SubLocation": "1", "Tower": "0", "PackagingUid": "M05332301"}, {"Division": "1", "FeederId": "08FAUE300108", "FeederType": "264", "Id": "223", "Level": "0", "Location": "4", "StartTrackNumber": "14", "SubLocation": "1", "Tower": "0", "PackagingUid": "M04998924"}, {"Division": "1", "FeederId": "12KL-CN00258", "FeederType": "268", "Id": "230", "Level": "0", "Location": "4", "StartTrackNumber": "27", "SubLocation": "1", "Tower": "0", "PackagingUid": "M05227135"}, {"Division": "1", "FeederId": "12KL-F805190", "FeederType": "268", "Id": "231", "Level": "0", "Location": "4", "StartTrackNumber": "29", "SubLocation": "1", "Tower": "0", "PackagingUid": "M05328119"}, {"Division": "1", "FeederId": "12KL-F805204", "FeederType": "268", "Id": "232", "Level": "0", "Location": "4", "StartTrackNumber": "31", "SubLocation": "1", "Tower": "0", "PackagingUid": "M05309110"}, {"Division": "1", "FeederId": "17ATMH505294", "FeederType": "273", "Id": "234", "Level": "0", "Location": "4", "StartTrackNumber": "35", "SubLocation": "1", "Tower": "0", "PackagingUid": "M05277159"}]}}}}, "ProductionEndedData": {"StationTime": "2021-11-30T19:46:02.7760000+08:00", "TimeStampSinceStationStarted": "1329104.148217"}}