{"name": "PDI_Line5_4188635920_20211130090330.txt", "Timestamp": "2021-11-30T09:02:56.5769931+08:00", "TxnID": "a2f5ffbb-9e6c-46c6-8319-c9676a54e503", "Line": "SEWC-Lines\\Line5", "Machine": "Line5\\ST3_X3 S", "ProductionStartedData": [{"ConveyorLanePosition": "1", "ConveyorStopperPosition": "1", "Pcb": {"BarcodeReaderPosition": "0", "BoardSide": "1", "IndividualGUID": "22175086-4eae-4da9-8e34-5397aad634c0", "LineJobGUID": "fead7f33-0866-4d90-8540-e9f27c9d6bcf", "Path": "STAB\\A5E50302021bt01", "PcbIndividualID": "43685", "RecipePath": "Line5\\Smart_CPU_L5_702SAF\\A5E50302021bt01", "Barcode": "", "OrderNumber": null}, "ProcessingAreaPosition": "2", "SetupPath": "Line5\\Smart_CPU_L5_702SAF", "StationTime": "2021-11-30T09:00:32.9020000+08:00", "TimeStampSinceStationStarted": "1290544.154136"}], "BoardPositionsList": {"BoardPositions": [{"ActualPosition": {"Angle": "-74", "X": "457464", "Y": "-232703", "Z": "-5000"}, "FiducialPositions": {"FiducialRecognitionResult": []}, "NominalPosition": {"Angle": "0", "X": "457820", "Y": "-233646", "Z": "-5000"}}]}, "ProgressDataList": {"ProductionProgressData": {"BoardContext": {"BoardPanels": {"BoardPanel": [{"Id": "2", "PanelPath": "A5E50302021bt01/A1"}, {"Id": "3", "PanelPath": "A5E50302021bt01/B1"}]}}, "ComponentIndividuals": {"ComponentIndividual": [{"HeadSegmentId": "66819", "Measures": {"MeasureList": [{"CameraIndividualId": "3033", "MeasurementResult": "0", "PhiDeviation": "-1539442", "TimeStampSinceStationStarted": "1290546.254665", "VisionDumpPath": "C:\\Sirio\\Work\\SvDumpFiles\\PartCameraDumps\\JID_303384755_OID_436850024_SEG_1_BE-Bibliothek.A5E00701727_R1290542145.svdmp", "XDeviation": "52011", "YDeviation": "17960"}]}, "Pick": {"ActualPickPosition": {"Angle": "180000", "X": "15250", "Y": "-70500"}, "MeasuredComponentHeight": "0", "NominalPickPosition": {"Angle": "180000", "X": "15280", "Y": "-70441"}, "PickupLocationId": "260", "Result": "0", "TimeStampSinceStationStarted": "1290545.509791", "VacuumAbsolute": "-831", "VacuumRelative": "-831", "ZEndPosition": "47699000", "ZTargetPosition": "47651788"}, "Place": {"ActualPlacePosition": {"Angle": "0", "X": "89680", "Y": "141630"}, "AirkissPressure": "71", "BoardPanelId": "3", "HoldingCircuitPressure": "2147483647", "NominalPlacePosition": {"Angle": "0", "X": "89680", "Y": "141630"}, "ReferenceDesignator": "C2207_CAPA_2_22_KOND", "Result": "0", "TimeStampSinceStationStarted": "1290546.81578", "VacuumAbsolute": "-858", "VacuumRelative": "102", "ZEndPosition": "37297000", "ZTargetPosition": "37255376"}, "ElectricalMeasurement": null, "Dip": null}, {"HeadSegmentId": "132355", "Measures": {"MeasureList": [{"CameraIndividualId": "3033", "MeasurementResult": "0", "PhiDeviation": "-301634", "TimeStampSinceStationStarted": "1290546.395174", "VisionDumpPath": "C:\\Sirio\\Work\\SvDumpFiles\\PartCameraDumps\\JID_303384756_OID_436850025_SEG_2_BE-Bibliothek.A5E01059015_R1290542325.svdmp", "XDeviation": "62791", "YDeviation": "184283"}]}, "Pick": {"ActualPickPosition": {"Angle": "0", "X": "17950", "Y": "-70500"}, "MeasuredComponentHeight": "0", "NominalPickPosition": {"Angle": "0", "X": "18292", "Y": "-70186"}, "PickupLocationId": "259", "Result": "0", "TimeStampSinceStationStarted": "1290545.689031", "VacuumAbsolute": "-834", "VacuumRelative": "-834", "ZEndPosition": "48984500", "ZTargetPosition": "49043480"}, "Place": {"ActualPlacePosition": {"Angle": "180000", "X": "145424", "Y": "139450"}, "AirkissPressure": "74", "BoardPanelId": "2", "HoldingCircuitPressure": "2147483647", "NominalPlacePosition": {"Angle": "180000", "X": "145424", "Y": "139450"}, "ReferenceDesignator": "X201_CONN_14_STECK_R", "Result": "0", "TimeStampSinceStationStarted": "1290547.028731", "VacuumAbsolute": "-837", "VacuumRelative": "104", "ZEndPosition": "29605000", "ZTargetPosition": "29621298"}, "ElectricalMeasurement": null, "Dip": null}, {"HeadSegmentId": "66819", "Measures": {"MeasureList": [{"CameraIndividualId": "3033", "MeasurementResult": "0", "PhiDeviation": "385063", "TimeStampSinceStationStarted": "1290548.324885", "VisionDumpPath": "C:\\Sirio\\Work\\SvDumpFiles\\PartCameraDumps\\JID_303384757_OID_436850026_SEG_1_BE-Bibliothek.A5E00701727_R1290544259.svdmp", "XDeviation": "140019", "YDeviation": "-19305"}]}, "Pick": {"ActualPickPosition": {"Angle": "180000", "X": "15250", "Y": "-70500"}, "MeasuredComponentHeight": "0", "NominalPickPosition": {"Angle": "180000", "X": "15278", "Y": "-70442"}, "PickupLocationId": "260", "Result": "0", "TimeStampSinceStationStarted": "1290547.623117", "VacuumAbsolute": "-830", "VacuumRelative": "-830", "ZEndPosition": "47620500", "ZTargetPosition": "47663591"}, "Place": {"ActualPlacePosition": {"Angle": "0", "X": "102580", "Y": "141630"}, "AirkissPressure": "71", "BoardPanelId": "3", "HoldingCircuitPressure": "2147483647", "NominalPlacePosition": {"Angle": "0", "X": "102580", "Y": "141630"}, "ReferenceDesignator": "C2208_CAPA_2_22_KOND", "Result": "0", "TimeStampSinceStationStarted": "1290548.891737", "VacuumAbsolute": "-858", "VacuumRelative": "102", "ZEndPosition": "37199500", "ZTargetPosition": "37245812"}, "ElectricalMeasurement": null, "Dip": null}, {"HeadSegmentId": "132355", "Measures": {"MeasureList": [{"CameraIndividualId": "3033", "MeasurementResult": "0", "PhiDeviation": "-482019", "TimeStampSinceStationStarted": "1290548.46538", "VisionDumpPath": "C:\\Sirio\\Work\\SvDumpFiles\\PartCameraDumps\\JID_303384758_OID_436850027_SEG_2_BE-Bibliothek.A5E01059015_R1290544413.svdmp", "XDeviation": "-42447", "YDeviation": "138917"}]}, "Pick": {"ActualPickPosition": {"Angle": "0", "X": "17950", "Y": "-70500"}, "MeasuredComponentHeight": "0", "NominalPickPosition": {"Angle": "0", "X": "18295", "Y": "-70177"}, "PickupLocationId": "259", "Result": "0", "TimeStampSinceStationStarted": "1290547.776926", "VacuumAbsolute": "-836", "VacuumRelative": "-836", "ZEndPosition": "48947000", "ZTargetPosition": "49028735"}, "Place": {"ActualPlacePosition": {"Angle": "180000", "X": "24924", "Y": "139450"}, "AirkissPressure": "71", "BoardPanelId": "3", "HoldingCircuitPressure": "2147483647", "NominalPlacePosition": {"Angle": "180000", "X": "24924", "Y": "139450"}, "ReferenceDesignator": "X201_CONN_14_STECK_R", "Result": "0", "TimeStampSinceStationStarted": "1290549.195475", "VacuumAbsolute": "-837", "VacuumRelative": "104", "ZEndPosition": "29716000", "ZTargetPosition": "29748333"}, "ElectricalMeasurement": null, "Dip": null}, {"HeadSegmentId": "132355", "Measures": {"MeasureList": [{"CameraIndividualId": "3033", "MeasurementResult": "0", "PhiDeviation": "-164919", "TimeStampSinceStationStarted": "1290551.416542", "VisionDumpPath": "C:\\Sirio\\Work\\SvDumpFiles\\PartCameraDumps\\JID_303384759_OID_436850028_SEG_2_BE-Bibliothek.A5E30235063_R1290546540.svdmp", "XDeviation": "335690", "YDeviation": "-2238611"}]}, "Pick": {"ActualPickPosition": {"Angle": "-90000", "X": "-14500", "Y": "-14500"}, "MeasuredComponentHeight": "0", "NominalPickPosition": {"Angle": "-90000", "X": "-14500", "Y": "-14500"}, "PickupLocationId": "253", "Result": "0", "TimeStampSinceStationStarted": "1290549.904018", "VacuumAbsolute": "-839", "VacuumRelative": "-839", "ZEndPosition": "48168000", "ZTargetPosition": "48230256"}, "Place": {"ActualPlacePosition": {"Angle": "0", "X": "169819", "Y": "46280"}, "AirkissPressure": "73", "BoardPanelId": "2", "HoldingCircuitPressure": "2147483647", "NominalPlacePosition": {"Angle": "0", "X": "169819", "Y": "46280"}, "ReferenceDesignator": "D1_BGA_372_IC_ASIC_S", "Result": "0", "TimeStampSinceStationStarted": "1290551.952963", "VacuumAbsolute": "-841", "VacuumRelative": "104", "ZEndPosition": "47851500", "ZTargetPosition": "47887949"}, "ElectricalMeasurement": null, "Dip": null}, {"HeadSegmentId": "66819", "Measures": {"MeasureList": [{"CameraIndividualId": "3033", "MeasurementResult": "0", "PhiDeviation": "386807", "TimeStampSinceStationStarted": "1290551.56028", "VisionDumpPath": "C:\\Sirio\\Work\\SvDumpFiles\\PartCameraDumps\\JID_303384760_OID_436850029_SEG_1_BE-Bibliothek.A5E00210763_R1290547448.svdmp", "XDeviation": "-76346", "YDeviation": "-11117"}]}, "Pick": {"ActualPickPosition": {"Angle": "180000", "X": "15250", "Y": "-70500"}, "MeasuredComponentHeight": "0", "NominalPickPosition": {"Angle": "180000", "X": "15173", "Y": "-70519"}, "PickupLocationId": "256", "Result": "0", "TimeStampSinceStationStarted": "1290550.812407", "VacuumAbsolute": "-817", "VacuumRelative": "-817", "ZEndPosition": "47776000", "ZTargetPosition": "47800313"}, "Place": {"ActualPlacePosition": {"Angle": "90000", "X": "82380", "Y": "33330"}, "AirkissPressure": "75", "BoardPanelId": "3", "HoldingCircuitPressure": "2147483647", "NominalPlacePosition": {"Angle": "90000", "X": "82380", "Y": "33330"}, "ReferenceDesignator": "C1618_CAP_2_KOND_EL_", "Result": "0", "TimeStampSinceStationStarted": "1290552.189408", "VacuumAbsolute": "-816", "VacuumRelative": "94", "ZEndPosition": "37224000", "ZTargetPosition": "37227457"}, "ElectricalMeasurement": null, "Dip": null}, {"HeadSegmentId": "132355", "Measures": {"MeasureList": [{"CameraIndividualId": "3033", "MeasurementResult": "0", "PhiDeviation": "-230656", "TimeStampSinceStationStarted": "1290554.20605", "VisionDumpPath": "C:\\Sirio\\Work\\SvDumpFiles\\PartCameraDumps\\JID_303384761_OID_436850030_SEG_2_BE-Bibliothek.A5E30235063_R1290549318.svdmp", "XDeviation": "230844", "YDeviation": "-2246161"}]}, "Pick": {"ActualPickPosition": {"Angle": "-90000", "X": "-14500", "Y": "-36500"}, "MeasuredComponentHeight": "0", "NominalPickPosition": {"Angle": "-90000", "X": "-14500", "Y": "-36500"}, "PickupLocationId": "253", "Result": "0", "TimeStampSinceStationStarted": "1290552.682177", "VacuumAbsolute": "-839", "VacuumRelative": "-839", "ZEndPosition": "48192000", "ZTargetPosition": "48214692"}, "Place": {"ActualPlacePosition": {"Angle": "0", "X": "49319", "Y": "46280"}, "AirkissPressure": "73", "BoardPanelId": "3", "HoldingCircuitPressure": "2147483647", "NominalPlacePosition": {"Angle": "0", "X": "49319", "Y": "46280"}, "ReferenceDesignator": "D1_BGA_372_IC_ASIC_S", "Result": "0", "TimeStampSinceStationStarted": "1290554.739604", "VacuumAbsolute": "-841", "VacuumRelative": "104", "ZEndPosition": "47813000", "ZTargetPosition": "47844663"}, "ElectricalMeasurement": null, "Dip": null}, {"HeadSegmentId": "66819", "Measures": {"MeasureList": [{"CameraIndividualId": "3033", "MeasurementResult": "0", "PhiDeviation": "1251093", "TimeStampSinceStationStarted": "1290554.34815", "VisionDumpPath": "C:\\Sirio\\Work\\SvDumpFiles\\PartCameraDumps\\JID_303384762_OID_436850031_SEG_1_BE-Bibliothek.A5E00210763_R1290550238.svdmp", "XDeviation": "-68908", "YDeviation": "-170678"}]}, "Pick": {"ActualPickPosition": {"Angle": "180000", "X": "15250", "Y": "-70500"}, "MeasuredComponentHeight": "0", "NominalPickPosition": {"Angle": "180000", "X": "15177", "Y": "-70518"}, "PickupLocationId": "256", "Result": "0", "TimeStampSinceStationStarted": "1290553.602223", "VacuumAbsolute": "-825", "VacuumRelative": "-825", "ZEndPosition": "47766000", "ZTargetPosition": "47794234"}, "Place": {"ActualPlacePosition": {"Angle": "90000", "X": "202880", "Y": "33330"}, "AirkissPressure": "71", "BoardPanelId": "2", "HoldingCircuitPressure": "2147483647", "NominalPlacePosition": {"Angle": "90000", "X": "202880", "Y": "33330"}, "ReferenceDesignator": "C1618_CAP_2_KOND_EL_", "Result": "0", "TimeStampSinceStationStarted": "1290555.082278", "VacuumAbsolute": "-825", "VacuumRelative": "96", "ZEndPosition": "37274500", "ZTargetPosition": "37290066"}, "ElectricalMeasurement": null, "Dip": null}, {"HeadSegmentId": "66819", "Measures": {"MeasureList": [{"CameraIndividualId": "3033", "MeasurementResult": "0", "PhiDeviation": "-225341", "TimeStampSinceStationStarted": "1290557.363631", "VisionDumpPath": "C:\\Sirio\\Work\\SvDumpFiles\\PartCameraDumps\\JID_303384763_OID_436850033_SEG_1_BE-Bibliothek.A5E00701727_R1290553324.svdmp", "XDeviation": "-103019", "YDeviation": "144849"}]}, "Pick": {"ActualPickPosition": {"Angle": "180000", "X": "15250", "Y": "-70500"}, "MeasuredComponentHeight": "0", "NominalPickPosition": {"Angle": "180000", "X": "15271", "Y": "-70441"}, "PickupLocationId": "260", "Result": "0", "TimeStampSinceStationStarted": "1290556.688173", "VacuumAbsolute": "-824", "VacuumRelative": "-824", "ZEndPosition": "47683500", "ZTargetPosition": "47652818"}, "Place": {"ActualPlacePosition": {"Angle": "0", "X": "223080", "Y": "141630"}, "AirkissPressure": "76", "BoardPanelId": "2", "HoldingCircuitPressure": "2147483647", "NominalPlacePosition": {"Angle": "0", "X": "223080", "Y": "141630"}, "ReferenceDesignator": "C2208_CAPA_2_22_KOND", "Result": "0", "TimeStampSinceStationStarted": "1290557.860836", "VacuumAbsolute": "-847", "VacuumRelative": "100", "ZEndPosition": "37463000", "ZTargetPosition": "37419056"}, "ElectricalMeasurement": null, "Dip": null}, {"HeadSegmentId": "132355", "Measures": {"MeasureList": [{"CameraIndividualId": "3033", "MeasurementResult": "0", "PhiDeviation": "-292659", "TimeStampSinceStationStarted": "1290557.502825", "VisionDumpPath": "C:\\Sirio\\Work\\SvDumpFiles\\PartCameraDumps\\JID_303384764_OID_436850032_SEG_2_BE-Bibliothek.A5E30242702_R1290553540.svdmp", "XDeviation": "-15100", "YDeviation": "-34982"}]}, "Pick": {"ActualPickPosition": {"Angle": "0", "X": "15250", "Y": "-70500"}, "MeasuredComponentHeight": "0", "NominalPickPosition": {"Angle": "0", "X": "15358", "Y": "-70576"}, "PickupLocationId": "261", "Result": "0", "TimeStampSinceStationStarted": "1290556.904243", "VacuumAbsolute": "-801", "VacuumRelative": "-801", "ZEndPosition": "48034500", "ZTargetPosition": "48042951"}, "Place": {"ActualPlacePosition": {"Angle": "0", "X": "20419", "Y": "59680"}, "AirkissPressure": "22", "BoardPanelId": "3", "HoldingCircuitPressure": "2147483647", "NominalPlacePosition": {"Angle": "0", "X": "20419", "Y": "59680"}, "ReferenceDesignator": "Z400_SOP_16_NETZWERK", "Result": "0", "TimeStampSinceStationStarted": "1290558.222873", "VacuumAbsolute": "-807", "VacuumRelative": "98", "ZEndPosition": "42534500", "ZTargetPosition": "42581990"}, "ElectricalMeasurement": null, "Dip": null}, {"HeadSegmentId": "132355", "Measures": {"MeasureList": [{"CameraIndividualId": "3033", "MeasurementResult": "0", "PhiDeviation": "518486", "TimeStampSinceStationStarted": "1290559.940154", "VisionDumpPath": "C:\\Sirio\\Work\\SvDumpFiles\\PartCameraDumps\\JID_303384765_OID_436850034_SEG_2_BE-Bibliothek.A5E30242702_R1290555705.svdmp", "XDeviation": "114328", "YDeviation": "-5127"}]}, "Pick": {"ActualPickPosition": {"Angle": "0", "X": "15250", "Y": "-70500"}, "MeasuredComponentHeight": "0", "NominalPickPosition": {"Angle": "0", "X": "15357", "Y": "-70578"}, "PickupLocationId": "261", "Result": "0", "TimeStampSinceStationStarted": "1290559.069816", "VacuumAbsolute": "-801", "VacuumRelative": "-801", "ZEndPosition": "48028500", "ZTargetPosition": "48040839"}, "Place": {"ActualPlacePosition": {"Angle": "0", "X": "140919", "Y": "59680"}, "AirkissPressure": "25", "BoardPanelId": "2", "HoldingCircuitPressure": "2147483647", "NominalPlacePosition": {"Angle": "0", "X": "140919", "Y": "59680"}, "ReferenceDesignator": "Z400_SOP_16_NETZWERK", "Result": "0", "TimeStampSinceStationStarted": "1290560.477282", "VacuumAbsolute": "-809", "VacuumRelative": "99", "ZEndPosition": "42478000", "ZTargetPosition": "42513389"}, "ElectricalMeasurement": null, "Dip": null}, {"HeadSegmentId": "66819", "Measures": {"MeasureList": [{"CameraIndividualId": "3033", "MeasurementResult": "0", "PhiDeviation": "176998", "TimeStampSinceStationStarted": "1290560.082359", "VisionDumpPath": "C:\\Sirio\\Work\\SvDumpFiles\\PartCameraDumps\\JID_303384766_OID_436850035_SEG_1_BE-Bibliothek.A5E00210763_R1290555972.svdmp", "XDeviation": "49979", "YDeviation": "-113620"}]}, "Pick": {"ActualPickPosition": {"Angle": "180000", "X": "15250", "Y": "-70500"}, "MeasuredComponentHeight": "0", "NominalPickPosition": {"Angle": "180000", "X": "15181", "Y": "-70510"}, "PickupLocationId": "256", "Result": "0", "TimeStampSinceStationStarted": "1290559.335008", "VacuumAbsolute": "-780", "VacuumRelative": "-780", "ZEndPosition": "47778500", "ZTargetPosition": "47787176"}, "Place": {"ActualPlacePosition": {"Angle": "180000", "X": "89930", "Y": "80730"}, "AirkissPressure": "76", "BoardPanelId": "3", "HoldingCircuitPressure": "2147483647", "NominalPlacePosition": {"Angle": "180000", "X": "89930", "Y": "80730"}, "ReferenceDesignator": "C1405_CAP_2_KOND_EL_", "Result": "0", "TimeStampSinceStationStarted": "1290560.718542", "VacuumAbsolute": "-781", "VacuumRelative": "88", "ZEndPosition": "36934500", "ZTargetPosition": "36951327"}, "ElectricalMeasurement": null, "Dip": null}, {"HeadSegmentId": "132355", "Measures": {"MeasureList": [{"CameraIndividualId": "3033", "MeasurementResult": "0", "PhiDeviation": "-463837", "TimeStampSinceStationStarted": "1290562.183221", "VisionDumpPath": "C:\\Sirio\\Work\\SvDumpFiles\\PartCameraDumps\\JID_303384767_OID_436850036_SEG_2_BE-Bibliothek.A5E01649509_R1290558001.svdmp", "XDeviation": "13913", "YDeviation": "41465"}]}, "Pick": {"ActualPickPosition": {"Angle": "-90000", "X": "8000", "Y": "-51500"}, "MeasuredComponentHeight": "0", "NominalPickPosition": {"Angle": "-90000", "X": "8282", "Y": "-51465"}, "PickupLocationId": "258", "Result": "0", "TimeStampSinceStationStarted": "1290561.365153", "VacuumAbsolute": "-771", "VacuumRelative": "-771", "ZEndPosition": "47138000", "ZTargetPosition": "47155221"}, "Place": {"ActualPlacePosition": {"Angle": "180000", "X": "224480", "Y": "67130"}, "AirkissPressure": "73", "BoardPanelId": "2", "HoldingCircuitPressure": "2147483647", "NominalPlacePosition": {"Angle": "180000", "X": "224480", "Y": "67130"}, "ReferenceDesignator": "V701_DPAK/TO252_TRAN", "Result": "0", "TimeStampSinceStationStarted": "1290562.70805", "VacuumAbsolute": "-807", "VacuumRelative": "98", "ZEndPosition": "45175500", "ZTargetPosition": "45161885"}, "ElectricalMeasurement": null, "Dip": null}, {"HeadSegmentId": "66819", "Measures": {"MeasureList": [{"CameraIndividualId": "3033", "MeasurementResult": "0", "PhiDeviation": "222022", "TimeStampSinceStationStarted": "1290562.323287", "VisionDumpPath": "C:\\Sirio\\Work\\SvDumpFiles\\PartCameraDumps\\JID_303384768_OID_436850037_SEG_1_BE-Bibliothek.A5E00210763_R1290558212.svdmp", "XDeviation": "-94780", "YDeviation": "-79609"}]}, "Pick": {"ActualPickPosition": {"Angle": "180000", "X": "15250", "Y": "-70500"}, "MeasuredComponentHeight": "0", "NominalPickPosition": {"Angle": "180000", "X": "15178", "Y": "-70504"}, "PickupLocationId": "256", "Result": "0", "TimeStampSinceStationStarted": "1290561.576004", "VacuumAbsolute": "-816", "VacuumRelative": "-816", "ZEndPosition": "47782000", "ZTargetPosition": "47785007"}, "Place": {"ActualPlacePosition": {"Angle": "180000", "X": "210430", "Y": "80730"}, "AirkissPressure": "72", "BoardPanelId": "2", "HoldingCircuitPressure": "2147483647", "NominalPlacePosition": {"Angle": "180000", "X": "210430", "Y": "80730"}, "ReferenceDesignator": "C1405_CAP_2_KOND_EL_", "Result": "0", "TimeStampSinceStationStarted": "1290563.006942", "VacuumAbsolute": "-817", "VacuumRelative": "94", "ZEndPosition": "37162500", "ZTargetPosition": "37146445"}, "ElectricalMeasurement": null, "Dip": null}, {"HeadSegmentId": "66819", "Measures": {"MeasureList": [{"CameraIndividualId": "3033", "MeasurementResult": "0", "PhiDeviation": "228813", "TimeStampSinceStationStarted": "1290564.237677", "VisionDumpPath": "C:\\Sirio\\Work\\SvDumpFiles\\PartCameraDumps\\JID_303384769_OID_436850038_SEG_1_BE-Bibliothek.A5E00701727_R1290560298.svdmp", "XDeviation": "-161592", "YDeviation": "-9271"}]}, "Pick": {"ActualPickPosition": {"Angle": "180000", "X": "15250", "Y": "-70500"}, "MeasuredComponentHeight": "0", "NominalPickPosition": {"Angle": "180000", "X": "15276", "Y": "-70448"}, "PickupLocationId": "260", "Result": "0", "TimeStampSinceStationStarted": "1290563.662666", "VacuumAbsolute": "-828", "VacuumRelative": "-828", "ZEndPosition": "47624000", "ZTargetPosition": "47660489"}, "Place": {"ActualPlacePosition": {"Angle": "0", "X": "210180", "Y": "141630"}, "AirkissPressure": "77", "BoardPanelId": "2", "HoldingCircuitPressure": "2147483647", "NominalPlacePosition": {"Angle": "0", "X": "210180", "Y": "141630"}, "ReferenceDesignator": "C2207_CAPA_2_22_KOND", "Result": "0", "TimeStampSinceStationStarted": "1290564.732494", "VacuumAbsolute": "-851", "VacuumRelative": "101", "ZEndPosition": "37401000", "ZTargetPosition": "37392137"}, "ElectricalMeasurement": null, "Dip": null}, {"HeadSegmentId": "132355", "Measures": {"MeasureList": [{"CameraIndividualId": "3033", "MeasurementResult": "0", "PhiDeviation": "139650", "TimeStampSinceStationStarted": "1290564.37711", "VisionDumpPath": "C:\\Sirio\\Work\\SvDumpFiles\\PartCameraDumps\\JID_303384770_OID_436850039_SEG_2_BE-Bibliothek.A5E01649509_R1290560453.svdmp", "XDeviation": "30110", "YDeviation": "-56721"}]}, "Pick": {"ActualPickPosition": {"Angle": "-90000", "X": "8000", "Y": "-51500"}, "MeasuredComponentHeight": "0", "NominalPickPosition": {"Angle": "-90000", "X": "8284", "Y": "-51466"}, "PickupLocationId": "258", "Result": "0", "TimeStampSinceStationStarted": "1290563.81684", "VacuumAbsolute": "-774", "VacuumRelative": "-774", "ZEndPosition": "47148500", "ZTargetPosition": "47150916"}, "Place": {"ActualPlacePosition": {"Angle": "180000", "X": "103980", "Y": "67130"}, "AirkissPressure": "73", "BoardPanelId": "3", "HoldingCircuitPressure": "2147483647", "NominalPlacePosition": {"Angle": "180000", "X": "103980", "Y": "67130"}, "ReferenceDesignator": "V701_DPAK/TO252_TRAN", "Result": "0", "TimeStampSinceStationStarted": "1290565.055266", "VacuumAbsolute": "-809", "VacuumRelative": "99", "ZEndPosition": "44941000", "ZTargetPosition": "44955507"}, "ElectricalMeasurement": null, "Dip": null}, {"HeadSegmentId": "132355", "Measures": {"MeasureList": [{"CameraIndividualId": "3033", "MeasurementResult": "0", "PhiDeviation": "2743062", "TimeStampSinceStationStarted": "1290566.708265", "VisionDumpPath": "C:\\Sirio\\Work\\SvDumpFiles\\PartCameraDumps\\JID_303384771_OID_436850040_SEG_2_BE-Bibliothek.A5E32357002_R1290562366.svdmp", "XDeviation": "264634", "YDeviation": "2062346"}]}, "Pick": {"ActualPickPosition": {"Angle": "0", "X": "30150", "Y": "-72740"}, "MeasuredComponentHeight": "0", "NominalPickPosition": {"Angle": "0", "X": "30163", "Y": "-72697"}, "PickupLocationId": "257", "Result": "0", "TimeStampSinceStationStarted": "1290565.729337", "VacuumAbsolute": "-548", "VacuumRelative": "-548", "ZEndPosition": "47107000", "ZTargetPosition": "47189873"}, "Place": {"ActualPlacePosition": {"Angle": "180000", "X": "98585", "Y": "160180"}, "AirkissPressure": "72", "BoardPanelId": "3", "HoldingCircuitPressure": "2147483647", "NominalPlacePosition": {"Angle": "180000", "X": "98585", "Y": "160180"}, "ReferenceDesignator": "X202_CONN_28_STECK_R", "Result": "0", "TimeStampSinceStationStarted": "1290567.344193", "VacuumAbsolute": "-551", "VacuumRelative": "53", "ZEndPosition": "28957000", "ZTargetPosition": "28960384"}, "ElectricalMeasurement": null, "Dip": null}, {"HeadSegmentId": "132355", "Measures": {"MeasureList": [{"CameraIndividualId": "3033", "MeasurementResult": "0", "PhiDeviation": "-1060441", "TimeStampSinceStationStarted": "1290568.9997", "VisionDumpPath": "C:\\Sirio\\Work\\SvDumpFiles\\PartCameraDumps\\JID_303384772_OID_436850041_SEG_2_BE-Bibliothek.A5E32357002_R1290564637.svdmp", "XDeviation": "-2463", "YDeviation": "-576945"}]}, "Pick": {"ActualPickPosition": {"Angle": "0", "X": "30150", "Y": "-72740"}, "MeasuredComponentHeight": "0", "NominalPickPosition": {"Angle": "0", "X": "30176", "Y": "-72594"}, "PickupLocationId": "257", "Result": "0", "TimeStampSinceStationStarted": "1290568.001307", "VacuumAbsolute": "-791", "VacuumRelative": "-791", "ZEndPosition": "47368000", "ZTargetPosition": "47169155"}, "Place": {"ActualPlacePosition": {"Angle": "180000", "X": "219085", "Y": "160180"}, "AirkissPressure": "74", "BoardPanelId": "2", "HoldingCircuitPressure": "2147483647", "NominalPlacePosition": {"Angle": "180000", "X": "219085", "Y": "160180"}, "ReferenceDesignator": "X202_CONN_28_STECK_R", "Result": "0", "TimeStampSinceStationStarted": "1290569.635955", "VacuumAbsolute": "-792", "VacuumRelative": "96", "ZEndPosition": "29318000", "ZTargetPosition": "29062744"}, "ElectricalMeasurement": null, "Dip": null}]}, "HeadContext": {"HeadSegments": {"HeadSegment": [{"GantryId": "3", "Head": "1", "HeadName": "Twin Head 5xx", "Id": "66819", "NozzleTypeId": "517", "SegmentNumber": "1"}, {"GantryId": "3", "Head": "1", "HeadName": "Twin Head 5xx", "Id": "132355", "NozzleTypeId": "573", "SegmentNumber": "2"}]}}, "SetupContext": {"PickupLocations": {"PickupLocation": [{"Division": "1", "FeederId": "", "FeederType": "34", "Id": "253", "Level": "5", "Location": "2", "StartTrackNumber": "1", "SubLocation": "2", "Tower": "1", "PackagingUid": ""}, {"Division": "1", "FeederId": "24FAUE900235", "FeederType": "280", "Id": "256", "Level": "0", "Location": "3", "StartTrackNumber": "4", "SubLocation": "1", "Tower": "0", "PackagingUid": "M05256975"}, {"Division": "1", "FeederId": "56FAUEN00199", "FeederType": "312", "Id": "257", "Level": "0", "Location": "3", "StartTrackNumber": "7", "SubLocation": "1", "Tower": "0", "PackagingUid": "M04854757"}, {"Division": "1", "FeederId": "17ATMH805118", "FeederType": "273", "Id": "258", "Level": "0", "Location": "3", "StartTrackNumber": "13", "SubLocation": "1", "Tower": "0", "PackagingUid": "M05206518"}, {"Division": "1", "FeederId": "32FAUEN00039", "FeederType": "288", "Id": "259", "Level": "0", "Location": "3", "StartTrackNumber": "15", "SubLocation": "1", "Tower": "0", "PackagingUid": "M05323276"}, {"Division": "1", "FeederId": "24FAUE600582", "FeederType": "280", "Id": "260", "Level": "0", "Location": "3", "StartTrackNumber": "19", "SubLocation": "1", "Tower": "0", "PackagingUid": "M05187769"}, {"Division": "1", "FeederId": "24FAUF700689", "FeederType": "280", "Id": "261", "Level": "0", "Location": "3", "StartTrackNumber": "22", "SubLocation": "1", "Tower": "0", "PackagingUid": "M05014338"}]}}}}, "ProductionEndedData": {"StationTime": "2021-11-30T09:00:58.8660000+08:00", "TimeStampSinceStationStarted": "1290570.117672"}}