{"name": "PDI_Line5_3929604737_20211130021338.txt", "Timestamp": "2021-11-30T02:13:27.4292443+08:00", "TxnID": "99b57817-2e23-47b2-8a35-1b2945a8231e", "Line": "SEWC-Lines\\Line5", "Machine": "Line5\\ST3_X3 S", "ProductionStartedData": [{"ConveyorLanePosition": "1", "ConveyorStopperPosition": "1", "Pcb": {"BarcodeReaderPosition": "0", "BoardSide": "1", "IndividualGUID": "1574585d-69c3-4e3b-ab53-07cffe576dc3", "LineJobGUID": "3a5e1e40-f5b9-457f-8e3c-d7ab63795644", "Path": "STAB\\A5E50302021lt01", "PcbIndividualID": "42953", "RecipePath": "Line5\\Smart_CPU_L5_702SAF\\A5E50302021lt01", "Barcode": "", "OrderNumber": null}, "ProcessingAreaPosition": "2", "SetupPath": "Line5\\Smart_CPU_L5_702SAF", "StationTime": "2021-11-30T02:11:04.2790000+08:00", "TimeStampSinceStationStarted": "1265975.653406"}], "BoardPositionsList": {"BoardPositions": [{"ActualPosition": {"Angle": "-90", "X": "457570", "Y": "-232499", "Z": "-5000"}, "FiducialPositions": {"FiducialRecognitionResult": []}, "NominalPosition": {"Angle": "0", "X": "457820", "Y": "-233646", "Z": "-5000"}}]}, "ProgressDataList": {"ProductionProgressData": {"BoardContext": {"BoardPanels": {"BoardPanel": [{"Id": "2", "PanelPath": "A5E50302021lt01/A1"}, {"Id": "3", "PanelPath": "A5E50302021lt01/B1"}]}}, "ComponentIndividuals": {"ComponentIndividual": [{"HeadSegmentId": "66819", "Measures": {"MeasureList": [{"CameraIndividualId": "3033", "MeasurementResult": "0", "PhiDeviation": "371084", "TimeStampSinceStationStarted": "1265981.385613", "VisionDumpPath": "C:\\Sirio\\Work\\SvDumpFiles\\PartCameraDumps\\JID_303375838_OID_429530004_SEG_1_BE-Bibliothek.A5E01058093_R1265975988.svdmp", "XDeviation": "-7509", "YDeviation": "-116976"}]}, "Pick": {"ActualPickPosition": {"Angle": "0", "X": "23950", "Y": "-70500"}, "MeasuredComponentHeight": "0", "NominalPickPosition": {"Angle": "0", "X": "23913", "Y": "-70576"}, "PickupLocationId": "263", "Result": "0", "TimeStampSinceStationStarted": "1265979.474264", "VacuumAbsolute": "-458", "VacuumRelative": "-458", "ZEndPosition": "50264500", "ZTargetPosition": "50333101"}, "Place": {"ActualPlacePosition": {"Angle": "-180000", "X": "32394", "Y": "69801"}, "AirkissPressure": "71", "BoardPanelId": "2", "HoldingCircuitPressure": "2147483647", "NominalPlacePosition": {"Angle": "180000", "X": "32420", "Y": "69810"}, "ReferenceDesignator": "X102_CONN_28_STECK_R", "Result": "0", "TimeStampSinceStationStarted": "1265982.960671", "VacuumAbsolute": "-456", "VacuumRelative": "27", "ZEndPosition": "41637000", "ZTargetPosition": "41627452"}, "ElectricalMeasurement": null, "Dip": null}, {"HeadSegmentId": "132355", "Measures": {"MeasureList": [{"CameraIndividualId": "3033", "MeasurementResult": "0", "PhiDeviation": "621305", "TimeStampSinceStationStarted": "1265981.910424", "VisionDumpPath": "C:\\Sirio\\Work\\SvDumpFiles\\PartCameraDumps\\JID_303375839_OID_429530005_SEG_2_BE-Bibliothek.A5E01058093_R1265976646.svdmp", "XDeviation": "85260", "YDeviation": "323498"}]}, "Pick": {"ActualPickPosition": {"Angle": "0", "X": "23950", "Y": "-70500"}, "MeasuredComponentHeight": "0", "NominalPickPosition": {"Angle": "0", "X": "23913", "Y": "-70576"}, "PickupLocationId": "263", "Result": "0", "TimeStampSinceStationStarted": "1265980.132999", "VacuumAbsolute": "-480", "VacuumRelative": "-480", "ZEndPosition": "50199000", "ZTargetPosition": "50328951"}, "Place": {"ActualPlacePosition": {"Angle": "-180000", "X": "152928", "Y": "69801"}, "AirkissPressure": "72", "BoardPanelId": "3", "HoldingCircuitPressure": "2147483647", "NominalPlacePosition": {"Angle": "180000", "X": "152920", "Y": "69810"}, "ReferenceDesignator": "X102_CONN_28_STECK_R", "Result": "0", "TimeStampSinceStationStarted": "1265983.430383", "VacuumAbsolute": "-500", "VacuumRelative": "43", "ZEndPosition": "41663500", "ZTargetPosition": "41638458"}, "ElectricalMeasurement": null, "Dip": null}]}, "HeadContext": {"HeadSegments": {"HeadSegment": [{"GantryId": "3", "Head": "1", "HeadName": "Twin Head 5xx", "Id": "66819", "NozzleTypeId": "573", "SegmentNumber": "1"}, {"GantryId": "3", "Head": "1", "HeadName": "Twin Head 5xx", "Id": "132355", "NozzleTypeId": "573", "SegmentNumber": "2"}]}}, "SetupContext": {"PickupLocations": {"PickupLocation": [{"Division": "1", "FeederId": "44FAUD200890", "FeederType": "300", "Id": "263", "Level": "0", "Location": "3", "StartTrackNumber": "30", "SubLocation": "1", "Tower": "0", "PackagingUid": "M05298564"}]}}}}, "ProductionEndedData": {"StationTime": "2021-11-30T02:11:12.5280000+08:00", "TimeStampSinceStationStarted": "1265983.902136"}}