{"name": "PDI_Line5_3896300556_20211130003400.txt", "Timestamp": "2021-11-30T00:33:51.2076236+08:00", "TxnID": "674c4adc-2fb9-4bb1-b7b4-8d0f82435873", "Line": "SEWC-Lines\\Line5", "Machine": "Line5\\ST3_X3 S", "ProductionStartedData": [{"ConveyorLanePosition": "1", "ConveyorStopperPosition": "1", "Pcb": {"BarcodeReaderPosition": "0", "BoardSide": "1", "IndividualGUID": "6370a8ad-3c1f-4cea-926c-795af55366d3", "LineJobGUID": "3a5e1e40-f5b9-457f-8e3c-d7ab63795644", "Path": "STAB\\A5E50302021lt01", "PcbIndividualID": "42701", "RecipePath": "Line5\\Smart_CPU_L5_702SAF\\A5E50302021lt01", "Barcode": "", "OrderNumber": null}, "ProcessingAreaPosition": "1", "SetupPath": "Line5\\Smart_CPU_L5_702SAF", "StationTime": "2021-11-30T00:31:28.3430000+08:00", "TimeStampSinceStationStarted": "1259999.746843"}], "BoardPositionsList": {"BoardPositions": [{"ActualPosition": {"Angle": "-227", "X": "-529378", "Y": "-231965", "Z": "-5000"}, "FiducialPositions": {"FiducialRecognitionResult": [{"ActualPosition": {"Angle": "-206", "X": "242137", "Y": "10419", "Z": null}, "CameraIndividualId": "4034", "FiducialFunction": "0", "GantryId": "4", "MeasurementResult": "0", "NominalPosition": {"Angle": "0", "X": "243420", "Y": "10530", "Z": null}, "Path": "A5E50302021lt01/1/01/1", "StationTime": "2021-11-30T00:31:31.4160000+08:00", "TimeStampSinceStationStarted": "1260002.819666"}, {"ActualPosition": {"Angle": "-238", "X": "7361", "Y": "192889", "Z": null}, "CameraIndividualId": "4034", "FiducialFunction": "0", "GantryId": "4", "MeasurementResult": "0", "NominalPosition": {"Angle": "0", "X": "7970", "Y": "192030", "Z": null}, "Path": "A5E50302021lt01/1/02/1", "StationTime": "2021-11-30T00:31:31.4160000+08:00", "TimeStampSinceStationStarted": "1260002.819666"}]}, "NominalPosition": {"Angle": "0", "X": "-528032", "Y": "-232838", "Z": "-5000"}}]}, "ProgressDataList": {"ProductionProgressData": {"BoardContext": {"BoardPanels": {"BoardPanel": [{"Id": "2", "PanelPath": "A5E50302021lt01/A1"}, {"Id": "3", "PanelPath": "A5E50302021lt01/B1"}]}}, "ComponentIndividuals": {"ComponentIndividual": [{"HeadSegmentId": "67588", "Measures": {"MeasureList": [{"CameraIndividualId": "4033", "MeasurementResult": "0", "PhiDeviation": "-257978", "TimeStampSinceStationStarted": "1260003.467828", "VisionDumpPath": "C:\\Sirio\\Work\\SvDumpFiles\\PartCameraDumps\\JID_403356941_OID_427010000_SEG_1_BE-Bibliothek.A5E50179091_R1259996880.svdmp", "XDeviation": "9122", "YDeviation": "20958"}]}, "Pick": {"ActualPickPosition": {"Angle": "0", "X": "15126", "Y": "-71150"}, "MeasuredComponentHeight": "0", "NominalPickPosition": {"Angle": "0", "X": "15223", "Y": "-71347"}, "PickupLocationId": "266", "Result": "0", "TimeStampSinceStationStarted": "1260000.395884", "VacuumAbsolute": "-788", "VacuumRelative": "-788", "ZEndPosition": "47676000", "ZTargetPosition": "47636118"}, "Place": {"ActualPlacePosition": {"Angle": "0", "X": "200746", "Y": "27965"}, "AirkissPressure": "72", "BoardPanelId": "3", "HoldingCircuitPressure": "2147483647", "NominalPlacePosition": {"Angle": "0", "X": "200731", "Y": "27980"}, "ReferenceDesignator": "D2_BGA_90_IC_DRAM_51", "Result": "0", "TimeStampSinceStationStarted": "1260003.870771", "VacuumAbsolute": "-838", "VacuumRelative": "96", "ZEndPosition": "46604500", "ZTargetPosition": "46596907"}, "ElectricalMeasurement": null, "Dip": null}, {"HeadSegmentId": "67588", "Measures": {"MeasureList": [{"CameraIndividualId": "4033", "MeasurementResult": "0", "PhiDeviation": "548072", "TimeStampSinceStationStarted": "1260005.199875", "VisionDumpPath": "C:\\Sirio\\Work\\SvDumpFiles\\PartCameraDumps\\JID_403356942_OID_427010001_SEG_1_BE-Bibliothek.A5E00277754_R1260000989.svdmp", "XDeviation": "37205", "YDeviation": "-8540"}]}, "Pick": {"ActualPickPosition": {"Angle": "0", "X": "18028", "Y": "-70606"}, "MeasuredComponentHeight": "0", "NominalPickPosition": {"Angle": "0", "X": "17675", "Y": "-70437"}, "PickupLocationId": "272", "Result": "0", "TimeStampSinceStationStarted": "1260004.50506", "VacuumAbsolute": "-828", "VacuumRelative": "-828", "ZEndPosition": "47313500", "ZTargetPosition": "47274784"}, "Place": {"ActualPlacePosition": {"Angle": "180000", "X": "226602", "Y": "49069"}, "AirkissPressure": "75", "BoardPanelId": "3", "HoldingCircuitPressure": "2147483647", "NominalPlacePosition": {"Angle": "180000", "X": "226581", "Y": "49080"}, "ReferenceDesignator": "X101_EXSOP_14_STECK_", "Result": "0", "TimeStampSinceStationStarted": "1260005.684469", "VacuumAbsolute": "-849", "VacuumRelative": "98", "ZEndPosition": "39013500", "ZTargetPosition": "39033969"}, "ElectricalMeasurement": null, "Dip": null}, {"HeadSegmentId": "133124", "Measures": {"MeasureList": [{"CameraIndividualId": "4033", "MeasurementResult": "0", "PhiDeviation": "163351", "TimeStampSinceStationStarted": "1260005.341971", "VisionDumpPath": "C:\\Sirio\\Work\\SvDumpFiles\\PartCameraDumps\\JID_403356943_OID_427010002_SEG_2_BE-Bibliothek.A5E00277754_R1260001206.svdmp", "XDeviation": "-11377", "YDeviation": "41036"}]}, "Pick": {"ActualPickPosition": {"Angle": "0", "X": "18028", "Y": "-70606"}, "MeasuredComponentHeight": "0", "NominalPickPosition": {"Angle": "0", "X": "17675", "Y": "-70437"}, "PickupLocationId": "272", "Result": "0", "TimeStampSinceStationStarted": "1260004.721771", "VacuumAbsolute": "-829", "VacuumRelative": "-829", "ZEndPosition": "47300500", "ZTargetPosition": "47295284"}, "Place": {"ActualPlacePosition": {"Angle": "180000", "X": "106077", "Y": "49069"}, "AirkissPressure": "73", "BoardPanelId": "2", "HoldingCircuitPressure": "2147483647", "NominalPlacePosition": {"Angle": "180000", "X": "106081", "Y": "49080"}, "ReferenceDesignator": "X101_EXSOP_14_STECK_", "Result": "0", "TimeStampSinceStationStarted": "1260005.862008", "VacuumAbsolute": "-839", "VacuumRelative": "97", "ZEndPosition": "38755500", "ZTargetPosition": "38797824"}, "ElectricalMeasurement": null, "Dip": null}, {"HeadSegmentId": "67588", "Measures": {"MeasureList": [{"CameraIndividualId": "4033", "MeasurementResult": "0", "PhiDeviation": "-247524", "TimeStampSinceStationStarted": "1260006.949754", "VisionDumpPath": "C:\\Sirio\\Work\\SvDumpFiles\\PartCameraDumps\\JID_403356944_OID_427010003_SEG_1_BE-Bibliothek.A5E50179091_R1260002990.svdmp", "XDeviation": "-18653", "YDeviation": "-43949"}]}, "Pick": {"ActualPickPosition": {"Angle": "0", "X": "15126", "Y": "-71150"}, "MeasuredComponentHeight": "0", "NominalPickPosition": {"Angle": "0", "X": "15224", "Y": "-71346"}, "PickupLocationId": "266", "Result": "0", "TimeStampSinceStationStarted": "1260006.505772", "VacuumAbsolute": "-781", "VacuumRelative": "-781", "ZEndPosition": "47614000", "ZTargetPosition": "47646088"}, "Place": {"ActualPlacePosition": {"Angle": "0", "X": "80222", "Y": "27965"}, "AirkissPressure": "75", "BoardPanelId": "2", "HoldingCircuitPressure": "2147483647", "NominalPlacePosition": {"Angle": "0", "X": "80231", "Y": "27980"}, "ReferenceDesignator": "D2_BGA_90_IC_DRAM_51", "Result": "0", "TimeStampSinceStationStarted": "1260007.352725", "VacuumAbsolute": "-834", "VacuumRelative": "95", "ZEndPosition": "46548500", "ZTargetPosition": "46561524"}, "ElectricalMeasurement": null, "Dip": null}]}, "HeadContext": {"HeadSegments": {"HeadSegment": [{"GantryId": "4", "Head": "1", "HeadName": "Twin Head 5xx", "Id": "67588", "NozzleTypeId": "516", "SegmentNumber": "1"}, {"GantryId": "4", "Head": "1", "HeadName": "Twin Head 5xx", "Id": "133124", "NozzleTypeId": "516", "SegmentNumber": "2"}]}}, "SetupContext": {"PickupLocations": {"PickupLocation": [{"Division": "1", "FeederId": "24FAUE600590", "FeederType": "280", "Id": "266", "Level": "0", "Location": "4", "StartTrackNumber": "4", "SubLocation": "1", "Tower": "0", "PackagingUid": "M05320381"}, {"Division": "1", "FeederId": "32KL-K405124", "FeederType": "288", "Id": "272", "Level": "0", "Location": "4", "StartTrackNumber": "32", "SubLocation": "1", "Tower": "0", "PackagingUid": "M05323060"}]}}}}, "ProductionEndedData": {"StationTime": "2021-11-30T00:31:36.3280000+08:00", "TimeStampSinceStationStarted": "1260007.732155"}}