{"name": "PDI_Line5_4082790845_20211130095034.txt", "Timestamp": "2021-11-30T09:50:00.3132798+08:00", "TxnID": "b84e51fd-cf6d-4eac-adb7-494fbd9235d8", "Line": "SEWC-Lines\\Line5", "Machine": "Line5\\ST3_X3 S", "ProductionStartedData": [{"ConveyorLanePosition": "2", "ConveyorStopperPosition": "1", "Pcb": {"BarcodeReaderPosition": "0", "BoardSide": "1", "IndividualGUID": "6d1243dc-b986-440f-bf60-92657de4ebfc", "LineJobGUID": "fead7f33-0866-4d90-8540-e9f27c9d6bcf", "Path": "STAB\\A5E50302021bt01", "PcbIndividualID": "42786", "RecipePath": "Line5\\Smart_CPU_L5_702SAF\\A5E50302021bt01", "Barcode": "", "OrderNumber": null}, "ProcessingAreaPosition": "2", "SetupPath": "Line5\\Smart_CPU_L5_702SAF", "StationTime": "2021-11-30T09:47:36.8910000+08:00", "TimeStampSinceStationStarted": "1293368.129002"}], "BoardPositionsList": {"BoardPositions": [{"ActualPosition": {"Angle": "-293", "X": "457326", "Y": "17708", "Z": "-5000"}, "FiducialPositions": {"FiducialRecognitionResult": []}, "NominalPosition": {"Angle": "0", "X": "458392", "Y": "16359", "Z": "-5000"}}]}, "ProgressDataList": {"ProductionProgressData": {"BoardContext": {"BoardPanels": {"BoardPanel": [{"Id": "2", "PanelPath": "A5E50302021bt01/A1"}, {"Id": "3", "PanelPath": "A5E50302021bt01/B1"}]}}, "ComponentIndividuals": {"ComponentIndividual": [{"HeadSegmentId": "66819", "Measures": {"MeasureList": [{"CameraIndividualId": "3033", "MeasurementResult": "0", "PhiDeviation": "-780516", "TimeStampSinceStationStarted": "1293370.035833", "VisionDumpPath": "C:\\Sirio\\Work\\SvDumpFiles\\PartCameraDumps\\JID_303386398_OID_427860024_SEG_1_BE-Bibliothek.A5E00701727_R1293365957.svdmp", "XDeviation": "54109", "YDeviation": "32039"}]}, "Pick": {"ActualPickPosition": {"Angle": "180000", "X": "15250", "Y": "-70500"}, "MeasuredComponentHeight": "0", "NominalPickPosition": {"Angle": "180000", "X": "15386", "Y": "-70298"}, "PickupLocationId": "260", "Result": "0", "TimeStampSinceStationStarted": "1293369.306932", "VacuumAbsolute": "-832", "VacuumRelative": "-832", "ZEndPosition": "47647500", "ZTargetPosition": "47626861"}, "Place": {"ActualPlacePosition": {"Angle": "0", "X": "89682", "Y": "141627"}, "AirkissPressure": "72", "BoardPanelId": "3", "HoldingCircuitPressure": "2147483647", "NominalPlacePosition": {"Angle": "0", "X": "89680", "Y": "141630"}, "ReferenceDesignator": "C2207_CAPA_2_22_KOND", "Result": "0", "TimeStampSinceStationStarted": "1293370.496001", "VacuumAbsolute": "-860", "VacuumRelative": "102", "ZEndPosition": "37299000", "ZTargetPosition": "37275470"}, "ElectricalMeasurement": null, "Dip": null}, {"HeadSegmentId": "132355", "Measures": {"MeasureList": [{"CameraIndividualId": "3033", "MeasurementResult": "0", "PhiDeviation": "-948180", "TimeStampSinceStationStarted": "1293370.176454", "VisionDumpPath": "C:\\Sirio\\Work\\SvDumpFiles\\PartCameraDumps\\JID_303386399_OID_427860025_SEG_2_BE-Bibliothek.A5E01059015_R1293366138.svdmp", "XDeviation": "69324", "YDeviation": "-491145"}]}, "Pick": {"ActualPickPosition": {"Angle": "0", "X": "17950", "Y": "-70500"}, "MeasuredComponentHeight": "0", "NominalPickPosition": {"Angle": "0", "X": "18309", "Y": "-70453"}, "PickupLocationId": "259", "Result": "0", "TimeStampSinceStationStarted": "1293369.487243", "VacuumAbsolute": "-831", "VacuumRelative": "-831", "ZEndPosition": "48989000", "ZTargetPosition": "49006251"}, "Place": {"ActualPlacePosition": {"Angle": "-180000", "X": "145423", "Y": "139447"}, "AirkissPressure": "72", "BoardPanelId": "2", "HoldingCircuitPressure": "2147483647", "NominalPlacePosition": {"Angle": "180000", "X": "145424", "Y": "139450"}, "ReferenceDesignator": "X201_CONN_14_STECK_R", "Result": "0", "TimeStampSinceStationStarted": "1293370.712007", "VacuumAbsolute": "-834", "VacuumRelative": "103", "ZEndPosition": "29649500", "ZTargetPosition": "29616122"}, "ElectricalMeasurement": null, "Dip": null}, {"HeadSegmentId": "66819", "Measures": {"MeasureList": [{"CameraIndividualId": "3033", "MeasurementResult": "0", "PhiDeviation": "333393", "TimeStampSinceStationStarted": "1293371.908298", "VisionDumpPath": "C:\\Sirio\\Work\\SvDumpFiles\\PartCameraDumps\\JID_303386400_OID_427860026_SEG_1_BE-Bibliothek.A5E00701727_R1293367863.svdmp", "XDeviation": "-233", "YDeviation": "-4551"}]}, "Pick": {"ActualPickPosition": {"Angle": "180000", "X": "15250", "Y": "-70500"}, "MeasuredComponentHeight": "0", "NominalPickPosition": {"Angle": "180000", "X": "15383", "Y": "-70300"}, "PickupLocationId": "260", "Result": "0", "TimeStampSinceStationStarted": "1293371.212005", "VacuumAbsolute": "-831", "VacuumRelative": "-831", "ZEndPosition": "47640000", "ZTargetPosition": "47632021"}, "Place": {"ActualPlacePosition": {"Angle": "0", "X": "102581", "Y": "141627"}, "AirkissPressure": "73", "BoardPanelId": "3", "HoldingCircuitPressure": "2147483647", "NominalPlacePosition": {"Angle": "0", "X": "102580", "Y": "141630"}, "ReferenceDesignator": "C2208_CAPA_2_22_KOND", "Result": "0", "TimeStampSinceStationStarted": "1293372.369373", "VacuumAbsolute": "-860", "VacuumRelative": "102", "ZEndPosition": "37285500", "ZTargetPosition": "37288770"}, "ElectricalMeasurement": null, "Dip": null}, {"HeadSegmentId": "132355", "Measures": {"MeasureList": [{"CameraIndividualId": "3033", "MeasurementResult": "0", "PhiDeviation": "329051", "TimeStampSinceStationStarted": "1293372.049141", "VisionDumpPath": "C:\\Sirio\\Work\\SvDumpFiles\\PartCameraDumps\\JID_303386401_OID_427860027_SEG_2_BE-Bibliothek.A5E01059015_R1293368026.svdmp", "XDeviation": "58612", "YDeviation": "217566"}]}, "Pick": {"ActualPickPosition": {"Angle": "0", "X": "17950", "Y": "-70500"}, "MeasuredComponentHeight": "0", "NominalPickPosition": {"Angle": "0", "X": "18313", "Y": "-70477"}, "PickupLocationId": "259", "Result": "0", "TimeStampSinceStationStarted": "1293371.375161", "VacuumAbsolute": "-837", "VacuumRelative": "-837", "ZEndPosition": "48896000", "ZTargetPosition": "49001938"}, "Place": {"ActualPlacePosition": {"Angle": "-180000", "X": "24931", "Y": "139447"}, "AirkissPressure": "72", "BoardPanelId": "3", "HoldingCircuitPressure": "2147483647", "NominalPlacePosition": {"Angle": "180000", "X": "24924", "Y": "139450"}, "ReferenceDesignator": "X201_CONN_14_STECK_R", "Result": "0", "TimeStampSinceStationStarted": "1293372.678051", "VacuumAbsolute": "-839", "VacuumRelative": "104", "ZEndPosition": "29736000", "ZTargetPosition": "29709781"}, "ElectricalMeasurement": null, "Dip": null}, {"HeadSegmentId": "132355", "Measures": {"MeasureList": [{"CameraIndividualId": "3033", "MeasurementResult": "0", "PhiDeviation": "-220084", "TimeStampSinceStationStarted": "1293374.999374", "VisionDumpPath": "C:\\Sirio\\Work\\SvDumpFiles\\PartCameraDumps\\JID_303386402_OID_427860028_SEG_2_BE-Bibliothek.A5E30235063_R1293370041.svdmp", "XDeviation": "276817", "YDeviation": "-2461446"}]}, "Pick": {"ActualPickPosition": {"Angle": "-90000", "X": "-65500", "Y": "-190500"}, "MeasuredComponentHeight": "0", "NominalPickPosition": {"Angle": "-90000", "X": "-65500", "Y": "-190500"}, "PickupLocationId": "250", "Result": "0", "TimeStampSinceStationStarted": "1293373.391133", "VacuumAbsolute": "-840", "VacuumRelative": "-840", "ZEndPosition": "48608500", "ZTargetPosition": "48452004"}, "Place": {"ActualPlacePosition": {"Angle": "0", "X": "169816", "Y": "46284"}, "AirkissPressure": "73", "BoardPanelId": "2", "HoldingCircuitPressure": "2147483647", "NominalPlacePosition": {"Angle": "0", "X": "169819", "Y": "46280"}, "ReferenceDesignator": "D1_BGA_372_IC_ASIC_S", "Result": "0", "TimeStampSinceStationStarted": "1293375.433813", "VacuumAbsolute": "-842", "VacuumRelative": "104", "ZEndPosition": "48058000", "ZTargetPosition": "48063332"}, "ElectricalMeasurement": null, "Dip": null}, {"HeadSegmentId": "66819", "Measures": {"MeasureList": [{"CameraIndividualId": "3033", "MeasurementResult": "0", "PhiDeviation": "-325888", "TimeStampSinceStationStarted": "1293375.141354", "VisionDumpPath": "C:\\Sirio\\Work\\SvDumpFiles\\PartCameraDumps\\JID_303386403_OID_427860029_SEG_1_BE-Bibliothek.A5E00210763_R1293371053.svdmp", "XDeviation": "20239", "YDeviation": "144588"}]}, "Pick": {"ActualPickPosition": {"Angle": "180000", "X": "15250", "Y": "-70500"}, "MeasuredComponentHeight": "0", "NominalPickPosition": {"Angle": "180000", "X": "15209", "Y": "-70559"}, "PickupLocationId": "256", "Result": "0", "TimeStampSinceStationStarted": "1293374.402571", "VacuumAbsolute": "-783", "VacuumRelative": "-783", "ZEndPosition": "47818000", "ZTargetPosition": "47794206"}, "Place": {"ActualPlacePosition": {"Angle": "90000", "X": "82383", "Y": "33335"}, "AirkissPressure": "72", "BoardPanelId": "3", "HoldingCircuitPressure": "2147483647", "NominalPlacePosition": {"Angle": "90000", "X": "82380", "Y": "33330"}, "ReferenceDesignator": "C1618_CAP_2_KOND_EL_", "Result": "0", "TimeStampSinceStationStarted": "1293375.67272", "VacuumAbsolute": "-784", "VacuumRelative": "88", "ZEndPosition": "37438000", "ZTargetPosition": "37397376"}, "ElectricalMeasurement": null, "Dip": null}, {"HeadSegmentId": "132355", "Measures": {"MeasureList": [{"CameraIndividualId": "3033", "MeasurementResult": "0", "PhiDeviation": "-54182", "TimeStampSinceStationStarted": "1293377.894523", "VisionDumpPath": "C:\\Sirio\\Work\\SvDumpFiles\\PartCameraDumps\\JID_303386404_OID_427860030_SEG_2_BE-Bibliothek.A5E30235063_R1293372978.svdmp", "XDeviation": "327170", "YDeviation": "-2301013"}]}, "Pick": {"ActualPickPosition": {"Angle": "-90000", "X": "-40000", "Y": "-190500"}, "MeasuredComponentHeight": "0", "NominalPickPosition": {"Angle": "-90000", "X": "-40000", "Y": "-190500"}, "PickupLocationId": "250", "Result": "0", "TimeStampSinceStationStarted": "1293376.32775", "VacuumAbsolute": "-840", "VacuumRelative": "-840", "ZEndPosition": "48407500", "ZTargetPosition": "48491128"}, "Place": {"ActualPlacePosition": {"Angle": "0", "X": "49324", "Y": "46284"}, "AirkissPressure": "74", "BoardPanelId": "3", "HoldingCircuitPressure": "2147483647", "NominalPlacePosition": {"Angle": "0", "X": "49319", "Y": "46280"}, "ReferenceDesignator": "D1_BGA_372_IC_ASIC_S", "Result": "0", "TimeStampSinceStationStarted": "1293378.326961", "VacuumAbsolute": "-842", "VacuumRelative": "104", "ZEndPosition": "47989500", "ZTargetPosition": "47990714"}, "ElectricalMeasurement": null, "Dip": null}, {"HeadSegmentId": "66819", "Measures": {"MeasureList": [{"CameraIndividualId": "3033", "MeasurementResult": "0", "PhiDeviation": "1179574", "TimeStampSinceStationStarted": "1293378.0365", "VisionDumpPath": "C:\\Sirio\\Work\\SvDumpFiles\\PartCameraDumps\\JID_303386405_OID_427860031_SEG_1_BE-Bibliothek.A5E00210763_R1293373957.svdmp", "XDeviation": "21080", "YDeviation": "24285"}]}, "Pick": {"ActualPickPosition": {"Angle": "180000", "X": "15250", "Y": "-70500"}, "MeasuredComponentHeight": "0", "NominalPickPosition": {"Angle": "180000", "X": "15208", "Y": "-70567"}, "PickupLocationId": "256", "Result": "0", "TimeStampSinceStationStarted": "1293377.306385", "VacuumAbsolute": "-810", "VacuumRelative": "-810", "ZEndPosition": "47834000", "ZTargetPosition": "47800154"}, "Place": {"ActualPlacePosition": {"Angle": "90000", "X": "202875", "Y": "33335"}, "AirkissPressure": "74", "BoardPanelId": "2", "HoldingCircuitPressure": "2147483647", "NominalPlacePosition": {"Angle": "90000", "X": "202880", "Y": "33330"}, "ReferenceDesignator": "C1618_CAP_2_KOND_EL_", "Result": "0", "TimeStampSinceStationStarted": "1293378.670996", "VacuumAbsolute": "-811", "VacuumRelative": "93", "ZEndPosition": "37591000", "ZTargetPosition": "37564479"}, "ElectricalMeasurement": null, "Dip": null}, {"HeadSegmentId": "66819", "Measures": {"MeasureList": [{"CameraIndividualId": "3033", "MeasurementResult": "0", "PhiDeviation": "-1376413", "TimeStampSinceStationStarted": "1293380.864841", "VisionDumpPath": "C:\\Sirio\\Work\\SvDumpFiles\\PartCameraDumps\\JID_303386406_OID_427860033_SEG_1_BE-Bibliothek.A5E00701727_R1293376832.svdmp", "XDeviation": "80180", "YDeviation": "43390"}]}, "Pick": {"ActualPickPosition": {"Angle": "180000", "X": "15250", "Y": "-70500"}, "MeasuredComponentHeight": "0", "NominalPickPosition": {"Angle": "180000", "X": "15383", "Y": "-70300"}, "PickupLocationId": "260", "Result": "0", "TimeStampSinceStationStarted": "1293380.181164", "VacuumAbsolute": "-830", "VacuumRelative": "-830", "ZEndPosition": "47628000", "ZTargetPosition": "47634016"}, "Place": {"ActualPlacePosition": {"Angle": "0", "X": "223073", "Y": "141627"}, "AirkissPressure": "76", "BoardPanelId": "2", "HoldingCircuitPressure": "2147483647", "NominalPlacePosition": {"Angle": "0", "X": "223080", "Y": "141630"}, "ReferenceDesignator": "C2208_CAPA_2_22_KOND", "Result": "0", "TimeStampSinceStationStarted": "1293381.261921", "VacuumAbsolute": "-856", "VacuumRelative": "102", "ZEndPosition": "37422500", "ZTargetPosition": "37448813"}, "ElectricalMeasurement": null, "Dip": null}, {"HeadSegmentId": "132355", "Measures": {"MeasureList": [{"CameraIndividualId": "3033", "MeasurementResult": "0", "PhiDeviation": "-504622", "TimeStampSinceStationStarted": "1293381.004031", "VisionDumpPath": "C:\\Sirio\\Work\\SvDumpFiles\\PartCameraDumps\\JID_303386407_OID_427860032_SEG_2_BE-Bibliothek.A5E30242702_R1293377042.svdmp", "XDeviation": "-39961", "YDeviation": "109811"}]}, "Pick": {"ActualPickPosition": {"Angle": "0", "X": "15250", "Y": "-70500"}, "MeasuredComponentHeight": "0", "NominalPickPosition": {"Angle": "0", "X": "15329", "Y": "-70571"}, "PickupLocationId": "261", "Result": "0", "TimeStampSinceStationStarted": "1293380.39135", "VacuumAbsolute": "-794", "VacuumRelative": "-794", "ZEndPosition": "48007000", "ZTargetPosition": "48028834"}, "Place": {"ActualPlacePosition": {"Angle": "0", "X": "20426", "Y": "59683"}, "AirkissPressure": "22", "BoardPanelId": "3", "HoldingCircuitPressure": "2147483647", "NominalPlacePosition": {"Angle": "0", "X": "20419", "Y": "59680"}, "ReferenceDesignator": "Z400_SOP_16_NETZWERK", "Result": "0", "TimeStampSinceStationStarted": "1293381.621043", "VacuumAbsolute": "-803", "VacuumRelative": "98", "ZEndPosition": "42668000", "ZTargetPosition": "42738707"}, "ElectricalMeasurement": null, "Dip": null}, {"HeadSegmentId": "132355", "Measures": {"MeasureList": [{"CameraIndividualId": "3033", "MeasurementResult": "0", "PhiDeviation": "-144564", "TimeStampSinceStationStarted": "1293383.349374", "VisionDumpPath": "C:\\Sirio\\Work\\SvDumpFiles\\PartCameraDumps\\JID_303386408_OID_427860034_SEG_2_BE-Bibliothek.A5E30242702_R1293379118.svdmp", "XDeviation": "-20745", "YDeviation": "98205"}]}, "Pick": {"ActualPickPosition": {"Angle": "0", "X": "15250", "Y": "-70500"}, "MeasuredComponentHeight": "0", "NominalPickPosition": {"Angle": "0", "X": "15327", "Y": "-70565"}, "PickupLocationId": "261", "Result": "0", "TimeStampSinceStationStarted": "1293382.468145", "VacuumAbsolute": "-795", "VacuumRelative": "-795", "ZEndPosition": "48034000", "ZTargetPosition": "48023376"}, "Place": {"ActualPlacePosition": {"Angle": "0", "X": "140918", "Y": "59683"}, "AirkissPressure": "22", "BoardPanelId": "2", "HoldingCircuitPressure": "2147483647", "NominalPlacePosition": {"Angle": "0", "X": "140919", "Y": "59680"}, "ReferenceDesignator": "Z400_SOP_16_NETZWERK", "Result": "0", "TimeStampSinceStationStarted": "1293383.779914", "VacuumAbsolute": "-801", "VacuumRelative": "97", "ZEndPosition": "42689000", "ZTargetPosition": "42653694"}, "ElectricalMeasurement": null, "Dip": null}, {"HeadSegmentId": "66819", "Measures": {"MeasureList": [{"CameraIndividualId": "3033", "MeasurementResult": "0", "PhiDeviation": "9631", "TimeStampSinceStationStarted": "1293383.491573", "VisionDumpPath": "C:\\Sirio\\Work\\SvDumpFiles\\PartCameraDumps\\JID_303386409_OID_427860035_SEG_1_BE-Bibliothek.A5E00210763_R1293379401.svdmp", "XDeviation": "192342", "YDeviation": "-166789"}]}, "Pick": {"ActualPickPosition": {"Angle": "180000", "X": "15250", "Y": "-70500"}, "MeasuredComponentHeight": "0", "NominalPickPosition": {"Angle": "180000", "X": "15207", "Y": "-70568"}, "PickupLocationId": "256", "Result": "0", "TimeStampSinceStationStarted": "1293382.751016", "VacuumAbsolute": "-790", "VacuumRelative": "-790", "ZEndPosition": "47838500", "ZTargetPosition": "47808616"}, "Place": {"ActualPlacePosition": {"Angle": "-180000", "X": "89932", "Y": "80731"}, "AirkissPressure": "74", "BoardPanelId": "3", "HoldingCircuitPressure": "2147483647", "NominalPlacePosition": {"Angle": "180000", "X": "89930", "Y": "80730"}, "ReferenceDesignator": "C1405_CAP_2_KOND_EL_", "Result": "0", "TimeStampSinceStationStarted": "1293384.026761", "VacuumAbsolute": "-790", "VacuumRelative": "89", "ZEndPosition": "37118000", "ZTargetPosition": "37136362"}, "ElectricalMeasurement": null, "Dip": null}, {"HeadSegmentId": "132355", "Measures": {"MeasureList": [{"CameraIndividualId": "3033", "MeasurementResult": "0", "PhiDeviation": "-130046", "TimeStampSinceStationStarted": "1293385.469167", "VisionDumpPath": "C:\\Sirio\\Work\\SvDumpFiles\\PartCameraDumps\\JID_303386410_OID_427860036_SEG_2_BE-Bibliothek.A5E01649509_R1293381223.svdmp", "XDeviation": "3839", "YDeviation": "-20140"}]}, "Pick": {"ActualPickPosition": {"Angle": "-90000", "X": "8000", "Y": "-51500"}, "MeasuredComponentHeight": "0", "NominalPickPosition": {"Angle": "-90000", "X": "8321", "Y": "-51466"}, "PickupLocationId": "258", "Result": "0", "TimeStampSinceStationStarted": "1293384.572667", "VacuumAbsolute": "-772", "VacuumRelative": "-772", "ZEndPosition": "47142000", "ZTargetPosition": "47145850"}, "Place": {"ActualPlacePosition": {"Angle": "-180000", "X": "224473", "Y": "67132"}, "AirkissPressure": "71", "BoardPanelId": "2", "HoldingCircuitPressure": "2147483647", "NominalPlacePosition": {"Angle": "180000", "X": "224480", "Y": "67130"}, "ReferenceDesignator": "V701_DPAK/TO252_TRAN", "Result": "0", "TimeStampSinceStationStarted": "1293385.8944", "VacuumAbsolute": "-810", "VacuumRelative": "99", "ZEndPosition": "45321500", "ZTargetPosition": "45316885"}, "ElectricalMeasurement": null, "Dip": null}, {"HeadSegmentId": "66819", "Measures": {"MeasureList": [{"CameraIndividualId": "3033", "MeasurementResult": "0", "PhiDeviation": "-399784", "TimeStampSinceStationStarted": "1293385.60905", "VisionDumpPath": "C:\\Sirio\\Work\\SvDumpFiles\\PartCameraDumps\\JID_303386411_OID_427860037_SEG_1_BE-Bibliothek.A5E00210763_R1293381534.svdmp", "XDeviation": "52238", "YDeviation": "22288"}]}, "Pick": {"ActualPickPosition": {"Angle": "180000", "X": "15250", "Y": "-70500"}, "MeasuredComponentHeight": "0", "NominalPickPosition": {"Angle": "180000", "X": "15197", "Y": "-70559"}, "PickupLocationId": "256", "Result": "0", "TimeStampSinceStationStarted": "1293384.88372", "VacuumAbsolute": "-791", "VacuumRelative": "-791", "ZEndPosition": "47770500", "ZTargetPosition": "47816087"}, "Place": {"ActualPlacePosition": {"Angle": "-180000", "X": "210424", "Y": "80731"}, "AirkissPressure": "75", "BoardPanelId": "2", "HoldingCircuitPressure": "2147483647", "NominalPlacePosition": {"Angle": "180000", "X": "210430", "Y": "80730"}, "ReferenceDesignator": "C1405_CAP_2_KOND_EL_", "Result": "0", "TimeStampSinceStationStarted": "1293386.187714", "VacuumAbsolute": "-792", "VacuumRelative": "90", "ZEndPosition": "37223000", "ZTargetPosition": "37238155"}, "ElectricalMeasurement": null, "Dip": null}, {"HeadSegmentId": "66819", "Measures": {"MeasureList": [{"CameraIndividualId": "3033", "MeasurementResult": "0", "PhiDeviation": "-1460516", "TimeStampSinceStationStarted": "1293387.308856", "VisionDumpPath": "C:\\Sirio\\Work\\SvDumpFiles\\PartCameraDumps\\JID_303386412_OID_427860038_SEG_1_BE-Bibliothek.A5E00701727_R1293383381.svdmp", "XDeviation": "-70193", "YDeviation": "-77835"}]}, "Pick": {"ActualPickPosition": {"Angle": "180000", "X": "15250", "Y": "-70500"}, "MeasuredComponentHeight": "0", "NominalPickPosition": {"Angle": "180000", "X": "15379", "Y": "-70302"}, "PickupLocationId": "260", "Result": "0", "TimeStampSinceStationStarted": "1293386.730551", "VacuumAbsolute": "-829", "VacuumRelative": "-829", "ZEndPosition": "47607500", "ZTargetPosition": "47632512"}, "Place": {"ActualPlacePosition": {"Angle": "0", "X": "210174", "Y": "141627"}, "AirkissPressure": "72", "BoardPanelId": "2", "HoldingCircuitPressure": "2147483647", "NominalPlacePosition": {"Angle": "0", "X": "210180", "Y": "141630"}, "ReferenceDesignator": "C2207_CAPA_2_22_KOND", "Result": "0", "TimeStampSinceStationStarted": "1293387.704466", "VacuumAbsolute": "-858", "VacuumRelative": "102", "ZEndPosition": "37394000", "ZTargetPosition": "37401628"}, "ElectricalMeasurement": null, "Dip": null}, {"HeadSegmentId": "132355", "Measures": {"MeasureList": [{"CameraIndividualId": "3033", "MeasurementResult": "0", "PhiDeviation": "266391", "TimeStampSinceStationStarted": "1293387.44824", "VisionDumpPath": "C:\\Sirio\\Work\\SvDumpFiles\\PartCameraDumps\\JID_303386413_OID_427860039_SEG_2_BE-Bibliothek.A5E01649509_R1293383539.svdmp", "XDeviation": "-13396", "YDeviation": "-42608"}]}, "Pick": {"ActualPickPosition": {"Angle": "-90000", "X": "8000", "Y": "-51500"}, "MeasuredComponentHeight": "0", "NominalPickPosition": {"Angle": "-90000", "X": "8320", "Y": "-51466"}, "PickupLocationId": "258", "Result": "0", "TimeStampSinceStationStarted": "1293386.888965", "VacuumAbsolute": "-772", "VacuumRelative": "-772", "ZEndPosition": "47148500", "ZTargetPosition": "47144888"}, "Place": {"ActualPlacePosition": {"Angle": "-180000", "X": "103981", "Y": "67132"}, "AirkissPressure": "72", "BoardPanelId": "3", "HoldingCircuitPressure": "2147483647", "NominalPlacePosition": {"Angle": "180000", "X": "103980", "Y": "67130"}, "ReferenceDesignator": "V701_DPAK/TO252_TRAN", "Result": "0", "TimeStampSinceStationStarted": "1293388.026028", "VacuumAbsolute": "-807", "VacuumRelative": "98", "ZEndPosition": "45080500", "ZTargetPosition": "45091801"}, "ElectricalMeasurement": null, "Dip": null}, {"HeadSegmentId": "132355", "Measures": {"MeasureList": [{"CameraIndividualId": "3033", "MeasurementResult": "0", "PhiDeviation": "-106837", "TimeStampSinceStationStarted": "1293389.589927", "VisionDumpPath": "C:\\Sirio\\Work\\SvDumpFiles\\PartCameraDumps\\JID_303386414_OID_427860040_SEG_2_BE-Bibliothek.A5E32357002_R1293385251.svdmp", "XDeviation": "-47918", "YDeviation": "31120"}]}, "Pick": {"ActualPickPosition": {"Angle": "0", "X": "30150", "Y": "-72740"}, "MeasuredComponentHeight": "0", "NominalPickPosition": {"Angle": "0", "X": "30259", "Y": "-72295"}, "PickupLocationId": "257", "Result": "0", "TimeStampSinceStationStarted": "1293388.600818", "VacuumAbsolute": "-761", "VacuumRelative": "-761", "ZEndPosition": "47151000", "ZTargetPosition": "47072557"}, "Place": {"ActualPlacePosition": {"Angle": "-180000", "X": "98587", "Y": "160176"}, "AirkissPressure": "71", "BoardPanelId": "3", "HoldingCircuitPressure": "2147483647", "NominalPlacePosition": {"Angle": "180000", "X": "98585", "Y": "160180"}, "ReferenceDesignator": "X202_CONN_28_STECK_R", "Result": "0", "TimeStampSinceStationStarted": "1293390.073826", "VacuumAbsolute": "-761", "VacuumRelative": "90", "ZEndPosition": "28958500", "ZTargetPosition": "28972473"}, "ElectricalMeasurement": null, "Dip": null}, {"HeadSegmentId": "132355", "Measures": {"MeasureList": [{"CameraIndividualId": "3033", "MeasurementResult": "0", "PhiDeviation": "82290", "TimeStampSinceStationStarted": "1293391.621527", "VisionDumpPath": "C:\\Sirio\\Work\\SvDumpFiles\\PartCameraDumps\\JID_303386415_OID_427860041_SEG_2_BE-Bibliothek.A5E32357002_R1293387285.svdmp", "XDeviation": "-32635", "YDeviation": "132217"}]}, "Pick": {"ActualPickPosition": {"Angle": "0", "X": "30150", "Y": "-72740"}, "MeasuredComponentHeight": "0", "NominalPickPosition": {"Angle": "0", "X": "30257", "Y": "-72293"}, "PickupLocationId": "257", "Result": "0", "TimeStampSinceStationStarted": "1293390.634295", "VacuumAbsolute": "-757", "VacuumRelative": "-757", "ZEndPosition": "47149000", "ZTargetPosition": "47092168"}, "Place": {"ActualPlacePosition": {"Angle": "-180000", "X": "219079", "Y": "160176"}, "AirkissPressure": "75", "BoardPanelId": "2", "HoldingCircuitPressure": "2147483647", "NominalPlacePosition": {"Angle": "180000", "X": "219085", "Y": "160180"}, "ReferenceDesignator": "X202_CONN_28_STECK_R", "Result": "0", "TimeStampSinceStationStarted": "1293392.104638", "VacuumAbsolute": "-760", "VacuumRelative": "90", "ZEndPosition": "29167000", "ZTargetPosition": "29137497"}, "ElectricalMeasurement": null, "Dip": null}]}, "HeadContext": {"HeadSegments": {"HeadSegment": [{"GantryId": "3", "Head": "1", "HeadName": "Twin Head 5xx", "Id": "66819", "NozzleTypeId": "517", "SegmentNumber": "1"}, {"GantryId": "3", "Head": "1", "HeadName": "Twin Head 5xx", "Id": "132355", "NozzleTypeId": "573", "SegmentNumber": "2"}]}}, "SetupContext": {"PickupLocations": {"PickupLocation": [{"Division": "1", "FeederId": "", "FeederType": "34", "Id": "250", "Level": "2", "Location": "2", "StartTrackNumber": "1", "SubLocation": "2", "Tower": "1", "PackagingUid": ""}, {"Division": "1", "FeederId": "24FAUE900235", "FeederType": "280", "Id": "256", "Level": "0", "Location": "3", "StartTrackNumber": "4", "SubLocation": "1", "Tower": "0", "PackagingUid": "M05256972"}, {"Division": "1", "FeederId": "56FAUEN00199", "FeederType": "312", "Id": "257", "Level": "0", "Location": "3", "StartTrackNumber": "7", "SubLocation": "1", "Tower": "0", "PackagingUid": "M04854771"}, {"Division": "1", "FeederId": "17ATMH805118", "FeederType": "273", "Id": "258", "Level": "0", "Location": "3", "StartTrackNumber": "13", "SubLocation": "1", "Tower": "0", "PackagingUid": "M05206518"}, {"Division": "1", "FeederId": "32FAUEN00039", "FeederType": "288", "Id": "259", "Level": "0", "Location": "3", "StartTrackNumber": "15", "SubLocation": "1", "Tower": "0", "PackagingUid": "M05323244"}, {"Division": "1", "FeederId": "24FAUE600582", "FeederType": "280", "Id": "260", "Level": "0", "Location": "3", "StartTrackNumber": "19", "SubLocation": "1", "Tower": "0", "PackagingUid": "M05187765"}, {"Division": "1", "FeederId": "24FAUF700689", "FeederType": "280", "Id": "261", "Level": "0", "Location": "3", "StartTrackNumber": "22", "SubLocation": "1", "Tower": "0", "PackagingUid": "M05014339"}]}}}}, "ProductionEndedData": {"StationTime": "2021-11-30T09:48:01.3310000+08:00", "TimeStampSinceStationStarted": "1293392.568644"}}