{"name": "PDI_Line5_4100419757_20211130081326.txt", "Timestamp": "2021-11-30T08:12:58.9295231+08:00", "TxnID": "89f8d5ec-23e0-4e63-b448-87dd12e4ff65", "Line": "SEWC-Lines\\Line5", "Machine": "Line5\\ST3_X3 S", "ProductionStartedData": [{"ConveyorLanePosition": "1", "ConveyorStopperPosition": "1", "Pcb": {"BarcodeReaderPosition": "0", "BoardSide": "1", "IndividualGUID": "fff616ea-9b97-4714-a8f6-cd264eec9101", "LineJobGUID": "fead7f33-0866-4d90-8540-e9f27c9d6bcf", "Path": "STAB\\A5E50302021bt01", "PcbIndividualID": "43613", "RecipePath": "Line5\\Smart_CPU_L5_702SAF\\A5E50302021bt01", "Barcode": "", "OrderNumber": null}, "ProcessingAreaPosition": "2", "SetupPath": "Line5\\Smart_CPU_L5_702SAF", "StationTime": "2021-11-30T08:10:35.3200000+08:00", "TimeStampSinceStationStarted": "1287546.587367"}], "BoardPositionsList": {"BoardPositions": [{"ActualPosition": {"Angle": "32", "X": "457642", "Y": "-232614", "Z": "-5000"}, "FiducialPositions": {"FiducialRecognitionResult": []}, "NominalPosition": {"Angle": "0", "X": "457820", "Y": "-233646", "Z": "-5000"}}]}, "ProgressDataList": {"ProductionProgressData": {"BoardContext": {"BoardPanels": {"BoardPanel": [{"Id": "2", "PanelPath": "A5E50302021bt01/A1"}, {"Id": "3", "PanelPath": "A5E50302021bt01/B1"}]}}, "ComponentIndividuals": {"ComponentIndividual": [{"HeadSegmentId": "66819", "Measures": {"MeasureList": [{"CameraIndividualId": "3033", "MeasurementResult": "0", "PhiDeviation": "-2328937", "TimeStampSinceStationStarted": "1287548.716027", "VisionDumpPath": "C:\\Sirio\\Work\\SvDumpFiles\\PartCameraDumps\\JID_303383407_OID_436130024_SEG_1_BE-Bibliothek.A5E00701727_R1287544586.svdmp", "XDeviation": "5188", "YDeviation": "-142749"}]}, "Pick": {"ActualPickPosition": {"Angle": "180000", "X": "15250", "Y": "-70500"}, "MeasuredComponentHeight": "0", "NominalPickPosition": {"Angle": "180000", "X": "15374", "Y": "-70293"}, "PickupLocationId": "260", "Result": "0", "TimeStampSinceStationStarted": "1287547.96513", "VacuumAbsolute": "-825", "VacuumRelative": "-825", "ZEndPosition": "47661000", "ZTargetPosition": "47648226"}, "Place": {"ActualPlacePosition": {"Angle": "0", "X": "89683", "Y": "141627"}, "AirkissPressure": "74", "BoardPanelId": "3", "HoldingCircuitPressure": "2147483647", "NominalPlacePosition": {"Angle": "0", "X": "89680", "Y": "141630"}, "ReferenceDesignator": "C2207_CAPA_2_22_KOND", "Result": "0", "TimeStampSinceStationStarted": "1287549.276424", "VacuumAbsolute": "-850", "VacuumRelative": "101", "ZEndPosition": "37258500", "ZTargetPosition": "37252317"}, "ElectricalMeasurement": null, "Dip": null}, {"HeadSegmentId": "132355", "Measures": {"MeasureList": [{"CameraIndividualId": "3033", "MeasurementResult": "0", "PhiDeviation": "-55679", "TimeStampSinceStationStarted": "1287548.856667", "VisionDumpPath": "C:\\Sirio\\Work\\SvDumpFiles\\PartCameraDumps\\JID_303383408_OID_436130025_SEG_2_BE-Bibliothek.A5E01059015_R1287544770.svdmp", "XDeviation": "41242", "YDeviation": "351757"}]}, "Pick": {"ActualPickPosition": {"Angle": "0", "X": "17950", "Y": "-70500"}, "MeasuredComponentHeight": "0", "NominalPickPosition": {"Angle": "0", "X": "18329", "Y": "-70359"}, "PickupLocationId": "259", "Result": "0", "TimeStampSinceStationStarted": "1287548.149419", "VacuumAbsolute": "-832", "VacuumRelative": "-832", "ZEndPosition": "49089500", "ZTargetPosition": "48985801"}, "Place": {"ActualPlacePosition": {"Angle": "180000", "X": "145422", "Y": "139447"}, "AirkissPressure": "73", "BoardPanelId": "2", "HoldingCircuitPressure": "2147483647", "NominalPlacePosition": {"Angle": "180000", "X": "145424", "Y": "139450"}, "ReferenceDesignator": "X201_CONN_14_STECK_R", "Result": "0", "TimeStampSinceStationStarted": "1287549.487332", "VacuumAbsolute": "-835", "VacuumRelative": "103", "ZEndPosition": "29597000", "ZTargetPosition": "29579417"}, "ElectricalMeasurement": null, "Dip": null}, {"HeadSegmentId": "66819", "Measures": {"MeasureList": [{"CameraIndividualId": "3033", "MeasurementResult": "0", "PhiDeviation": "-340147", "TimeStampSinceStationStarted": "1287550.789052", "VisionDumpPath": "C:\\Sirio\\Work\\SvDumpFiles\\PartCameraDumps\\JID_303383409_OID_436130026_SEG_1_BE-Bibliothek.A5E00701727_R1287546704.svdmp", "XDeviation": "155361", "YDeviation": "-22110"}]}, "Pick": {"ActualPickPosition": {"Angle": "180000", "X": "15250", "Y": "-70500"}, "MeasuredComponentHeight": "0", "NominalPickPosition": {"Angle": "180000", "X": "15373", "Y": "-70286"}, "PickupLocationId": "260", "Result": "0", "TimeStampSinceStationStarted": "1287550.083682", "VacuumAbsolute": "-831", "VacuumRelative": "-831", "ZEndPosition": "47654000", "ZTargetPosition": "47651419"}, "Place": {"ActualPlacePosition": {"Angle": "0", "X": "102582", "Y": "141627"}, "AirkissPressure": "72", "BoardPanelId": "3", "HoldingCircuitPressure": "2147483647", "NominalPlacePosition": {"Angle": "0", "X": "102580", "Y": "141630"}, "ReferenceDesignator": "C2208_CAPA_2_22_KOND", "Result": "0", "TimeStampSinceStationStarted": "1287551.35048", "VacuumAbsolute": "-859", "VacuumRelative": "102", "ZEndPosition": "37218500", "ZTargetPosition": "37212148"}, "ElectricalMeasurement": null, "Dip": null}, {"HeadSegmentId": "132355", "Measures": {"MeasureList": [{"CameraIndividualId": "3033", "MeasurementResult": "0", "PhiDeviation": "1425355", "TimeStampSinceStationStarted": "1287550.929736", "VisionDumpPath": "C:\\Sirio\\Work\\SvDumpFiles\\PartCameraDumps\\JID_303383410_OID_436130027_SEG_2_BE-Bibliothek.A5E01059015_R1287546869.svdmp", "XDeviation": "202682", "YDeviation": "219968"}]}, "Pick": {"ActualPickPosition": {"Angle": "0", "X": "17950", "Y": "-70500"}, "MeasuredComponentHeight": "0", "NominalPickPosition": {"Angle": "0", "X": "18331", "Y": "-70341"}, "PickupLocationId": "259", "Result": "0", "TimeStampSinceStationStarted": "1287550.24838", "VacuumAbsolute": "-833", "VacuumRelative": "-833", "ZEndPosition": "49000000", "ZTargetPosition": "49011726"}, "Place": {"ActualPlacePosition": {"Angle": "180000", "X": "24932", "Y": "139447"}, "AirkissPressure": "74", "BoardPanelId": "3", "HoldingCircuitPressure": "2147483647", "NominalPlacePosition": {"Angle": "180000", "X": "24924", "Y": "139450"}, "ReferenceDesignator": "X201_CONN_14_STECK_R", "Result": "0", "TimeStampSinceStationStarted": "1287551.661115", "VacuumAbsolute": "-835", "VacuumRelative": "103", "ZEndPosition": "29665500", "ZTargetPosition": "29678419"}, "ElectricalMeasurement": null, "Dip": null}, {"HeadSegmentId": "132355", "Measures": {"MeasureList": [{"CameraIndividualId": "3033", "MeasurementResult": "0", "PhiDeviation": "-426598", "TimeStampSinceStationStarted": "1287553.847706", "VisionDumpPath": "C:\\Sirio\\Work\\SvDumpFiles\\PartCameraDumps\\JID_303383411_OID_436130028_SEG_2_BE-Bibliothek.A5E30235063_R1287548983.svdmp", "XDeviation": "145700", "YDeviation": "-2727609"}]}, "Pick": {"ActualPickPosition": {"Angle": "-90000", "X": "-116500", "Y": "-14500"}, "MeasuredComponentHeight": "0", "NominalPickPosition": {"Angle": "-90000", "X": "-116500", "Y": "-14500"}, "PickupLocationId": "252", "Result": "0", "TimeStampSinceStationStarted": "1287552.361378", "VacuumAbsolute": "-838", "VacuumRelative": "-838", "ZEndPosition": "47558500", "ZTargetPosition": "47901147"}, "Place": {"ActualPlacePosition": {"Angle": "0", "X": "169815", "Y": "46285"}, "AirkissPressure": "75", "BoardPanelId": "2", "HoldingCircuitPressure": "2147483647", "NominalPlacePosition": {"Angle": "0", "X": "169819", "Y": "46280"}, "ReferenceDesignator": "D1_BGA_372_IC_ASIC_S", "Result": "0", "TimeStampSinceStationStarted": "1287554.382245", "VacuumAbsolute": "-839", "VacuumRelative": "104", "ZEndPosition": "47903500", "ZTargetPosition": "47899344"}, "ElectricalMeasurement": null, "Dip": null}, {"HeadSegmentId": "66819", "Measures": {"MeasureList": [{"CameraIndividualId": "3033", "MeasurementResult": "0", "PhiDeviation": "-632720", "TimeStampSinceStationStarted": "1287553.989907", "VisionDumpPath": "C:\\Sirio\\Work\\SvDumpFiles\\PartCameraDumps\\JID_303383412_OID_436130029_SEG_1_BE-Bibliothek.A5E00210763_R1287549875.svdmp", "XDeviation": "-154394", "YDeviation": "-104393"}]}, "Pick": {"ActualPickPosition": {"Angle": "180000", "X": "15250", "Y": "-70500"}, "MeasuredComponentHeight": "0", "NominalPickPosition": {"Angle": "180000", "X": "15291", "Y": "-70477"}, "PickupLocationId": "256", "Result": "0", "TimeStampSinceStationStarted": "1287553.254014", "VacuumAbsolute": "-805", "VacuumRelative": "-805", "ZEndPosition": "47613000", "ZTargetPosition": "47597114"}, "Place": {"ActualPlacePosition": {"Angle": "90000", "X": "82383", "Y": "33336"}, "AirkissPressure": "73", "BoardPanelId": "3", "HoldingCircuitPressure": "2147483647", "NominalPlacePosition": {"Angle": "90000", "X": "82380", "Y": "33330"}, "ReferenceDesignator": "C1618_CAP_2_KOND_EL_", "Result": "0", "TimeStampSinceStationStarted": "1287554.622354", "VacuumAbsolute": "-806", "VacuumRelative": "92", "ZEndPosition": "37247000", "ZTargetPosition": "37207582"}, "ElectricalMeasurement": null, "Dip": null}, {"HeadSegmentId": "132355", "Measures": {"MeasureList": [{"CameraIndividualId": "3033", "MeasurementResult": "0", "PhiDeviation": "-80535", "TimeStampSinceStationStarted": "1287556.609426", "VisionDumpPath": "C:\\Sirio\\Work\\SvDumpFiles\\PartCameraDumps\\JID_303383413_OID_436130030_SEG_2_BE-Bibliothek.A5E30235063_R1287551729.svdmp", "XDeviation": "333676", "YDeviation": "-2564330"}]}, "Pick": {"ActualPickPosition": {"Angle": "-90000", "X": "-91000", "Y": "-14500"}, "MeasuredComponentHeight": "0", "NominalPickPosition": {"Angle": "-90000", "X": "-91000", "Y": "-14500"}, "PickupLocationId": "252", "Result": "0", "TimeStampSinceStationStarted": "1287555.108413", "VacuumAbsolute": "-837", "VacuumRelative": "-837", "ZEndPosition": "47672000", "ZTargetPosition": "47815485"}, "Place": {"ActualPlacePosition": {"Angle": "0", "X": "49325", "Y": "46285"}, "AirkissPressure": "71", "BoardPanelId": "3", "HoldingCircuitPressure": "2147483647", "NominalPlacePosition": {"Angle": "0", "X": "49319", "Y": "46280"}, "ReferenceDesignator": "D1_BGA_372_IC_ASIC_S", "Result": "0", "TimeStampSinceStationStarted": "1287557.144213", "VacuumAbsolute": "-839", "VacuumRelative": "104", "ZEndPosition": "47835500", "ZTargetPosition": "47834442"}, "ElectricalMeasurement": null, "Dip": null}, {"HeadSegmentId": "66819", "Measures": {"MeasureList": [{"CameraIndividualId": "3033", "MeasurementResult": "0", "PhiDeviation": "-1715579", "TimeStampSinceStationStarted": "1287556.751714", "VisionDumpPath": "C:\\Sirio\\Work\\SvDumpFiles\\PartCameraDumps\\JID_303383414_OID_436130031_SEG_1_BE-Bibliothek.A5E00210763_R1287552631.svdmp", "XDeviation": "33549", "YDeviation": "-127727"}]}, "Pick": {"ActualPickPosition": {"Angle": "180000", "X": "15250", "Y": "-70500"}, "MeasuredComponentHeight": "0", "NominalPickPosition": {"Angle": "180000", "X": "15299", "Y": "-70471"}, "PickupLocationId": "256", "Result": "0", "TimeStampSinceStationStarted": "1287556.009823", "VacuumAbsolute": "-806", "VacuumRelative": "-806", "ZEndPosition": "47759000", "ZTargetPosition": "47601085"}, "Place": {"ActualPlacePosition": {"Angle": "90000", "X": "202873", "Y": "33336"}, "AirkissPressure": "78", "BoardPanelId": "2", "HoldingCircuitPressure": "2147483647", "NominalPlacePosition": {"Angle": "90000", "X": "202880", "Y": "33330"}, "ReferenceDesignator": "C1618_CAP_2_KOND_EL_", "Result": "0", "TimeStampSinceStationStarted": "1287557.488457", "VacuumAbsolute": "-807", "VacuumRelative": "93", "ZEndPosition": "37375000", "ZTargetPosition": "37340857"}, "ElectricalMeasurement": null, "Dip": null}, {"HeadSegmentId": "66819", "Measures": {"MeasureList": [{"CameraIndividualId": "3033", "MeasurementResult": "0", "PhiDeviation": "-1292610", "TimeStampSinceStationStarted": "1287559.761514", "VisionDumpPath": "C:\\Sirio\\Work\\SvDumpFiles\\PartCameraDumps\\JID_303383415_OID_436130033_SEG_1_BE-Bibliothek.A5E00701727_R1287555713.svdmp", "XDeviation": "-43740", "YDeviation": "-12028"}]}, "Pick": {"ActualPickPosition": {"Angle": "180000", "X": "15250", "Y": "-70500"}, "MeasuredComponentHeight": "0", "NominalPickPosition": {"Angle": "180000", "X": "15366", "Y": "-70285"}, "PickupLocationId": "260", "Result": "0", "TimeStampSinceStationStarted": "1287559.091809", "VacuumAbsolute": "-825", "VacuumRelative": "-825", "ZEndPosition": "47608500", "ZTargetPosition": "47652064"}, "Place": {"ActualPlacePosition": {"Angle": "0", "X": "223072", "Y": "141627"}, "AirkissPressure": "75", "BoardPanelId": "2", "HoldingCircuitPressure": "2147483647", "NominalPlacePosition": {"Angle": "0", "X": "223080", "Y": "141630"}, "ReferenceDesignator": "C2208_CAPA_2_22_KOND", "Result": "0", "TimeStampSinceStationStarted": "1287560.258153", "VacuumAbsolute": "-849", "VacuumRelative": "100", "ZEndPosition": "37449500", "ZTargetPosition": "37452104"}, "ElectricalMeasurement": null, "Dip": null}, {"HeadSegmentId": "132355", "Measures": {"MeasureList": [{"CameraIndividualId": "3033", "MeasurementResult": "0", "PhiDeviation": "264400", "TimeStampSinceStationStarted": "1287559.900736", "VisionDumpPath": "C:\\Sirio\\Work\\SvDumpFiles\\PartCameraDumps\\JID_303383416_OID_436130032_SEG_2_BE-Bibliothek.A5E30242702_R1287555915.svdmp", "XDeviation": "96568", "YDeviation": "-68641"}]}, "Pick": {"ActualPickPosition": {"Angle": "0", "X": "15250", "Y": "-70500"}, "MeasuredComponentHeight": "0", "NominalPickPosition": {"Angle": "0", "X": "15351", "Y": "-70549"}, "PickupLocationId": "261", "Result": "0", "TimeStampSinceStationStarted": "1287559.294889", "VacuumAbsolute": "-797", "VacuumRelative": "-797", "ZEndPosition": "47994000", "ZTargetPosition": "48063025"}, "Place": {"ActualPlacePosition": {"Angle": "0", "X": "20428", "Y": "59683"}, "AirkissPressure": "21", "BoardPanelId": "3", "HoldingCircuitPressure": "2147483647", "NominalPlacePosition": {"Angle": "0", "X": "20419", "Y": "59680"}, "ReferenceDesignator": "Z400_SOP_16_NETZWERK", "Result": "0", "TimeStampSinceStationStarted": "1287560.61846", "VacuumAbsolute": "-806", "VacuumRelative": "98", "ZEndPosition": "42505000", "ZTargetPosition": "42619207"}, "ElectricalMeasurement": null, "Dip": null}, {"HeadSegmentId": "132355", "Measures": {"MeasureList": [{"CameraIndividualId": "3033", "MeasurementResult": "0", "PhiDeviation": "-316557", "TimeStampSinceStationStarted": "1287562.325284", "VisionDumpPath": "C:\\Sirio\\Work\\SvDumpFiles\\PartCameraDumps\\JID_303383417_OID_436130034_SEG_2_BE-Bibliothek.A5E30242702_R1287558073.svdmp", "XDeviation": "26681", "YDeviation": "18307"}]}, "Pick": {"ActualPickPosition": {"Angle": "0", "X": "15250", "Y": "-70500"}, "MeasuredComponentHeight": "0", "NominalPickPosition": {"Angle": "0", "X": "15356", "Y": "-70552"}, "PickupLocationId": "261", "Result": "0", "TimeStampSinceStationStarted": "1287561.452178", "VacuumAbsolute": "-795", "VacuumRelative": "-795", "ZEndPosition": "48029500", "ZTargetPosition": "48045769"}, "Place": {"ActualPlacePosition": {"Angle": "0", "X": "140918", "Y": "59683"}, "AirkissPressure": "21", "BoardPanelId": "2", "HoldingCircuitPressure": "2147483647", "NominalPlacePosition": {"Angle": "0", "X": "140919", "Y": "59680"}, "ReferenceDesignator": "Z400_SOP_16_NETZWERK", "Result": "0", "TimeStampSinceStationStarted": "1287562.855992", "VacuumAbsolute": "-801", "VacuumRelative": "97", "ZEndPosition": "42510500", "ZTargetPosition": "42484961"}, "ElectricalMeasurement": null, "Dip": null}, {"HeadSegmentId": "66819", "Measures": {"MeasureList": [{"CameraIndividualId": "3033", "MeasurementResult": "0", "PhiDeviation": "127424", "TimeStampSinceStationStarted": "1287562.467569", "VisionDumpPath": "C:\\Sirio\\Work\\SvDumpFiles\\PartCameraDumps\\JID_303383418_OID_436130035_SEG_1_BE-Bibliothek.A5E00210763_R1287558349.svdmp", "XDeviation": "142699", "YDeviation": "94968"}]}, "Pick": {"ActualPickPosition": {"Angle": "180000", "X": "15250", "Y": "-70500"}, "MeasuredComponentHeight": "0", "NominalPickPosition": {"Angle": "180000", "X": "15297", "Y": "-70465"}, "PickupLocationId": "256", "Result": "0", "TimeStampSinceStationStarted": "1287561.728287", "VacuumAbsolute": "-749", "VacuumRelative": "-749", "ZEndPosition": "47649000", "ZTargetPosition": "47640564"}, "Place": {"ActualPlacePosition": {"Angle": "180000", "X": "89933", "Y": "80732"}, "AirkissPressure": "72", "BoardPanelId": "3", "HoldingCircuitPressure": "2147483647", "NominalPlacePosition": {"Angle": "180000", "X": "89930", "Y": "80730"}, "ReferenceDesignator": "C1405_CAP_2_KOND_EL_", "Result": "0", "TimeStampSinceStationStarted": "1287563.100557", "VacuumAbsolute": "-749", "VacuumRelative": "82", "ZEndPosition": "36939500", "ZTargetPosition": "36932752"}, "ElectricalMeasurement": null, "Dip": null}, {"HeadSegmentId": "132355", "Measures": {"MeasureList": [{"CameraIndividualId": "3033", "MeasurementResult": "0", "PhiDeviation": "208211", "TimeStampSinceStationStarted": "1287564.525462", "VisionDumpPath": "C:\\Sirio\\Work\\SvDumpFiles\\PartCameraDumps\\JID_303383419_OID_436130036_SEG_2_BE-Bibliothek.A5E01649509_R1287560369.svdmp", "XDeviation": "7117", "YDeviation": "50472"}]}, "Pick": {"ActualPickPosition": {"Angle": "-90000", "X": "8000", "Y": "-51500"}, "MeasuredComponentHeight": "0", "NominalPickPosition": {"Angle": "-90000", "X": "8304", "Y": "-51495"}, "PickupLocationId": "258", "Result": "0", "TimeStampSinceStationStarted": "1287563.748771", "VacuumAbsolute": "-770", "VacuumRelative": "-770", "ZEndPosition": "47185000", "ZTargetPosition": "47174029"}, "Place": {"ActualPlacePosition": {"Angle": "180000", "X": "224472", "Y": "67133"}, "AirkissPressure": "73", "BoardPanelId": "2", "HoldingCircuitPressure": "2147483647", "NominalPlacePosition": {"Angle": "180000", "X": "224480", "Y": "67130"}, "ReferenceDesignator": "V701_DPAK/TO252_TRAN", "Result": "0", "TimeStampSinceStationStarted": "1287565.049659", "VacuumAbsolute": "-805", "VacuumRelative": "98", "ZEndPosition": "45218500", "ZTargetPosition": "45179962"}, "ElectricalMeasurement": null, "Dip": null}, {"HeadSegmentId": "66819", "Measures": {"MeasureList": [{"CameraIndividualId": "3033", "MeasurementResult": "0", "PhiDeviation": "-100184", "TimeStampSinceStationStarted": "1287564.6654", "VisionDumpPath": "C:\\Sirio\\Work\\SvDumpFiles\\PartCameraDumps\\JID_303383420_OID_436130037_SEG_1_BE-Bibliothek.A5E00210763_R1287560582.svdmp", "XDeviation": "-50661", "YDeviation": "400713"}]}, "Pick": {"ActualPickPosition": {"Angle": "180000", "X": "15250", "Y": "-70500"}, "MeasuredComponentHeight": "0", "NominalPickPosition": {"Angle": "180000", "X": "15290", "Y": "-70470"}, "PickupLocationId": "256", "Result": "0", "TimeStampSinceStationStarted": "1287563.96122", "VacuumAbsolute": "-789", "VacuumRelative": "-789", "ZEndPosition": "47480500", "ZTargetPosition": "47642673"}, "Place": {"ActualPlacePosition": {"Angle": "180000", "X": "210423", "Y": "80732"}, "AirkissPressure": "74", "BoardPanelId": "2", "HoldingCircuitPressure": "2147483647", "NominalPlacePosition": {"Angle": "180000", "X": "210430", "Y": "80730"}, "ReferenceDesignator": "C1405_CAP_2_KOND_EL_", "Result": "0", "TimeStampSinceStationStarted": "1287565.344905", "VacuumAbsolute": "-789", "VacuumRelative": "89", "ZEndPosition": "37186500", "ZTargetPosition": "37152927"}, "ElectricalMeasurement": null, "Dip": null}, {"HeadSegmentId": "66819", "Measures": {"MeasureList": [{"CameraIndividualId": "3033", "MeasurementResult": "0", "PhiDeviation": "-157195", "TimeStampSinceStationStarted": "1287566.585561", "VisionDumpPath": "C:\\Sirio\\Work\\SvDumpFiles\\PartCameraDumps\\JID_303383421_OID_436130038_SEG_1_BE-Bibliothek.A5E00701727_R1287562625.svdmp", "XDeviation": "-49744", "YDeviation": "-31224"}]}, "Pick": {"ActualPickPosition": {"Angle": "180000", "X": "15250", "Y": "-70500"}, "MeasuredComponentHeight": "0", "NominalPickPosition": {"Angle": "180000", "X": "15368", "Y": "-70285"}, "PickupLocationId": "260", "Result": "0", "TimeStampSinceStationStarted": "1287566.003397", "VacuumAbsolute": "-829", "VacuumRelative": "-829", "ZEndPosition": "47690000", "ZTargetPosition": "47641173"}, "Place": {"ActualPlacePosition": {"Angle": "0", "X": "210173", "Y": "141627"}, "AirkissPressure": "72", "BoardPanelId": "2", "HoldingCircuitPressure": "2147483647", "NominalPlacePosition": {"Angle": "0", "X": "210180", "Y": "141630"}, "ReferenceDesignator": "C2207_CAPA_2_22_KOND", "Result": "0", "TimeStampSinceStationStarted": "1287567.080455", "VacuumAbsolute": "-856", "VacuumRelative": "102", "ZEndPosition": "37434000", "ZTargetPosition": "37447065"}, "ElectricalMeasurement": null, "Dip": null}, {"HeadSegmentId": "132355", "Measures": {"MeasureList": [{"CameraIndividualId": "3033", "MeasurementResult": "0", "PhiDeviation": "-774078", "TimeStampSinceStationStarted": "1287566.725364", "VisionDumpPath": "C:\\Sirio\\Work\\SvDumpFiles\\PartCameraDumps\\JID_303383422_OID_436130039_SEG_2_BE-Bibliothek.A5E01649509_R1287562789.svdmp", "XDeviation": "6281", "YDeviation": "-34305"}]}, "Pick": {"ActualPickPosition": {"Angle": "-90000", "X": "8000", "Y": "-51500"}, "MeasuredComponentHeight": "0", "NominalPickPosition": {"Angle": "-90000", "X": "8307", "Y": "-51495"}, "PickupLocationId": "258", "Result": "0", "TimeStampSinceStationStarted": "1287566.168181", "VacuumAbsolute": "-772", "VacuumRelative": "-772", "ZEndPosition": "47150000", "ZTargetPosition": "47176772"}, "Place": {"ActualPlacePosition": {"Angle": "180000", "X": "103982", "Y": "67133"}, "AirkissPressure": "74", "BoardPanelId": "3", "HoldingCircuitPressure": "2147483647", "NominalPlacePosition": {"Angle": "180000", "X": "103980", "Y": "67130"}, "ReferenceDesignator": "V701_DPAK/TO252_TRAN", "Result": "0", "TimeStampSinceStationStarted": "1287567.402577", "VacuumAbsolute": "-810", "VacuumRelative": "99", "ZEndPosition": "44941000", "ZTargetPosition": "44957059"}, "ElectricalMeasurement": null, "Dip": null}, {"HeadSegmentId": "132355", "Measures": {"MeasureList": [{"CameraIndividualId": "3033", "MeasurementResult": "0", "PhiDeviation": "-466897", "TimeStampSinceStationStarted": "1287569.055576", "VisionDumpPath": "C:\\Sirio\\Work\\SvDumpFiles\\PartCameraDumps\\JID_303383423_OID_436130040_SEG_2_BE-Bibliothek.A5E32357002_R1287564697.svdmp", "XDeviation": "86112", "YDeviation": "1026965"}]}, "Pick": {"ActualPickPosition": {"Angle": "0", "X": "29950", "Y": "-70500"}, "MeasuredComponentHeight": "0", "NominalPickPosition": {"Angle": "0", "X": "30140", "Y": "-70448"}, "PickupLocationId": "257", "Result": "0", "TimeStampSinceStationStarted": "1287568.075995", "VacuumAbsolute": "-798", "VacuumRelative": "-798", "ZEndPosition": "47137000", "ZTargetPosition": "47141317"}, "Place": {"ActualPlacePosition": {"Angle": "180000", "X": "98587", "Y": "160175"}, "AirkissPressure": "74", "BoardPanelId": "3", "HoldingCircuitPressure": "2147483647", "NominalPlacePosition": {"Angle": "180000", "X": "98585", "Y": "160180"}, "ReferenceDesignator": "X202_CONN_28_STECK_R", "Result": "0", "TimeStampSinceStationStarted": "1287569.690248", "VacuumAbsolute": "-800", "VacuumRelative": "97", "ZEndPosition": "28926000", "ZTargetPosition": "28909125"}, "ElectricalMeasurement": null, "Dip": null}, {"HeadSegmentId": "132355", "Measures": {"MeasureList": [{"CameraIndividualId": "3033", "MeasurementResult": "0", "PhiDeviation": "238223", "TimeStampSinceStationStarted": "1287571.333558", "VisionDumpPath": "C:\\Sirio\\Work\\SvDumpFiles\\PartCameraDumps\\JID_303383424_OID_436130041_SEG_2_BE-Bibliothek.A5E32357002_R1287566969.svdmp", "XDeviation": "-18134", "YDeviation": "-92525"}]}, "Pick": {"ActualPickPosition": {"Angle": "0", "X": "29950", "Y": "-70500"}, "MeasuredComponentHeight": "0", "NominalPickPosition": {"Angle": "0", "X": "30144", "Y": "-70397"}, "PickupLocationId": "257", "Result": "0", "TimeStampSinceStationStarted": "1287570.347053", "VacuumAbsolute": "-798", "VacuumRelative": "-798", "ZEndPosition": "47181000", "ZTargetPosition": "47140237"}, "Place": {"ActualPlacePosition": {"Angle": "180000", "X": "219077", "Y": "160175"}, "AirkissPressure": "74", "BoardPanelId": "2", "HoldingCircuitPressure": "2147483647", "NominalPlacePosition": {"Angle": "180000", "X": "219085", "Y": "160180"}, "ReferenceDesignator": "X202_CONN_28_STECK_R", "Result": "0", "TimeStampSinceStationStarted": "1287571.969225", "VacuumAbsolute": "-797", "VacuumRelative": "96", "ZEndPosition": "29174500", "ZTargetPosition": "29069130"}, "ElectricalMeasurement": null, "Dip": null}]}, "HeadContext": {"HeadSegments": {"HeadSegment": [{"GantryId": "3", "Head": "1", "HeadName": "Twin Head 5xx", "Id": "66819", "NozzleTypeId": "517", "SegmentNumber": "1"}, {"GantryId": "3", "Head": "1", "HeadName": "Twin Head 5xx", "Id": "132355", "NozzleTypeId": "573", "SegmentNumber": "2"}]}}, "SetupContext": {"PickupLocations": {"PickupLocation": [{"Division": "1", "FeederId": "", "FeederType": "34", "Id": "252", "Level": "4", "Location": "2", "StartTrackNumber": "1", "SubLocation": "2", "Tower": "1", "PackagingUid": ""}, {"Division": "1", "FeederId": "24FAUE900235", "FeederType": "280", "Id": "256", "Level": "0", "Location": "3", "StartTrackNumber": "4", "SubLocation": "1", "Tower": "0", "PackagingUid": "M05314371"}, {"Division": "1", "FeederId": "56FAUEN00199", "FeederType": "312", "Id": "257", "Level": "0", "Location": "3", "StartTrackNumber": "7", "SubLocation": "1", "Tower": "0", "PackagingUid": "M04854765"}, {"Division": "1", "FeederId": "17ATMH805118", "FeederType": "273", "Id": "258", "Level": "0", "Location": "3", "StartTrackNumber": "13", "SubLocation": "1", "Tower": "0", "PackagingUid": "M05206518"}, {"Division": "1", "FeederId": "32FAUEN00039", "FeederType": "288", "Id": "259", "Level": "0", "Location": "3", "StartTrackNumber": "15", "SubLocation": "1", "Tower": "0", "PackagingUid": "M05323268"}, {"Division": "1", "FeederId": "24FAUE600582", "FeederType": "280", "Id": "260", "Level": "0", "Location": "3", "StartTrackNumber": "19", "SubLocation": "1", "Tower": "0", "PackagingUid": "M05187818"}, {"Division": "1", "FeederId": "24FAUF700689", "FeederType": "280", "Id": "261", "Level": "0", "Location": "3", "StartTrackNumber": "22", "SubLocation": "1", "Tower": "0", "PackagingUid": "M05014338"}]}}}}, "ProductionEndedData": {"StationTime": "2021-11-30T08:11:01.1610000+08:00", "TimeStampSinceStationStarted": "1287572.428381"}}