{"name": "PDI_Line5_4083872466_20211130081206.txt", "Timestamp": "2021-11-30T08:11:38.8545085+08:00", "TxnID": "492a0062-07a2-4523-aee2-e69fabc0d1de", "Line": "SEWC-Lines\\Line5", "Machine": "Line5\\ST3_X3 S", "ProductionStartedData": [{"ConveyorLanePosition": "2", "ConveyorStopperPosition": "1", "Pcb": {"BarcodeReaderPosition": "0", "BoardSide": "1", "IndividualGUID": "ab5fd251-33e1-44ce-bd89-af2cc97a8818", "LineJobGUID": "fead7f33-0866-4d90-8540-e9f27c9d6bcf", "Path": "STAB\\A5E50302021bt01", "PcbIndividualID": "42622", "RecipePath": "Line5\\Smart_CPU_L5_702SAF\\A5E50302021bt01", "Barcode": "", "OrderNumber": null}, "ProcessingAreaPosition": "2", "SetupPath": "Line5\\Smart_CPU_L5_702SAF", "StationTime": "2021-11-30T08:09:15.4500000+08:00", "TimeStampSinceStationStarted": "1287466.717543"}], "BoardPositionsList": {"BoardPositions": [{"ActualPosition": {"Angle": "-277", "X": "457372", "Y": "17591", "Z": "-5000"}, "FiducialPositions": {"FiducialRecognitionResult": []}, "NominalPosition": {"Angle": "0", "X": "458392", "Y": "16359", "Z": "-5000"}}]}, "ProgressDataList": {"ProductionProgressData": {"BoardContext": {"BoardPanels": {"BoardPanel": [{"Id": "2", "PanelPath": "A5E50302021bt01/A1"}, {"Id": "3", "PanelPath": "A5E50302021bt01/B1"}]}}, "ComponentIndividuals": {"ComponentIndividual": [{"HeadSegmentId": "66819", "Measures": {"MeasureList": [{"CameraIndividualId": "3033", "MeasurementResult": "0", "PhiDeviation": "-207069", "TimeStampSinceStationStarted": "1287468.630031", "VisionDumpPath": "C:\\Sirio\\Work\\SvDumpFiles\\PartCameraDumps\\JID_303383350_OID_426220024_SEG_1_BE-Bibliothek.A5E00701727_R1287464491.svdmp", "XDeviation": "94720", "YDeviation": "-52204"}]}, "Pick": {"ActualPickPosition": {"Angle": "180000", "X": "15250", "Y": "-70500"}, "MeasuredComponentHeight": "0", "NominalPickPosition": {"Angle": "180000", "X": "15353", "Y": "-70310"}, "PickupLocationId": "260", "Result": "0", "TimeStampSinceStationStarted": "1287467.870868", "VacuumAbsolute": "-832", "VacuumRelative": "-832", "ZEndPosition": "47637500", "ZTargetPosition": "47641402"}, "Place": {"ActualPlacePosition": {"Angle": "0", "X": "89682", "Y": "141628"}, "AirkissPressure": "73", "BoardPanelId": "3", "HoldingCircuitPressure": "2147483647", "NominalPlacePosition": {"Angle": "0", "X": "89680", "Y": "141630"}, "ReferenceDesignator": "C2207_CAPA_2_22_KOND", "Result": "0", "TimeStampSinceStationStarted": "1287469.091611", "VacuumAbsolute": "-859", "VacuumRelative": "102", "ZEndPosition": "37284000", "ZTargetPosition": "37272756"}, "ElectricalMeasurement": null, "Dip": null}, {"HeadSegmentId": "132355", "Measures": {"MeasureList": [{"CameraIndividualId": "3033", "MeasurementResult": "0", "PhiDeviation": "334078", "TimeStampSinceStationStarted": "1287468.770572", "VisionDumpPath": "C:\\Sirio\\Work\\SvDumpFiles\\PartCameraDumps\\JID_303383351_OID_426220025_SEG_2_BE-Bibliothek.A5E01059015_R1287464670.svdmp", "XDeviation": "37901", "YDeviation": "136212"}]}, "Pick": {"ActualPickPosition": {"Angle": "0", "X": "17950", "Y": "-70500"}, "MeasuredComponentHeight": "0", "NominalPickPosition": {"Angle": "0", "X": "18331", "Y": "-70381"}, "PickupLocationId": "259", "Result": "0", "TimeStampSinceStationStarted": "1287468.04861", "VacuumAbsolute": "-829", "VacuumRelative": "-829", "ZEndPosition": "49122000", "ZTargetPosition": "48987398"}, "Place": {"ActualPlacePosition": {"Angle": "180000", "X": "145423", "Y": "139448"}, "AirkissPressure": "71", "BoardPanelId": "2", "HoldingCircuitPressure": "2147483647", "NominalPlacePosition": {"Angle": "180000", "X": "145424", "Y": "139450"}, "ReferenceDesignator": "X201_CONN_14_STECK_R", "Result": "0", "TimeStampSinceStationStarted": "1287469.309078", "VacuumAbsolute": "-832", "VacuumRelative": "103", "ZEndPosition": "29678500", "ZTargetPosition": "29591403"}, "ElectricalMeasurement": null, "Dip": null}, {"HeadSegmentId": "66819", "Measures": {"MeasureList": [{"CameraIndividualId": "3033", "MeasurementResult": "0", "PhiDeviation": "254994", "TimeStampSinceStationStarted": "1287470.532761", "VisionDumpPath": "C:\\Sirio\\Work\\SvDumpFiles\\PartCameraDumps\\JID_303383352_OID_426220026_SEG_1_BE-Bibliothek.A5E00701727_R1287466432.svdmp", "XDeviation": "-17491", "YDeviation": "-87740"}]}, "Pick": {"ActualPickPosition": {"Angle": "180000", "X": "15250", "Y": "-70500"}, "MeasuredComponentHeight": "0", "NominalPickPosition": {"Angle": "180000", "X": "15348", "Y": "-70307"}, "PickupLocationId": "260", "Result": "0", "TimeStampSinceStationStarted": "1287469.811641", "VacuumAbsolute": "-830", "VacuumRelative": "-830", "ZEndPosition": "47665000", "ZTargetPosition": "47640427"}, "Place": {"ActualPlacePosition": {"Angle": "0", "X": "102581", "Y": "141628"}, "AirkissPressure": "73", "BoardPanelId": "3", "HoldingCircuitPressure": "2147483647", "NominalPlacePosition": {"Angle": "0", "X": "102580", "Y": "141630"}, "ReferenceDesignator": "C2208_CAPA_2_22_KOND", "Result": "0", "TimeStampSinceStationStarted": "1287470.993496", "VacuumAbsolute": "-856", "VacuumRelative": "102", "ZEndPosition": "37286000", "ZTargetPosition": "37256945"}, "ElectricalMeasurement": null, "Dip": null}, {"HeadSegmentId": "132355", "Measures": {"MeasureList": [{"CameraIndividualId": "3033", "MeasurementResult": "0", "PhiDeviation": "-1066806", "TimeStampSinceStationStarted": "1287470.67315", "VisionDumpPath": "C:\\Sirio\\Work\\SvDumpFiles\\PartCameraDumps\\JID_303383353_OID_426220027_SEG_2_BE-Bibliothek.A5E01059015_R1287466597.svdmp", "XDeviation": "-96770", "YDeviation": "162251"}]}, "Pick": {"ActualPickPosition": {"Angle": "0", "X": "17950", "Y": "-70500"}, "MeasuredComponentHeight": "0", "NominalPickPosition": {"Angle": "0", "X": "18333", "Y": "-70374"}, "PickupLocationId": "259", "Result": "0", "TimeStampSinceStationStarted": "1287469.976741", "VacuumAbsolute": "-833", "VacuumRelative": "-833", "ZEndPosition": "49110000", "ZTargetPosition": "49021048"}, "Place": {"ActualPlacePosition": {"Angle": "180000", "X": "24929", "Y": "139448"}, "AirkissPressure": "73", "BoardPanelId": "3", "HoldingCircuitPressure": "2147483647", "NominalPlacePosition": {"Angle": "180000", "X": "24924", "Y": "139450"}, "ReferenceDesignator": "X201_CONN_14_STECK_R", "Result": "0", "TimeStampSinceStationStarted": "1287471.302419", "VacuumAbsolute": "-835", "VacuumRelative": "103", "ZEndPosition": "29771000", "ZTargetPosition": "29716205"}, "ElectricalMeasurement": null, "Dip": null}, {"HeadSegmentId": "132355", "Measures": {"MeasureList": [{"CameraIndividualId": "3033", "MeasurementResult": "0", "PhiDeviation": "28135", "TimeStampSinceStationStarted": "1287473.625679", "VisionDumpPath": "C:\\Sirio\\Work\\SvDumpFiles\\PartCameraDumps\\JID_303383354_OID_426220028_SEG_2_BE-Bibliothek.A5E30235063_R1287468639.svdmp", "XDeviation": "266382", "YDeviation": "-2234628"}]}, "Pick": {"ActualPickPosition": {"Angle": "-90000", "X": "-14500", "Y": "-278500"}, "MeasuredComponentHeight": "0", "NominalPickPosition": {"Angle": "-90000", "X": "-14500", "Y": "-278500"}, "PickupLocationId": "253", "Result": "0", "TimeStampSinceStationStarted": "1287472.018601", "VacuumAbsolute": "-838", "VacuumRelative": "-838", "ZEndPosition": "47747500", "ZTargetPosition": "47944334"}, "Place": {"ActualPlacePosition": {"Angle": "0", "X": "169817", "Y": "46283"}, "AirkissPressure": "73", "BoardPanelId": "2", "HoldingCircuitPressure": "2147483647", "NominalPlacePosition": {"Angle": "0", "X": "169819", "Y": "46280"}, "ReferenceDesignator": "D1_BGA_372_IC_ASIC_S", "Result": "0", "TimeStampSinceStationStarted": "1287474.066441", "VacuumAbsolute": "-839", "VacuumRelative": "104", "ZEndPosition": "48080500", "ZTargetPosition": "48062025"}, "ElectricalMeasurement": null, "Dip": null}, {"HeadSegmentId": "66819", "Measures": {"MeasureList": [{"CameraIndividualId": "3033", "MeasurementResult": "0", "PhiDeviation": "-1114071", "TimeStampSinceStationStarted": "1287473.767794", "VisionDumpPath": "C:\\Sirio\\Work\\SvDumpFiles\\PartCameraDumps\\JID_303383355_OID_426220029_SEG_1_BE-Bibliothek.A5E00210763_R1287469645.svdmp", "XDeviation": "-175729", "YDeviation": "-116625"}]}, "Pick": {"ActualPickPosition": {"Angle": "180000", "X": "15250", "Y": "-70500"}, "MeasuredComponentHeight": "0", "NominalPickPosition": {"Angle": "180000", "X": "15260", "Y": "-70518"}, "PickupLocationId": "256", "Result": "0", "TimeStampSinceStationStarted": "1287473.023991", "VacuumAbsolute": "-803", "VacuumRelative": "-803", "ZEndPosition": "47640500", "ZTargetPosition": "47572219"}, "Place": {"ActualPlacePosition": {"Angle": "90000", "X": "82382", "Y": "33333"}, "AirkissPressure": "73", "BoardPanelId": "3", "HoldingCircuitPressure": "2147483647", "NominalPlacePosition": {"Angle": "90000", "X": "82380", "Y": "33330"}, "ReferenceDesignator": "C1618_CAP_2_KOND_EL_", "Result": "0", "TimeStampSinceStationStarted": "1287474.308213", "VacuumAbsolute": "-802", "VacuumRelative": "92", "ZEndPosition": "37412000", "ZTargetPosition": "37377035"}, "ElectricalMeasurement": null, "Dip": null}, {"HeadSegmentId": "132355", "Measures": {"MeasureList": [{"CameraIndividualId": "3033", "MeasurementResult": "0", "PhiDeviation": "70145", "TimeStampSinceStationStarted": "1287476.632628", "VisionDumpPath": "C:\\Sirio\\Work\\SvDumpFiles\\PartCameraDumps\\JID_303383356_OID_426220030_SEG_2_BE-Bibliothek.A5E30235063_R1287471628.svdmp", "XDeviation": "248924", "YDeviation": "-2202036"}]}, "Pick": {"ActualPickPosition": {"Angle": "-90000", "X": "-14500", "Y": "-300500"}, "MeasuredComponentHeight": "0", "NominalPickPosition": {"Angle": "-90000", "X": "-14500", "Y": "-300500"}, "PickupLocationId": "253", "Result": "0", "TimeStampSinceStationStarted": "1287475.008214", "VacuumAbsolute": "-838", "VacuumRelative": "-838", "ZEndPosition": "47818500", "ZTargetPosition": "47895125"}, "Place": {"ActualPlacePosition": {"Angle": "0", "X": "49322", "Y": "46283"}, "AirkissPressure": "73", "BoardPanelId": "3", "HoldingCircuitPressure": "2147483647", "NominalPlacePosition": {"Angle": "0", "X": "49319", "Y": "46280"}, "ReferenceDesignator": "D1_BGA_372_IC_ASIC_S", "Result": "0", "TimeStampSinceStationStarted": "1287477.066791", "VacuumAbsolute": "-839", "VacuumRelative": "104", "ZEndPosition": "48005500", "ZTargetPosition": "47997053"}, "ElectricalMeasurement": null, "Dip": null}, {"HeadSegmentId": "66819", "Measures": {"MeasureList": [{"CameraIndividualId": "3033", "MeasurementResult": "0", "PhiDeviation": "-175719", "TimeStampSinceStationStarted": "1287476.774684", "VisionDumpPath": "C:\\Sirio\\Work\\SvDumpFiles\\PartCameraDumps\\JID_303383357_OID_426220031_SEG_1_BE-Bibliothek.A5E00210763_R1287472651.svdmp", "XDeviation": "-263054", "YDeviation": "-148795"}]}, "Pick": {"ActualPickPosition": {"Angle": "180000", "X": "15250", "Y": "-70500"}, "MeasuredComponentHeight": "0", "NominalPickPosition": {"Angle": "180000", "X": "15269", "Y": "-70512"}, "PickupLocationId": "256", "Result": "0", "TimeStampSinceStationStarted": "1287476.030216", "VacuumAbsolute": "-813", "VacuumRelative": "-813", "ZEndPosition": "47784000", "ZTargetPosition": "47589290"}, "Place": {"ActualPlacePosition": {"Angle": "90000", "X": "202876", "Y": "33333"}, "AirkissPressure": "78", "BoardPanelId": "2", "HoldingCircuitPressure": "2147483647", "NominalPlacePosition": {"Angle": "90000", "X": "202880", "Y": "33330"}, "ReferenceDesignator": "C1618_CAP_2_KOND_EL_", "Result": "0", "TimeStampSinceStationStarted": "1287477.412057", "VacuumAbsolute": "-813", "VacuumRelative": "94", "ZEndPosition": "37562000", "ZTargetPosition": "37548294"}, "ElectricalMeasurement": null, "Dip": null}, {"HeadSegmentId": "66819", "Measures": {"MeasureList": [{"CameraIndividualId": "3033", "MeasurementResult": "0", "PhiDeviation": "-1948138", "TimeStampSinceStationStarted": "1287479.598727", "VisionDumpPath": "C:\\Sirio\\Work\\SvDumpFiles\\PartCameraDumps\\JID_303383358_OID_426220033_SEG_1_BE-Bibliothek.A5E00701727_R1287475536.svdmp", "XDeviation": "-89830", "YDeviation": "26634"}]}, "Pick": {"ActualPickPosition": {"Angle": "180000", "X": "15250", "Y": "-70500"}, "MeasuredComponentHeight": "0", "NominalPickPosition": {"Angle": "180000", "X": "15349", "Y": "-70303"}, "PickupLocationId": "260", "Result": "0", "TimeStampSinceStationStarted": "1287478.915384", "VacuumAbsolute": "-829", "VacuumRelative": "-829", "ZEndPosition": "47626000", "ZTargetPosition": "47646570"}, "Place": {"ActualPlacePosition": {"Angle": "0", "X": "223075", "Y": "141628"}, "AirkissPressure": "71", "BoardPanelId": "2", "HoldingCircuitPressure": "2147483647", "NominalPlacePosition": {"Angle": "0", "X": "223080", "Y": "141630"}, "ReferenceDesignator": "C2208_CAPA_2_22_KOND", "Result": "0", "TimeStampSinceStationStarted": "1287479.996075", "VacuumAbsolute": "-857", "VacuumRelative": "102", "ZEndPosition": "37437000", "ZTargetPosition": "37438921"}, "ElectricalMeasurement": null, "Dip": null}, {"HeadSegmentId": "132355", "Measures": {"MeasureList": [{"CameraIndividualId": "3033", "MeasurementResult": "0", "PhiDeviation": "-353237", "TimeStampSinceStationStarted": "1287479.73794", "VisionDumpPath": "C:\\Sirio\\Work\\SvDumpFiles\\PartCameraDumps\\JID_303383359_OID_426220032_SEG_2_BE-Bibliothek.A5E30242702_R1287475743.svdmp", "XDeviation": "70036", "YDeviation": "79376"}]}, "Pick": {"ActualPickPosition": {"Angle": "0", "X": "15250", "Y": "-70500"}, "MeasuredComponentHeight": "0", "NominalPickPosition": {"Angle": "0", "X": "15344", "Y": "-70554"}, "PickupLocationId": "261", "Result": "0", "TimeStampSinceStationStarted": "1287479.122898", "VacuumAbsolute": "-796", "VacuumRelative": "-796", "ZEndPosition": "48058500", "ZTargetPosition": "48025263"}, "Place": {"ActualPlacePosition": {"Angle": "0", "X": "20424", "Y": "59682"}, "AirkissPressure": "25", "BoardPanelId": "3", "HoldingCircuitPressure": "2147483647", "NominalPlacePosition": {"Angle": "0", "X": "20419", "Y": "59680"}, "ReferenceDesignator": "Z400_SOP_16_NETZWERK", "Result": "0", "TimeStampSinceStationStarted": "1287480.356957", "VacuumAbsolute": "-804", "VacuumRelative": "98", "ZEndPosition": "42749000", "ZTargetPosition": "42739827"}, "ElectricalMeasurement": null, "Dip": null}, {"HeadSegmentId": "132355", "Measures": {"MeasureList": [{"CameraIndividualId": "3033", "MeasurementResult": "0", "PhiDeviation": "-218465", "TimeStampSinceStationStarted": "1287482.073332", "VisionDumpPath": "C:\\Sirio\\Work\\SvDumpFiles\\PartCameraDumps\\JID_303383360_OID_426220034_SEG_2_BE-Bibliothek.A5E30242702_R1287477821.svdmp", "XDeviation": "68236", "YDeviation": "82529"}]}, "Pick": {"ActualPickPosition": {"Angle": "0", "X": "15250", "Y": "-70500"}, "MeasuredComponentHeight": "0", "NominalPickPosition": {"Angle": "0", "X": "15348", "Y": "-70550"}, "PickupLocationId": "261", "Result": "0", "TimeStampSinceStationStarted": "1287481.200394", "VacuumAbsolute": "-794", "VacuumRelative": "-794", "ZEndPosition": "48056000", "ZTargetPosition": "48033572"}, "Place": {"ActualPlacePosition": {"Angle": "0", "X": "140918", "Y": "59682"}, "AirkissPressure": "22", "BoardPanelId": "2", "HoldingCircuitPressure": "2147483647", "NominalPlacePosition": {"Angle": "0", "X": "140919", "Y": "59680"}, "ReferenceDesignator": "Z400_SOP_16_NETZWERK", "Result": "0", "TimeStampSinceStationStarted": "1287482.503833", "VacuumAbsolute": "-801", "VacuumRelative": "97", "ZEndPosition": "42577500", "ZTargetPosition": "42644323"}, "ElectricalMeasurement": null, "Dip": null}, {"HeadSegmentId": "66819", "Measures": {"MeasureList": [{"CameraIndividualId": "3033", "MeasurementResult": "0", "PhiDeviation": "-307972", "TimeStampSinceStationStarted": "1287482.215604", "VisionDumpPath": "C:\\Sirio\\Work\\SvDumpFiles\\PartCameraDumps\\JID_303383361_OID_426220035_SEG_1_BE-Bibliothek.A5E00210763_R1287478092.svdmp", "XDeviation": "59921", "YDeviation": "-42064"}]}, "Pick": {"ActualPickPosition": {"Angle": "180000", "X": "15250", "Y": "-70500"}, "MeasuredComponentHeight": "0", "NominalPickPosition": {"Angle": "180000", "X": "15282", "Y": "-70504"}, "PickupLocationId": "256", "Result": "0", "TimeStampSinceStationStarted": "1287481.4708", "VacuumAbsolute": "-810", "VacuumRelative": "-810", "ZEndPosition": "47769500", "ZTargetPosition": "47637967"}, "Place": {"ActualPlacePosition": {"Angle": "180000", "X": "89932", "Y": "80731"}, "AirkissPressure": "71", "BoardPanelId": "3", "HoldingCircuitPressure": "2147483647", "NominalPlacePosition": {"Angle": "180000", "X": "89930", "Y": "80730"}, "ReferenceDesignator": "C1405_CAP_2_KOND_EL_", "Result": "0", "TimeStampSinceStationStarted": "1287482.740402", "VacuumAbsolute": "-811", "VacuumRelative": "93", "ZEndPosition": "37121000", "ZTargetPosition": "37115313"}, "ElectricalMeasurement": null, "Dip": null}, {"HeadSegmentId": "132355", "Measures": {"MeasureList": [{"CameraIndividualId": "3033", "MeasurementResult": "0", "PhiDeviation": "-749530", "TimeStampSinceStationStarted": "1287484.18792", "VisionDumpPath": "C:\\Sirio\\Work\\SvDumpFiles\\PartCameraDumps\\JID_303383362_OID_426220036_SEG_2_BE-Bibliothek.A5E01649509_R1287479909.svdmp", "XDeviation": "26990", "YDeviation": "78828"}]}, "Pick": {"ActualPickPosition": {"Angle": "-90000", "X": "8000", "Y": "-51500"}, "MeasuredComponentHeight": "0", "NominalPickPosition": {"Angle": "-90000", "X": "8284", "Y": "-51485"}, "PickupLocationId": "258", "Result": "0", "TimeStampSinceStationStarted": "1287483.288328", "VacuumAbsolute": "-770", "VacuumRelative": "-770", "ZEndPosition": "47153000", "ZTargetPosition": "47169286"}, "Place": {"ActualPlacePosition": {"Angle": "180000", "X": "224475", "Y": "67132"}, "AirkissPressure": "71", "BoardPanelId": "2", "HoldingCircuitPressure": "2147483647", "NominalPlacePosition": {"Angle": "180000", "X": "224480", "Y": "67130"}, "ReferenceDesignator": "V701_DPAK/TO252_TRAN", "Result": "0", "TimeStampSinceStationStarted": "1287484.613344", "VacuumAbsolute": "-805", "VacuumRelative": "98", "ZEndPosition": "45273000", "ZTargetPosition": "45324602"}, "ElectricalMeasurement": null, "Dip": null}, {"HeadSegmentId": "66819", "Measures": {"MeasureList": [{"CameraIndividualId": "3033", "MeasurementResult": "0", "PhiDeviation": "-1025019", "TimeStampSinceStationStarted": "1287484.328024", "VisionDumpPath": "C:\\Sirio\\Work\\SvDumpFiles\\PartCameraDumps\\JID_303383363_OID_426220037_SEG_1_BE-Bibliothek.A5E00210763_R1287480219.svdmp", "XDeviation": "-121862", "YDeviation": "103082"}]}, "Pick": {"ActualPickPosition": {"Angle": "180000", "X": "15250", "Y": "-70500"}, "MeasuredComponentHeight": "0", "NominalPickPosition": {"Angle": "180000", "X": "15279", "Y": "-70502"}, "PickupLocationId": "256", "Result": "0", "TimeStampSinceStationStarted": "1287483.598767", "VacuumAbsolute": "-792", "VacuumRelative": "-792", "ZEndPosition": "47614500", "ZTargetPosition": "47670850"}, "Place": {"ActualPlacePosition": {"Angle": "180000", "X": "210426", "Y": "80731"}, "AirkissPressure": "75", "BoardPanelId": "2", "HoldingCircuitPressure": "2147483647", "NominalPlacePosition": {"Angle": "180000", "X": "210430", "Y": "80730"}, "ReferenceDesignator": "C1405_CAP_2_KOND_EL_", "Result": "0", "TimeStampSinceStationStarted": "1287484.903152", "VacuumAbsolute": "-793", "VacuumRelative": "90", "ZEndPosition": "37204000", "ZTargetPosition": "37246717"}, "ElectricalMeasurement": null, "Dip": null}, {"HeadSegmentId": "66819", "Measures": {"MeasureList": [{"CameraIndividualId": "3033", "MeasurementResult": "0", "PhiDeviation": "-393562", "TimeStampSinceStationStarted": "1287486.036568", "VisionDumpPath": "C:\\Sirio\\Work\\SvDumpFiles\\PartCameraDumps\\JID_303383364_OID_426220038_SEG_1_BE-Bibliothek.A5E00701727_R1287482078.svdmp", "XDeviation": "-64132", "YDeviation": "35505"}]}, "Pick": {"ActualPickPosition": {"Angle": "180000", "X": "15250", "Y": "-70500"}, "MeasuredComponentHeight": "0", "NominalPickPosition": {"Angle": "180000", "X": "15354", "Y": "-70304"}, "PickupLocationId": "260", "Result": "0", "TimeStampSinceStationStarted": "1287485.457321", "VacuumAbsolute": "-824", "VacuumRelative": "-824", "ZEndPosition": "47639000", "ZTargetPosition": "47641427"}, "Place": {"ActualPlacePosition": {"Angle": "0", "X": "210176", "Y": "141628"}, "AirkissPressure": "72", "BoardPanelId": "2", "HoldingCircuitPressure": "2147483647", "NominalPlacePosition": {"Angle": "0", "X": "210180", "Y": "141630"}, "ReferenceDesignator": "C2207_CAPA_2_22_KOND", "Result": "0", "TimeStampSinceStationStarted": "1287486.432274", "VacuumAbsolute": "-849", "VacuumRelative": "100", "ZEndPosition": "37436000", "ZTargetPosition": "37416551"}, "ElectricalMeasurement": null, "Dip": null}, {"HeadSegmentId": "132355", "Measures": {"MeasureList": [{"CameraIndividualId": "3033", "MeasurementResult": "0", "PhiDeviation": "-182324", "TimeStampSinceStationStarted": "1287486.17624", "VisionDumpPath": "C:\\Sirio\\Work\\SvDumpFiles\\PartCameraDumps\\JID_303383365_OID_426220039_SEG_2_BE-Bibliothek.A5E01649509_R1287482238.svdmp", "XDeviation": "45437", "YDeviation": "26507"}]}, "Pick": {"ActualPickPosition": {"Angle": "-90000", "X": "8000", "Y": "-51500"}, "MeasuredComponentHeight": "0", "NominalPickPosition": {"Angle": "-90000", "X": "8288", "Y": "-51486"}, "PickupLocationId": "258", "Result": "0", "TimeStampSinceStationStarted": "1287485.617504", "VacuumAbsolute": "-772", "VacuumRelative": "-772", "ZEndPosition": "47157000", "ZTargetPosition": "47165214"}, "Place": {"ActualPlacePosition": {"Angle": "180000", "X": "103981", "Y": "67132"}, "AirkissPressure": "74", "BoardPanelId": "3", "HoldingCircuitPressure": "2147483647", "NominalPlacePosition": {"Angle": "180000", "X": "103980", "Y": "67130"}, "ReferenceDesignator": "V701_DPAK/TO252_TRAN", "Result": "0", "TimeStampSinceStationStarted": "1287486.755434", "VacuumAbsolute": "-807", "VacuumRelative": "98", "ZEndPosition": "45068000", "ZTargetPosition": "45087350"}, "ElectricalMeasurement": null, "Dip": null}, {"HeadSegmentId": "132355", "Measures": {"MeasureList": [{"CameraIndividualId": "3033", "MeasurementResult": "0", "PhiDeviation": "-1593878", "TimeStampSinceStationStarted": "1287488.307767", "VisionDumpPath": "C:\\Sirio\\Work\\SvDumpFiles\\PartCameraDumps\\JID_303383366_OID_426220040_SEG_2_BE-Bibliothek.A5E32357002_R1287483948.svdmp", "XDeviation": "447009", "YDeviation": "-78543"}]}, "Pick": {"ActualPickPosition": {"Angle": "0", "X": "29950", "Y": "-70500"}, "MeasuredComponentHeight": "0", "NominalPickPosition": {"Angle": "0", "X": "30051", "Y": "-70460"}, "PickupLocationId": "257", "Result": "0", "TimeStampSinceStationStarted": "1287487.328156", "VacuumAbsolute": "-748", "VacuumRelative": "-748", "ZEndPosition": "47070000", "ZTargetPosition": "47095661"}, "Place": {"ActualPlacePosition": {"Angle": "180000", "X": "98586", "Y": "160177"}, "AirkissPressure": "74", "BoardPanelId": "3", "HoldingCircuitPressure": "2147483647", "NominalPlacePosition": {"Angle": "180000", "X": "98585", "Y": "160180"}, "ReferenceDesignator": "X202_CONN_28_STECK_R", "Result": "0", "TimeStampSinceStationStarted": "1287488.791592", "VacuumAbsolute": "-751", "VacuumRelative": "88", "ZEndPosition": "28775000", "ZTargetPosition": "28891921"}, "ElectricalMeasurement": null, "Dip": null}, {"HeadSegmentId": "132355", "Measures": {"MeasureList": [{"CameraIndividualId": "3033", "MeasurementResult": "0", "PhiDeviation": "-1057941", "TimeStampSinceStationStarted": "1287490.331034", "VisionDumpPath": "C:\\Sirio\\Work\\SvDumpFiles\\PartCameraDumps\\JID_303383367_OID_426220041_SEG_2_BE-Bibliothek.A5E32357002_R1287485959.svdmp", "XDeviation": "150262", "YDeviation": "-121783"}]}, "Pick": {"ActualPickPosition": {"Angle": "0", "X": "29950", "Y": "-70500"}, "MeasuredComponentHeight": "0", "NominalPickPosition": {"Angle": "0", "X": "30073", "Y": "-70464"}, "PickupLocationId": "257", "Result": "0", "TimeStampSinceStationStarted": "1287489.338245", "VacuumAbsolute": "-805", "VacuumRelative": "-805", "ZEndPosition": "47247500", "ZTargetPosition": "47089246"}, "Place": {"ActualPlacePosition": {"Angle": "180000", "X": "219081", "Y": "160177"}, "AirkissPressure": "74", "BoardPanelId": "2", "HoldingCircuitPressure": "2147483647", "NominalPlacePosition": {"Angle": "180000", "X": "219085", "Y": "160180"}, "ReferenceDesignator": "X202_CONN_28_STECK_R", "Result": "0", "TimeStampSinceStationStarted": "1287490.815814", "VacuumAbsolute": "-804", "VacuumRelative": "98", "ZEndPosition": "29150500", "ZTargetPosition": "29159906"}, "ElectricalMeasurement": null, "Dip": null}]}, "HeadContext": {"HeadSegments": {"HeadSegment": [{"GantryId": "3", "Head": "1", "HeadName": "Twin Head 5xx", "Id": "66819", "NozzleTypeId": "517", "SegmentNumber": "1"}, {"GantryId": "3", "Head": "1", "HeadName": "Twin Head 5xx", "Id": "132355", "NozzleTypeId": "573", "SegmentNumber": "2"}]}}, "SetupContext": {"PickupLocations": {"PickupLocation": [{"Division": "1", "FeederId": "", "FeederType": "34", "Id": "253", "Level": "5", "Location": "2", "StartTrackNumber": "1", "SubLocation": "2", "Tower": "1", "PackagingUid": ""}, {"Division": "1", "FeederId": "24FAUE900235", "FeederType": "280", "Id": "256", "Level": "0", "Location": "3", "StartTrackNumber": "4", "SubLocation": "1", "Tower": "0", "PackagingUid": "M05314371"}, {"Division": "1", "FeederId": "56FAUEN00199", "FeederType": "312", "Id": "257", "Level": "0", "Location": "3", "StartTrackNumber": "7", "SubLocation": "1", "Tower": "0", "PackagingUid": "M04854765"}, {"Division": "1", "FeederId": "17ATMH805118", "FeederType": "273", "Id": "258", "Level": "0", "Location": "3", "StartTrackNumber": "13", "SubLocation": "1", "Tower": "0", "PackagingUid": "M05206518"}, {"Division": "1", "FeederId": "32FAUEN00039", "FeederType": "288", "Id": "259", "Level": "0", "Location": "3", "StartTrackNumber": "15", "SubLocation": "1", "Tower": "0", "PackagingUid": "M05323268"}, {"Division": "1", "FeederId": "24FAUE600582", "FeederType": "280", "Id": "260", "Level": "0", "Location": "3", "StartTrackNumber": "19", "SubLocation": "1", "Tower": "0", "PackagingUid": "M05187818"}, {"Division": "1", "FeederId": "24FAUF700689", "FeederType": "280", "Id": "261", "Level": "0", "Location": "3", "StartTrackNumber": "22", "SubLocation": "1", "Tower": "0", "PackagingUid": "M05014338"}]}}}}, "ProductionEndedData": {"StationTime": "2021-11-30T08:09:40.0110000+08:00", "TimeStampSinceStationStarted": "1287491.279378"}}