{"name": "PDI_Line5_3940919416_20211130155312.txt", "Timestamp": "2021-11-30T15:52:55.5204996+08:00", "TxnID": "ecead0e2-813d-422d-ad6a-f96ef1e69206", "Line": "SEWC-Lines\\Line5", "Machine": "Line5\\ST3_X3 S", "ProductionStartedData": [{"ConveyorLanePosition": "1", "ConveyorStopperPosition": "1", "Pcb": {"BarcodeReaderPosition": "0", "BoardSide": "1", "IndividualGUID": "40fe7de4-90a0-4db8-99c1-01b6d2c20f65", "LineJobGUID": "545cc380-820c-40fe-b772-c5a1099a59d8", "Path": "STAB\\A5E50302024bt02", "PcbIndividualID": "44491", "RecipePath": "Line5\\Smart_CPU_L5_702SAF\\A5E50302024bt02", "Barcode": "", "OrderNumber": null}, "ProcessingAreaPosition": "2", "SetupPath": "Line5\\Smart_CPU_L5_702SAF", "StationTime": "2021-11-30T15:50:31.1770000+08:00", "TimeStampSinceStationStarted": "1315142.307566"}], "BoardPositionsList": {"BoardPositions": [{"ActualPosition": {"Angle": "212", "X": "509437", "Y": "-233240", "Z": "-5000"}, "FiducialPositions": {"FiducialRecognitionResult": []}, "NominalPosition": {"Angle": "0", "X": "509820", "Y": "-233646", "Z": "-5000"}}]}, "ProgressDataList": {"ProductionProgressData": {"BoardContext": {"BoardPanels": {"BoardPanel": [{"Id": "2", "PanelPath": "A5E50302024bt02/A1"}]}}, "ComponentIndividuals": {"ComponentIndividual": [{"HeadSegmentId": "66819", "Measures": {"MeasureList": [{"CameraIndividualId": "3033", "MeasurementResult": "0", "PhiDeviation": "250690", "TimeStampSinceStationStarted": "1315145.360184", "VisionDumpPath": "C:\\Sirio\\Work\\SvDumpFiles\\PartCameraDumps\\JID_303389938_OID_444910012_SEG_1_BE-Bibliothek.A5E30242702_R1315139358.svdmp", "XDeviation": "90898", "YDeviation": "-43133"}]}, "Pick": {"ActualPickPosition": {"Angle": "0", "X": "15250", "Y": "-70500"}, "MeasuredComponentHeight": "0", "NominalPickPosition": {"Angle": "0", "X": "15342", "Y": "-70563"}, "PickupLocationId": "261", "Result": "0", "TimeStampSinceStationStarted": "1315142.600766", "VacuumAbsolute": "-799", "VacuumRelative": "-799", "ZEndPosition": "48002000", "ZTargetPosition": "47970092"}, "Place": {"ActualPlacePosition": {"Angle": "0", "X": "22855", "Y": "61033"}, "AirkissPressure": "22", "BoardPanelId": "2", "HoldingCircuitPressure": "2147483647", "NominalPlacePosition": {"Angle": "0", "X": "22850", "Y": "61030"}, "ReferenceDesignator": "Z400_SOP_16_NETZWERK", "Result": "0", "TimeStampSinceStationStarted": "1315145.888262", "VacuumAbsolute": "-816", "VacuumRelative": "94", "ZEndPosition": "42589000", "ZTargetPosition": "42446226"}, "ElectricalMeasurement": null, "Dip": null}, {"HeadSegmentId": "132355", "Measures": {"MeasureList": [{"CameraIndividualId": "3033", "MeasurementResult": "0", "PhiDeviation": "290761", "TimeStampSinceStationStarted": "1315145.50281", "VisionDumpPath": "C:\\Sirio\\Work\\SvDumpFiles\\PartCameraDumps\\JID_303389939_OID_444910013_SEG_2_BE-Bibliothek.A5E00701727_R1315139592.svdmp", "XDeviation": "-59995", "YDeviation": "-4508"}]}, "Pick": {"ActualPickPosition": {"Angle": "180000", "X": "15250", "Y": "-70500"}, "MeasuredComponentHeight": "0", "NominalPickPosition": {"Angle": "180000", "X": "15300", "Y": "-70342"}, "PickupLocationId": "260", "Result": "0", "TimeStampSinceStationStarted": "1315142.83485", "VacuumAbsolute": "-808", "VacuumRelative": "-808", "ZEndPosition": "47714000", "ZTargetPosition": "47683196"}, "Place": {"ActualPlacePosition": {"Angle": "-90000", "X": "154656", "Y": "142297"}, "AirkissPressure": "74", "BoardPanelId": "2", "HoldingCircuitPressure": "2147483647", "NominalPlacePosition": {"Angle": "-90000", "X": "154660", "Y": "142300"}, "ReferenceDesignator": "C2809_CAPA_2_22_KOND", "Result": "0", "TimeStampSinceStationStarted": "1315146.211067", "VacuumAbsolute": "-817", "VacuumRelative": "100", "ZEndPosition": "37185500", "ZTargetPosition": "37121394"}, "ElectricalMeasurement": null, "Dip": null}, {"HeadSegmentId": "66819", "Measures": {"MeasureList": [{"CameraIndividualId": "3033", "MeasurementResult": "0", "PhiDeviation": "250576", "TimeStampSinceStationStarted": "1315148.15077", "VisionDumpPath": "C:\\Sirio\\Work\\SvDumpFiles\\PartCameraDumps\\JID_303389940_OID_444910014_SEG_1_BE-Bibliothek.A5E32357002_R1315143568.svdmp", "XDeviation": "23336", "YDeviation": "530515"}]}, "Pick": {"ActualPickPosition": {"Angle": "0", "X": "30150", "Y": "-72740"}, "MeasuredComponentHeight": "0", "NominalPickPosition": {"Angle": "0", "X": "30061", "Y": "-72467"}, "PickupLocationId": "257", "Result": "0", "TimeStampSinceStationStarted": "1315146.809954", "VacuumAbsolute": "-779", "VacuumRelative": "-779", "ZEndPosition": "47049000", "ZTargetPosition": "47050732"}, "Place": {"ActualPlacePosition": {"Angle": "0", "X": "131798", "Y": "153626"}, "AirkissPressure": "74", "BoardPanelId": "2", "HoldingCircuitPressure": "2147483647", "NominalPlacePosition": {"Angle": "0", "X": "131800", "Y": "153630"}, "ReferenceDesignator": "X202_CONN_28_STECK_R", "Result": "0", "TimeStampSinceStationStarted": "1315149.035079", "VacuumAbsolute": "-776", "VacuumRelative": "87", "ZEndPosition": "28811000", "ZTargetPosition": "28757087"}, "ElectricalMeasurement": null, "Dip": null}, {"HeadSegmentId": "132355", "Measures": {"MeasureList": [{"CameraIndividualId": "3033", "MeasurementResult": "0", "PhiDeviation": "-579035", "TimeStampSinceStationStarted": "1315148.473084", "VisionDumpPath": "C:\\Sirio\\Work\\SvDumpFiles\\PartCameraDumps\\JID_303389941_OID_444910015_SEG_2_BE-Bibliothek.A5E00210763_R1315144066.svdmp", "XDeviation": "-42621", "YDeviation": "86505"}]}, "Pick": {"ActualPickPosition": {"Angle": "180000", "X": "15250", "Y": "-70500"}, "MeasuredComponentHeight": "0", "NominalPickPosition": {"Angle": "180000", "X": "15165", "Y": "-70634"}, "PickupLocationId": "256", "Result": "0", "TimeStampSinceStationStarted": "1315147.30897", "VacuumAbsolute": "-790", "VacuumRelative": "-790", "ZEndPosition": "47765500", "ZTargetPosition": "47733839"}, "Place": {"ActualPlacePosition": {"Angle": "180000", "X": "119649", "Y": "80631"}, "AirkissPressure": "72", "BoardPanelId": "2", "HoldingCircuitPressure": "2147483647", "NominalPlacePosition": {"Angle": "180000", "X": "119650", "Y": "80630"}, "ReferenceDesignator": "C1620_CAP_2_KOND_EL_", "Result": "0", "TimeStampSinceStationStarted": "1315149.381991", "VacuumAbsolute": "-791", "VacuumRelative": "95", "ZEndPosition": "36794000", "ZTargetPosition": "36809726"}, "ElectricalMeasurement": null, "Dip": null}, {"HeadSegmentId": "66819", "Measures": {"MeasureList": [{"CameraIndividualId": "3033", "MeasurementResult": "0", "PhiDeviation": "161910", "TimeStampSinceStationStarted": "1315150.741145", "VisionDumpPath": "C:\\Sirio\\Work\\SvDumpFiles\\PartCameraDumps\\JID_303389942_OID_444910016_SEG_1_BE-Bibliothek.A5E01649509_R1315146784.svdmp", "XDeviation": "-18067", "YDeviation": "52239"}]}, "Pick": {"ActualPickPosition": {"Angle": "-90000", "X": "8000", "Y": "-51500"}, "MeasuredComponentHeight": "0", "NominalPickPosition": {"Angle": "-90000", "X": "8280", "Y": "-51516"}, "PickupLocationId": "258", "Result": "0", "TimeStampSinceStationStarted": "1315150.026814", "VacuumAbsolute": "-756", "VacuumRelative": "-756", "ZEndPosition": "47123000", "ZTargetPosition": "47141817"}, "Place": {"ActualPlacePosition": {"Angle": "-90000", "X": "171045", "Y": "73032"}, "AirkissPressure": "76", "BoardPanelId": "2", "HoldingCircuitPressure": "2147483647", "NominalPlacePosition": {"Angle": "-90000", "X": "171050", "Y": "73030"}, "ReferenceDesignator": "V701_DPAK/TO252_TRAN", "Result": "0", "TimeStampSinceStationStarted": "1315151.263217", "VacuumAbsolute": "-814", "VacuumRelative": "94", "ZEndPosition": "44862500", "ZTargetPosition": "44840724"}, "ElectricalMeasurement": null, "Dip": null}, {"HeadSegmentId": "132355", "Measures": {"MeasureList": [{"CameraIndividualId": "3033", "MeasurementResult": "0", "PhiDeviation": "-447335", "TimeStampSinceStationStarted": "1315150.881238", "VisionDumpPath": "C:\\Sirio\\Work\\SvDumpFiles\\PartCameraDumps\\JID_303389943_OID_444910017_SEG_2_BE-Bibliothek.A5E00210763_R1315146914.svdmp", "XDeviation": "-31346", "YDeviation": "42820"}]}, "Pick": {"ActualPickPosition": {"Angle": "180000", "X": "15250", "Y": "-70500"}, "MeasuredComponentHeight": "0", "NominalPickPosition": {"Angle": "180000", "X": "15167", "Y": "-70638"}, "PickupLocationId": "256", "Result": "0", "TimeStampSinceStationStarted": "1315150.156883", "VacuumAbsolute": "-769", "VacuumRelative": "-769", "ZEndPosition": "47696000", "ZTargetPosition": "47741754"}, "Place": {"ActualPlacePosition": {"Angle": "0", "X": "151296", "Y": "80631"}, "AirkissPressure": "75", "BoardPanelId": "2", "HoldingCircuitPressure": "2147483647", "NominalPlacePosition": {"Angle": "0", "X": "151300", "Y": "80630"}, "ReferenceDesignator": "C1912_CAP_2_KOND_EL_", "Result": "0", "TimeStampSinceStationStarted": "1315151.59863", "VacuumAbsolute": "-768", "VacuumRelative": "91", "ZEndPosition": "36846000", "ZTargetPosition": "36866116"}, "ElectricalMeasurement": null, "Dip": null}, {"HeadSegmentId": "66819", "Measures": {"MeasureList": [{"CameraIndividualId": "3033", "MeasurementResult": "0", "PhiDeviation": "272842", "TimeStampSinceStationStarted": "1315154.602536", "VisionDumpPath": "C:\\Sirio\\Work\\SvDumpFiles\\PartCameraDumps\\JID_303389944_OID_444910019_SEG_1_BE-Bibliothek.A5E01059015_R1315150439.svdmp", "XDeviation": "-294399", "YDeviation": "-239548"}]}, "Pick": {"ActualPickPosition": {"Angle": "0", "X": "17950", "Y": "-70500"}, "MeasuredComponentHeight": "0", "NominalPickPosition": {"Angle": "0", "X": "18309", "Y": "-70345"}, "PickupLocationId": "259", "Result": "0", "TimeStampSinceStationStarted": "1315153.681329", "VacuumAbsolute": "-844", "VacuumRelative": "-844", "ZEndPosition": "49003500", "ZTargetPosition": "49002373"}, "Place": {"ActualPlacePosition": {"Angle": "180000", "X": "27355", "Y": "137722"}, "AirkissPressure": "72", "BoardPanelId": "2", "HoldingCircuitPressure": "2147483647", "NominalPlacePosition": {"Angle": "180000", "X": "27350", "Y": "137725"}, "ReferenceDesignator": "X201_CONN_14_STECK_R", "Result": "0", "TimeStampSinceStationStarted": "1315155.02548", "VacuumAbsolute": "-849", "VacuumRelative": "100", "ZEndPosition": "29564500", "ZTargetPosition": "29561754"}, "ElectricalMeasurement": null, "Dip": null}, {"HeadSegmentId": "132355", "Measures": {"MeasureList": [{"CameraIndividualId": "3033", "MeasurementResult": "0", "PhiDeviation": "982864", "TimeStampSinceStationStarted": "1315154.461801", "VisionDumpPath": "C:\\Sirio\\Work\\SvDumpFiles\\PartCameraDumps\\JID_303389945_OID_444910018_SEG_2_BE-Bibliothek.A5E00701727_R1315150722.svdmp", "XDeviation": "-24475", "YDeviation": "-75339"}]}, "Pick": {"ActualPickPosition": {"Angle": "180000", "X": "15250", "Y": "-70500"}, "MeasuredComponentHeight": "0", "NominalPickPosition": {"Angle": "180000", "X": "15303", "Y": "-70342"}, "PickupLocationId": "260", "Result": "0", "TimeStampSinceStationStarted": "1315153.96404", "VacuumAbsolute": "-819", "VacuumRelative": "-819", "ZEndPosition": "47714500", "ZTargetPosition": "47690897"}, "Place": {"ActualPlacePosition": {"Angle": "-90000", "X": "144947", "Y": "142327"}, "AirkissPressure": "74", "BoardPanelId": "2", "HoldingCircuitPressure": "2147483647", "NominalPlacePosition": {"Angle": "-90000", "X": "144950", "Y": "142330"}, "ReferenceDesignator": "C2807_CAPA_2_22_KOND", "Result": "0", "TimeStampSinceStationStarted": "1315155.270506", "VacuumAbsolute": "-835", "VacuumRelative": "103", "ZEndPosition": "37145000", "ZTargetPosition": "37135073"}, "ElectricalMeasurement": null, "Dip": null}, {"HeadSegmentId": "66819", "Measures": {"MeasureList": [{"CameraIndividualId": "3033", "MeasurementResult": "0", "PhiDeviation": "-140475", "TimeStampSinceStationStarted": "1315157.204969", "VisionDumpPath": "C:\\Sirio\\Work\\SvDumpFiles\\PartCameraDumps\\JID_303389946_OID_444910020_SEG_1_BE-Bibliothek.A5E30235063_R1315152544.svdmp", "XDeviation": "340540", "YDeviation": "-2263503"}]}, "Pick": {"ActualPickPosition": {"Angle": "-90000", "X": "-40000", "Y": "-80500"}, "MeasuredComponentHeight": "0", "NominalPickPosition": {"Angle": "-90000", "X": "-40000", "Y": "-80500"}, "PickupLocationId": "252", "Result": "0", "TimeStampSinceStationStarted": "1315155.786519", "VacuumAbsolute": "-853", "VacuumRelative": "-853", "ZEndPosition": "48244000", "ZTargetPosition": "48110795"}, "Place": {"ActualPlacePosition": {"Angle": "0", "X": "51753", "Y": "47634"}, "AirkissPressure": "72", "BoardPanelId": "2", "HoldingCircuitPressure": "2147483647", "NominalPlacePosition": {"Angle": "0", "X": "51750", "Y": "47630"}, "ReferenceDesignator": "D1_BGA_372_IC_ASIC_S", "Result": "0", "TimeStampSinceStationStarted": "1315157.73832", "VacuumAbsolute": "-854", "VacuumRelative": "101", "ZEndPosition": "47712000", "ZTargetPosition": "47700553"}, "ElectricalMeasurement": null, "Dip": null}, {"HeadSegmentId": "132355", "Measures": {"MeasureList": [{"CameraIndividualId": "3033", "MeasurementResult": "0", "PhiDeviation": "1745871", "TimeStampSinceStationStarted": "1315157.347204", "VisionDumpPath": "C:\\Sirio\\Work\\SvDumpFiles\\PartCameraDumps\\JID_303389947_OID_444910021_SEG_2_BE-Bibliothek.A5E00701727_R1315153502.svdmp", "XDeviation": "42689", "YDeviation": "-108344"}]}, "Pick": {"ActualPickPosition": {"Angle": "180000", "X": "15250", "Y": "-70500"}, "MeasuredComponentHeight": "0", "NominalPickPosition": {"Angle": "180000", "X": "15304", "Y": "-70338"}, "PickupLocationId": "260", "Result": "0", "TimeStampSinceStationStarted": "1315156.744248", "VacuumAbsolute": "-817", "VacuumRelative": "-817", "ZEndPosition": "47753000", "ZTargetPosition": "47696798"}, "Place": {"ActualPlacePosition": {"Angle": "-90000", "X": "164395", "Y": "142327"}, "AirkissPressure": "74", "BoardPanelId": "2", "HoldingCircuitPressure": "2147483647", "NominalPlacePosition": {"Angle": "-90000", "X": "164400", "Y": "142330"}, "ReferenceDesignator": "C2806_CAPA_2_22_KOND", "Result": "0", "TimeStampSinceStationStarted": "1315158.064487", "VacuumAbsolute": "-832", "VacuumRelative": "103", "ZEndPosition": "37128000", "ZTargetPosition": "37114085"}, "ElectricalMeasurement": null, "Dip": null}]}, "HeadContext": {"HeadSegments": {"HeadSegment": [{"GantryId": "3", "Head": "1", "HeadName": "Twin Head 5xx", "Id": "66819", "NozzleTypeId": "516", "SegmentNumber": "1"}, {"GantryId": "3", "Head": "1", "HeadName": "Twin Head 5xx", "Id": "132355", "NozzleTypeId": "517", "SegmentNumber": "2"}]}}, "SetupContext": {"PickupLocations": {"PickupLocation": [{"Division": "1", "FeederId": "", "FeederType": "34", "Id": "252", "Level": "4", "Location": "2", "StartTrackNumber": "1", "SubLocation": "2", "Tower": "1", "PackagingUid": ""}, {"Division": "1", "FeederId": "24FAUE900235", "FeederType": "280", "Id": "256", "Level": "0", "Location": "3", "StartTrackNumber": "4", "SubLocation": "1", "Tower": "0", "PackagingUid": "M05314811"}, {"Division": "1", "FeederId": "56FAUEN00199", "FeederType": "312", "Id": "257", "Level": "0", "Location": "3", "StartTrackNumber": "7", "SubLocation": "1", "Tower": "0", "PackagingUid": "M04854787"}, {"Division": "1", "FeederId": "17ATMH805118", "FeederType": "273", "Id": "258", "Level": "0", "Location": "3", "StartTrackNumber": "13", "SubLocation": "1", "Tower": "0", "PackagingUid": "M05206518"}, {"Division": "1", "FeederId": "32FAUEN00039", "FeederType": "288", "Id": "259", "Level": "0", "Location": "3", "StartTrackNumber": "15", "SubLocation": "1", "Tower": "0", "PackagingUid": "M05323251"}, {"Division": "1", "FeederId": "24FAUE600582", "FeederType": "280", "Id": "260", "Level": "0", "Location": "3", "StartTrackNumber": "19", "SubLocation": "1", "Tower": "0", "PackagingUid": "M05187763"}, {"Division": "1", "FeederId": "24FAUF700689", "FeederType": "280", "Id": "261", "Level": "0", "Location": "3", "StartTrackNumber": "22", "SubLocation": "1", "Tower": "0", "PackagingUid": "M05014339"}]}}}}, "ProductionEndedData": {"StationTime": "2021-11-30T15:50:47.3160000+08:00", "TimeStampSinceStationStarted": "1315158.446153"}}