{"name": "PDI_Line5_4191603812_20211130114922.txt", "Timestamp": "2021-11-30T11:49:08.3449238+08:00", "TxnID": "bf744863-0a92-45e6-9258-00cd78e72ae1", "Line": "SEWC-Lines\\Line5", "Machine": "Line5\\ST3_X3 S", "ProductionStartedData": [{"ConveyorLanePosition": "1", "ConveyorStopperPosition": "1", "Pcb": {"BarcodeReaderPosition": "0", "BoardSide": "1", "IndividualGUID": "efb4308c-9b3b-42bf-ba10-aae6237ec474", "LineJobGUID": "3f68c8d2-071f-4795-8aa5-1d45806eb923", "Path": "STAB\\A5E50302024lt02", "PcbIndividualID": "43975", "RecipePath": "Line5\\Smart_CPU_L5_702SAF\\A5E50302024lt02", "Barcode": "", "OrderNumber": null}, "ProcessingAreaPosition": "1", "SetupPath": "Line5\\Smart_CPU_L5_702SAF", "StationTime": "2021-11-30T11:46:44.4350000+08:00", "TimeStampSinceStationStarted": "1300515.637209"}], "BoardPositionsList": {"BoardPositions": [{"ActualPosition": {"Angle": "-65", "X": "-476739", "Y": "-232786", "Z": "-5000"}, "FiducialPositions": {"FiducialRecognitionResult": [{"ActualPosition": {"Angle": "-72", "X": "193475", "Y": "11824", "Z": null}, "CameraIndividualId": "4034", "FiducialFunction": "0", "GantryId": "4", "MeasurementResult": "0", "NominalPosition": {"Angle": "0", "X": "194170", "Y": "11990", "Z": null}, "Path": "A5E50302024lt02/1/01/1", "StationTime": "2021-11-30T11:46:47.3880000+08:00", "TimeStampSinceStationStarted": "1300518.590139"}, {"ActualPosition": {"Angle": "-136", "X": "4542", "Y": "184271", "Z": null}, "CameraIndividualId": "4034", "FiducialFunction": "0", "GantryId": "4", "MeasurementResult": "0", "NominalPosition": {"Angle": "0", "X": "5040", "Y": "184226", "Z": null}, "Path": "A5E50302024lt02/1/02/1", "StationTime": "2021-11-30T11:46:47.3880000+08:00", "TimeStampSinceStationStarted": "1300518.590139"}]}, "NominalPosition": {"Angle": "0", "X": "-476032", "Y": "-232838", "Z": "-5000"}}]}, "ProgressDataList": {"ProductionProgressData": {"BoardContext": {"BoardPanels": {"BoardPanel": [{"Id": "2", "PanelPath": "A5E50302024lt02/A1"}]}}, "ComponentIndividuals": {"ComponentIndividual": [{"HeadSegmentId": "67588", "Measures": {"MeasureList": [{"CameraIndividualId": "4033", "MeasurementResult": "0", "PhiDeviation": "477202", "TimeStampSinceStationStarted": "1300519.257367", "VisionDumpPath": "C:\\Sirio\\Work\\SvDumpFiles\\PartCameraDumps\\JID_403368368_OID_439750000_SEG_1_BE-Bibliothek.A5E00277754_R1300512516.svdmp", "XDeviation": "-34361", "YDeviation": "-40619"}]}, "Pick": {"ActualPickPosition": {"Angle": "0", "X": "18028", "Y": "-70606"}, "MeasuredComponentHeight": "0", "NominalPickPosition": {"Angle": "0", "X": "17734", "Y": "-70467"}, "PickupLocationId": "272", "Result": "0", "TimeStampSinceStationStarted": "1300515.83019", "VacuumAbsolute": "-823", "VacuumRelative": "-823", "ZEndPosition": "47265000", "ZTargetPosition": "47284237"}, "Place": {"ActualPlacePosition": {"Angle": "180000", "X": "172149", "Y": "50426"}, "AirkissPressure": "75", "BoardPanelId": "2", "HoldingCircuitPressure": "2147483647", "NominalPlacePosition": {"Angle": "180000", "X": "172150", "Y": "50425"}, "ReferenceDesignator": "X101_EXSOP_14_STECK_", "Result": "0", "TimeStampSinceStationStarted": "1300519.652214", "VacuumAbsolute": "-846", "VacuumRelative": "97", "ZEndPosition": "39005500", "ZTargetPosition": "38949984"}, "ElectricalMeasurement": null, "Dip": null}, {"HeadSegmentId": "67588", "Measures": {"MeasureList": [{"CameraIndividualId": "4033", "MeasurementResult": "0", "PhiDeviation": "-221700", "TimeStampSinceStationStarted": "1300520.91315", "VisionDumpPath": "C:\\Sirio\\Work\\SvDumpFiles\\PartCameraDumps\\JID_403368369_OID_439750001_SEG_1_BE-Bibliothek.A5E50179091_R1300517156.svdmp", "XDeviation": "-13731", "YDeviation": "-33372"}]}, "Pick": {"ActualPickPosition": {"Angle": "0", "X": "15126", "Y": "-71150"}, "MeasuredComponentHeight": "0", "NominalPickPosition": {"Angle": "0", "X": "15226", "Y": "-71349"}, "PickupLocationId": "266", "Result": "0", "TimeStampSinceStationStarted": "1300520.470528", "VacuumAbsolute": "-780", "VacuumRelative": "-780", "ZEndPosition": "47590000", "ZTargetPosition": "47633261"}, "Place": {"ActualPlacePosition": {"Angle": "0", "X": "146299", "Y": "29331"}, "AirkissPressure": "75", "BoardPanelId": "2", "HoldingCircuitPressure": "2147483647", "NominalPlacePosition": {"Angle": "0", "X": "146300", "Y": "29330"}, "ReferenceDesignator": "D2_BGA_90_IC_DRAM_51", "Result": "0", "TimeStampSinceStationStarted": "1300521.315865", "VacuumAbsolute": "-838", "VacuumRelative": "95", "ZEndPosition": "46612500", "ZTargetPosition": "46607322"}, "ElectricalMeasurement": null, "Dip": null}]}, "HeadContext": {"HeadSegments": {"HeadSegment": [{"GantryId": "4", "Head": "1", "HeadName": "Twin Head 5xx", "Id": "67588", "NozzleTypeId": "516", "SegmentNumber": "1"}]}}, "SetupContext": {"PickupLocations": {"PickupLocation": [{"Division": "1", "FeederId": "24FAUE600590", "FeederType": "280", "Id": "266", "Level": "0", "Location": "4", "StartTrackNumber": "4", "SubLocation": "1", "Tower": "0", "PackagingUid": "M05320388"}, {"Division": "1", "FeederId": "32KL-K405124", "FeederType": "288", "Id": "272", "Level": "0", "Location": "4", "StartTrackNumber": "32", "SubLocation": "1", "Tower": "0", "PackagingUid": "M05323051"}]}}}}, "ProductionEndedData": {"StationTime": "2021-11-30T11:46:50.4820000+08:00", "TimeStampSinceStationStarted": "1300521.684081"}}