{"name": "PDI_Line5_3930352099_20211130193809.txt", "Timestamp": "2021-11-30T19:37:45.8421781+08:00", "TxnID": "3b43c175-43d8-4d7f-862e-4821badb9657", "Line": "SEWC-Lines\\Line5", "Machine": "Line5\\ST3_X3 S", "ProductionStartedData": [{"ConveyorLanePosition": "1", "ConveyorStopperPosition": "1", "Pcb": {"BarcodeReaderPosition": "0", "BoardSide": "1", "IndividualGUID": "90158a16-37d0-469d-bfa1-a87734b8ab40", "LineJobGUID": "e5c1bbcc-188b-45e0-8688-0345d94b6a3b", "Path": "STAB\\A5E50302024bt02", "PcbIndividualID": "44953", "RecipePath": "Line5\\Smart_CPU_L5_702SAF\\A5E50302024bt02", "Barcode": "", "OrderNumber": null}, "ProcessingAreaPosition": "2", "SetupPath": "Line5\\Smart_CPU_L5_702SAF", "StationTime": "2021-11-30T19:35:21.3070000+08:00", "TimeStampSinceStationStarted": "1328632.369994"}], "BoardPositionsList": {"BoardPositions": [{"ActualPosition": {"Angle": "88", "X": "509470", "Y": "-233208", "Z": "-5000"}, "FiducialPositions": {"FiducialRecognitionResult": []}, "NominalPosition": {"Angle": "0", "X": "509820", "Y": "-233646", "Z": "-5000"}}]}, "ProgressDataList": {"ProductionProgressData": {"BoardContext": {"BoardPanels": {"BoardPanel": [{"Id": "2", "PanelPath": "A5E50302024bt02/A1"}]}}, "ComponentIndividuals": {"ComponentIndividual": [{"HeadSegmentId": "66819", "Measures": {"MeasureList": [{"CameraIndividualId": "3033", "MeasurementResult": "0", "PhiDeviation": "-327523", "TimeStampSinceStationStarted": "1328634.458667", "VisionDumpPath": "C:\\Sirio\\Work\\SvDumpFiles\\PartCameraDumps\\JID_303394537_OID_449530012_SEG_1_BE-Bibliothek.A5E30242702_R1328629490.svdmp", "XDeviation": "-110310", "YDeviation": "41097"}]}, "Pick": {"ActualPickPosition": {"Angle": "0", "X": "15250", "Y": "-70500"}, "MeasuredComponentHeight": "0", "NominalPickPosition": {"Angle": "0", "X": "15329", "Y": "-70248"}, "PickupLocationId": "261", "Result": "0", "TimeStampSinceStationStarted": "1328632.664424", "VacuumAbsolute": "-791", "VacuumRelative": "-791", "ZEndPosition": "47493000", "ZTargetPosition": "47471297"}, "Place": {"ActualPlacePosition": {"Angle": "0", "X": "22858", "Y": "61034"}, "AirkissPressure": "22", "BoardPanelId": "2", "HoldingCircuitPressure": "2147483647", "NominalPlacePosition": {"Angle": "0", "X": "22850", "Y": "61030"}, "ReferenceDesignator": "Z400_SOP_16_NETZWERK", "Result": "0", "TimeStampSinceStationStarted": "1328634.987464", "VacuumAbsolute": "-808", "VacuumRelative": "93", "ZEndPosition": "41758500", "ZTargetPosition": "41810189"}, "ElectricalMeasurement": null, "Dip": null}, {"HeadSegmentId": "132355", "Measures": {"MeasureList": [{"CameraIndividualId": "3033", "MeasurementResult": "0", "PhiDeviation": "627858", "TimeStampSinceStationStarted": "1328634.601133", "VisionDumpPath": "C:\\Sirio\\Work\\SvDumpFiles\\PartCameraDumps\\JID_303394538_OID_449530013_SEG_2_BE-Bibliothek.A5E00701727_R1328629723.svdmp", "XDeviation": "-83543", "YDeviation": "-71781"}]}, "Pick": {"ActualPickPosition": {"Angle": "180000", "X": "15250", "Y": "-70500"}, "MeasuredComponentHeight": "0", "NominalPickPosition": {"Angle": "180000", "X": "15288", "Y": "-70489"}, "PickupLocationId": "260", "Result": "0", "TimeStampSinceStationStarted": "1328632.897553", "VacuumAbsolute": "-813", "VacuumRelative": "-813", "ZEndPosition": "47685500", "ZTargetPosition": "47665236"}, "Place": {"ActualPlacePosition": {"Angle": "-90000", "X": "154654", "Y": "142296"}, "AirkissPressure": "72", "BoardPanelId": "2", "HoldingCircuitPressure": "2147483647", "NominalPlacePosition": {"Angle": "-90000", "X": "154660", "Y": "142300"}, "ReferenceDesignator": "C2809_CAPA_2_22_KOND", "Result": "0", "TimeStampSinceStationStarted": "1328635.287412", "VacuumAbsolute": "-823", "VacuumRelative": "101", "ZEndPosition": "37085000", "ZTargetPosition": "37101417"}, "ElectricalMeasurement": null, "Dip": null}, {"HeadSegmentId": "66819", "Measures": {"MeasureList": [{"CameraIndividualId": "3033", "MeasurementResult": "0", "PhiDeviation": "-39942", "TimeStampSinceStationStarted": "1328636.597378", "VisionDumpPath": "C:\\Sirio\\Work\\SvDumpFiles\\PartCameraDumps\\JID_303394539_OID_449530014_SEG_1_BE-Bibliothek.A5E01649509_R1328632708.svdmp", "XDeviation": "-16489", "YDeviation": "16555"}]}, "Pick": {"ActualPickPosition": {"Angle": "-90000", "X": "8000", "Y": "-51500"}, "MeasuredComponentHeight": "0", "NominalPickPosition": {"Angle": "-90000", "X": "8261", "Y": "-51487"}, "PickupLocationId": "258", "Result": "0", "TimeStampSinceStationStarted": "1328635.882515", "VacuumAbsolute": "-752", "VacuumRelative": "-752", "ZEndPosition": "47129000", "ZTargetPosition": "47143143"}, "Place": {"ActualPlacePosition": {"Angle": "-90000", "X": "171043", "Y": "73033"}, "AirkissPressure": "71", "BoardPanelId": "2", "HoldingCircuitPressure": "2147483647", "NominalPlacePosition": {"Angle": "-90000", "X": "171050", "Y": "73030"}, "ReferenceDesignator": "V701_DPAK/TO252_TRAN", "Result": "0", "TimeStampSinceStationStarted": "1328637.12569", "VacuumAbsolute": "-814", "VacuumRelative": "94", "ZEndPosition": "44959000", "ZTargetPosition": "44930903"}, "ElectricalMeasurement": null, "Dip": null}, {"HeadSegmentId": "132355", "Measures": {"MeasureList": [{"CameraIndividualId": "3033", "MeasurementResult": "0", "PhiDeviation": "-355115", "TimeStampSinceStationStarted": "1328636.737712", "VisionDumpPath": "C:\\Sirio\\Work\\SvDumpFiles\\PartCameraDumps\\JID_303394540_OID_449530015_SEG_2_BE-Bibliothek.A5E00210763_R1328632838.svdmp", "XDeviation": "54759", "YDeviation": "63695"}]}, "Pick": {"ActualPickPosition": {"Angle": "180000", "X": "15250", "Y": "-70500"}, "MeasuredComponentHeight": "0", "NominalPickPosition": {"Angle": "180000", "X": "15196", "Y": "-70779"}, "PickupLocationId": "256", "Result": "0", "TimeStampSinceStationStarted": "1328636.012532", "VacuumAbsolute": "-794", "VacuumRelative": "-794", "ZEndPosition": "47716500", "ZTargetPosition": "47715824"}, "Place": {"ActualPlacePosition": {"Angle": "0", "X": "151295", "Y": "80632"}, "AirkissPressure": "72", "BoardPanelId": "2", "HoldingCircuitPressure": "2147483647", "NominalPlacePosition": {"Angle": "0", "X": "151300", "Y": "80630"}, "ReferenceDesignator": "C1912_CAP_2_KOND_EL_", "Result": "0", "TimeStampSinceStationStarted": "1328637.460024", "VacuumAbsolute": "-794", "VacuumRelative": "96", "ZEndPosition": "36954500", "ZTargetPosition": "36950186"}, "ElectricalMeasurement": null, "Dip": null}, {"HeadSegmentId": "66819", "Measures": {"MeasureList": [{"CameraIndividualId": "3033", "MeasurementResult": "0", "PhiDeviation": "827358", "TimeStampSinceStationStarted": "1328640.469513", "VisionDumpPath": "C:\\Sirio\\Work\\SvDumpFiles\\PartCameraDumps\\JID_303394541_OID_449530017_SEG_1_BE-Bibliothek.A5E01059015_R1328636368.svdmp", "XDeviation": "287856", "YDeviation": "238837"}]}, "Pick": {"ActualPickPosition": {"Angle": "0", "X": "17950", "Y": "-70500"}, "MeasuredComponentHeight": "0", "NominalPickPosition": {"Angle": "0", "X": "18410", "Y": "-70542"}, "PickupLocationId": "259", "Result": "0", "TimeStampSinceStationStarted": "1328639.543242", "VacuumAbsolute": "-847", "VacuumRelative": "-847", "ZEndPosition": "49075000", "ZTargetPosition": "48966688"}, "Place": {"ActualPlacePosition": {"Angle": "180000", "X": "27357", "Y": "137721"}, "AirkissPressure": "73", "BoardPanelId": "2", "HoldingCircuitPressure": "2147483647", "NominalPlacePosition": {"Angle": "180000", "X": "27350", "Y": "137725"}, "ReferenceDesignator": "X201_CONN_14_STECK_R", "Result": "0", "TimeStampSinceStationStarted": "1328640.892588", "VacuumAbsolute": "-852", "VacuumRelative": "101", "ZEndPosition": "29573000", "ZTargetPosition": "29567809"}, "ElectricalMeasurement": null, "Dip": null}, {"HeadSegmentId": "132355", "Measures": {"MeasureList": [{"CameraIndividualId": "3033", "MeasurementResult": "0", "PhiDeviation": "-2637278", "TimeStampSinceStationStarted": "1328640.328878", "VisionDumpPath": "C:\\Sirio\\Work\\SvDumpFiles\\PartCameraDumps\\JID_303394542_OID_449530016_SEG_2_BE-Bibliothek.A5E00701727_R1328636657.svdmp", "XDeviation": "-164365", "YDeviation": "74423"}]}, "Pick": {"ActualPickPosition": {"Angle": "180000", "X": "15250", "Y": "-70500"}, "MeasuredComponentHeight": "0", "NominalPickPosition": {"Angle": "180000", "X": "15292", "Y": "-70486"}, "PickupLocationId": "260", "Result": "0", "TimeStampSinceStationStarted": "1328639.83239", "VacuumAbsolute": "-818", "VacuumRelative": "-818", "ZEndPosition": "47643000", "ZTargetPosition": "47670302"}, "Place": {"ActualPlacePosition": {"Angle": "-90000", "X": "144945", "Y": "142326"}, "AirkissPressure": "74", "BoardPanelId": "2", "HoldingCircuitPressure": "2147483647", "NominalPlacePosition": {"Angle": "-90000", "X": "144950", "Y": "142330"}, "ReferenceDesignator": "C2807_CAPA_2_22_KOND", "Result": "0", "TimeStampSinceStationStarted": "1328641.138448", "VacuumAbsolute": "-834", "VacuumRelative": "103", "ZEndPosition": "37089500", "ZTargetPosition": "37114383"}, "ElectricalMeasurement": null, "Dip": null}, {"HeadSegmentId": "66819", "Measures": {"MeasureList": [{"CameraIndividualId": "3033", "MeasurementResult": "0", "PhiDeviation": "-446647", "TimeStampSinceStationStarted": "1328643.09207", "VisionDumpPath": "C:\\Sirio\\Work\\SvDumpFiles\\PartCameraDumps\\JID_303394543_OID_449530018_SEG_1_BE-Bibliothek.A5E32357002_R1328638569.svdmp", "XDeviation": "-62581", "YDeviation": "229010"}]}, "Pick": {"ActualPickPosition": {"Angle": "0", "X": "30150", "Y": "-72740"}, "MeasuredComponentHeight": "0", "NominalPickPosition": {"Angle": "0", "X": "30026", "Y": "-72597"}, "PickupLocationId": "257", "Result": "0", "TimeStampSinceStationStarted": "1328641.744105", "VacuumAbsolute": "-847", "VacuumRelative": "-847", "ZEndPosition": "48919500", "ZTargetPosition": "48968823"}, "Place": {"ActualPlacePosition": {"Angle": "0", "X": "131797", "Y": "153625"}, "AirkissPressure": "74", "BoardPanelId": "2", "HoldingCircuitPressure": "2147483647", "NominalPlacePosition": {"Angle": "0", "X": "131800", "Y": "153630"}, "ReferenceDesignator": "X202_CONN_28_STECK_R", "Result": "0", "TimeStampSinceStationStarted": "1328643.967553", "VacuumAbsolute": "-855", "VacuumRelative": "102", "ZEndPosition": "30690500", "ZTargetPosition": "30759136"}, "ElectricalMeasurement": null, "Dip": null}, {"HeadSegmentId": "132355", "Measures": {"MeasureList": [{"CameraIndividualId": "3033", "MeasurementResult": "0", "PhiDeviation": "-215806", "TimeStampSinceStationStarted": "1328643.412142", "VisionDumpPath": "C:\\Sirio\\Work\\SvDumpFiles\\PartCameraDumps\\JID_303394544_OID_449530019_SEG_2_BE-Bibliothek.A5E00210763_R1328639069.svdmp", "XDeviation": "132193", "YDeviation": "102702"}]}, "Pick": {"ActualPickPosition": {"Angle": "180000", "X": "15250", "Y": "-70500"}, "MeasuredComponentHeight": "0", "NominalPickPosition": {"Angle": "180000", "X": "15193", "Y": "-70783"}, "PickupLocationId": "256", "Result": "0", "TimeStampSinceStationStarted": "1328642.244287", "VacuumAbsolute": "-786", "VacuumRelative": "-786", "ZEndPosition": "47771000", "ZTargetPosition": "47715993"}, "Place": {"ActualPlacePosition": {"Angle": "180000", "X": "119648", "Y": "80632"}, "AirkissPressure": "73", "BoardPanelId": "2", "HoldingCircuitPressure": "2147483647", "NominalPlacePosition": {"Angle": "180000", "X": "119650", "Y": "80630"}, "ReferenceDesignator": "C1620_CAP_2_KOND_EL_", "Result": "0", "TimeStampSinceStationStarted": "1328644.328091", "VacuumAbsolute": "-785", "VacuumRelative": "94", "ZEndPosition": "36878500", "ZTargetPosition": "36843498"}, "ElectricalMeasurement": null, "Dip": null}, {"HeadSegmentId": "66819", "Measures": {"MeasureList": [{"CameraIndividualId": "3033", "MeasurementResult": "0", "PhiDeviation": "-61843", "TimeStampSinceStationStarted": "1328646.390104", "VisionDumpPath": "C:\\Sirio\\Work\\SvDumpFiles\\PartCameraDumps\\JID_303394545_OID_449530020_SEG_1_BE-Bibliothek.A5E30235063_R1328641745.svdmp", "XDeviation": "281517", "YDeviation": "-2435350"}]}, "Pick": {"ActualPickPosition": {"Angle": "-90000", "X": "-65500", "Y": "-234500"}, "MeasuredComponentHeight": "0", "NominalPickPosition": {"Angle": "-90000", "X": "-65500", "Y": "-234500"}, "PickupLocationId": "250", "Result": "0", "TimeStampSinceStationStarted": "1328644.9204", "VacuumAbsolute": "-854", "VacuumRelative": "-854", "ZEndPosition": "48490500", "ZTargetPosition": "48412482"}, "Place": {"ActualPlacePosition": {"Angle": "0", "X": "51755", "Y": "47635"}, "AirkissPressure": "71", "BoardPanelId": "2", "HoldingCircuitPressure": "2147483647", "NominalPlacePosition": {"Angle": "0", "X": "51750", "Y": "47630"}, "ReferenceDesignator": "D1_BGA_372_IC_ASIC_S", "Result": "0", "TimeStampSinceStationStarted": "1328646.923575", "VacuumAbsolute": "-856", "VacuumRelative": "102", "ZEndPosition": "47688000", "ZTargetPosition": "47733793"}, "ElectricalMeasurement": null, "Dip": null}, {"HeadSegmentId": "132355", "Measures": {"MeasureList": [{"CameraIndividualId": "3033", "MeasurementResult": "0", "PhiDeviation": "-1947846", "TimeStampSinceStationStarted": "1328646.532342", "VisionDumpPath": "C:\\Sirio\\Work\\SvDumpFiles\\PartCameraDumps\\JID_303394546_OID_449530021_SEG_2_BE-Bibliothek.A5E00701727_R1328642759.svdmp", "XDeviation": "94089", "YDeviation": "156027"}]}, "Pick": {"ActualPickPosition": {"Angle": "180000", "X": "15250", "Y": "-70500"}, "MeasuredComponentHeight": "0", "NominalPickPosition": {"Angle": "180000", "X": "15301", "Y": "-70489"}, "PickupLocationId": "260", "Result": "0", "TimeStampSinceStationStarted": "1328645.934106", "VacuumAbsolute": "-820", "VacuumRelative": "-820", "ZEndPosition": "47637000", "ZTargetPosition": "47663477"}, "Place": {"ActualPlacePosition": {"Angle": "-90000", "X": "164393", "Y": "142326"}, "AirkissPressure": "74", "BoardPanelId": "2", "HoldingCircuitPressure": "2147483647", "NominalPlacePosition": {"Angle": "-90000", "X": "164400", "Y": "142330"}, "ReferenceDesignator": "C2806_CAPA_2_22_KOND", "Result": "0", "TimeStampSinceStationStarted": "1328647.245229", "VacuumAbsolute": "-838", "VacuumRelative": "104", "ZEndPosition": "37101500", "ZTargetPosition": "37098235"}, "ElectricalMeasurement": null, "Dip": null}]}, "HeadContext": {"HeadSegments": {"HeadSegment": [{"GantryId": "3", "Head": "1", "HeadName": "Twin Head 5xx", "Id": "66819", "NozzleTypeId": "516", "SegmentNumber": "1"}, {"GantryId": "3", "Head": "1", "HeadName": "Twin Head 5xx", "Id": "132355", "NozzleTypeId": "517", "SegmentNumber": "2"}]}}, "SetupContext": {"PickupLocations": {"PickupLocation": [{"Division": "1", "FeederId": "", "FeederType": "34", "Id": "250", "Level": "2", "Location": "2", "StartTrackNumber": "1", "SubLocation": "2", "Tower": "1", "PackagingUid": ""}, {"Division": "1", "FeederId": "24FAUE900235", "FeederType": "280", "Id": "256", "Level": "0", "Location": "3", "StartTrackNumber": "4", "SubLocation": "1", "Tower": "0", "PackagingUid": "M05314788"}, {"Division": "1", "FeederId": "56FAUEN00199", "FeederType": "312", "Id": "257", "Level": "0", "Location": "3", "StartTrackNumber": "7", "SubLocation": "1", "Tower": "0", "PackagingUid": "M04854791"}, {"Division": "1", "FeederId": "17ATMH805118", "FeederType": "273", "Id": "258", "Level": "0", "Location": "3", "StartTrackNumber": "13", "SubLocation": "1", "Tower": "0", "PackagingUid": "M05206518"}, {"Division": "1", "FeederId": "32FAUEN00039", "FeederType": "288", "Id": "259", "Level": "0", "Location": "3", "StartTrackNumber": "15", "SubLocation": "1", "Tower": "0", "PackagingUid": "M05323305"}, {"Division": "1", "FeederId": "24FAUE600582", "FeederType": "280", "Id": "260", "Level": "0", "Location": "3", "StartTrackNumber": "19", "SubLocation": "1", "Tower": "0", "PackagingUid": "M05255214"}, {"Division": "1", "FeederId": "24FAUF700689", "FeederType": "280", "Id": "261", "Level": "0", "Location": "3", "StartTrackNumber": "22", "SubLocation": "1", "Tower": "0", "PackagingUid": "M05243828"}]}}}}, "ProductionEndedData": {"StationTime": "2021-11-30T19:35:36.5720000+08:00", "TimeStampSinceStationStarted": "1328647.635475"}}