{"name": "PDI_Line5_4250250786_20211130194650.txt", "Timestamp": "2021-11-30T19:46:24.2687171+08:00", "TxnID": "1def67d8-659f-451b-bdaf-78bc689a3bb6", "Line": "SEWC-Lines\\Line5", "Machine": "Line5\\ST3_X3 S", "ProductionStartedData": [{"ConveyorLanePosition": "1", "ConveyorStopperPosition": "1", "Pcb": {"BarcodeReaderPosition": "0", "BoardSide": "1", "IndividualGUID": "b7851e30-02f4-42ba-8004-cd78f2e1ded8", "LineJobGUID": "e5c1bbcc-188b-45e0-8688-0345d94b6a3b", "Path": "STAB\\A5E50302024bt02", "PcbIndividualID": "44981", "RecipePath": "Line5\\Smart_CPU_L5_702SAF\\A5E50302024bt02", "Barcode": "", "OrderNumber": null}, "ProcessingAreaPosition": "2", "SetupPath": "Line5\\Smart_CPU_L5_702SAF", "StationTime": "2021-11-30T19:43:59.8840000+08:00", "TimeStampSinceStationStarted": "1329150.945365"}], "BoardPositionsList": {"BoardPositions": [{"ActualPosition": {"Angle": "88", "X": "509404", "Y": "-232782", "Z": "-5000"}, "FiducialPositions": {"FiducialRecognitionResult": []}, "NominalPosition": {"Angle": "0", "X": "509820", "Y": "-233646", "Z": "-5000"}}]}, "ProgressDataList": {"ProductionProgressData": {"BoardContext": {"BoardPanels": {"BoardPanel": [{"Id": "2", "PanelPath": "A5E50302024bt02/A1"}]}}, "ComponentIndividuals": {"ComponentIndividual": [{"HeadSegmentId": "66819", "Measures": {"MeasureList": [{"CameraIndividualId": "3033", "MeasurementResult": "0", "PhiDeviation": "-378445", "TimeStampSinceStationStarted": "1329154.336194", "VisionDumpPath": "C:\\Sirio\\Work\\SvDumpFiles\\PartCameraDumps\\JID_303394820_OID_449810012_SEG_1_BE-Bibliothek.A5E30242702_R1329150510.svdmp", "XDeviation": "92493", "YDeviation": "112712"}]}, "Pick": {"ActualPickPosition": {"Angle": "0", "X": "15250", "Y": "-70500"}, "MeasuredComponentHeight": "0", "NominalPickPosition": {"Angle": "0", "X": "15397", "Y": "-70267"}, "PickupLocationId": "261", "Result": "0", "TimeStampSinceStationStarted": "1329153.682385", "VacuumAbsolute": "-787", "VacuumRelative": "-787", "ZEndPosition": "47456000", "ZTargetPosition": "47482663"}, "Place": {"ActualPlacePosition": {"Angle": "0", "X": "22854", "Y": "61032"}, "AirkissPressure": "23", "BoardPanelId": "2", "HoldingCircuitPressure": "2147483647", "NominalPlacePosition": {"Angle": "0", "X": "22850", "Y": "61030"}, "ReferenceDesignator": "Z400_SOP_16_NETZWERK", "Result": "0", "TimeStampSinceStationStarted": "1329154.865704", "VacuumAbsolute": "-802", "VacuumRelative": "92", "ZEndPosition": "41817500", "ZTargetPosition": "41756665"}, "ElectricalMeasurement": null, "Dip": null}, {"HeadSegmentId": "132355", "Measures": {"MeasureList": [{"CameraIndividualId": "3033", "MeasurementResult": "0", "PhiDeviation": "80344", "TimeStampSinceStationStarted": "1329154.478692", "VisionDumpPath": "C:\\Sirio\\Work\\SvDumpFiles\\PartCameraDumps\\JID_303394821_OID_449810013_SEG_2_BE-Bibliothek.A5E00701727_R1329150685.svdmp", "XDeviation": "47536", "YDeviation": "-102183"}]}, "Pick": {"ActualPickPosition": {"Angle": "180000", "X": "15250", "Y": "-70500"}, "MeasuredComponentHeight": "0", "NominalPickPosition": {"Angle": "180000", "X": "15310", "Y": "-70503"}, "PickupLocationId": "260", "Result": "0", "TimeStampSinceStationStarted": "1329153.857567", "VacuumAbsolute": "-817", "VacuumRelative": "-817", "ZEndPosition": "47716500", "ZTargetPosition": "47685243"}, "Place": {"ActualPlacePosition": {"Angle": "-90000", "X": "154657", "Y": "142298"}, "AirkissPressure": "72", "BoardPanelId": "2", "HoldingCircuitPressure": "2147483647", "NominalPlacePosition": {"Angle": "-90000", "X": "154660", "Y": "142300"}, "ReferenceDesignator": "C2809_CAPA_2_22_KOND", "Result": "0", "TimeStampSinceStationStarted": "1329155.186777", "VacuumAbsolute": "-831", "VacuumRelative": "103", "ZEndPosition": "37082500", "ZTargetPosition": "37081262"}, "ElectricalMeasurement": null, "Dip": null}, {"HeadSegmentId": "66819", "Measures": {"MeasureList": [{"CameraIndividualId": "3033", "MeasurementResult": "0", "PhiDeviation": "207112", "TimeStampSinceStationStarted": "1329156.499406", "VisionDumpPath": "C:\\Sirio\\Work\\SvDumpFiles\\PartCameraDumps\\JID_303394822_OID_449810014_SEG_1_BE-Bibliothek.A5E01649509_R1329152602.svdmp", "XDeviation": "-46317", "YDeviation": "137975"}]}, "Pick": {"ActualPickPosition": {"Angle": "-90000", "X": "8000", "Y": "-51500"}, "MeasuredComponentHeight": "0", "NominalPickPosition": {"Angle": "-90000", "X": "8251", "Y": "-51482"}, "PickupLocationId": "258", "Result": "0", "TimeStampSinceStationStarted": "1329155.774996", "VacuumAbsolute": "-743", "VacuumRelative": "-743", "ZEndPosition": "47133000", "ZTargetPosition": "47132351"}, "Place": {"ActualPlacePosition": {"Angle": "-90000", "X": "171046", "Y": "73031"}, "AirkissPressure": "75", "BoardPanelId": "2", "HoldingCircuitPressure": "2147483647", "NominalPlacePosition": {"Angle": "-90000", "X": "171050", "Y": "73030"}, "ReferenceDesignator": "V701_DPAK/TO252_TRAN", "Result": "0", "TimeStampSinceStationStarted": "1329157.026305", "VacuumAbsolute": "-803", "VacuumRelative": "92", "ZEndPosition": "44867000", "ZTargetPosition": "44916680"}, "ElectricalMeasurement": null, "Dip": null}, {"HeadSegmentId": "132355", "Measures": {"MeasureList": [{"CameraIndividualId": "3033", "MeasurementResult": "0", "PhiDeviation": "-999620", "TimeStampSinceStationStarted": "1329156.639643", "VisionDumpPath": "C:\\Sirio\\Work\\SvDumpFiles\\PartCameraDumps\\JID_303394823_OID_449810015_SEG_2_BE-Bibliothek.A5E00210763_R1329152735.svdmp", "XDeviation": "-183781", "YDeviation": "-117677"}]}, "Pick": {"ActualPickPosition": {"Angle": "180000", "X": "15250", "Y": "-70500"}, "MeasuredComponentHeight": "0", "NominalPickPosition": {"Angle": "180000", "X": "15163", "Y": "-70758"}, "PickupLocationId": "256", "Result": "0", "TimeStampSinceStationStarted": "1329155.907727", "VacuumAbsolute": "-786", "VacuumRelative": "-786", "ZEndPosition": "47794000", "ZTargetPosition": "47716264"}, "Place": {"ActualPlacePosition": {"Angle": "0", "X": "151297", "Y": "80631"}, "AirkissPressure": "71", "BoardPanelId": "2", "HoldingCircuitPressure": "2147483647", "NominalPlacePosition": {"Angle": "0", "X": "151300", "Y": "80630"}, "ReferenceDesignator": "C1912_CAP_2_KOND_EL_", "Result": "0", "TimeStampSinceStationStarted": "1329157.357253", "VacuumAbsolute": "-785", "VacuumRelative": "94", "ZEndPosition": "36916000", "ZTargetPosition": "36926463"}, "ElectricalMeasurement": null, "Dip": null}, {"HeadSegmentId": "66819", "Measures": {"MeasureList": [{"CameraIndividualId": "3033", "MeasurementResult": "0", "PhiDeviation": "235478", "TimeStampSinceStationStarted": "1329160.364603", "VisionDumpPath": "C:\\Sirio\\Work\\SvDumpFiles\\PartCameraDumps\\JID_303394824_OID_449810017_SEG_1_BE-Bibliothek.A5E01059015_R1329156276.svdmp", "XDeviation": "103997", "YDeviation": "347949"}]}, "Pick": {"ActualPickPosition": {"Angle": "0", "X": "17950", "Y": "-70500"}, "MeasuredComponentHeight": "0", "NominalPickPosition": {"Angle": "0", "X": "18421", "Y": "-70424"}, "PickupLocationId": "259", "Result": "0", "TimeStampSinceStationStarted": "1329159.448157", "VacuumAbsolute": "-844", "VacuumRelative": "-844", "ZEndPosition": "48927000", "ZTargetPosition": "48996091"}, "Place": {"ActualPlacePosition": {"Angle": "180000", "X": "27354", "Y": "137723"}, "AirkissPressure": "71", "BoardPanelId": "2", "HoldingCircuitPressure": "2147483647", "NominalPlacePosition": {"Angle": "180000", "X": "27350", "Y": "137725"}, "ReferenceDesignator": "X201_CONN_14_STECK_R", "Result": "0", "TimeStampSinceStationStarted": "1329160.787714", "VacuumAbsolute": "-850", "VacuumRelative": "101", "ZEndPosition": "29538000", "ZTargetPosition": "29555633"}, "ElectricalMeasurement": null, "Dip": null}, {"HeadSegmentId": "132355", "Measures": {"MeasureList": [{"CameraIndividualId": "3033", "MeasurementResult": "0", "PhiDeviation": "839307", "TimeStampSinceStationStarted": "1329160.224067", "VisionDumpPath": "C:\\Sirio\\Work\\SvDumpFiles\\PartCameraDumps\\JID_303394825_OID_449810016_SEG_2_BE-Bibliothek.A5E00701727_R1329156553.svdmp", "XDeviation": "125424", "YDeviation": "124235"}]}, "Pick": {"ActualPickPosition": {"Angle": "180000", "X": "15250", "Y": "-70500"}, "MeasuredComponentHeight": "0", "NominalPickPosition": {"Angle": "180000", "X": "15307", "Y": "-70498"}, "PickupLocationId": "260", "Result": "0", "TimeStampSinceStationStarted": "1329159.725654", "VacuumAbsolute": "-818", "VacuumRelative": "-818", "ZEndPosition": "47650500", "ZTargetPosition": "47693057"}, "Place": {"ActualPlacePosition": {"Angle": "-90000", "X": "144948", "Y": "142328"}, "AirkissPressure": "73", "BoardPanelId": "2", "HoldingCircuitPressure": "2147483647", "NominalPlacePosition": {"Angle": "-90000", "X": "144950", "Y": "142330"}, "ReferenceDesignator": "C2807_CAPA_2_22_KOND", "Result": "0", "TimeStampSinceStationStarted": "1329161.030137", "VacuumAbsolute": "-837", "VacuumRelative": "104", "ZEndPosition": "37061500", "ZTargetPosition": "37081324"}, "ElectricalMeasurement": null, "Dip": null}, {"HeadSegmentId": "66819", "Measures": {"MeasureList": [{"CameraIndividualId": "3033", "MeasurementResult": "0", "PhiDeviation": "-168276", "TimeStampSinceStationStarted": "1329162.968392", "VisionDumpPath": "C:\\Sirio\\Work\\SvDumpFiles\\PartCameraDumps\\JID_303394826_OID_449810018_SEG_1_BE-Bibliothek.A5E32357002_R1329158453.svdmp", "XDeviation": "8951", "YDeviation": "204601"}]}, "Pick": {"ActualPickPosition": {"Angle": "0", "X": "30150", "Y": "-72740"}, "MeasuredComponentHeight": "0", "NominalPickPosition": {"Angle": "0", "X": "30032", "Y": "-72519"}, "PickupLocationId": "257", "Result": "0", "TimeStampSinceStationStarted": "1329161.626136", "VacuumAbsolute": "-832", "VacuumRelative": "-832", "ZEndPosition": "49036500", "ZTargetPosition": "48984614"}, "Place": {"ActualPlacePosition": {"Angle": "0", "X": "131798", "Y": "153627"}, "AirkissPressure": "72", "BoardPanelId": "2", "HoldingCircuitPressure": "2147483647", "NominalPlacePosition": {"Angle": "0", "X": "131800", "Y": "153630"}, "ReferenceDesignator": "X202_CONN_28_STECK_R", "Result": "0", "TimeStampSinceStationStarted": "1329163.851543", "VacuumAbsolute": "-847", "VacuumRelative": "100", "ZEndPosition": "30797500", "ZTargetPosition": "30736818"}, "ElectricalMeasurement": null, "Dip": null}, {"HeadSegmentId": "132355", "Measures": {"MeasureList": [{"CameraIndividualId": "3033", "MeasurementResult": "0", "PhiDeviation": "-225190", "TimeStampSinceStationStarted": "1329163.290212", "VisionDumpPath": "C:\\Sirio\\Work\\SvDumpFiles\\PartCameraDumps\\JID_303394827_OID_449810019_SEG_2_BE-Bibliothek.A5E00210763_R1329158960.svdmp", "XDeviation": "163965", "YDeviation": "64604"}]}, "Pick": {"ActualPickPosition": {"Angle": "180000", "X": "15250", "Y": "-70500"}, "MeasuredComponentHeight": "0", "NominalPickPosition": {"Angle": "180000", "X": "15172", "Y": "-70753"}, "PickupLocationId": "256", "Result": "0", "TimeStampSinceStationStarted": "1329162.131585", "VacuumAbsolute": "-779", "VacuumRelative": "-779", "ZEndPosition": "47680000", "ZTargetPosition": "47735698"}, "Place": {"ActualPlacePosition": {"Angle": "180000", "X": "119649", "Y": "80631"}, "AirkissPressure": "75", "BoardPanelId": "2", "HoldingCircuitPressure": "2147483647", "NominalPlacePosition": {"Angle": "180000", "X": "119650", "Y": "80630"}, "ReferenceDesignator": "C1620_CAP_2_KOND_EL_", "Result": "0", "TimeStampSinceStationStarted": "1329164.221771", "VacuumAbsolute": "-777", "VacuumRelative": "93", "ZEndPosition": "36784000", "ZTargetPosition": "36832212"}, "ElectricalMeasurement": null, "Dip": null}, {"HeadSegmentId": "66819", "Measures": {"MeasureList": [{"CameraIndividualId": "3033", "MeasurementResult": "0", "PhiDeviation": "-341681", "TimeStampSinceStationStarted": "1329166.142955", "VisionDumpPath": "C:\\Sirio\\Work\\SvDumpFiles\\PartCameraDumps\\JID_303394828_OID_449810020_SEG_1_BE-Bibliothek.A5E30235063_R1329161562.svdmp", "XDeviation": "606963", "YDeviation": "-2751624"}]}, "Pick": {"ActualPickPosition": {"Angle": "-90000", "X": "-116500", "Y": "-58500"}, "MeasuredComponentHeight": "0", "NominalPickPosition": {"Angle": "-90000", "X": "-116500", "Y": "-58500"}, "PickupLocationId": "249", "Result": "0", "TimeStampSinceStationStarted": "1329164.734711", "VacuumAbsolute": "-856", "VacuumRelative": "-856", "ZEndPosition": "48302000", "ZTargetPosition": "48278166"}, "Place": {"ActualPlacePosition": {"Angle": "0", "X": "51752", "Y": "47633"}, "AirkissPressure": "72", "BoardPanelId": "2", "HoldingCircuitPressure": "2147483647", "NominalPlacePosition": {"Angle": "0", "X": "51750", "Y": "47630"}, "ReferenceDesignator": "D1_BGA_372_IC_ASIC_S", "Result": "0", "TimeStampSinceStationStarted": "1329166.676116", "VacuumAbsolute": "-858", "VacuumRelative": "102", "ZEndPosition": "47730000", "ZTargetPosition": "47702456"}, "ElectricalMeasurement": null, "Dip": null}, {"HeadSegmentId": "132355", "Measures": {"MeasureList": [{"CameraIndividualId": "3033", "MeasurementResult": "0", "PhiDeviation": "-533642", "TimeStampSinceStationStarted": "1329166.285302", "VisionDumpPath": "C:\\Sirio\\Work\\SvDumpFiles\\PartCameraDumps\\JID_303394829_OID_449810021_SEG_2_BE-Bibliothek.A5E00701727_R1329162510.svdmp", "XDeviation": "31503", "YDeviation": "3758"}]}, "Pick": {"ActualPickPosition": {"Angle": "180000", "X": "15250", "Y": "-70500"}, "MeasuredComponentHeight": "0", "NominalPickPosition": {"Angle": "180000", "X": "15301", "Y": "-70504"}, "PickupLocationId": "260", "Result": "0", "TimeStampSinceStationStarted": "1329165.682693", "VacuumAbsolute": "-820", "VacuumRelative": "-820", "ZEndPosition": "47722000", "ZTargetPosition": "47682418"}, "Place": {"ActualPlacePosition": {"Angle": "-90000", "X": "164397", "Y": "142328"}, "AirkissPressure": "74", "BoardPanelId": "2", "HoldingCircuitPressure": "2147483647", "NominalPlacePosition": {"Angle": "-90000", "X": "164400", "Y": "142330"}, "ReferenceDesignator": "C2806_CAPA_2_22_KOND", "Result": "0", "TimeStampSinceStationStarted": "1329167.003312", "VacuumAbsolute": "-837", "VacuumRelative": "104", "ZEndPosition": "37096500", "ZTargetPosition": "37090425"}, "ElectricalMeasurement": null, "Dip": null}]}, "HeadContext": {"HeadSegments": {"HeadSegment": [{"GantryId": "3", "Head": "1", "HeadName": "Twin Head 5xx", "Id": "66819", "NozzleTypeId": "516", "SegmentNumber": "1"}, {"GantryId": "3", "Head": "1", "HeadName": "Twin Head 5xx", "Id": "132355", "NozzleTypeId": "517", "SegmentNumber": "2"}]}}, "SetupContext": {"PickupLocations": {"PickupLocation": [{"Division": "1", "FeederId": "", "FeederType": "34", "Id": "249", "Level": "1", "Location": "2", "StartTrackNumber": "1", "SubLocation": "2", "Tower": "1", "PackagingUid": ""}, {"Division": "1", "FeederId": "24FAUE900235", "FeederType": "280", "Id": "256", "Level": "0", "Location": "3", "StartTrackNumber": "4", "SubLocation": "1", "Tower": "0", "PackagingUid": "M05314788"}, {"Division": "1", "FeederId": "56FAUEN00199", "FeederType": "312", "Id": "257", "Level": "0", "Location": "3", "StartTrackNumber": "7", "SubLocation": "1", "Tower": "0", "PackagingUid": "M04854791"}, {"Division": "1", "FeederId": "17ATMH805118", "FeederType": "273", "Id": "258", "Level": "0", "Location": "3", "StartTrackNumber": "13", "SubLocation": "1", "Tower": "0", "PackagingUid": "M05206518"}, {"Division": "1", "FeederId": "32FAUEN00039", "FeederType": "288", "Id": "259", "Level": "0", "Location": "3", "StartTrackNumber": "15", "SubLocation": "1", "Tower": "0", "PackagingUid": "M05323305"}, {"Division": "1", "FeederId": "24FAUE600582", "FeederType": "280", "Id": "260", "Level": "0", "Location": "3", "StartTrackNumber": "19", "SubLocation": "1", "Tower": "0", "PackagingUid": "M05255214"}, {"Division": "1", "FeederId": "24FAUF700689", "FeederType": "280", "Id": "261", "Level": "0", "Location": "3", "StartTrackNumber": "22", "SubLocation": "1", "Tower": "0", "PackagingUid": "M05243828"}]}}}}, "ProductionEndedData": {"StationTime": "2021-11-30T19:44:16.3210000+08:00", "TimeStampSinceStationStarted": "1329167.382184"}}