{"name": "PDI_Line5_4035762597_20211130152620.txt", "Timestamp": "2021-11-30T15:25:58.5936989+08:00", "TxnID": "ea3c2215-437a-4d7d-be6e-b78e7e4cd0f0", "Line": "SEWC-Lines\\Line5", "Machine": "Line5\\ST3_X3 S", "ProductionStartedData": [{"ConveyorLanePosition": "2", "ConveyorStopperPosition": "1", "Pcb": {"BarcodeReaderPosition": "0", "BoardSide": "1", "IndividualGUID": "0372f800-9d57-47dc-94ed-57bfd59ffb3e", "LineJobGUID": "545cc380-820c-40fe-b772-c5a1099a59d8", "Path": "STAB\\A5E50302024bt02", "PcbIndividualID": "43446", "RecipePath": "Line5\\Smart_CPU_L5_702SAF\\A5E50302024bt02", "Barcode": "", "OrderNumber": null}, "ProcessingAreaPosition": "2", "SetupPath": "Line5\\Smart_CPU_L5_702SAF", "StationTime": "2021-11-30T15:23:34.6730000+08:00", "TimeStampSinceStationStarted": "1313525.81117"}], "BoardPositionsList": {"BoardPositions": [{"ActualPosition": {"Angle": "-20", "X": "510191", "Y": "16754", "Z": "-5000"}, "FiducialPositions": {"FiducialRecognitionResult": []}, "NominalPosition": {"Angle": "0", "X": "510392", "Y": "16359", "Z": "-5000"}}]}, "ProgressDataList": {"ProductionProgressData": {"BoardContext": {"BoardPanels": {"BoardPanel": [{"Id": "2", "PanelPath": "A5E50302024bt02/A1"}]}}, "ComponentIndividuals": {"ComponentIndividual": [{"HeadSegmentId": "66819", "Measures": {"MeasureList": [{"CameraIndividualId": "3033", "MeasurementResult": "0", "PhiDeviation": "-43493", "TimeStampSinceStationStarted": "1313528.764152", "VisionDumpPath": "C:\\Sirio\\Work\\SvDumpFiles\\PartCameraDumps\\JID_303389443_OID_434460012_SEG_1_BE-Bibliothek.A5E30242702_R1313524871.svdmp", "XDeviation": "131826", "YDeviation": "-144432"}]}, "Pick": {"ActualPickPosition": {"Angle": "0", "X": "15250", "Y": "-70500"}, "MeasuredComponentHeight": "0", "NominalPickPosition": {"Angle": "0", "X": "15342", "Y": "-70558"}, "PickupLocationId": "261", "Result": "0", "TimeStampSinceStationStarted": "1313528.121391", "VacuumAbsolute": "-785", "VacuumRelative": "-785", "ZEndPosition": "47998500", "ZTargetPosition": "47993031"}, "Place": {"ActualPlacePosition": {"Angle": "0", "X": "22863", "Y": "61036"}, "AirkissPressure": "21", "BoardPanelId": "2", "HoldingCircuitPressure": "2147483647", "NominalPlacePosition": {"Angle": "0", "X": "22850", "Y": "61030"}, "ReferenceDesignator": "Z400_SOP_16_NETZWERK", "Result": "0", "TimeStampSinceStationStarted": "1313529.193433", "VacuumAbsolute": "-801", "VacuumRelative": "92", "ZEndPosition": "42547500", "ZTargetPosition": "42609308"}, "ElectricalMeasurement": null, "Dip": null}, {"HeadSegmentId": "132355", "Measures": {"MeasureList": [{"CameraIndividualId": "3033", "MeasurementResult": "0", "PhiDeviation": "-1827751", "TimeStampSinceStationStarted": "1313528.906819", "VisionDumpPath": "C:\\Sirio\\Work\\SvDumpFiles\\PartCameraDumps\\JID_303389444_OID_434460013_SEG_2_BE-Bibliothek.A5E00701727_R1313525034.svdmp", "XDeviation": "121767", "YDeviation": "-136040"}]}, "Pick": {"ActualPickPosition": {"Angle": "180000", "X": "15250", "Y": "-70500"}, "MeasuredComponentHeight": "0", "NominalPickPosition": {"Angle": "180000", "X": "15264", "Y": "-70319"}, "PickupLocationId": "260", "Result": "0", "TimeStampSinceStationStarted": "1313528.284083", "VacuumAbsolute": "-818", "VacuumRelative": "-818", "ZEndPosition": "47699000", "ZTargetPosition": "47682417"}, "Place": {"ActualPlacePosition": {"Angle": "-90000", "X": "154651", "Y": "142293"}, "AirkissPressure": "73", "BoardPanelId": "2", "HoldingCircuitPressure": "2147483647", "NominalPlacePosition": {"Angle": "-90000", "X": "154660", "Y": "142300"}, "ReferenceDesignator": "C2809_CAPA_2_22_KOND", "Result": "0", "TimeStampSinceStationStarted": "1313529.501091", "VacuumAbsolute": "-835", "VacuumRelative": "103", "ZEndPosition": "37159000", "ZTargetPosition": "37168902"}, "ElectricalMeasurement": null, "Dip": null}, {"HeadSegmentId": "66819", "Measures": {"MeasureList": [{"CameraIndividualId": "3033", "MeasurementResult": "0", "PhiDeviation": "-222304", "TimeStampSinceStationStarted": "1313531.388149", "VisionDumpPath": "C:\\Sirio\\Work\\SvDumpFiles\\PartCameraDumps\\JID_303389445_OID_434460014_SEG_1_BE-Bibliothek.A5E32357002_R1313526792.svdmp", "XDeviation": "-138362", "YDeviation": "-7114"}]}, "Pick": {"ActualPickPosition": {"Angle": "0", "X": "30150", "Y": "-72740"}, "MeasuredComponentHeight": "0", "NominalPickPosition": {"Angle": "0", "X": "30117", "Y": "-72555"}, "PickupLocationId": "257", "Result": "0", "TimeStampSinceStationStarted": "1313530.042858", "VacuumAbsolute": "-751", "VacuumRelative": "-751", "ZEndPosition": "47092500", "ZTargetPosition": "47051826"}, "Place": {"ActualPlacePosition": {"Angle": "0", "X": "131794", "Y": "153621"}, "AirkissPressure": "74", "BoardPanelId": "2", "HoldingCircuitPressure": "2147483647", "NominalPlacePosition": {"Angle": "0", "X": "131800", "Y": "153630"}, "ReferenceDesignator": "X202_CONN_28_STECK_R", "Result": "0", "TimeStampSinceStationStarted": "1313532.1217", "VacuumAbsolute": "-756", "VacuumRelative": "83", "ZEndPosition": "28863500", "ZTargetPosition": "28818501"}, "ElectricalMeasurement": null, "Dip": null}, {"HeadSegmentId": "132355", "Measures": {"MeasureList": [{"CameraIndividualId": "3033", "MeasurementResult": "0", "PhiDeviation": "-108981", "TimeStampSinceStationStarted": "1313531.708221", "VisionDumpPath": "C:\\Sirio\\Work\\SvDumpFiles\\PartCameraDumps\\JID_303389446_OID_434460015_SEG_2_BE-Bibliothek.A5E00210763_R1313527296.svdmp", "XDeviation": "-188155", "YDeviation": "-53620"}]}, "Pick": {"ActualPickPosition": {"Angle": "180000", "X": "15250", "Y": "-70500"}, "MeasuredComponentHeight": "0", "NominalPickPosition": {"Angle": "180000", "X": "15133", "Y": "-70605"}, "PickupLocationId": "256", "Result": "0", "TimeStampSinceStationStarted": "1313530.546335", "VacuumAbsolute": "-798", "VacuumRelative": "-798", "ZEndPosition": "47712000", "ZTargetPosition": "47687486"}, "Place": {"ActualPlacePosition": {"Angle": "180000", "X": "119647", "Y": "80633"}, "AirkissPressure": "72", "BoardPanelId": "2", "HoldingCircuitPressure": "2147483647", "NominalPlacePosition": {"Angle": "180000", "X": "119650", "Y": "80630"}, "ReferenceDesignator": "C1620_CAP_2_KOND_EL_", "Result": "0", "TimeStampSinceStationStarted": "1313532.475832", "VacuumAbsolute": "-797", "VacuumRelative": "96", "ZEndPosition": "36857000", "ZTargetPosition": "36893534"}, "ElectricalMeasurement": null, "Dip": null}, {"HeadSegmentId": "66819", "Measures": {"MeasureList": [{"CameraIndividualId": "3033", "MeasurementResult": "0", "PhiDeviation": "34472", "TimeStampSinceStationStarted": "1313533.744225", "VisionDumpPath": "C:\\Sirio\\Work\\SvDumpFiles\\PartCameraDumps\\JID_303389447_OID_434460016_SEG_1_BE-Bibliothek.A5E01649509_R1313529768.svdmp", "XDeviation": "47706", "YDeviation": "-96163"}]}, "Pick": {"ActualPickPosition": {"Angle": "-90000", "X": "8000", "Y": "-51500"}, "MeasuredComponentHeight": "0", "NominalPickPosition": {"Angle": "-90000", "X": "8259", "Y": "-51486"}, "PickupLocationId": "258", "Result": "0", "TimeStampSinceStationStarted": "1313533.018981", "VacuumAbsolute": "-754", "VacuumRelative": "-754", "ZEndPosition": "47151500", "ZTargetPosition": "47134643"}, "Place": {"ActualPlacePosition": {"Angle": "-90000", "X": "171038", "Y": "73034"}, "AirkissPressure": "73", "BoardPanelId": "2", "HoldingCircuitPressure": "2147483647", "NominalPlacePosition": {"Angle": "-90000", "X": "171050", "Y": "73030"}, "ReferenceDesignator": "V701_DPAK/TO252_TRAN", "Result": "0", "TimeStampSinceStationStarted": "1313534.166392", "VacuumAbsolute": "-813", "VacuumRelative": "94", "ZEndPosition": "44989500", "ZTargetPosition": "45012842"}, "ElectricalMeasurement": null, "Dip": null}, {"HeadSegmentId": "132355", "Measures": {"MeasureList": [{"CameraIndividualId": "3033", "MeasurementResult": "0", "PhiDeviation": "-881149", "TimeStampSinceStationStarted": "1313533.884633", "VisionDumpPath": "C:\\Sirio\\Work\\SvDumpFiles\\PartCameraDumps\\JID_303389448_OID_434460017_SEG_2_BE-Bibliothek.A5E00210763_R1313529898.svdmp", "XDeviation": "23081", "YDeviation": "-45806"}]}, "Pick": {"ActualPickPosition": {"Angle": "180000", "X": "15250", "Y": "-70500"}, "MeasuredComponentHeight": "0", "NominalPickPosition": {"Angle": "180000", "X": "15142", "Y": "-70603"}, "PickupLocationId": "256", "Result": "0", "TimeStampSinceStationStarted": "1313533.149001", "VacuumAbsolute": "-785", "VacuumRelative": "-785", "ZEndPosition": "47754000", "ZTargetPosition": "47693615"}, "Place": {"ActualPlacePosition": {"Angle": "0", "X": "151291", "Y": "80633"}, "AirkissPressure": "75", "BoardPanelId": "2", "HoldingCircuitPressure": "2147483647", "NominalPlacePosition": {"Angle": "0", "X": "151300", "Y": "80630"}, "ReferenceDesignator": "C1912_CAP_2_KOND_EL_", "Result": "0", "TimeStampSinceStationStarted": "1313534.496521", "VacuumAbsolute": "-785", "VacuumRelative": "94", "ZEndPosition": "37045000", "ZTargetPosition": "36984498"}, "ElectricalMeasurement": null, "Dip": null}, {"HeadSegmentId": "66819", "Measures": {"MeasureList": [{"CameraIndividualId": "3033", "MeasurementResult": "0", "PhiDeviation": "-768245", "TimeStampSinceStationStarted": "1313537.410649", "VisionDumpPath": "C:\\Sirio\\Work\\SvDumpFiles\\PartCameraDumps\\JID_303389449_OID_434460019_SEG_1_BE-Bibliothek.A5E01059015_R1313533236.svdmp", "XDeviation": "-28605", "YDeviation": "-266112"}]}, "Pick": {"ActualPickPosition": {"Angle": "0", "X": "17950", "Y": "-70500"}, "MeasuredComponentHeight": "0", "NominalPickPosition": {"Angle": "0", "X": "18323", "Y": "-70637"}, "PickupLocationId": "259", "Result": "0", "TimeStampSinceStationStarted": "1313536.485797", "VacuumAbsolute": "-842", "VacuumRelative": "-842", "ZEndPosition": "48960500", "ZTargetPosition": "48981473"}, "Place": {"ActualPlacePosition": {"Angle": "180000", "X": "27362", "Y": "137718"}, "AirkissPressure": "75", "BoardPanelId": "2", "HoldingCircuitPressure": "2147483647", "NominalPlacePosition": {"Angle": "180000", "X": "27350", "Y": "137725"}, "ReferenceDesignator": "X201_CONN_14_STECK_R", "Result": "0", "TimeStampSinceStationStarted": "1313537.734808", "VacuumAbsolute": "-849", "VacuumRelative": "100", "ZEndPosition": "29644500", "ZTargetPosition": "29654569"}, "ElectricalMeasurement": null, "Dip": null}, {"HeadSegmentId": "132355", "Measures": {"MeasureList": [{"CameraIndividualId": "3033", "MeasurementResult": "0", "PhiDeviation": "-2543445", "TimeStampSinceStationStarted": "1313537.269738", "VisionDumpPath": "C:\\Sirio\\Work\\SvDumpFiles\\PartCameraDumps\\JID_303389450_OID_434460018_SEG_2_BE-Bibliothek.A5E00701727_R1313533516.svdmp", "XDeviation": "-46307", "YDeviation": "-25860"}]}, "Pick": {"ActualPickPosition": {"Angle": "180000", "X": "15250", "Y": "-70500"}, "MeasuredComponentHeight": "0", "NominalPickPosition": {"Angle": "180000", "X": "15258", "Y": "-70312"}, "PickupLocationId": "260", "Result": "0", "TimeStampSinceStationStarted": "1313536.765836", "VacuumAbsolute": "-818", "VacuumRelative": "-818", "ZEndPosition": "47740500", "ZTargetPosition": "47686563"}, "Place": {"ActualPlacePosition": {"Angle": "-90000", "X": "144942", "Y": "142323"}, "AirkissPressure": "73", "BoardPanelId": "2", "HoldingCircuitPressure": "2147483647", "NominalPlacePosition": {"Angle": "-90000", "X": "144950", "Y": "142330"}, "ReferenceDesignator": "C2807_CAPA_2_22_KOND", "Result": "0", "TimeStampSinceStationStarted": "1313537.96538", "VacuumAbsolute": "-834", "VacuumRelative": "103", "ZEndPosition": "37149500", "ZTargetPosition": "37168911"}, "ElectricalMeasurement": null, "Dip": null}, {"HeadSegmentId": "66819", "Measures": {"MeasureList": [{"CameraIndividualId": "3033", "MeasurementResult": "0", "PhiDeviation": "-94919", "TimeStampSinceStationStarted": "1313540.078807", "VisionDumpPath": "C:\\Sirio\\Work\\SvDumpFiles\\PartCameraDumps\\JID_303389451_OID_434460020_SEG_1_BE-Bibliothek.A5E30235063_R1313535363.svdmp", "XDeviation": "306335", "YDeviation": "-2585700"}]}, "Pick": {"ActualPickPosition": {"Angle": "-90000", "X": "-65500", "Y": "-168500"}, "MeasuredComponentHeight": "0", "NominalPickPosition": {"Angle": "-90000", "X": "-65500", "Y": "-168500"}, "PickupLocationId": "253", "Result": "0", "TimeStampSinceStationStarted": "1313538.612902", "VacuumAbsolute": "-850", "VacuumRelative": "-850", "ZEndPosition": "48462500", "ZTargetPosition": "48274482"}, "Place": {"ActualPlacePosition": {"Angle": "0", "X": "51758", "Y": "47639"}, "AirkissPressure": "75", "BoardPanelId": "2", "HoldingCircuitPressure": "2147483647", "NominalPlacePosition": {"Angle": "0", "X": "51750", "Y": "47630"}, "ReferenceDesignator": "D1_BGA_372_IC_ASIC_S", "Result": "0", "TimeStampSinceStationStarted": "1313540.512302", "VacuumAbsolute": "-853", "VacuumRelative": "101", "ZEndPosition": "47821000", "ZTargetPosition": "47865829"}, "ElectricalMeasurement": null, "Dip": null}, {"HeadSegmentId": "132355", "Measures": {"MeasureList": [{"CameraIndividualId": "3033", "MeasurementResult": "0", "PhiDeviation": "-531982", "TimeStampSinceStationStarted": "1313540.221057", "VisionDumpPath": "C:\\Sirio\\Work\\SvDumpFiles\\PartCameraDumps\\JID_303389452_OID_434460021_SEG_2_BE-Bibliothek.A5E00701727_R1313536354.svdmp", "XDeviation": "-61066", "YDeviation": "31999"}]}, "Pick": {"ActualPickPosition": {"Angle": "180000", "X": "15250", "Y": "-70500"}, "MeasuredComponentHeight": "0", "NominalPickPosition": {"Angle": "180000", "X": "15260", "Y": "-70311"}, "PickupLocationId": "260", "Result": "0", "TimeStampSinceStationStarted": "1313539.604148", "VacuumAbsolute": "-820", "VacuumRelative": "-820", "ZEndPosition": "47798500", "ZTargetPosition": "47700047"}, "Place": {"ActualPlacePosition": {"Angle": "-90000", "X": "164389", "Y": "142323"}, "AirkissPressure": "72", "BoardPanelId": "2", "HoldingCircuitPressure": "2147483647", "NominalPlacePosition": {"Angle": "-90000", "X": "164400", "Y": "142330"}, "ReferenceDesignator": "C2806_CAPA_2_22_KOND", "Result": "0", "TimeStampSinceStationStarted": "1313540.83456", "VacuumAbsolute": "-836", "VacuumRelative": "103", "ZEndPosition": "37116500", "ZTargetPosition": "37156489"}, "ElectricalMeasurement": null, "Dip": null}]}, "HeadContext": {"HeadSegments": {"HeadSegment": [{"GantryId": "3", "Head": "1", "HeadName": "Twin Head 5xx", "Id": "66819", "NozzleTypeId": "516", "SegmentNumber": "1"}, {"GantryId": "3", "Head": "1", "HeadName": "Twin Head 5xx", "Id": "132355", "NozzleTypeId": "517", "SegmentNumber": "2"}]}}, "SetupContext": {"PickupLocations": {"PickupLocation": [{"Division": "1", "FeederId": "", "FeederType": "34", "Id": "253", "Level": "5", "Location": "2", "StartTrackNumber": "1", "SubLocation": "2", "Tower": "1", "PackagingUid": ""}, {"Division": "1", "FeederId": "24FAUE900235", "FeederType": "280", "Id": "256", "Level": "0", "Location": "3", "StartTrackNumber": "4", "SubLocation": "1", "Tower": "0", "PackagingUid": "M05314811"}, {"Division": "1", "FeederId": "56FAUEN00199", "FeederType": "312", "Id": "257", "Level": "0", "Location": "3", "StartTrackNumber": "7", "SubLocation": "1", "Tower": "0", "PackagingUid": "M04854787"}, {"Division": "1", "FeederId": "17ATMH805118", "FeederType": "273", "Id": "258", "Level": "0", "Location": "3", "StartTrackNumber": "13", "SubLocation": "1", "Tower": "0", "PackagingUid": "M05206518"}, {"Division": "1", "FeederId": "32FAUEN00039", "FeederType": "288", "Id": "259", "Level": "0", "Location": "3", "StartTrackNumber": "15", "SubLocation": "1", "Tower": "0", "PackagingUid": "M05323151"}, {"Division": "1", "FeederId": "24FAUE600582", "FeederType": "280", "Id": "260", "Level": "0", "Location": "3", "StartTrackNumber": "19", "SubLocation": "1", "Tower": "0", "PackagingUid": "M05187765"}, {"Division": "1", "FeederId": "24FAUF700689", "FeederType": "280", "Id": "261", "Level": "0", "Location": "3", "StartTrackNumber": "22", "SubLocation": "1", "Tower": "0", "PackagingUid": "M05014339"}]}}}}, "ProductionEndedData": {"StationTime": "2021-11-30T15:23:50.0740000+08:00", "TimeStampSinceStationStarted": "1313541.212507"}}