{"name": "PDI_Line5_3810446649_20211130030052.txt", "Timestamp": "2021-11-30T03:00:39.2675212+08:00", "TxnID": "4543aedb-8349-4675-a7e3-bfc5668e68d8", "Line": "SEWC-Lines\\Line5", "Machine": "Line5\\ST3_X3 S", "ProductionStartedData": [{"ConveyorLanePosition": "2", "ConveyorStopperPosition": "1", "Pcb": {"BarcodeReaderPosition": "0", "BoardSide": "1", "IndividualGUID": "9f22af0c-27bb-4867-988a-711335dbe6a4", "LineJobGUID": "3a5e1e40-f5b9-457f-8e3c-d7ab63795644", "Path": "STAB\\A5E50302021lt01", "PcbIndividualID": "42106", "RecipePath": "Line5\\Smart_CPU_L5_702SAF\\A5E50302021lt01", "Barcode": "", "OrderNumber": null}, "ProcessingAreaPosition": "1", "SetupPath": "Line5\\Smart_CPU_L5_702SAF", "StationTime": "2021-11-30T02:58:16.1200000+08:00", "TimeStampSinceStationStarted": "1268807.480394"}], "BoardPositionsList": {"BoardPositions": [{"ActualPosition": {"Angle": "159", "X": "-527938", "Y": "16565", "Z": "-5000"}, "FiducialPositions": {"FiducialRecognitionResult": [{"ActualPosition": {"Angle": "171", "X": "243383", "Y": "11055", "Z": null}, "CameraIndividualId": "4034", "FiducialFunction": "0", "GantryId": "4", "MeasurementResult": "0", "NominalPosition": {"Angle": "0", "X": "243420", "Y": "10530", "Z": null}, "Path": "A5E50302021lt01/1/01/1", "StationTime": "2021-11-30T02:58:18.8670000+08:00", "TimeStampSinceStationStarted": "1268810.227298"}, {"ActualPosition": {"Angle": "146", "X": "7377", "Y": "191942", "Z": null}, "CameraIndividualId": "4034", "FiducialFunction": "0", "GantryId": "4", "MeasurementResult": "0", "NominalPosition": {"Angle": "0", "X": "7970", "Y": "192030", "Z": null}, "Path": "A5E50302021lt01/1/02/1", "StationTime": "2021-11-30T02:58:18.8670000+08:00", "TimeStampSinceStationStarted": "1268810.227298"}]}, "NominalPosition": {"Angle": "0", "X": "-527904", "Y": "16695", "Z": "-5000"}}]}, "ProgressDataList": {"ProductionProgressData": {"BoardContext": {"BoardPanels": {"BoardPanel": [{"Id": "2", "PanelPath": "A5E50302021lt01/A1"}, {"Id": "3", "PanelPath": "A5E50302021lt01/B1"}]}}, "ComponentIndividuals": {"ComponentIndividual": [{"HeadSegmentId": "67588", "Measures": {"MeasureList": [{"CameraIndividualId": "4033", "MeasurementResult": "0", "PhiDeviation": "-158127", "TimeStampSinceStationStarted": "1268810.759766", "VisionDumpPath": "C:\\Sirio\\Work\\SvDumpFiles\\PartCameraDumps\\JID_403358475_OID_421060000_SEG_1_BE-Bibliothek.A5E50179091_R1268804656.svdmp", "XDeviation": "-31157", "YDeviation": "-45934"}]}, "Pick": {"ActualPickPosition": {"Angle": "0", "X": "15126", "Y": "-71150"}, "MeasuredComponentHeight": "0", "NominalPickPosition": {"Angle": "0", "X": "15224", "Y": "-71317"}, "PickupLocationId": "266", "Result": "0", "TimeStampSinceStationStarted": "1268808.128884", "VacuumAbsolute": "-786", "VacuumRelative": "-786", "ZEndPosition": "47605000", "ZTargetPosition": "47621704"}, "Place": {"ActualPlacePosition": {"Angle": "0", "X": "200748", "Y": "27963"}, "AirkissPressure": "76", "BoardPanelId": "3", "HoldingCircuitPressure": "2147483647", "NominalPlacePosition": {"Angle": "0", "X": "200731", "Y": "27980"}, "ReferenceDesignator": "D2_BGA_90_IC_DRAM_51", "Result": "0", "TimeStampSinceStationStarted": "1268811.063638", "VacuumAbsolute": "-839", "VacuumRelative": "96", "ZEndPosition": "46628500", "ZTargetPosition": "46631639"}, "ElectricalMeasurement": null, "Dip": null}, {"HeadSegmentId": "67588", "Measures": {"MeasureList": [{"CameraIndividualId": "4033", "MeasurementResult": "0", "PhiDeviation": "278648", "TimeStampSinceStationStarted": "1268812.290526", "VisionDumpPath": "C:\\Sirio\\Work\\SvDumpFiles\\PartCameraDumps\\JID_403358476_OID_421060001_SEG_1_BE-Bibliothek.A5E00277754_R1268808126.svdmp", "XDeviation": "76201", "YDeviation": "-56044"}]}, "Pick": {"ActualPickPosition": {"Angle": "0", "X": "18028", "Y": "-70606"}, "MeasuredComponentHeight": "0", "NominalPickPosition": {"Angle": "0", "X": "17742", "Y": "-70509"}, "PickupLocationId": "272", "Result": "0", "TimeStampSinceStationStarted": "1268811.598657", "VacuumAbsolute": "-825", "VacuumRelative": "-825", "ZEndPosition": "47261500", "ZTargetPosition": "47287983"}, "Place": {"ActualPlacePosition": {"Angle": "180000", "X": "226604", "Y": "49068"}, "AirkissPressure": "71", "BoardPanelId": "3", "HoldingCircuitPressure": "2147483647", "NominalPlacePosition": {"Angle": "180000", "X": "226581", "Y": "49080"}, "ReferenceDesignator": "X101_EXSOP_14_STECK_", "Result": "0", "TimeStampSinceStationStarted": "1268812.675237", "VacuumAbsolute": "-847", "VacuumRelative": "98", "ZEndPosition": "39020500", "ZTargetPosition": "39030815"}, "ElectricalMeasurement": null, "Dip": null}, {"HeadSegmentId": "133124", "Measures": {"MeasureList": [{"CameraIndividualId": "4033", "MeasurementResult": "0", "PhiDeviation": "165144", "TimeStampSinceStationStarted": "1268812.432579", "VisionDumpPath": "C:\\Sirio\\Work\\SvDumpFiles\\PartCameraDumps\\JID_403358477_OID_421060002_SEG_2_BE-Bibliothek.A5E00277754_R1268808340.svdmp", "XDeviation": "28781", "YDeviation": "-97381"}]}, "Pick": {"ActualPickPosition": {"Angle": "0", "X": "18028", "Y": "-70606"}, "MeasuredComponentHeight": "0", "NominalPickPosition": {"Angle": "0", "X": "17742", "Y": "-70509"}, "PickupLocationId": "272", "Result": "0", "TimeStampSinceStationStarted": "1268811.812375", "VacuumAbsolute": "-832", "VacuumRelative": "-832", "ZEndPosition": "47322500", "ZTargetPosition": "47308483"}, "Place": {"ActualPlacePosition": {"Angle": "180000", "X": "106077", "Y": "49068"}, "AirkissPressure": "76", "BoardPanelId": "2", "HoldingCircuitPressure": "2147483647", "NominalPlacePosition": {"Angle": "180000", "X": "106081", "Y": "49080"}, "ReferenceDesignator": "X101_EXSOP_14_STECK_", "Result": "0", "TimeStampSinceStationStarted": "1268812.83189", "VacuumAbsolute": "-846", "VacuumRelative": "98", "ZEndPosition": "38859000", "ZTargetPosition": "38851719"}, "ElectricalMeasurement": null, "Dip": null}, {"HeadSegmentId": "67588", "Measures": {"MeasureList": [{"CameraIndividualId": "4033", "MeasurementResult": "0", "PhiDeviation": "-359946", "TimeStampSinceStationStarted": "1268813.928221", "VisionDumpPath": "C:\\Sirio\\Work\\SvDumpFiles\\PartCameraDumps\\JID_403358478_OID_421060003_SEG_1_BE-Bibliothek.A5E50179091_R1268810004.svdmp", "XDeviation": "-26172", "YDeviation": "33296"}]}, "Pick": {"ActualPickPosition": {"Angle": "0", "X": "15126", "Y": "-71150"}, "MeasuredComponentHeight": "0", "NominalPickPosition": {"Angle": "0", "X": "15222", "Y": "-71320"}, "PickupLocationId": "266", "Result": "0", "TimeStampSinceStationStarted": "1268813.476699", "VacuumAbsolute": "-788", "VacuumRelative": "-788", "ZEndPosition": "47683000", "ZTargetPosition": "47617528"}, "Place": {"ActualPlacePosition": {"Angle": "0", "X": "80221", "Y": "27963"}, "AirkissPressure": "74", "BoardPanelId": "2", "HoldingCircuitPressure": "2147483647", "NominalPlacePosition": {"Angle": "0", "X": "80231", "Y": "27980"}, "ReferenceDesignator": "D2_BGA_90_IC_DRAM_51", "Result": "0", "TimeStampSinceStationStarted": "1268814.232345", "VacuumAbsolute": "-839", "VacuumRelative": "96", "ZEndPosition": "46616500", "ZTargetPosition": "46635107"}, "ElectricalMeasurement": null, "Dip": null}]}, "HeadContext": {"HeadSegments": {"HeadSegment": [{"GantryId": "4", "Head": "1", "HeadName": "Twin Head 5xx", "Id": "67588", "NozzleTypeId": "516", "SegmentNumber": "1"}, {"GantryId": "4", "Head": "1", "HeadName": "Twin Head 5xx", "Id": "133124", "NozzleTypeId": "516", "SegmentNumber": "2"}]}}, "SetupContext": {"PickupLocations": {"PickupLocation": [{"Division": "1", "FeederId": "24FAUE600590", "FeederType": "280", "Id": "266", "Level": "0", "Location": "4", "StartTrackNumber": "4", "SubLocation": "1", "Tower": "0", "PackagingUid": "M05320388"}, {"Division": "1", "FeederId": "32KL-K405124", "FeederType": "288", "Id": "272", "Level": "0", "Location": "4", "StartTrackNumber": "32", "SubLocation": "1", "Tower": "0", "PackagingUid": "M05323047"}]}}}}, "ProductionEndedData": {"StationTime": "2021-11-30T02:58:23.2490000+08:00", "TimeStampSinceStationStarted": "1268814.60959"}}