{"name": "PDI_Line5_3972131063_20211130235830.txt", "Timestamp": "2021-11-30T23:58:09.6933929+08:00", "TxnID": "39077e80-68ff-4e2f-8e6a-6656f04474c9", "Line": "SEWC-Lines\\Line5", "Machine": "Line5\\ST3_X3 S", "ProductionStartedData": [{"ConveyorLanePosition": "2", "ConveyorStopperPosition": "1", "Pcb": {"BarcodeReaderPosition": "0", "BoardSide": "1", "IndividualGUID": "e2e2a960-891e-4736-819e-9914b45590b8", "LineJobGUID": "5dabe5dc-a97e-4884-abb6-9054a2f7cfd4", "Path": "STAB\\A5E50302024bt02", "PcbIndividualID": "44566", "RecipePath": "Line5\\Smart_CPU_L5_702SAF\\A5E50302024bt02", "Barcode": "", "OrderNumber": null}, "ProcessingAreaPosition": "2", "SetupPath": "Line5\\Smart_CPU_L5_702SAF", "StationTime": "2021-11-30T23:55:44.7700000+08:00", "TimeStampSinceStationStarted": "1344255.75694"}], "BoardPositionsList": {"BoardPositions": [{"ActualPosition": {"Angle": "125", "X": "510474", "Y": "16672", "Z": "-5000"}, "FiducialPositions": {"FiducialRecognitionResult": []}, "NominalPosition": {"Angle": "0", "X": "510392", "Y": "16359", "Z": "-5000"}}]}, "ProgressDataList": {"ProductionProgressData": {"BoardContext": {"BoardPanels": {"BoardPanel": [{"Id": "2", "PanelPath": "A5E50302024bt02/A1"}]}}, "ComponentIndividuals": {"ComponentIndividual": [{"HeadSegmentId": "66819", "Measures": {"MeasureList": [{"CameraIndividualId": "3033", "MeasurementResult": "0", "PhiDeviation": "-447974", "TimeStampSinceStationStarted": "1344257.984942", "VisionDumpPath": "C:\\Sirio\\Work\\SvDumpFiles\\PartCameraDumps\\JID_303396290_OID_445660012_SEG_1_BE-Bibliothek.A5E30242702_R1344252952.svdmp", "XDeviation": "129329", "YDeviation": "77814"}]}, "Pick": {"ActualPickPosition": {"Angle": "0", "X": "15250", "Y": "-70500"}, "MeasuredComponentHeight": "0", "NominalPickPosition": {"Angle": "0", "X": "15370", "Y": "-70217"}, "PickupLocationId": "261", "Result": "0", "TimeStampSinceStationStarted": "1344256.050977", "VacuumAbsolute": "-774", "VacuumRelative": "-774", "ZEndPosition": "47490000", "ZTargetPosition": "47465818"}, "Place": {"ActualPlacePosition": {"Angle": "0", "X": "22868", "Y": "61039"}, "AirkissPressure": "22", "BoardPanelId": "2", "HoldingCircuitPressure": "2147483647", "NominalPlacePosition": {"Angle": "0", "X": "22850", "Y": "61030"}, "ReferenceDesignator": "Z400_SOP_16_NETZWERK", "Result": "0", "TimeStampSinceStationStarted": "1344258.414603", "VacuumAbsolute": "-789", "VacuumRelative": "89", "ZEndPosition": "41865500", "ZTargetPosition": "41943823"}, "ElectricalMeasurement": null, "Dip": null}, {"HeadSegmentId": "132355", "Measures": {"MeasureList": [{"CameraIndividualId": "3033", "MeasurementResult": "0", "PhiDeviation": "-2059970", "TimeStampSinceStationStarted": "1344258.127542", "VisionDumpPath": "C:\\Sirio\\Work\\SvDumpFiles\\PartCameraDumps\\JID_303396291_OID_445660013_SEG_2_BE-Bibliothek.A5E00701727_R1344253185.svdmp", "XDeviation": "141143", "YDeviation": "-70662"}]}, "Pick": {"ActualPickPosition": {"Angle": "180000", "X": "15250", "Y": "-70500"}, "MeasuredComponentHeight": "0", "NominalPickPosition": {"Angle": "180000", "X": "15292", "Y": "-70551"}, "PickupLocationId": "260", "Result": "0", "TimeStampSinceStationStarted": "1344256.283619", "VacuumAbsolute": "-820", "VacuumRelative": "-820", "ZEndPosition": "47714500", "ZTargetPosition": "47692090"}, "Place": {"ActualPlacePosition": {"Angle": "-90000", "X": "164385", "Y": "142320"}, "AirkissPressure": "73", "BoardPanelId": "2", "HoldingCircuitPressure": "2147483647", "NominalPlacePosition": {"Angle": "-90000", "X": "164400", "Y": "142330"}, "ReferenceDesignator": "C2806_CAPA_2_22_KOND", "Result": "0", "TimeStampSinceStationStarted": "1344258.724899", "VacuumAbsolute": "-834", "VacuumRelative": "103", "ZEndPosition": "36976500", "ZTargetPosition": "37065030"}, "ElectricalMeasurement": null, "Dip": null}, {"HeadSegmentId": "66819", "Measures": {"MeasureList": [{"CameraIndividualId": "3033", "MeasurementResult": "0", "PhiDeviation": "-677766", "TimeStampSinceStationStarted": "1344259.931095", "VisionDumpPath": "C:\\Sirio\\Work\\SvDumpFiles\\PartCameraDumps\\JID_303396292_OID_445660014_SEG_1_BE-Bibliothek.A5E01649509_R1344256108.svdmp", "XDeviation": "51944", "YDeviation": "59783"}]}, "Pick": {"ActualPickPosition": {"Angle": "-90000", "X": "8000", "Y": "-51500"}, "MeasuredComponentHeight": "0", "NominalPickPosition": {"Angle": "-90000", "X": "8216", "Y": "-51475"}, "PickupLocationId": "258", "Result": "0", "TimeStampSinceStationStarted": "1344259.207344", "VacuumAbsolute": "-755", "VacuumRelative": "-755", "ZEndPosition": "47115500", "ZTargetPosition": "47132704"}, "Place": {"ActualPlacePosition": {"Angle": "-90000", "X": "171033", "Y": "73036"}, "AirkissPressure": "72", "BoardPanelId": "2", "HoldingCircuitPressure": "2147483647", "NominalPlacePosition": {"Angle": "-90000", "X": "171050", "Y": "73030"}, "ReferenceDesignator": "V701_DPAK/TO252_TRAN", "Result": "0", "TimeStampSinceStationStarted": "1344260.354192", "VacuumAbsolute": "-815", "VacuumRelative": "94", "ZEndPosition": "44914500", "ZTargetPosition": "44955059"}, "ElectricalMeasurement": null, "Dip": null}, {"HeadSegmentId": "132355", "Measures": {"MeasureList": [{"CameraIndividualId": "3033", "MeasurementResult": "0", "PhiDeviation": "-491112", "TimeStampSinceStationStarted": "1344260.07146", "VisionDumpPath": "C:\\Sirio\\Work\\SvDumpFiles\\PartCameraDumps\\JID_303396293_OID_445660015_SEG_2_BE-Bibliothek.A5E00210763_R1344256239.svdmp", "XDeviation": "35088", "YDeviation": "40535"}]}, "Pick": {"ActualPickPosition": {"Angle": "180000", "X": "15250", "Y": "-70500"}, "MeasuredComponentHeight": "0", "NominalPickPosition": {"Angle": "180000", "X": "15156", "Y": "-70784"}, "PickupLocationId": "256", "Result": "0", "TimeStampSinceStationStarted": "1344259.337684", "VacuumAbsolute": "-790", "VacuumRelative": "-790", "ZEndPosition": "47777000", "ZTargetPosition": "47739217"}, "Place": {"ActualPlacePosition": {"Angle": "0", "X": "151288", "Y": "80634"}, "AirkissPressure": "74", "BoardPanelId": "2", "HoldingCircuitPressure": "2147483647", "NominalPlacePosition": {"Angle": "0", "X": "151300", "Y": "80630"}, "ReferenceDesignator": "C1912_CAP_2_KOND_EL_", "Result": "0", "TimeStampSinceStationStarted": "1344260.685937", "VacuumAbsolute": "-791", "VacuumRelative": "95", "ZEndPosition": "37005000", "ZTargetPosition": "36940658"}, "ElectricalMeasurement": null, "Dip": null}, {"HeadSegmentId": "66819", "Measures": {"MeasureList": [{"CameraIndividualId": "3033", "MeasurementResult": "0", "PhiDeviation": "-281430", "TimeStampSinceStationStarted": "1344263.608571", "VisionDumpPath": "C:\\Sirio\\Work\\SvDumpFiles\\PartCameraDumps\\JID_303396294_OID_445660017_SEG_1_BE-Bibliothek.A5E01059015_R1344259583.svdmp", "XDeviation": "-300926", "YDeviation": "-23673"}]}, "Pick": {"ActualPickPosition": {"Angle": "0", "X": "17950", "Y": "-70500"}, "MeasuredComponentHeight": "0", "NominalPickPosition": {"Angle": "0", "X": "18386", "Y": "-70401"}, "PickupLocationId": "259", "Result": "0", "TimeStampSinceStationStarted": "1344262.680996", "VacuumAbsolute": "-848", "VacuumRelative": "-848", "ZEndPosition": "48984000", "ZTargetPosition": "48941822"}, "Place": {"ActualPlacePosition": {"Angle": "180000", "X": "27367", "Y": "137716"}, "AirkissPressure": "74", "BoardPanelId": "2", "HoldingCircuitPressure": "2147483647", "NominalPlacePosition": {"Angle": "180000", "X": "27350", "Y": "137725"}, "ReferenceDesignator": "X201_CONN_14_STECK_R", "Result": "0", "TimeStampSinceStationStarted": "1344263.933136", "VacuumAbsolute": "-855", "VacuumRelative": "102", "ZEndPosition": "29686500", "ZTargetPosition": "29684783"}, "ElectricalMeasurement": null, "Dip": null}, {"HeadSegmentId": "132355", "Measures": {"MeasureList": [{"CameraIndividualId": "3033", "MeasurementResult": "0", "PhiDeviation": "-112595", "TimeStampSinceStationStarted": "1344263.467848", "VisionDumpPath": "C:\\Sirio\\Work\\SvDumpFiles\\PartCameraDumps\\JID_303396295_OID_445660016_SEG_2_BE-Bibliothek.A5E00701727_R1344259869.svdmp", "XDeviation": "52360", "YDeviation": "-88674"}]}, "Pick": {"ActualPickPosition": {"Angle": "180000", "X": "15250", "Y": "-70500"}, "MeasuredComponentHeight": "0", "NominalPickPosition": {"Angle": "180000", "X": "15285", "Y": "-70547"}, "PickupLocationId": "260", "Result": "0", "TimeStampSinceStationStarted": "1344262.967884", "VacuumAbsolute": "-818", "VacuumRelative": "-818", "ZEndPosition": "47693000", "ZTargetPosition": "47697692"}, "Place": {"ActualPlacePosition": {"Angle": "-90000", "X": "144939", "Y": "142320"}, "AirkissPressure": "71", "BoardPanelId": "2", "HoldingCircuitPressure": "2147483647", "NominalPlacePosition": {"Angle": "-90000", "X": "144950", "Y": "142330"}, "ReferenceDesignator": "C2807_CAPA_2_22_KOND", "Result": "0", "TimeStampSinceStationStarted": "1344264.176118", "VacuumAbsolute": "-833", "VacuumRelative": "103", "ZEndPosition": "36975000", "ZTargetPosition": "37025157"}, "ElectricalMeasurement": null, "Dip": null}, {"HeadSegmentId": "66819", "Measures": {"MeasureList": [{"CameraIndividualId": "3033", "MeasurementResult": "0", "PhiDeviation": "64019", "TimeStampSinceStationStarted": "1344266.113308", "VisionDumpPath": "C:\\Sirio\\Work\\SvDumpFiles\\PartCameraDumps\\JID_303396296_OID_445660018_SEG_1_BE-Bibliothek.A5E32357002_R1344261672.svdmp", "XDeviation": "97495", "YDeviation": "96492"}]}, "Pick": {"ActualPickPosition": {"Angle": "0", "X": "30150", "Y": "-72740"}, "MeasuredComponentHeight": "0", "NominalPickPosition": {"Angle": "0", "X": "30039", "Y": "-72390"}, "PickupLocationId": "257", "Result": "0", "TimeStampSinceStationStarted": "1344264.770828", "VacuumAbsolute": "-849", "VacuumRelative": "-849", "ZEndPosition": "48929500", "ZTargetPosition": "48980596"}, "Place": {"ActualPlacePosition": {"Angle": "0", "X": "131792", "Y": "153617"}, "AirkissPressure": "76", "BoardPanelId": "2", "HoldingCircuitPressure": "2147483647", "NominalPlacePosition": {"Angle": "0", "X": "131800", "Y": "153630"}, "ReferenceDesignator": "X202_CONN_28_STECK_R", "Result": "0", "TimeStampSinceStationStarted": "1344266.844699", "VacuumAbsolute": "-858", "VacuumRelative": "102", "ZEndPosition": "30689000", "ZTargetPosition": "30698226"}, "ElectricalMeasurement": null, "Dip": null}, {"HeadSegmentId": "132355", "Measures": {"MeasureList": [{"CameraIndividualId": "3033", "MeasurementResult": "0", "PhiDeviation": "-640862", "TimeStampSinceStationStarted": "1344266.434067", "VisionDumpPath": "C:\\Sirio\\Work\\SvDumpFiles\\PartCameraDumps\\JID_303396297_OID_445660019_SEG_2_BE-Bibliothek.A5E00210763_R1344262171.svdmp", "XDeviation": "-96440", "YDeviation": "-48688"}]}, "Pick": {"ActualPickPosition": {"Angle": "180000", "X": "15250", "Y": "-70500"}, "MeasuredComponentHeight": "0", "NominalPickPosition": {"Angle": "180000", "X": "15154", "Y": "-70786"}, "PickupLocationId": "256", "Result": "0", "TimeStampSinceStationStarted": "1344265.270251", "VacuumAbsolute": "-785", "VacuumRelative": "-785", "ZEndPosition": "47742000", "ZTargetPosition": "47748662"}, "Place": {"ActualPlacePosition": {"Angle": "180000", "X": "119645", "Y": "80634"}, "AirkissPressure": "73", "BoardPanelId": "2", "HoldingCircuitPressure": "2147483647", "NominalPlacePosition": {"Angle": "180000", "X": "119650", "Y": "80630"}, "ReferenceDesignator": "C1620_CAP_2_KOND_EL_", "Result": "0", "TimeStampSinceStationStarted": "1344267.212954", "VacuumAbsolute": "-785", "VacuumRelative": "94", "ZEndPosition": "36844500", "ZTargetPosition": "36869641"}, "ElectricalMeasurement": null, "Dip": null}, {"HeadSegmentId": "66819", "Measures": {"MeasureList": [{"CameraIndividualId": "3033", "MeasurementResult": "0", "PhiDeviation": "-108125", "TimeStampSinceStationStarted": "1344269.34013", "VisionDumpPath": "C:\\Sirio\\Work\\SvDumpFiles\\PartCameraDumps\\JID_303396298_OID_445660020_SEG_1_BE-Bibliothek.A5E30235063_R1344264781.svdmp", "XDeviation": "719498", "YDeviation": "-2735614"}]}, "Pick": {"ActualPickPosition": {"Angle": "-90000", "X": "-91000", "Y": "-190500"}, "MeasuredComponentHeight": "0", "NominalPickPosition": {"Angle": "-90000", "X": "-91000", "Y": "-190500"}, "PickupLocationId": "249", "Result": "0", "TimeStampSinceStationStarted": "1344267.879798", "VacuumAbsolute": "-858", "VacuumRelative": "-858", "ZEndPosition": "48342000", "ZTargetPosition": "48212844"}, "Place": {"ActualPlacePosition": {"Angle": "0", "X": "51761", "Y": "47642"}, "AirkissPressure": "71", "BoardPanelId": "2", "HoldingCircuitPressure": "2147483647", "NominalPlacePosition": {"Angle": "0", "X": "51750", "Y": "47630"}, "ReferenceDesignator": "D1_BGA_372_IC_ASIC_S", "Result": "0", "TimeStampSinceStationStarted": "1344269.77385", "VacuumAbsolute": "-860", "VacuumRelative": "102", "ZEndPosition": "47829000", "ZTargetPosition": "47894285"}, "ElectricalMeasurement": null, "Dip": null}, {"HeadSegmentId": "132355", "Measures": {"MeasureList": [{"CameraIndividualId": "3033", "MeasurementResult": "0", "PhiDeviation": "-815162", "TimeStampSinceStationStarted": "1344269.482519", "VisionDumpPath": "C:\\Sirio\\Work\\SvDumpFiles\\PartCameraDumps\\JID_303396299_OID_445660021_SEG_2_BE-Bibliothek.A5E00701727_R1344265788.svdmp", "XDeviation": "61812", "YDeviation": "-57290"}]}, "Pick": {"ActualPickPosition": {"Angle": "180000", "X": "15250", "Y": "-70500"}, "MeasuredComponentHeight": "0", "NominalPickPosition": {"Angle": "180000", "X": "15282", "Y": "-70543"}, "PickupLocationId": "260", "Result": "0", "TimeStampSinceStationStarted": "1344268.886053", "VacuumAbsolute": "-822", "VacuumRelative": "-822", "ZEndPosition": "47660500", "ZTargetPosition": "47696519"}, "Place": {"ActualPlacePosition": {"Angle": "-90000", "X": "154647", "Y": "142290"}, "AirkissPressure": "75", "BoardPanelId": "2", "HoldingCircuitPressure": "2147483647", "NominalPlacePosition": {"Angle": "-90000", "X": "154660", "Y": "142300"}, "ReferenceDesignator": "C2809_CAPA_2_22_KOND", "Result": "0", "TimeStampSinceStationStarted": "1344270.089745", "VacuumAbsolute": "-840", "VacuumRelative": "104", "ZEndPosition": "36977000", "ZTargetPosition": "37041245"}, "ElectricalMeasurement": null, "Dip": null}]}, "HeadContext": {"HeadSegments": {"HeadSegment": [{"GantryId": "3", "Head": "1", "HeadName": "Twin Head 5xx", "Id": "66819", "NozzleTypeId": "516", "SegmentNumber": "1"}, {"GantryId": "3", "Head": "1", "HeadName": "Twin Head 5xx", "Id": "132355", "NozzleTypeId": "517", "SegmentNumber": "2"}]}}, "SetupContext": {"PickupLocations": {"PickupLocation": [{"Division": "1", "FeederId": "", "FeederType": "34", "Id": "249", "Level": "1", "Location": "2", "StartTrackNumber": "1", "SubLocation": "2", "Tower": "1", "PackagingUid": ""}, {"Division": "1", "FeederId": "24FAUE900235", "FeederType": "280", "Id": "256", "Level": "0", "Location": "3", "StartTrackNumber": "4", "SubLocation": "1", "Tower": "0", "PackagingUid": "M05314788"}, {"Division": "1", "FeederId": "56FAUEN00199", "FeederType": "312", "Id": "257", "Level": "0", "Location": "3", "StartTrackNumber": "7", "SubLocation": "1", "Tower": "0", "PackagingUid": "M04854791"}, {"Division": "1", "FeederId": "17ATMH805118", "FeederType": "273", "Id": "258", "Level": "0", "Location": "3", "StartTrackNumber": "13", "SubLocation": "1", "Tower": "0", "PackagingUid": "M05206518"}, {"Division": "1", "FeederId": "32FAUEN00039", "FeederType": "288", "Id": "259", "Level": "0", "Location": "3", "StartTrackNumber": "15", "SubLocation": "1", "Tower": "0", "PackagingUid": "M05323313"}, {"Division": "1", "FeederId": "24FAUE600582", "FeederType": "280", "Id": "260", "Level": "0", "Location": "3", "StartTrackNumber": "19", "SubLocation": "1", "Tower": "0", "PackagingUid": "M05255214"}, {"Division": "1", "FeederId": "24FAUF700689", "FeederType": "280", "Id": "261", "Level": "0", "Location": "3", "StartTrackNumber": "22", "SubLocation": "1", "Tower": "0", "PackagingUid": "M05243828"}]}}}}, "ProductionEndedData": {"StationTime": "2021-11-30T23:55:59.4760000+08:00", "TimeStampSinceStationStarted": "1344270.462507"}}