{"name": "PDI_Line5_3868723012_20211130223913.txt", "Timestamp": "2021-11-30T22:38:59.2113611+08:00", "TxnID": "deffa891-7859-457f-befb-df9a10a88214", "Line": "SEWC-Lines\\Line5", "Machine": "Line5\\ST3_X3 S", "ProductionStartedData": [{"ConveyorLanePosition": "1", "ConveyorStopperPosition": "1", "Pcb": {"BarcodeReaderPosition": "0", "BoardSide": "1", "IndividualGUID": "e1559020-d6e9-4233-97e5-39875088be4b", "LineJobGUID": "0eac2a39-09f1-470d-9bd7-2a5e9815b5ca", "Path": "STAB\\A5E50302024lt02", "PcbIndividualID": "45353", "RecipePath": "Line5\\Smart_CPU_L5_702SAF\\A5E50302024lt02", "Barcode": "", "OrderNumber": null}, "ProcessingAreaPosition": "1", "SetupPath": "Line5\\Smart_CPU_L5_702SAF", "StationTime": "2021-11-30T22:36:34.7490000+08:00", "TimeStampSinceStationStarted": "1339505.758239"}], "BoardPositionsList": {"BoardPositions": [{"ActualPosition": {"Angle": "-43", "X": "-476589", "Y": "-232757", "Z": "-5000"}, "FiducialPositions": {"FiducialRecognitionResult": [{"ActualPosition": {"Angle": "-74", "X": "193625", "Y": "11920", "Z": null}, "CameraIndividualId": "4034", "FiducialFunction": "0", "GantryId": "4", "MeasurementResult": "0", "NominalPosition": {"Angle": "0", "X": "194170", "Y": "11990", "Z": null}, "Path": "A5E50302024lt02/1/01/1", "StationTime": "2021-11-30T22:36:37.6800000+08:00", "TimeStampSinceStationStarted": "1339508.689532"}, {"ActualPosition": {"Angle": "-126", "X": "4618", "Y": "184307", "Z": null}, "CameraIndividualId": "4034", "FiducialFunction": "0", "GantryId": "4", "MeasurementResult": "0", "NominalPosition": {"Angle": "0", "X": "5040", "Y": "184226", "Z": null}, "Path": "A5E50302024lt02/1/02/1", "StationTime": "2021-11-30T22:36:37.6800000+08:00", "TimeStampSinceStationStarted": "1339508.689532"}]}, "NominalPosition": {"Angle": "0", "X": "-476032", "Y": "-232838", "Z": "-5000"}}]}, "ProgressDataList": {"ProductionProgressData": {"BoardContext": {"BoardPanels": {"BoardPanel": [{"Id": "2", "PanelPath": "A5E50302024lt02/A1"}]}}, "ComponentIndividuals": {"ComponentIndividual": [{"HeadSegmentId": "67588", "Measures": {"MeasureList": [{"CameraIndividualId": "4033", "MeasurementResult": "0", "PhiDeviation": "189265", "TimeStampSinceStationStarted": "1339509.331293", "VisionDumpPath": "C:\\Sirio\\Work\\SvDumpFiles\\PartCameraDumps\\JID_403373980_OID_453530000_SEG_1_BE-Bibliothek.A5E00277754_R1339502831.svdmp", "XDeviation": "41887", "YDeviation": "-176281"}]}, "Pick": {"ActualPickPosition": {"Angle": "0", "X": "18028", "Y": "-70606"}, "MeasuredComponentHeight": "0", "NominalPickPosition": {"Angle": "0", "X": "17738", "Y": "-70454"}, "PickupLocationId": "272", "Result": "0", "TimeStampSinceStationStarted": "1339505.951949", "VacuumAbsolute": "-820", "VacuumRelative": "-820", "ZEndPosition": "47195500", "ZTargetPosition": "47231090"}, "Place": {"ActualPlacePosition": {"Angle": "180000", "X": "172153", "Y": "50423"}, "AirkissPressure": "73", "BoardPanelId": "2", "HoldingCircuitPressure": "2147483647", "NominalPlacePosition": {"Angle": "180000", "X": "172150", "Y": "50425"}, "ReferenceDesignator": "X101_EXSOP_14_STECK_", "Result": "0", "TimeStampSinceStationStarted": "1339509.72615", "VacuumAbsolute": "-841", "VacuumRelative": "96", "ZEndPosition": "38892000", "ZTargetPosition": "38904988"}, "ElectricalMeasurement": null, "Dip": null}, {"HeadSegmentId": "67588", "Measures": {"MeasureList": [{"CameraIndividualId": "4033", "MeasurementResult": "0", "PhiDeviation": "-449004", "TimeStampSinceStationStarted": "1339510.986568", "VisionDumpPath": "C:\\Sirio\\Work\\SvDumpFiles\\PartCameraDumps\\JID_403373981_OID_453530001_SEG_1_BE-Bibliothek.A5E50179091_R1339507417.svdmp", "XDeviation": "-26753", "YDeviation": "7276"}]}, "Pick": {"ActualPickPosition": {"Angle": "0", "X": "15126", "Y": "-71150"}, "MeasuredComponentHeight": "0", "NominalPickPosition": {"Angle": "0", "X": "15196", "Y": "-71269"}, "PickupLocationId": "266", "Result": "0", "TimeStampSinceStationStarted": "1339510.537823", "VacuumAbsolute": "-784", "VacuumRelative": "-784", "ZEndPosition": "47699000", "ZTargetPosition": "47652499"}, "Place": {"ActualPlacePosition": {"Angle": "0", "X": "146302", "Y": "29327"}, "AirkissPressure": "78", "BoardPanelId": "2", "HoldingCircuitPressure": "2147483647", "NominalPlacePosition": {"Angle": "0", "X": "146300", "Y": "29330"}, "ReferenceDesignator": "D2_BGA_90_IC_DRAM_51", "Result": "0", "TimeStampSinceStationStarted": "1339511.38979", "VacuumAbsolute": "-833", "VacuumRelative": "94", "ZEndPosition": "46579000", "ZTargetPosition": "46566879"}, "ElectricalMeasurement": null, "Dip": null}]}, "HeadContext": {"HeadSegments": {"HeadSegment": [{"GantryId": "4", "Head": "1", "HeadName": "Twin Head 5xx", "Id": "67588", "NozzleTypeId": "516", "SegmentNumber": "1"}]}}, "SetupContext": {"PickupLocations": {"PickupLocation": [{"Division": "1", "FeederId": "24FAUE600590", "FeederType": "280", "Id": "266", "Level": "0", "Location": "4", "StartTrackNumber": "4", "SubLocation": "1", "Tower": "0", "PackagingUid": "A00055530"}, {"Division": "1", "FeederId": "32KL-K405124", "FeederType": "288", "Id": "272", "Level": "0", "Location": "4", "StartTrackNumber": "32", "SubLocation": "1", "Tower": "0", "PackagingUid": "M05323054"}]}}}}, "ProductionEndedData": {"StationTime": "2021-11-30T22:36:40.7490000+08:00", "TimeStampSinceStationStarted": "1339511.758497"}}