{"name": "PDI_Line5_3847600188_20211130005842.txt", "Timestamp": "2021-11-30T00:58:19.2656129+08:00", "TxnID": "be0bccf9-696f-4654-858e-07f81dd5d219", "Line": "SEWC-Lines\\Line5", "Machine": "Line5\\ST1_X4 S", "ProductionStartedData": [{"ConveyorLanePosition": "2", "ConveyorStopperPosition": "1", "Pcb": {"BarcodeReaderPosition": "0", "BoardSide": "1", "IndividualGUID": "ea6daf69-ecc5-4c7d-9b00-14d78e01eb6c", "LineJobGUID": "3a5e1e40-f5b9-457f-8e3c-d7ab63795644", "Path": "STAB\\A5E50302021lt01", "PcbIndividualID": "3954", "RecipePath": "Line5\\Smart_CPU_L5_702SAF\\A5E50302021lt01", "Barcode": "", "OrderNumber": null}, "ProcessingAreaPosition": "2", "SetupPath": "Line5\\Smart_CPU_L5_702SAF", "StationTime": "2021-11-30T00:56:47.3130000+08:00", "TimeStampSinceStationStarted": "107788.477451"}], "BoardPositionsList": {"BoardPositions": [{"ActualPosition": {"Angle": "142", "X": "458462", "Y": "16675", "Z": "-5000"}, "FiducialPositions": {"FiducialRecognitionResult": []}, "NominalPosition": {"Angle": "0", "X": "458251", "Y": "15618", "Z": "-5000"}}]}, "ProgressDataList": {"ProductionProgressData": {"BoardContext": {"BoardPanels": {"BoardPanel": [{"Id": "2", "PanelPath": "A5E50302021lt01/A1"}, {"Id": "3", "PanelPath": "A5E50302021lt01/B1"}]}}, "ComponentIndividuals": {"ComponentIndividual": [{"HeadSegmentId": "985091", "Measures": {"MeasureList": [{"CameraIndividualId": "3023", "MeasurementResult": "0", "PhiDeviation": "-917177", "TimeStampSinceStationStarted": "107806.745109", "VisionDumpPath": "C:\\Sirio\\Work\\SvDumpFiles\\PartCameraDumps\\JID_302306337_OID_39540391_SEG_15_BE-Bibliothek.A5E00257456_R107797230.svdmp", "XDeviation": "-53850", "YDeviation": "-24688"}]}, "Pick": {"ActualPickPosition": {"Angle": "180000", "X": "877", "Y": "-51018"}, "MeasuredComponentHeight": "795118", "NominalPickPosition": {"Angle": "180000", "X": "911", "Y": "-50929"}, "PickupLocationId": "84", "Result": "0", "TimeStampSinceStationStarted": "107806.507273", "VacuumAbsolute": "-702", "VacuumRelative": "-702", "ZEndPosition": "9352000", "ZTargetPosition": "9321931"}, "Place": {"ActualPlacePosition": {"Angle": "-179986", "X": "101925", "Y": "18387"}, "AirkissPressure": "106", "BoardPanelId": "2", "HoldingCircuitPressure": "-701", "NominalPlacePosition": {"Angle": "180000", "X": "101870", "Y": "18980"}, "ReferenceDesignator": "C501_0603_KOND_KER_V", "Result": "0", "TimeStampSinceStationStarted": "107808.593389", "VacuumAbsolute": "-722", "VacuumRelative": "76", "ZEndPosition": "10161000", "ZTargetPosition": "10214148"}, "ElectricalMeasurement": null, "Dip": null}, {"HeadSegmentId": "1050627", "Measures": {"MeasureList": [{"CameraIndividualId": "3023", "MeasurementResult": "0", "PhiDeviation": "-479991", "TimeStampSinceStationStarted": "107806.778557", "VisionDumpPath": "C:\\Sirio\\Work\\SvDumpFiles\\PartCameraDumps\\JID_302306338_OID_39540392_SEG_16_BE-Bibliothek.A5E00257456_R107797281.svdmp", "XDeviation": "89693", "YDeviation": "2311"}]}, "Pick": {"ActualPickPosition": {"Angle": "180000", "X": "877", "Y": "-51018"}, "MeasuredComponentHeight": "765980", "NominalPickPosition": {"Angle": "180000", "X": "911", "Y": "-50929"}, "PickupLocationId": "84", "Result": "0", "TimeStampSinceStationStarted": "107806.557766", "VacuumAbsolute": "-709", "VacuumRelative": "-709", "ZEndPosition": "9313500", "ZTargetPosition": "9317948"}, "Place": {"ActualPlacePosition": {"Angle": "-179986", "X": "222452", "Y": "18418"}, "AirkissPressure": "100", "BoardPanelId": "3", "HoldingCircuitPressure": "-695", "NominalPlacePosition": {"Angle": "180000", "X": "222370", "Y": "18980"}, "ReferenceDesignator": "C501_0603_KOND_KER_V", "Result": "0", "TimeStampSinceStationStarted": "107808.719315", "VacuumAbsolute": "-736", "VacuumRelative": "67", "ZEndPosition": "10216000", "ZTargetPosition": "10222673"}, "ElectricalMeasurement": null, "Dip": null}]}, "HeadContext": {"HeadSegments": {"HeadSegment": [{"GantryId": "3", "Head": "1", "HeadName": "C&P 20 P 4xxx", "Id": "985091", "NozzleTypeId": "4004", "SegmentNumber": "15"}, {"GantryId": "3", "Head": "1", "HeadName": "C&P 20 P 4xxx", "Id": "1050627", "NozzleTypeId": "4004", "SegmentNumber": "16"}]}}, "SetupContext": {"PickupLocations": {"PickupLocation": [{"Division": "1", "FeederId": "08KL-K806307", "FeederType": "264", "Id": "84", "Level": "0", "Location": "3", "StartTrackNumber": "10", "SubLocation": "1", "Tower": "0", "PackagingUid": "M05307987"}]}}}}, "ProductionEndedData": {"StationTime": "2021-11-30T00:57:07.6390000+08:00", "TimeStampSinceStationStarted": "107808.804153"}}