{"name": "PDI_Line5_4117663635_20211130023410.txt", "Timestamp": "2021-11-30T02:33:53.2362717+08:00", "TxnID": "cbf0669c-8d16-45f7-a396-a102c5c15c00", "Line": "SEWC-Lines\\Line5", "Machine": "Line5\\ST3_X3 S", "ProductionStartedData": [{"ConveyorLanePosition": "1", "ConveyorStopperPosition": "1", "Pcb": {"BarcodeReaderPosition": "0", "BoardSide": "1", "IndividualGUID": "b28dddf3-44bd-4001-8205-0e52a498db35", "LineJobGUID": "3a5e1e40-f5b9-457f-8e3c-d7ab63795644", "Path": "STAB\\A5E50302021lt01", "PcbIndividualID": "43013", "RecipePath": "Line5\\Smart_CPU_L5_702SAF\\A5E50302021lt01", "Barcode": "", "OrderNumber": null}, "ProcessingAreaPosition": "2", "SetupPath": "Line5\\Smart_CPU_L5_702SAF", "StationTime": "2021-11-30T02:31:29.9240000+08:00", "TimeStampSinceStationStarted": "1267201.292921"}], "BoardPositionsList": {"BoardPositions": [{"ActualPosition": {"Angle": "0", "X": "457665", "Y": "-233199", "Z": "-5000"}, "FiducialPositions": {"FiducialRecognitionResult": []}, "NominalPosition": {"Angle": "0", "X": "457820", "Y": "-233646", "Z": "-5000"}}]}, "ProgressDataList": {"ProductionProgressData": {"BoardContext": {"BoardPanels": {"BoardPanel": [{"Id": "2", "PanelPath": "A5E50302021lt01/A1"}, {"Id": "3", "PanelPath": "A5E50302021lt01/B1"}]}}, "ComponentIndividuals": {"ComponentIndividual": [{"HeadSegmentId": "66819", "Measures": {"MeasureList": [{"CameraIndividualId": "3033", "MeasurementResult": "0", "PhiDeviation": "-406709", "TimeStampSinceStationStarted": "1267207.7055", "VisionDumpPath": "C:\\Sirio\\Work\\SvDumpFiles\\PartCameraDumps\\JID_303375960_OID_430130004_SEG_1_BE-Bibliothek.A5E01058093_R1267202299.svdmp", "XDeviation": "-13263", "YDeviation": "-4695"}]}, "Pick": {"ActualPickPosition": {"Angle": "0", "X": "23950", "Y": "-70500"}, "MeasuredComponentHeight": "0", "NominalPickPosition": {"Angle": "0", "X": "23925", "Y": "-70553"}, "PickupLocationId": "263", "Result": "0", "TimeStampSinceStationStarted": "1267205.779141", "VacuumAbsolute": "-450", "VacuumRelative": "-450", "ZEndPosition": "50348000", "ZTargetPosition": "50326513"}, "Place": {"ActualPlacePosition": {"Angle": "180000", "X": "32396", "Y": "69802"}, "AirkissPressure": "71", "BoardPanelId": "2", "HoldingCircuitPressure": "2147483647", "NominalPlacePosition": {"Angle": "180000", "X": "32420", "Y": "69810"}, "ReferenceDesignator": "X102_CONN_28_STECK_R", "Result": "0", "TimeStampSinceStationStarted": "1267209.281423", "VacuumAbsolute": "-450", "VacuumRelative": "26", "ZEndPosition": "41632000", "ZTargetPosition": "41646784"}, "ElectricalMeasurement": null, "Dip": null}, {"HeadSegmentId": "132355", "Measures": {"MeasureList": [{"CameraIndividualId": "3033", "MeasurementResult": "0", "PhiDeviation": "-473085", "TimeStampSinceStationStarted": "1267208.231514", "VisionDumpPath": "C:\\Sirio\\Work\\SvDumpFiles\\PartCameraDumps\\JID_303375961_OID_430130005_SEG_2_BE-Bibliothek.A5E01058093_R1267202948.svdmp", "XDeviation": "-157353", "YDeviation": "-93680"}]}, "Pick": {"ActualPickPosition": {"Angle": "0", "X": "23950", "Y": "-70500"}, "MeasuredComponentHeight": "0", "NominalPickPosition": {"Angle": "0", "X": "23925", "Y": "-70553"}, "PickupLocationId": "263", "Result": "0", "TimeStampSinceStationStarted": "1267206.428542", "VacuumAbsolute": "-437", "VacuumRelative": "-437", "ZEndPosition": "50312000", "ZTargetPosition": "50339513"}, "Place": {"ActualPlacePosition": {"Angle": "180000", "X": "152927", "Y": "69802"}, "AirkissPressure": "72", "BoardPanelId": "3", "HoldingCircuitPressure": "2147483647", "NominalPlacePosition": {"Angle": "180000", "X": "152920", "Y": "69810"}, "ReferenceDesignator": "X102_CONN_28_STECK_R", "Result": "0", "TimeStampSinceStationStarted": "1267209.749691", "VacuumAbsolute": "-456", "VacuumRelative": "35", "ZEndPosition": "41644500", "ZTargetPosition": "41651478"}, "ElectricalMeasurement": null, "Dip": null}]}, "HeadContext": {"HeadSegments": {"HeadSegment": [{"GantryId": "3", "Head": "1", "HeadName": "Twin Head 5xx", "Id": "66819", "NozzleTypeId": "573", "SegmentNumber": "1"}, {"GantryId": "3", "Head": "1", "HeadName": "Twin Head 5xx", "Id": "132355", "NozzleTypeId": "573", "SegmentNumber": "2"}]}}, "SetupContext": {"PickupLocations": {"PickupLocation": [{"Division": "1", "FeederId": "44FAUD200890", "FeederType": "300", "Id": "263", "Level": "0", "Location": "3", "StartTrackNumber": "30", "SubLocation": "1", "Tower": "0", "PackagingUid": "M05298564"}]}}}}, "ProductionEndedData": {"StationTime": "2021-11-30T02:31:38.8390000+08:00", "TimeStampSinceStationStarted": "1267210.207843"}}