{"name": "PDI_Line5_4104947847_20211130135643.txt", "Timestamp": "2021-11-30T13:56:34.0475084+08:00", "TxnID": "f592dd45-f934-40c6-a639-fedc4f7e2e8a", "Line": "SEWC-Lines\\Line5", "Machine": "Line5\\ST3_X3 S", "ProductionStartedData": [{"ConveyorLanePosition": "2", "ConveyorStopperPosition": "1", "Pcb": {"BarcodeReaderPosition": "0", "BoardSide": "1", "IndividualGUID": "f08221e7-afe8-4cf8-b745-caf6560e34da", "LineJobGUID": "3f68c8d2-071f-4795-8aa5-1d45806eb923", "Path": "STAB\\A5E50302024lt02", "PcbIndividualID": "43280", "RecipePath": "Line5\\Smart_CPU_L5_702SAF\\A5E50302024lt02", "Barcode": "", "OrderNumber": null}, "ProcessingAreaPosition": "1", "SetupPath": "Line5\\Smart_CPU_L5_702SAF", "StationTime": "2021-11-30T13:54:10.3160000+08:00", "TimeStampSinceStationStarted": "1308161.480424"}], "BoardPositionsList": {"BoardPositions": [{"ActualPosition": {"Angle": "439", "X": "-475836", "Y": "16448", "Z": "-5000"}, "FiducialPositions": {"FiducialRecognitionResult": [{"ActualPosition": {"Angle": "468", "X": "194146", "Y": "13226", "Z": null}, "CameraIndividualId": "4034", "FiducialFunction": "0", "GantryId": "4", "MeasurementResult": "0", "NominalPosition": {"Angle": "0", "X": "194170", "Y": "11990", "Z": null}, "Path": "A5E50302024lt02/1/01/1", "StationTime": "2021-11-30T13:54:12.9160000+08:00", "TimeStampSinceStationStarted": "1308164.079702"}, {"ActualPosition": {"Angle": "465", "X": "3692", "Y": "184017", "Z": null}, "CameraIndividualId": "4034", "FiducialFunction": "0", "GantryId": "4", "MeasurementResult": "0", "NominalPosition": {"Angle": "0", "X": "5040", "Y": "184226", "Z": null}, "Path": "A5E50302024lt02/1/02/1", "StationTime": "2021-11-30T13:54:12.9160000+08:00", "TimeStampSinceStationStarted": "1308164.079702"}]}, "NominalPosition": {"Angle": "0", "X": "-475904", "Y": "16695", "Z": "-5000"}}]}, "ProgressDataList": {"ProductionProgressData": {"BoardContext": {"BoardPanels": {"BoardPanel": [{"Id": "2", "PanelPath": "A5E50302024lt02/A1"}]}}, "ComponentIndividuals": {"ComponentIndividual": [{"HeadSegmentId": "67588", "Measures": {"MeasureList": [{"CameraIndividualId": "4033", "MeasurementResult": "0", "PhiDeviation": "947993", "TimeStampSinceStationStarted": "1308164.633079", "VisionDumpPath": "C:\\Sirio\\Work\\SvDumpFiles\\PartCameraDumps\\JID_403368985_OID_432800000_SEG_1_BE-Bibliothek.A5E00277754_R1308158395.svdmp", "XDeviation": "-82730", "YDeviation": "-54991"}]}, "Pick": {"ActualPickPosition": {"Angle": "0", "X": "18028", "Y": "-70606"}, "MeasuredComponentHeight": "0", "NominalPickPosition": {"Angle": "0", "X": "17751", "Y": "-70433"}, "PickupLocationId": "272", "Result": "0", "TimeStampSinceStationStarted": "1308161.671002", "VacuumAbsolute": "-820", "VacuumRelative": "-820", "ZEndPosition": "47228500", "ZTargetPosition": "47242900"}, "Place": {"ActualPlacePosition": {"Angle": "180000", "X": "172154", "Y": "50423"}, "AirkissPressure": "78", "BoardPanelId": "2", "HoldingCircuitPressure": "2147483647", "NominalPlacePosition": {"Angle": "180000", "X": "172150", "Y": "50425"}, "ReferenceDesignator": "X101_EXSOP_14_STECK_", "Result": "0", "TimeStampSinceStationStarted": "1308164.927879", "VacuumAbsolute": "-840", "VacuumRelative": "96", "ZEndPosition": "39032000", "ZTargetPosition": "38984078"}, "ElectricalMeasurement": null, "Dip": null}, {"HeadSegmentId": "67588", "Measures": {"MeasureList": [{"CameraIndividualId": "4033", "MeasurementResult": "0", "PhiDeviation": "-296341", "TimeStampSinceStationStarted": "1308166.188258", "VisionDumpPath": "C:\\Sirio\\Work\\SvDumpFiles\\PartCameraDumps\\JID_403368986_OID_432800001_SEG_1_BE-Bibliothek.A5E50179091_R1308162467.svdmp", "XDeviation": "47259", "YDeviation": "-4602"}]}, "Pick": {"ActualPickPosition": {"Angle": "0", "X": "15126", "Y": "-71150"}, "MeasuredComponentHeight": "0", "NominalPickPosition": {"Angle": "0", "X": "15192", "Y": "-71306"}, "PickupLocationId": "266", "Result": "0", "TimeStampSinceStationStarted": "1308165.744061", "VacuumAbsolute": "-783", "VacuumRelative": "-783", "ZEndPosition": "47634500", "ZTargetPosition": "47666592"}, "Place": {"ActualPlacePosition": {"Angle": "0", "X": "146302", "Y": "29326"}, "AirkissPressure": "74", "BoardPanelId": "2", "HoldingCircuitPressure": "2147483647", "NominalPlacePosition": {"Angle": "0", "X": "146300", "Y": "29330"}, "ReferenceDesignator": "D2_BGA_90_IC_DRAM_51", "Result": "0", "TimeStampSinceStationStarted": "1308166.49097", "VacuumAbsolute": "-832", "VacuumRelative": "94", "ZEndPosition": "46661500", "ZTargetPosition": "46634496"}, "ElectricalMeasurement": null, "Dip": null}]}, "HeadContext": {"HeadSegments": {"HeadSegment": [{"GantryId": "4", "Head": "1", "HeadName": "Twin Head 5xx", "Id": "67588", "NozzleTypeId": "516", "SegmentNumber": "1"}]}}, "SetupContext": {"PickupLocations": {"PickupLocation": [{"Division": "1", "FeederId": "24FAUE600590", "FeederType": "280", "Id": "266", "Level": "0", "Location": "4", "StartTrackNumber": "4", "SubLocation": "1", "Tower": "0", "PackagingUid": "A00055530"}, {"Division": "1", "FeederId": "32KL-K405124", "FeederType": "288", "Id": "272", "Level": "0", "Location": "4", "StartTrackNumber": "32", "SubLocation": "1", "Tower": "0", "PackagingUid": "M05323063"}]}}}}, "ProductionEndedData": {"StationTime": "2021-11-30T13:54:15.6990000+08:00", "TimeStampSinceStationStarted": "1308166.863584"}}