{"name": "PDI_Line5_4049008686_20211130140554.txt", "Timestamp": "2021-11-30T14:05:38.7114873+08:00", "TxnID": "e30aeac6-a163-4e3d-88f0-cb1127b459da", "Line": "SEWC-Lines\\Line5", "Machine": "Line5\\ST3_X3 S", "ProductionStartedData": [{"ConveyorLanePosition": "1", "ConveyorStopperPosition": "1", "Pcb": {"BarcodeReaderPosition": "0", "BoardSide": "1", "IndividualGUID": "e3a6f886-7c51-4af9-8189-36b47d4ce96c", "LineJobGUID": "3f68c8d2-071f-4795-8aa5-1d45806eb923", "Path": "STAB\\A5E50302024lt02", "PcbIndividualID": "44297", "RecipePath": "Line5\\Smart_CPU_L5_702SAF\\A5E50302024lt02", "Barcode": "", "OrderNumber": null}, "ProcessingAreaPosition": "1", "SetupPath": "Line5\\Smart_CPU_L5_702SAF", "StationTime": "2021-11-30T14:03:14.4800000+08:00", "TimeStampSinceStationStarted": "1308705.641487"}], "BoardPositionsList": {"BoardPositions": [{"ActualPosition": {"Angle": "-38", "X": "-476693", "Y": "-232818", "Z": "-5000"}, "FiducialPositions": {"FiducialRecognitionResult": [{"ActualPosition": {"Angle": "0", "X": "193518", "Y": "11879", "Z": null}, "CameraIndividualId": "4034", "FiducialFunction": "0", "GantryId": "4", "MeasurementResult": "0", "NominalPosition": {"Angle": "0", "X": "194170", "Y": "11990", "Z": null}, "Path": "A5E50302024lt02/1/01/1", "StationTime": "2021-11-30T14:03:17.4120000+08:00", "TimeStampSinceStationStarted": "1308708.574736"}, {"ActualPosition": {"Angle": "-88", "X": "4502", "Y": "184243", "Z": null}, "CameraIndividualId": "4034", "FiducialFunction": "0", "GantryId": "4", "MeasurementResult": "0", "NominalPosition": {"Angle": "0", "X": "5040", "Y": "184226", "Z": null}, "Path": "A5E50302024lt02/1/02/1", "StationTime": "2021-11-30T14:03:17.4120000+08:00", "TimeStampSinceStationStarted": "1308708.574736"}]}, "NominalPosition": {"Angle": "0", "X": "-476032", "Y": "-232838", "Z": "-5000"}}]}, "ProgressDataList": {"ProductionProgressData": {"BoardContext": {"BoardPanels": {"BoardPanel": [{"Id": "2", "PanelPath": "A5E50302024lt02/A1"}]}}, "ComponentIndividuals": {"ComponentIndividual": [{"HeadSegmentId": "67588", "Measures": {"MeasureList": [{"CameraIndividualId": "4033", "MeasurementResult": "0", "PhiDeviation": "893857", "TimeStampSinceStationStarted": "1308709.243431", "VisionDumpPath": "C:\\Sirio\\Work\\SvDumpFiles\\PartCameraDumps\\JID_403369020_OID_442970000_SEG_1_BE-Bibliothek.A5E00277754_R1308702561.svdmp", "XDeviation": "108107", "YDeviation": "-22001"}]}, "Pick": {"ActualPickPosition": {"Angle": "0", "X": "18028", "Y": "-70606"}, "MeasuredComponentHeight": "0", "NominalPickPosition": {"Angle": "0", "X": "17747", "Y": "-70462"}, "PickupLocationId": "272", "Result": "0", "TimeStampSinceStationStarted": "1308705.835403", "VacuumAbsolute": "-821", "VacuumRelative": "-821", "ZEndPosition": "47266000", "ZTargetPosition": "47250943"}, "Place": {"ActualPlacePosition": {"Angle": "180000", "X": "172151", "Y": "50425"}, "AirkissPressure": "74", "BoardPanelId": "2", "HoldingCircuitPressure": "2147483647", "NominalPlacePosition": {"Angle": "180000", "X": "172150", "Y": "50425"}, "ReferenceDesignator": "X101_EXSOP_14_STECK_", "Result": "0", "TimeStampSinceStationStarted": "1308709.638231", "VacuumAbsolute": "-843", "VacuumRelative": "96", "ZEndPosition": "38971500", "ZTargetPosition": "38931769"}, "ElectricalMeasurement": null, "Dip": null}, {"HeadSegmentId": "67588", "Measures": {"MeasureList": [{"CameraIndividualId": "4033", "MeasurementResult": "0", "PhiDeviation": "-457729", "TimeStampSinceStationStarted": "1308710.904188", "VisionDumpPath": "C:\\Sirio\\Work\\SvDumpFiles\\PartCameraDumps\\JID_403369021_OID_442970001_SEG_1_BE-Bibliothek.A5E50179091_R1308707178.svdmp", "XDeviation": "-17190", "YDeviation": "-71770"}]}, "Pick": {"ActualPickPosition": {"Angle": "0", "X": "15126", "Y": "-71150"}, "MeasuredComponentHeight": "0", "NominalPickPosition": {"Angle": "0", "X": "15195", "Y": "-71299"}, "PickupLocationId": "266", "Result": "0", "TimeStampSinceStationStarted": "1308710.452367", "VacuumAbsolute": "-783", "VacuumRelative": "-783", "ZEndPosition": "47671500", "ZTargetPosition": "47651507"}, "Place": {"ActualPlacePosition": {"Angle": "0", "X": "146300", "Y": "29330"}, "AirkissPressure": "72", "BoardPanelId": "2", "HoldingCircuitPressure": "2147483647", "NominalPlacePosition": {"Angle": "0", "X": "146300", "Y": "29330"}, "ReferenceDesignator": "D2_BGA_90_IC_DRAM_51", "Result": "0", "TimeStampSinceStationStarted": "1308711.307572", "VacuumAbsolute": "-833", "VacuumRelative": "94", "ZEndPosition": "46599500", "ZTargetPosition": "46584396"}, "ElectricalMeasurement": null, "Dip": null}]}, "HeadContext": {"HeadSegments": {"HeadSegment": [{"GantryId": "4", "Head": "1", "HeadName": "Twin Head 5xx", "Id": "67588", "NozzleTypeId": "516", "SegmentNumber": "1"}]}}, "SetupContext": {"PickupLocations": {"PickupLocation": [{"Division": "1", "FeederId": "24FAUE600590", "FeederType": "280", "Id": "266", "Level": "0", "Location": "4", "StartTrackNumber": "4", "SubLocation": "1", "Tower": "0", "PackagingUid": "A00055530"}, {"Division": "1", "FeederId": "32KL-K405124", "FeederType": "288", "Id": "272", "Level": "0", "Location": "4", "StartTrackNumber": "32", "SubLocation": "1", "Tower": "0", "PackagingUid": "M05323063"}]}}}}, "ProductionEndedData": {"StationTime": "2021-11-30T14:03:20.5160000+08:00", "TimeStampSinceStationStarted": "1308711.677951"}}