{"name": "PDI_Line5_3901134385_20211130133841.txt", "Timestamp": "2021-11-30T13:38:31.0313373+08:00", "TxnID": "1fe221e1-f838-4673-bd38-210554b844ce", "Line": "SEWC-Lines\\Line5", "Machine": "Line5\\ST3_X3 S", "ProductionStartedData": [{"ConveyorLanePosition": "1", "ConveyorStopperPosition": "1", "Pcb": {"BarcodeReaderPosition": "0", "BoardSide": "1", "IndividualGUID": "2fb0ac81-3b7e-48a3-96d9-ac7df4972f74", "LineJobGUID": "3f68c8d2-071f-4795-8aa5-1d45806eb923", "Path": "STAB\\A5E50302024lt02", "PcbIndividualID": "44241", "RecipePath": "Line5\\Smart_CPU_L5_702SAF\\A5E50302024lt02", "Barcode": "", "OrderNumber": null}, "ProcessingAreaPosition": "2", "SetupPath": "Line5\\Smart_CPU_L5_702SAF", "StationTime": "2021-11-30T13:36:07.3120000+08:00", "TimeStampSinceStationStarted": "1307078.482368"}], "BoardPositionsList": {"BoardPositions": [{"ActualPosition": {"Angle": "132", "X": "509259", "Y": "-232954", "Z": "-5000"}, "FiducialPositions": {"FiducialRecognitionResult": []}, "NominalPosition": {"Angle": "0", "X": "509820", "Y": "-233646", "Z": "-5000"}}]}, "ProgressDataList": {"ProductionProgressData": {"BoardContext": {"BoardPanels": {"BoardPanel": [{"Id": "2", "PanelPath": "A5E50302024lt02/A1"}]}}, "ComponentIndividuals": {"ComponentIndividual": [{"HeadSegmentId": "132355", "Measures": {"MeasureList": [{"CameraIndividualId": "3033", "MeasurementResult": "0", "PhiDeviation": "-1936555", "TimeStampSinceStationStarted": "1307084.234274", "VisionDumpPath": "C:\\Sirio\\Work\\SvDumpFiles\\PartCameraDumps\\JID_303388898_OID_442410002_SEG_2_BE-Bibliothek.A5E01058093_R1307079701.svdmp", "XDeviation": "59909", "YDeviation": "522682"}]}, "Pick": {"ActualPickPosition": {"Angle": "0", "X": "23950", "Y": "-70500"}, "MeasuredComponentHeight": "0", "NominalPickPosition": {"Angle": "0", "X": "23938", "Y": "-70556"}, "PickupLocationId": "263", "Result": "0", "TimeStampSinceStationStarted": "1307082.981968", "VacuumAbsolute": "-428", "VacuumRelative": "-428", "ZEndPosition": "50105500", "ZTargetPosition": "50249393"}, "Place": {"ActualPlacePosition": {"Angle": "0", "X": "67693", "Y": "66323"}, "AirkissPressure": "73", "BoardPanelId": "2", "HoldingCircuitPressure": "2147483647", "NominalPlacePosition": {"Angle": "0", "X": "67700", "Y": "66330"}, "ReferenceDesignator": "X102_CONN_28_STECK_R", "Result": "0", "TimeStampSinceStationStarted": "1307085.629775", "VacuumAbsolute": "-501", "VacuumRelative": "44", "ZEndPosition": "41560000", "ZTargetPosition": "41545045"}, "ElectricalMeasurement": null, "Dip": null}, {"HeadSegmentId": "66819", "Measures": {"MeasureList": [{"CameraIndividualId": "3033", "MeasurementResult": "0", "PhiDeviation": "923693", "TimeStampSinceStationStarted": "1307084.694402", "VisionDumpPath": "C:\\Sirio\\Work\\SvDumpFiles\\PartCameraDumps\\JID_303388897_OID_442410003_SEG_1_BE-Bibliothek.A5E02081140_R1307078783.svdmp", "XDeviation": "-22106", "YDeviation": "-49209"}]}, "Pick": {"ActualPickPosition": {"Angle": "0", "X": "30273", "Y": "-70772"}, "MeasuredComponentHeight": "0", "NominalPickPosition": {"Angle": "0", "X": "30918", "Y": "-70557"}, "PickupLocationId": "247", "Result": "0", "TimeStampSinceStationStarted": "1307082.064988", "VacuumAbsolute": "-828", "VacuumRelative": "-828", "ZEndPosition": "49612500", "ZTargetPosition": "49547959"}, "Place": {"ActualPlacePosition": {"Angle": "0", "X": "35187", "Y": "66323"}, "AirkissPressure": "75", "BoardPanelId": "2", "HoldingCircuitPressure": "2147483647", "NominalPlacePosition": {"Angle": "0", "X": "35200", "Y": "66330"}, "ReferenceDesignator": "X103_CONN_32_STECK_R", "Result": "0", "TimeStampSinceStationStarted": "1307085.881593", "VacuumAbsolute": "-859", "VacuumRelative": "102", "ZEndPosition": "40715500", "ZTargetPosition": "40677736"}, "ElectricalMeasurement": null, "Dip": null}]}, "HeadContext": {"HeadSegments": {"HeadSegment": [{"GantryId": "3", "Head": "1", "HeadName": "Twin Head 5xx", "Id": "66819", "NozzleTypeId": "573", "SegmentNumber": "1"}, {"GantryId": "3", "Head": "1", "HeadName": "Twin Head 5xx", "Id": "132355", "NozzleTypeId": "573", "SegmentNumber": "2"}]}}, "SetupContext": {"PickupLocations": {"PickupLocation": [{"Division": "1", "FeederId": "56FAUC000504", "FeederType": "312", "Id": "247", "Level": "0", "Location": "2", "StartTrackNumber": "1", "SubLocation": "1", "Tower": "0", "PackagingUid": "M05297978"}, {"Division": "1", "FeederId": "44FAUD200890", "FeederType": "300", "Id": "263", "Level": "0", "Location": "3", "StartTrackNumber": "30", "SubLocation": "1", "Tower": "0", "PackagingUid": "M05298574"}]}}}}, "ProductionEndedData": {"StationTime": "2021-11-30T13:36:15.1480000+08:00", "TimeStampSinceStationStarted": "1307086.317574"}}