{"name": "PDI_Line5_4068997439_20211130090110.txt", "Timestamp": "2021-11-30T09:00:23.3271846+08:00", "TxnID": "534b69da-8341-47e7-b5d7-4c4769796770", "Line": "SEWC-Lines\\Line5", "Machine": "Line5\\ST3_X3 S", "ProductionStartedData": [{"ConveyorLanePosition": "2", "ConveyorStopperPosition": "1", "Pcb": {"BarcodeReaderPosition": "0", "BoardSide": "1", "IndividualGUID": "5a0bef78-e36b-4234-bb93-6725ce5d6295", "LineJobGUID": "fead7f33-0866-4d90-8540-e9f27c9d6bcf", "Path": "STAB\\A5E50302021bt01", "PcbIndividualID": "42692", "RecipePath": "Line5\\Smart_CPU_L5_702SAF\\A5E50302021bt01", "Barcode": "", "OrderNumber": null}, "ProcessingAreaPosition": "2", "SetupPath": "Line5\\Smart_CPU_L5_702SAF", "StationTime": "2021-11-30T08:57:59.7640000+08:00", "TimeStampSinceStationStarted": "1290391.017288"}], "BoardPositionsList": {"BoardPositions": [{"ActualPosition": {"Angle": "-127", "X": "457806", "Y": "17499", "Z": "-5000"}, "FiducialPositions": {"FiducialRecognitionResult": []}, "NominalPosition": {"Angle": "0", "X": "458392", "Y": "16359", "Z": "-5000"}}]}, "ProgressDataList": {"ProductionProgressData": {"BoardContext": {"BoardPanels": {"BoardPanel": [{"Id": "2", "PanelPath": "A5E50302021bt01/A1"}, {"Id": "3", "PanelPath": "A5E50302021bt01/B1"}]}}, "ComponentIndividuals": {"ComponentIndividual": [{"HeadSegmentId": "66819", "Measures": {"MeasureList": [{"CameraIndividualId": "3033", "MeasurementResult": "0", "PhiDeviation": "-168450", "TimeStampSinceStationStarted": "1290392.923895", "VisionDumpPath": "C:\\Sirio\\Work\\SvDumpFiles\\PartCameraDumps\\JID_303384663_OID_426920024_SEG_1_BE-Bibliothek.A5E00701727_R1290388813.svdmp", "XDeviation": "-28771", "YDeviation": "-70081"}]}, "Pick": {"ActualPickPosition": {"Angle": "180000", "X": "15250", "Y": "-70500"}, "MeasuredComponentHeight": "0", "NominalPickPosition": {"Angle": "180000", "X": "15283", "Y": "-70425"}, "PickupLocationId": "260", "Result": "0", "TimeStampSinceStationStarted": "1290392.178044", "VacuumAbsolute": "-830", "VacuumRelative": "-830", "ZEndPosition": "47648000", "ZTargetPosition": "47646873"}, "Place": {"ActualPlacePosition": {"Angle": "0", "X": "89683", "Y": "141626"}, "AirkissPressure": "71", "BoardPanelId": "3", "HoldingCircuitPressure": "2147483647", "NominalPlacePosition": {"Angle": "0", "X": "89680", "Y": "141630"}, "ReferenceDesignator": "C2207_CAPA_2_22_KOND", "Result": "0", "TimeStampSinceStationStarted": "1290393.385193", "VacuumAbsolute": "-856", "VacuumRelative": "102", "ZEndPosition": "37283000", "ZTargetPosition": "37247804"}, "ElectricalMeasurement": null, "Dip": null}, {"HeadSegmentId": "132355", "Measures": {"MeasureList": [{"CameraIndividualId": "3033", "MeasurementResult": "0", "PhiDeviation": "-849866", "TimeStampSinceStationStarted": "1290393.064782", "VisionDumpPath": "C:\\Sirio\\Work\\SvDumpFiles\\PartCameraDumps\\JID_303384664_OID_426920025_SEG_2_BE-Bibliothek.A5E01059015_R1290388993.svdmp", "XDeviation": "-66640", "YDeviation": "-105646"}]}, "Pick": {"ActualPickPosition": {"Angle": "0", "X": "17950", "Y": "-70500"}, "MeasuredComponentHeight": "0", "NominalPickPosition": {"Angle": "0", "X": "18303", "Y": "-70169"}, "PickupLocationId": "259", "Result": "0", "TimeStampSinceStationStarted": "1290392.357312", "VacuumAbsolute": "-830", "VacuumRelative": "-830", "ZEndPosition": "49006500", "ZTargetPosition": "49047604"}, "Place": {"ActualPlacePosition": {"Angle": "180000", "X": "145422", "Y": "139447"}, "AirkissPressure": "74", "BoardPanelId": "2", "HoldingCircuitPressure": "2147483647", "NominalPlacePosition": {"Angle": "180000", "X": "145424", "Y": "139450"}, "ReferenceDesignator": "X201_CONN_14_STECK_R", "Result": "0", "TimeStampSinceStationStarted": "1290393.599292", "VacuumAbsolute": "-834", "VacuumRelative": "103", "ZEndPosition": "29679500", "ZTargetPosition": "29640163"}, "ElectricalMeasurement": null, "Dip": null}, {"HeadSegmentId": "66819", "Measures": {"MeasureList": [{"CameraIndividualId": "3033", "MeasurementResult": "0", "PhiDeviation": "-2221105", "TimeStampSinceStationStarted": "1290394.809866", "VisionDumpPath": "C:\\Sirio\\Work\\SvDumpFiles\\PartCameraDumps\\JID_303384665_OID_426920026_SEG_1_BE-Bibliothek.A5E00701727_R1290390734.svdmp", "XDeviation": "31921", "YDeviation": "43398"}]}, "Pick": {"ActualPickPosition": {"Angle": "180000", "X": "15250", "Y": "-70500"}, "MeasuredComponentHeight": "0", "NominalPickPosition": {"Angle": "180000", "X": "15285", "Y": "-70422"}, "PickupLocationId": "260", "Result": "0", "TimeStampSinceStationStarted": "1290394.098812", "VacuumAbsolute": "-816", "VacuumRelative": "-816", "ZEndPosition": "47661000", "ZTargetPosition": "47647155"}, "Place": {"ActualPlacePosition": {"Angle": "0", "X": "102582", "Y": "141626"}, "AirkissPressure": "72", "BoardPanelId": "3", "HoldingCircuitPressure": "2147483647", "NominalPlacePosition": {"Angle": "0", "X": "102580", "Y": "141630"}, "ReferenceDesignator": "C2208_CAPA_2_22_KOND", "Result": "0", "TimeStampSinceStationStarted": "1290395.272208", "VacuumAbsolute": "-837", "VacuumRelative": "98", "ZEndPosition": "37273000", "ZTargetPosition": "37242902"}, "ElectricalMeasurement": null, "Dip": null}, {"HeadSegmentId": "132355", "Measures": {"MeasureList": [{"CameraIndividualId": "3033", "MeasurementResult": "0", "PhiDeviation": "104598", "TimeStampSinceStationStarted": "1290394.951375", "VisionDumpPath": "C:\\Sirio\\Work\\SvDumpFiles\\PartCameraDumps\\JID_303384666_OID_426920027_SEG_2_BE-Bibliothek.A5E01059015_R1290390899.svdmp", "XDeviation": "-80207", "YDeviation": "-97824"}]}, "Pick": {"ActualPickPosition": {"Angle": "0", "X": "17950", "Y": "-70500"}, "MeasuredComponentHeight": "0", "NominalPickPosition": {"Angle": "0", "X": "18300", "Y": "-70174"}, "PickupLocationId": "259", "Result": "0", "TimeStampSinceStationStarted": "1290394.2634", "VacuumAbsolute": "-835", "VacuumRelative": "-835", "ZEndPosition": "48969500", "ZTargetPosition": "49037328"}, "Place": {"ActualPlacePosition": {"Angle": "180000", "X": "24933", "Y": "139447"}, "AirkissPressure": "72", "BoardPanelId": "3", "HoldingCircuitPressure": "2147483647", "NominalPlacePosition": {"Angle": "180000", "X": "24924", "Y": "139450"}, "ReferenceDesignator": "X201_CONN_14_STECK_R", "Result": "0", "TimeStampSinceStationStarted": "1290395.583123", "VacuumAbsolute": "-837", "VacuumRelative": "104", "ZEndPosition": "29757000", "ZTargetPosition": "29752582"}, "ElectricalMeasurement": null, "Dip": null}, {"HeadSegmentId": "132355", "Measures": {"MeasureList": [{"CameraIndividualId": "3033", "MeasurementResult": "0", "PhiDeviation": "-42904", "TimeStampSinceStationStarted": "1290397.900107", "VisionDumpPath": "C:\\Sirio\\Work\\SvDumpFiles\\PartCameraDumps\\JID_303384667_OID_426920028_SEG_2_BE-Bibliothek.A5E30235063_R1290392931.svdmp", "XDeviation": "222449", "YDeviation": "-2306968"}]}, "Pick": {"ActualPickPosition": {"Angle": "-90000", "X": "-14500", "Y": "-278500"}, "MeasuredComponentHeight": "0", "NominalPickPosition": {"Angle": "-90000", "X": "-14500", "Y": "-278500"}, "PickupLocationId": "251", "Result": "0", "TimeStampSinceStationStarted": "1290396.296539", "VacuumAbsolute": "-839", "VacuumRelative": "-839", "ZEndPosition": "47966500", "ZTargetPosition": "48143140"}, "Place": {"ActualPlacePosition": {"Angle": "0", "X": "169815", "Y": "46285"}, "AirkissPressure": "72", "BoardPanelId": "2", "HoldingCircuitPressure": "2147483647", "NominalPlacePosition": {"Angle": "0", "X": "169819", "Y": "46280"}, "ReferenceDesignator": "D1_BGA_372_IC_ASIC_S", "Result": "0", "TimeStampSinceStationStarted": "1290398.334909", "VacuumAbsolute": "-840", "VacuumRelative": "104", "ZEndPosition": "48095000", "ZTargetPosition": "48046067"}, "ElectricalMeasurement": null, "Dip": null}, {"HeadSegmentId": "66819", "Measures": {"MeasureList": [{"CameraIndividualId": "3033", "MeasurementResult": "0", "PhiDeviation": "1464092", "TimeStampSinceStationStarted": "1290398.042285", "VisionDumpPath": "C:\\Sirio\\Work\\SvDumpFiles\\PartCameraDumps\\JID_303384668_OID_426920029_SEG_1_BE-Bibliothek.A5E00210763_R1290393939.svdmp", "XDeviation": "10017", "YDeviation": "-127252"}]}, "Pick": {"ActualPickPosition": {"Angle": "180000", "X": "15250", "Y": "-70500"}, "MeasuredComponentHeight": "0", "NominalPickPosition": {"Angle": "180000", "X": "15194", "Y": "-70557"}, "PickupLocationId": "256", "Result": "0", "TimeStampSinceStationStarted": "1290397.30322", "VacuumAbsolute": "-805", "VacuumRelative": "-805", "ZEndPosition": "47832000", "ZTargetPosition": "47792290"}, "Place": {"ActualPlacePosition": {"Angle": "90000", "X": "82384", "Y": "33336"}, "AirkissPressure": "74", "BoardPanelId": "3", "HoldingCircuitPressure": "2147483647", "NominalPlacePosition": {"Angle": "90000", "X": "82380", "Y": "33330"}, "ReferenceDesignator": "C1618_CAP_2_KOND_EL_", "Result": "0", "TimeStampSinceStationStarted": "1290398.579858", "VacuumAbsolute": "-805", "VacuumRelative": "92", "ZEndPosition": "37458000", "ZTargetPosition": "37409674"}, "ElectricalMeasurement": null, "Dip": null}, {"HeadSegmentId": "132355", "Measures": {"MeasureList": [{"CameraIndividualId": "3033", "MeasurementResult": "0", "PhiDeviation": "-58231", "TimeStampSinceStationStarted": "1290400.885666", "VisionDumpPath": "C:\\Sirio\\Work\\SvDumpFiles\\PartCameraDumps\\JID_303384669_OID_426920030_SEG_2_BE-Bibliothek.A5E30235063_R1290395916.svdmp", "XDeviation": "222313", "YDeviation": "-2326378"}]}, "Pick": {"ActualPickPosition": {"Angle": "-90000", "X": "-14500", "Y": "-300500"}, "MeasuredComponentHeight": "0", "NominalPickPosition": {"Angle": "-90000", "X": "-14500", "Y": "-300500"}, "PickupLocationId": "251", "Result": "0", "TimeStampSinceStationStarted": "1290399.281154", "VacuumAbsolute": "-840", "VacuumRelative": "-840", "ZEndPosition": "47831500", "ZTargetPosition": "48098980"}, "Place": {"ActualPlacePosition": {"Angle": "0", "X": "49326", "Y": "46285"}, "AirkissPressure": "73", "BoardPanelId": "3", "HoldingCircuitPressure": "2147483647", "NominalPlacePosition": {"Angle": "0", "X": "49319", "Y": "46280"}, "ReferenceDesignator": "D1_BGA_372_IC_ASIC_S", "Result": "0", "TimeStampSinceStationStarted": "1290401.32005", "VacuumAbsolute": "-841", "VacuumRelative": "104", "ZEndPosition": "48008000", "ZTargetPosition": "47961564"}, "ElectricalMeasurement": null, "Dip": null}, {"HeadSegmentId": "66819", "Measures": {"MeasureList": [{"CameraIndividualId": "3033", "MeasurementResult": "0", "PhiDeviation": "464036", "TimeStampSinceStationStarted": "1290401.027569", "VisionDumpPath": "C:\\Sirio\\Work\\SvDumpFiles\\PartCameraDumps\\JID_303384670_OID_426920031_SEG_1_BE-Bibliothek.A5E00210763_R1290396929.svdmp", "XDeviation": "5405", "YDeviation": "3999"}]}, "Pick": {"ActualPickPosition": {"Angle": "180000", "X": "15250", "Y": "-70500"}, "MeasuredComponentHeight": "0", "NominalPickPosition": {"Angle": "180000", "X": "15194", "Y": "-70550"}, "PickupLocationId": "256", "Result": "0", "TimeStampSinceStationStarted": "1290400.293387", "VacuumAbsolute": "-821", "VacuumRelative": "-821", "ZEndPosition": "47864000", "ZTargetPosition": "47802217"}, "Place": {"ActualPlacePosition": {"Angle": "90000", "X": "202873", "Y": "33336"}, "AirkissPressure": "77", "BoardPanelId": "2", "HoldingCircuitPressure": "2147483647", "NominalPlacePosition": {"Angle": "90000", "X": "202880", "Y": "33330"}, "ReferenceDesignator": "C1618_CAP_2_KOND_EL_", "Result": "0", "TimeStampSinceStationStarted": "1290401.667973", "VacuumAbsolute": "-821", "VacuumRelative": "95", "ZEndPosition": "37620500", "ZTargetPosition": "37563314"}, "ElectricalMeasurement": null, "Dip": null}, {"HeadSegmentId": "66819", "Measures": {"MeasureList": [{"CameraIndividualId": "3033", "MeasurementResult": "0", "PhiDeviation": "-593361", "TimeStampSinceStationStarted": "1290403.875771", "VisionDumpPath": "C:\\Sirio\\Work\\SvDumpFiles\\PartCameraDumps\\JID_303384671_OID_426920033_SEG_1_BE-Bibliothek.A5E00701727_R1290399824.svdmp", "XDeviation": "-26218", "YDeviation": "11966"}]}, "Pick": {"ActualPickPosition": {"Angle": "180000", "X": "15250", "Y": "-70500"}, "MeasuredComponentHeight": "0", "NominalPickPosition": {"Angle": "180000", "X": "15283", "Y": "-70424"}, "PickupLocationId": "260", "Result": "0", "TimeStampSinceStationStarted": "1290403.188618", "VacuumAbsolute": "-830", "VacuumRelative": "-830", "ZEndPosition": "47641000", "ZTargetPosition": "47650616"}, "Place": {"ActualPlacePosition": {"Angle": "0", "X": "223071", "Y": "141626"}, "AirkissPressure": "71", "BoardPanelId": "2", "HoldingCircuitPressure": "2147483647", "NominalPlacePosition": {"Angle": "0", "X": "223080", "Y": "141630"}, "ReferenceDesignator": "C2208_CAPA_2_22_KOND", "Result": "0", "TimeStampSinceStationStarted": "1290404.279157", "VacuumAbsolute": "-858", "VacuumRelative": "102", "ZEndPosition": "37393000", "ZTargetPosition": "37414780"}, "ElectricalMeasurement": null, "Dip": null}, {"HeadSegmentId": "132355", "Measures": {"MeasureList": [{"CameraIndividualId": "3033", "MeasurementResult": "0", "PhiDeviation": "-183007", "TimeStampSinceStationStarted": "1290404.015132", "VisionDumpPath": "C:\\Sirio\\Work\\SvDumpFiles\\PartCameraDumps\\JID_303384672_OID_426920032_SEG_2_BE-Bibliothek.A5E30242702_R1290400034.svdmp", "XDeviation": "-26612", "YDeviation": "50126"}]}, "Pick": {"ActualPickPosition": {"Angle": "0", "X": "15250", "Y": "-70500"}, "MeasuredComponentHeight": "0", "NominalPickPosition": {"Angle": "0", "X": "15334", "Y": "-70550"}, "PickupLocationId": "261", "Result": "0", "TimeStampSinceStationStarted": "1290403.398863", "VacuumAbsolute": "-796", "VacuumRelative": "-796", "ZEndPosition": "48054000", "ZTargetPosition": "48009217"}, "Place": {"ActualPlacePosition": {"Angle": "0", "X": "20428", "Y": "59684"}, "AirkissPressure": "22", "BoardPanelId": "3", "HoldingCircuitPressure": "2147483647", "NominalPlacePosition": {"Angle": "0", "X": "20419", "Y": "59680"}, "ReferenceDesignator": "Z400_SOP_16_NETZWERK", "Result": "0", "TimeStampSinceStationStarted": "1290404.626887", "VacuumAbsolute": "-802", "VacuumRelative": "97", "ZEndPosition": "42627000", "ZTargetPosition": "42697701"}, "ElectricalMeasurement": null, "Dip": null}, {"HeadSegmentId": "132355", "Measures": {"MeasureList": [{"CameraIndividualId": "3033", "MeasurementResult": "0", "PhiDeviation": "-575805", "TimeStampSinceStationStarted": "1290406.334903", "VisionDumpPath": "C:\\Sirio\\Work\\SvDumpFiles\\PartCameraDumps\\JID_303384673_OID_426920034_SEG_2_BE-Bibliothek.A5E30242702_R1290402099.svdmp", "XDeviation": "-62964", "YDeviation": "-42999"}]}, "Pick": {"ActualPickPosition": {"Angle": "0", "X": "15250", "Y": "-70500"}, "MeasuredComponentHeight": "0", "NominalPickPosition": {"Angle": "0", "X": "15332", "Y": "-70547"}, "PickupLocationId": "261", "Result": "0", "TimeStampSinceStationStarted": "1290405.46407", "VacuumAbsolute": "-799", "VacuumRelative": "-799", "ZEndPosition": "48018500", "ZTargetPosition": "48020413"}, "Place": {"ActualPlacePosition": {"Angle": "0", "X": "140918", "Y": "59684"}, "AirkissPressure": "22", "BoardPanelId": "2", "HoldingCircuitPressure": "2147483647", "NominalPlacePosition": {"Angle": "0", "X": "140919", "Y": "59680"}, "ReferenceDesignator": "Z400_SOP_16_NETZWERK", "Result": "0", "TimeStampSinceStationStarted": "1290406.765139", "VacuumAbsolute": "-806", "VacuumRelative": "98", "ZEndPosition": "42682000", "ZTargetPosition": "42651117"}, "ElectricalMeasurement": null, "Dip": null}, {"HeadSegmentId": "66819", "Measures": {"MeasureList": [{"CameraIndividualId": "3033", "MeasurementResult": "0", "PhiDeviation": "-9780", "TimeStampSinceStationStarted": "1290406.477289", "VisionDumpPath": "C:\\Sirio\\Work\\SvDumpFiles\\PartCameraDumps\\JID_303384674_OID_426920035_SEG_1_BE-Bibliothek.A5E00210763_R1290402366.svdmp", "XDeviation": "197782", "YDeviation": "16932"}]}, "Pick": {"ActualPickPosition": {"Angle": "180000", "X": "15250", "Y": "-70500"}, "MeasuredComponentHeight": "0", "NominalPickPosition": {"Angle": "180000", "X": "15193", "Y": "-70551"}, "PickupLocationId": "256", "Result": "0", "TimeStampSinceStationStarted": "1290405.731134", "VacuumAbsolute": "-811", "VacuumRelative": "-811", "ZEndPosition": "47802500", "ZTargetPosition": "47817663"}, "Place": {"ActualPlacePosition": {"Angle": "180000", "X": "89933", "Y": "80732"}, "AirkissPressure": "71", "BoardPanelId": "3", "HoldingCircuitPressure": "2147483647", "NominalPlacePosition": {"Angle": "180000", "X": "89930", "Y": "80730"}, "ReferenceDesignator": "C1405_CAP_2_KOND_EL_", "Result": "0", "TimeStampSinceStationStarted": "1290407.00983", "VacuumAbsolute": "-811", "VacuumRelative": "93", "ZEndPosition": "37021500", "ZTargetPosition": "37092759"}, "ElectricalMeasurement": null, "Dip": null}, {"HeadSegmentId": "132355", "Measures": {"MeasureList": [{"CameraIndividualId": "3033", "MeasurementResult": "0", "PhiDeviation": "424004", "TimeStampSinceStationStarted": "1290408.462151", "VisionDumpPath": "C:\\Sirio\\Work\\SvDumpFiles\\PartCameraDumps\\JID_303384675_OID_426920036_SEG_2_BE-Bibliothek.A5E01649509_R1290404189.svdmp", "XDeviation": "-21161", "YDeviation": "-117036"}]}, "Pick": {"ActualPickPosition": {"Angle": "-90000", "X": "8000", "Y": "-51500"}, "MeasuredComponentHeight": "0", "NominalPickPosition": {"Angle": "-90000", "X": "8291", "Y": "-51478"}, "PickupLocationId": "258", "Result": "0", "TimeStampSinceStationStarted": "1290407.552873", "VacuumAbsolute": "-776", "VacuumRelative": "-776", "ZEndPosition": "47139500", "ZTargetPosition": "47152066"}, "Place": {"ActualPlacePosition": {"Angle": "180000", "X": "224471", "Y": "67133"}, "AirkissPressure": "75", "BoardPanelId": "2", "HoldingCircuitPressure": "2147483647", "NominalPlacePosition": {"Angle": "180000", "X": "224480", "Y": "67130"}, "ReferenceDesignator": "V701_DPAK/TO252_TRAN", "Result": "0", "TimeStampSinceStationStarted": "1290408.88751", "VacuumAbsolute": "-810", "VacuumRelative": "99", "ZEndPosition": "45306000", "ZTargetPosition": "45307104"}, "ElectricalMeasurement": null, "Dip": null}, {"HeadSegmentId": "66819", "Measures": {"MeasureList": [{"CameraIndividualId": "3033", "MeasurementResult": "0", "PhiDeviation": "891248", "TimeStampSinceStationStarted": "1290408.602287", "VisionDumpPath": "C:\\Sirio\\Work\\SvDumpFiles\\PartCameraDumps\\JID_303384676_OID_426920037_SEG_1_BE-Bibliothek.A5E00210763_R1290404499.svdmp", "XDeviation": "-151068", "YDeviation": "-134637"}]}, "Pick": {"ActualPickPosition": {"Angle": "180000", "X": "15250", "Y": "-70500"}, "MeasuredComponentHeight": "0", "NominalPickPosition": {"Angle": "180000", "X": "15184", "Y": "-70552"}, "PickupLocationId": "256", "Result": "0", "TimeStampSinceStationStarted": "1290407.863568", "VacuumAbsolute": "-844", "VacuumRelative": "-844", "ZEndPosition": "47832000", "ZTargetPosition": "47813872"}, "Place": {"ActualPlacePosition": {"Angle": "180000", "X": "210422", "Y": "80732"}, "AirkissPressure": "71", "BoardPanelId": "2", "HoldingCircuitPressure": "2147483647", "NominalPlacePosition": {"Angle": "180000", "X": "210430", "Y": "80730"}, "ReferenceDesignator": "C1405_CAP_2_KOND_EL_", "Result": "0", "TimeStampSinceStationStarted": "1290409.180818", "VacuumAbsolute": "-843", "VacuumRelative": "99", "ZEndPosition": "37256000", "ZTargetPosition": "37265111"}, "ElectricalMeasurement": null, "Dip": null}, {"HeadSegmentId": "66819", "Measures": {"MeasureList": [{"CameraIndividualId": "3033", "MeasurementResult": "0", "PhiDeviation": "-2507878", "TimeStampSinceStationStarted": "1290410.32065", "VisionDumpPath": "C:\\Sirio\\Work\\SvDumpFiles\\PartCameraDumps\\JID_303384677_OID_426920038_SEG_1_BE-Bibliothek.A5E00701727_R1290406373.svdmp", "XDeviation": "129636", "YDeviation": "47989"}]}, "Pick": {"ActualPickPosition": {"Angle": "180000", "X": "15250", "Y": "-70500"}, "MeasuredComponentHeight": "0", "NominalPickPosition": {"Angle": "180000", "X": "15284", "Y": "-70424"}, "PickupLocationId": "260", "Result": "0", "TimeStampSinceStationStarted": "1290409.73771", "VacuumAbsolute": "-826", "VacuumRelative": "-826", "ZEndPosition": "47641000", "ZTargetPosition": "47648212"}, "Place": {"ActualPlacePosition": {"Angle": "0", "X": "210172", "Y": "141626"}, "AirkissPressure": "73", "BoardPanelId": "2", "HoldingCircuitPressure": "2147483647", "NominalPlacePosition": {"Angle": "0", "X": "210180", "Y": "141630"}, "ReferenceDesignator": "C2207_CAPA_2_22_KOND", "Result": "0", "TimeStampSinceStationStarted": "1290410.720057", "VacuumAbsolute": "-852", "VacuumRelative": "101", "ZEndPosition": "37393500", "ZTargetPosition": "37379301"}, "ElectricalMeasurement": null, "Dip": null}, {"HeadSegmentId": "132355", "Measures": {"MeasureList": [{"CameraIndividualId": "3033", "MeasurementResult": "0", "PhiDeviation": "-252525", "TimeStampSinceStationStarted": "1290410.46015", "VisionDumpPath": "C:\\Sirio\\Work\\SvDumpFiles\\PartCameraDumps\\JID_303384678_OID_426920039_SEG_2_BE-Bibliothek.A5E01649509_R1290406534.svdmp", "XDeviation": "-46693", "YDeviation": "-54454"}]}, "Pick": {"ActualPickPosition": {"Angle": "-90000", "X": "8000", "Y": "-51500"}, "MeasuredComponentHeight": "0", "NominalPickPosition": {"Angle": "-90000", "X": "8285", "Y": "-51477"}, "PickupLocationId": "258", "Result": "0", "TimeStampSinceStationStarted": "1290409.899231", "VacuumAbsolute": "-772", "VacuumRelative": "-772", "ZEndPosition": "47166000", "ZTargetPosition": "47148924"}, "Place": {"ActualPlacePosition": {"Angle": "180000", "X": "103982", "Y": "67133"}, "AirkissPressure": "73", "BoardPanelId": "3", "HoldingCircuitPressure": "2147483647", "NominalPlacePosition": {"Angle": "180000", "X": "103980", "Y": "67130"}, "ReferenceDesignator": "V701_DPAK/TO252_TRAN", "Result": "0", "TimeStampSinceStationStarted": "1290411.042498", "VacuumAbsolute": "-807", "VacuumRelative": "98", "ZEndPosition": "45090500", "ZTargetPosition": "45091848"}, "ElectricalMeasurement": null, "Dip": null}, {"HeadSegmentId": "132355", "Measures": {"MeasureList": [{"CameraIndividualId": "3033", "MeasurementResult": "0", "PhiDeviation": "781705", "TimeStampSinceStationStarted": "1290412.608893", "VisionDumpPath": "C:\\Sirio\\Work\\SvDumpFiles\\PartCameraDumps\\JID_303384679_OID_426920040_SEG_2_BE-Bibliothek.A5E32357002_R1290408253.svdmp", "XDeviation": "-33794", "YDeviation": "-1633525"}]}, "Pick": {"ActualPickPosition": {"Angle": "0", "X": "30150", "Y": "-72740"}, "MeasuredComponentHeight": "0", "NominalPickPosition": {"Angle": "0", "X": "30177", "Y": "-72592"}, "PickupLocationId": "257", "Result": "0", "TimeStampSinceStationStarted": "1290411.617932", "VacuumAbsolute": "-752", "VacuumRelative": "-752", "ZEndPosition": "47361500", "ZTargetPosition": "47292470"}, "Place": {"ActualPlacePosition": {"Angle": "180000", "X": "98587", "Y": "160175"}, "AirkissPressure": "72", "BoardPanelId": "3", "HoldingCircuitPressure": "2147483647", "NominalPlacePosition": {"Angle": "180000", "X": "98585", "Y": "160180"}, "ReferenceDesignator": "X202_CONN_28_STECK_R", "Result": "0", "TimeStampSinceStationStarted": "1290413.094683", "VacuumAbsolute": "-723", "VacuumRelative": "83", "ZEndPosition": "29006000", "ZTargetPosition": "28929773"}, "ElectricalMeasurement": null, "Dip": null}, {"HeadSegmentId": "132355", "Measures": {"MeasureList": [{"CameraIndividualId": "3033", "MeasurementResult": "1", "PhiDeviation": "0", "TimeStampSinceStationStarted": "0", "VisionDumpPath": "C:\\Sirio\\Work\\SvDumpFiles\\PartCameraDumps\\JID_303384680_OID_426920041_SEG_2_BE-Bibliothek.A5E32357002_R1290410294.svdmp", "XDeviation": "0", "YDeviation": "0"}]}, "Pick": {"ActualPickPosition": {"Angle": "0", "X": "30150", "Y": "-72740"}, "MeasuredComponentHeight": "0", "NominalPickPosition": {"Angle": "0", "X": "30175", "Y": "-72673"}, "PickupLocationId": "257", "Result": "1", "TimeStampSinceStationStarted": "1290413.658671", "VacuumAbsolute": "-336", "VacuumRelative": "-336", "ZEndPosition": "47110000", "ZTargetPosition": "47309727"}, "Place": null, "ElectricalMeasurement": null, "Dip": null}, {"HeadSegmentId": "132355", "Measures": {"MeasureList": [{"CameraIndividualId": "3033", "MeasurementResult": "0", "PhiDeviation": "347329", "TimeStampSinceStationStarted": "1290432.756987", "VisionDumpPath": "C:\\Sirio\\Work\\SvDumpFiles\\PartCameraDumps\\JID_303384681_OID_426920041_SEG_2_BE-Bibliothek.A5E32357002_R1290428360.svdmp", "XDeviation": "303613", "YDeviation": "2199433"}]}, "Pick": {"ActualPickPosition": {"Angle": "0", "X": "30150", "Y": "-72740"}, "MeasuredComponentHeight": "0", "NominalPickPosition": {"Angle": "0", "X": "30150", "Y": "-72740"}, "PickupLocationId": "257", "Result": "0", "TimeStampSinceStationStarted": "1290431.724194", "VacuumAbsolute": "-590", "VacuumRelative": "-590", "ZEndPosition": "47209000", "ZTargetPosition": "46809727"}, "Place": {"ActualPlacePosition": {"Angle": "180000", "X": "219077", "Y": "160175"}, "AirkissPressure": "72", "BoardPanelId": "2", "HoldingCircuitPressure": "2147483647", "NominalPlacePosition": {"Angle": "180000", "X": "219085", "Y": "160180"}, "ReferenceDesignator": "X202_CONN_28_STECK_R", "Result": "0", "TimeStampSinceStationStarted": "1290433.231759", "VacuumAbsolute": "-580", "VacuumRelative": "58", "ZEndPosition": "29182000", "ZTargetPosition": "29099043"}, "ElectricalMeasurement": null, "Dip": null}]}, "HeadContext": {"HeadSegments": {"HeadSegment": [{"GantryId": "3", "Head": "1", "HeadName": "Twin Head 5xx", "Id": "66819", "NozzleTypeId": "517", "SegmentNumber": "1"}, {"GantryId": "3", "Head": "1", "HeadName": "Twin Head 5xx", "Id": "132355", "NozzleTypeId": "573", "SegmentNumber": "2"}]}}, "SetupContext": {"PickupLocations": {"PickupLocation": [{"Division": "1", "FeederId": "", "FeederType": "34", "Id": "251", "Level": "3", "Location": "2", "StartTrackNumber": "1", "SubLocation": "2", "Tower": "1", "PackagingUid": ""}, {"Division": "1", "FeederId": "24FAUE900235", "FeederType": "280", "Id": "256", "Level": "0", "Location": "3", "StartTrackNumber": "4", "SubLocation": "1", "Tower": "0", "PackagingUid": "M05256975"}, {"Division": "1", "FeederId": "56FAUEN00199", "FeederType": "312", "Id": "257", "Level": "0", "Location": "3", "StartTrackNumber": "7", "SubLocation": "1", "Tower": "0", "PackagingUid": "M04854757"}, {"Division": "1", "FeederId": "17ATMH805118", "FeederType": "273", "Id": "258", "Level": "0", "Location": "3", "StartTrackNumber": "13", "SubLocation": "1", "Tower": "0", "PackagingUid": "M05206518"}, {"Division": "1", "FeederId": "32FAUEN00039", "FeederType": "288", "Id": "259", "Level": "0", "Location": "3", "StartTrackNumber": "15", "SubLocation": "1", "Tower": "0", "PackagingUid": "M05323276"}, {"Division": "1", "FeederId": "24FAUE600582", "FeederType": "280", "Id": "260", "Level": "0", "Location": "3", "StartTrackNumber": "19", "SubLocation": "1", "Tower": "0", "PackagingUid": "M05187769"}, {"Division": "1", "FeederId": "24FAUF700689", "FeederType": "280", "Id": "261", "Level": "0", "Location": "3", "StartTrackNumber": "22", "SubLocation": "1", "Tower": "0", "PackagingUid": "M05014338"}]}}}}, "ProductionEndedData": {"StationTime": "2021-11-30T08:58:42.4300000+08:00", "TimeStampSinceStationStarted": "1290433.68297"}}