{"name": "PDI_Line5_3922368382_20211130111700.txt", "Timestamp": "2021-11-30T11:16:50.9638771+08:00", "TxnID": "034b2ac5-95f4-4460-b30a-2b50d2833ab7", "Line": "SEWC-Lines\\Line5", "Machine": "Line5\\ST3_X3 S", "ProductionStartedData": [{"ConveyorLanePosition": "2", "ConveyorStopperPosition": "1", "Pcb": {"BarcodeReaderPosition": "0", "BoardSide": "1", "IndividualGUID": "856a0235-ebe1-4a19-89dd-322d18c5d460", "LineJobGUID": "3f68c8d2-071f-4795-8aa5-1d45806eb923", "Path": "STAB\\A5E50302024lt02", "PcbIndividualID": "42914", "RecipePath": "Line5\\Smart_CPU_L5_702SAF\\A5E50302024lt02", "Barcode": "", "OrderNumber": null}, "ProcessingAreaPosition": "2", "SetupPath": "Line5\\Smart_CPU_L5_702SAF", "StationTime": "2021-11-30T11:14:27.1180000+08:00", "TimeStampSinceStationStarted": "1298578.329924"}], "BoardPositionsList": {"BoardPositions": [{"ActualPosition": {"Angle": "-367", "X": "509072", "Y": "17692", "Z": "-5000"}, "FiducialPositions": {"FiducialRecognitionResult": []}, "NominalPosition": {"Angle": "0", "X": "510392", "Y": "16359", "Z": "-5000"}}]}, "ProgressDataList": {"ProductionProgressData": {"BoardContext": {"BoardPanels": {"BoardPanel": [{"Id": "2", "PanelPath": "A5E50302024lt02/A1"}]}}, "ComponentIndividuals": {"ComponentIndividual": [{"HeadSegmentId": "132355", "Measures": {"MeasureList": [{"CameraIndividualId": "3033", "MeasurementResult": "0", "PhiDeviation": "-171918", "TimeStampSinceStationStarted": "1298584.242051", "VisionDumpPath": "C:\\Sirio\\Work\\SvDumpFiles\\PartCameraDumps\\JID_303388185_OID_429140002_SEG_2_BE-Bibliothek.A5E01058093_R1298579650.svdmp", "XDeviation": "93166", "YDeviation": "-40294"}]}, "Pick": {"ActualPickPosition": {"Angle": "0", "X": "23950", "Y": "-70500"}, "MeasuredComponentHeight": "0", "NominalPickPosition": {"Angle": "0", "X": "23937", "Y": "-70576"}, "PickupLocationId": "263", "Result": "0", "TimeStampSinceStationStarted": "1298582.973981", "VacuumAbsolute": "-430", "VacuumRelative": "-430", "ZEndPosition": "50263000", "ZTargetPosition": "50247103"}, "Place": {"ActualPlacePosition": {"Angle": "0", "X": "67693", "Y": "66323"}, "AirkissPressure": "71", "BoardPanelId": "2", "HoldingCircuitPressure": "2147483647", "NominalPlacePosition": {"Angle": "0", "X": "67700", "Y": "66330"}, "ReferenceDesignator": "X102_CONN_28_STECK_R", "Result": "0", "TimeStampSinceStationStarted": "1298585.421266", "VacuumAbsolute": "-429", "VacuumRelative": "31", "ZEndPosition": "41672000", "ZTargetPosition": "41696555"}, "ElectricalMeasurement": null, "Dip": null}, {"HeadSegmentId": "66819", "Measures": {"MeasureList": [{"CameraIndividualId": "3033", "MeasurementResult": "0", "PhiDeviation": "538920", "TimeStampSinceStationStarted": "1298584.702392", "VisionDumpPath": "C:\\Sirio\\Work\\SvDumpFiles\\PartCameraDumps\\JID_303388184_OID_429140003_SEG_1_BE-Bibliothek.A5E02081140_R1298578731.svdmp", "XDeviation": "182126", "YDeviation": "-38835"}]}, "Pick": {"ActualPickPosition": {"Angle": "0", "X": "30273", "Y": "-70772"}, "MeasuredComponentHeight": "0", "NominalPickPosition": {"Angle": "0", "X": "30726", "Y": "-70661"}, "PickupLocationId": "247", "Result": "0", "TimeStampSinceStationStarted": "1298582.053757", "VacuumAbsolute": "-832", "VacuumRelative": "-832", "ZEndPosition": "49548000", "ZTargetPosition": "49528417"}, "Place": {"ActualPlacePosition": {"Angle": "0", "X": "35186", "Y": "66323"}, "AirkissPressure": "75", "BoardPanelId": "2", "HoldingCircuitPressure": "2147483647", "NominalPlacePosition": {"Angle": "0", "X": "35200", "Y": "66330"}, "ReferenceDesignator": "X103_CONN_32_STECK_R", "Result": "0", "TimeStampSinceStationStarted": "1298585.673956", "VacuumAbsolute": "-862", "VacuumRelative": "103", "ZEndPosition": "40798500", "ZTargetPosition": "40798359"}, "ElectricalMeasurement": null, "Dip": null}]}, "HeadContext": {"HeadSegments": {"HeadSegment": [{"GantryId": "3", "Head": "1", "HeadName": "Twin Head 5xx", "Id": "66819", "NozzleTypeId": "573", "SegmentNumber": "1"}, {"GantryId": "3", "Head": "1", "HeadName": "Twin Head 5xx", "Id": "132355", "NozzleTypeId": "573", "SegmentNumber": "2"}]}}, "SetupContext": {"PickupLocations": {"PickupLocation": [{"Division": "1", "FeederId": "56FAUC000504", "FeederType": "312", "Id": "247", "Level": "0", "Location": "2", "StartTrackNumber": "1", "SubLocation": "1", "Tower": "0", "PackagingUid": "M05297977"}, {"Division": "1", "FeederId": "44FAUD200890", "FeederType": "300", "Id": "263", "Level": "0", "Location": "3", "StartTrackNumber": "30", "SubLocation": "1", "Tower": "0", "PackagingUid": "M05298565"}]}}}}, "ProductionEndedData": {"StationTime": "2021-11-30T11:14:34.8960000+08:00", "TimeStampSinceStationStarted": "1298586.106922"}}