{"name": "PDI_Line5_3953532665_20211130183934.txt", "Timestamp": "2021-11-30T18:39:13.0754595+08:00", "TxnID": "8ae3c68d-a718-46b6-8630-b726dfb833ba", "Line": "SEWC-Lines\\Line5", "Machine": "Line5\\ST3_X3 S", "ProductionStartedData": [{"ConveyorLanePosition": "1", "ConveyorStopperPosition": "1", "Pcb": {"BarcodeReaderPosition": "0", "BoardSide": "1", "IndividualGUID": "a0a2c4f3-7833-4680-8993-f0de4c411357", "LineJobGUID": "e5c1bbcc-188b-45e0-8688-0345d94b6a3b", "Path": "STAB\\A5E50302024bt02", "PcbIndividualID": "44823", "RecipePath": "Line5\\Smart_CPU_L5_702SAF\\A5E50302024bt02", "Barcode": "", "OrderNumber": null}, "ProcessingAreaPosition": "1", "SetupPath": "Line5\\Smart_CPU_L5_702SAF", "StationTime": "2021-11-30T18:36:48.5950000+08:00", "TimeStampSinceStationStarted": "1325119.675342"}], "BoardPositionsList": {"BoardPositions": [{"ActualPosition": {"Angle": "29", "X": "-476557", "Y": "-232659", "Z": "-5000"}, "FiducialPositions": {"FiducialRecognitionResult": [{"ActualPosition": {"Angle": "2", "X": "4293", "Y": "11891", "Z": null}, "CameraIndividualId": "4034", "FiducialFunction": "0", "GantryId": "4", "MeasurementResult": "0", "NominalPosition": {"Angle": "0", "X": "4810", "Y": "11697", "Z": null}, "Path": "A5E50302024bt02/1/01/1", "StationTime": "2021-11-30T18:36:48.7220000+08:00", "TimeStampSinceStationStarted": "1325119.802641"}, {"ActualPosition": {"Angle": "5", "X": "192200", "Y": "186265", "Z": null}, "CameraIndividualId": "4034", "FiducialFunction": "0", "GantryId": "4", "MeasurementResult": "0", "NominalPosition": {"Angle": "0", "X": "192833", "Y": "186004", "Z": null}, "Path": "A5E50302024bt02/1/02/1", "StationTime": "2021-11-30T18:36:48.7220000+08:00", "TimeStampSinceStationStarted": "1325119.802641"}]}, "NominalPosition": {"Angle": "0", "X": "-476032", "Y": "-232838", "Z": "-5000"}}]}, "ProgressDataList": {"ProductionProgressData": {"BoardContext": {"BoardPanels": {"BoardPanel": [{"Id": "2", "PanelPath": "A5E50302024bt02/A1"}]}}, "ComponentIndividuals": {"ComponentIndividual": [{"HeadSegmentId": "66049", "Measures": {"MeasureList": [{"CameraIndividualId": "1033", "MeasurementResult": "0", "PhiDeviation": "-1744771", "TimeStampSinceStationStarted": "1325122.725758", "VisionDumpPath": "C:\\Sirio\\Work\\SvDumpFiles\\PartCameraDumps\\JID_103386905_OID_448230000_SEG_1_BE-Bibliothek.A5E00701727_R1325117013.svdmp", "XDeviation": "-105245", "YDeviation": "45901"}]}, "Pick": {"ActualPickPosition": {"Angle": "180000", "X": "15250", "Y": "-70500"}, "MeasuredComponentHeight": "0", "NominalPickPosition": {"Angle": "180000", "X": "15279", "Y": "-70561"}, "PickupLocationId": "240", "Result": "0", "TimeStampSinceStationStarted": "1325120.205541", "VacuumAbsolute": "-796", "VacuumRelative": "-796", "ZEndPosition": "46943000", "ZTargetPosition": "46991041"}, "Place": {"ActualPlacePosition": {"Angle": "-90000", "X": "174203", "Y": "142271"}, "AirkissPressure": "72", "BoardPanelId": "2", "HoldingCircuitPressure": "2147483647", "NominalPlacePosition": {"Angle": "-90000", "X": "174220", "Y": "142270"}, "ReferenceDesignator": "C2808_CAPA_2_22_KOND", "Result": "0", "TimeStampSinceStationStarted": "1325123.010375", "VacuumAbsolute": "-807", "VacuumRelative": "97", "ZEndPosition": "36685000", "ZTargetPosition": "36774743"}, "ElectricalMeasurement": null, "Dip": null}, {"HeadSegmentId": "67588", "Measures": {"MeasureList": [{"CameraIndividualId": "4033", "MeasurementResult": "0", "PhiDeviation": "-513725", "TimeStampSinceStationStarted": "1325123.603964", "VisionDumpPath": "C:\\Sirio\\Work\\SvDumpFiles\\PartCameraDumps\\JID_403372073_OID_448230001_SEG_1_BE-Bibliothek.A5E30248076_R1325119611.svdmp", "XDeviation": "-718541", "YDeviation": "-983996"}]}, "Pick": {"ActualPickPosition": {"Angle": "180000", "X": "17020", "Y": "-69475"}, "MeasuredComponentHeight": "0", "NominalPickPosition": {"Angle": "180000", "X": "17020", "Y": "-69475"}, "PickupLocationId": "267", "Result": "0", "TimeStampSinceStationStarted": "1325122.803766", "VacuumAbsolute": "-654", "VacuumRelative": "-654", "ZEndPosition": "47287500", "ZTargetPosition": "47202789"}, "Place": {"ActualPlacePosition": {"Angle": "180000", "X": "170909", "Y": "31760"}, "AirkissPressure": "72", "BoardPanelId": "2", "HoldingCircuitPressure": "2147483647", "NominalPlacePosition": {"Angle": "180000", "X": "170920", "Y": "31750"}, "ReferenceDesignator": "X802_CONN_8_38_SONST", "Result": "0", "TimeStampSinceStationStarted": "1325124.136457", "VacuumAbsolute": "-653", "VacuumRelative": "53", "ZEndPosition": "33379000", "ZTargetPosition": "33347334"}, "ElectricalMeasurement": null, "Dip": null}, {"HeadSegmentId": "131585", "Measures": {"MeasureList": [{"CameraIndividualId": "1033", "MeasurementResult": "0", "PhiDeviation": "232743", "TimeStampSinceStationStarted": "1325124.863671", "VisionDumpPath": "C:\\Sirio\\Work\\SvDumpFiles\\PartCameraDumps\\JID_103386906_OID_448230002_SEG_2_BE-Bibliothek.A5E02285215_R1325120309.svdmp", "XDeviation": "-35012", "YDeviation": "455701"}]}, "Pick": {"ActualPickPosition": {"Angle": "180000", "X": "23950", "Y": "-70500"}, "MeasuredComponentHeight": "0", "NominalPickPosition": {"Angle": "180000", "X": "23950", "Y": "-70500"}, "PickupLocationId": "241", "Result": "0", "TimeStampSinceStationStarted": "1325123.50136", "VacuumAbsolute": "-856", "VacuumRelative": "-856", "ZEndPosition": "48393500", "ZTargetPosition": "48477179"}, "Place": {"ActualPlacePosition": {"Angle": "-90000", "X": "20875", "Y": "24270"}, "AirkissPressure": "74", "BoardPanelId": "2", "HoldingCircuitPressure": "2147483647", "NominalPlacePosition": {"Angle": "-90000", "X": "20870", "Y": "24250"}, "ReferenceDesignator": "X501_CONN_DSUB_9_STE", "Result": "0", "TimeStampSinceStationStarted": "1325125.513557", "VacuumAbsolute": "-858", "VacuumRelative": "102", "ZEndPosition": "36371500", "ZTargetPosition": "36345706"}, "ElectricalMeasurement": null, "Dip": null}, {"HeadSegmentId": "66049", "Measures": {"MeasureList": [{"CameraIndividualId": "1033", "MeasurementResult": "0", "PhiDeviation": "-282264", "TimeStampSinceStationStarted": "1325125.159534", "VisionDumpPath": "C:\\Sirio\\Work\\SvDumpFiles\\PartCameraDumps\\JID_103386907_OID_448230003_SEG_1_BE-Bibliothek.A5E00189819_R1325120707.svdmp", "XDeviation": "100794", "YDeviation": "60466"}]}, "Pick": {"ActualPickPosition": {"Angle": "0", "X": "15250", "Y": "-70500"}, "MeasuredComponentHeight": "0", "NominalPickPosition": {"Angle": "0", "X": "15090", "Y": "-70418"}, "PickupLocationId": "242", "Result": "0", "TimeStampSinceStationStarted": "1325123.899926", "VacuumAbsolute": "-812", "VacuumRelative": "-812", "ZEndPosition": "47394500", "ZTargetPosition": "47340801"}, "Place": {"ActualPlacePosition": {"Angle": "0", "X": "132189", "Y": "142331"}, "AirkissPressure": "73", "BoardPanelId": "2", "HoldingCircuitPressure": "2147483647", "NominalPlacePosition": {"Angle": "0", "X": "132200", "Y": "142330"}, "ReferenceDesignator": "T2800_EX120_TRAFO_SC", "Result": "0", "TimeStampSinceStationStarted": "1325125.865014", "VacuumAbsolute": "-814", "VacuumRelative": "99", "ZEndPosition": "41327000", "ZTargetPosition": "41260092"}, "ElectricalMeasurement": null, "Dip": null}, {"HeadSegmentId": "133124", "Measures": {"MeasureList": [{"CameraIndividualId": "4033", "MeasurementResult": "0", "PhiDeviation": "-463318", "TimeStampSinceStationStarted": "1325125.886793", "VisionDumpPath": "C:\\Sirio\\Work\\SvDumpFiles\\PartCameraDumps\\JID_403372074_OID_448230004_SEG_2_BE-Bibliothek.A5E44859639_R1325121771.svdmp", "XDeviation": "24205", "YDeviation": "5913"}]}, "Pick": {"ActualPickPosition": {"Angle": "0", "X": "6000", "Y": "-49500"}, "MeasuredComponentHeight": "0", "NominalPickPosition": {"Angle": "0", "X": "5960", "Y": "-49480"}, "PickupLocationId": "280", "Result": "0", "TimeStampSinceStationStarted": "1325124.963302", "VacuumAbsolute": "-848", "VacuumRelative": "-848", "ZEndPosition": "46272500", "ZTargetPosition": "46273119"}, "Place": {"ActualPlacePosition": {"Angle": "180000", "X": "25017", "Y": "160895"}, "AirkissPressure": "74", "BoardPanelId": "2", "HoldingCircuitPressure": "2147483647", "NominalPlacePosition": {"Angle": "180000", "X": "25006", "Y": "160905"}, "ReferenceDesignator": "U2005_SOP_8/SOIC_8_O", "Result": "0", "TimeStampSinceStationStarted": "1325126.443704", "VacuumAbsolute": "-848", "VacuumRelative": "97", "ZEndPosition": "43645500", "ZTargetPosition": "43624287"}, "ElectricalMeasurement": null, "Dip": null}, {"HeadSegmentId": "67588", "Measures": {"MeasureList": [{"CameraIndividualId": "4033", "MeasurementResult": "0", "PhiDeviation": "94721", "TimeStampSinceStationStarted": "1325126.09867", "VisionDumpPath": "C:\\Sirio\\Work\\SvDumpFiles\\PartCameraDumps\\JID_403372075_OID_448230005_SEG_1_BE-Bibliothek.A5E45275537_R1325122089.svdmp", "XDeviation": "-166619", "YDeviation": "63627"}]}, "Pick": {"ActualPickPosition": {"Angle": "0", "X": "17470", "Y": "-70910"}, "MeasuredComponentHeight": "0", "NominalPickPosition": {"Angle": "0", "X": "17943", "Y": "-70919"}, "PickupLocationId": "271", "Result": "0", "TimeStampSinceStationStarted": "1325125.281515", "VacuumAbsolute": "-802", "VacuumRelative": "-802", "ZEndPosition": "47121500", "ZTargetPosition": "47075181"}, "Place": {"ActualPlacePosition": {"Angle": "180000", "X": "54407", "Y": "75354"}, "AirkissPressure": "79", "BoardPanelId": "2", "HoldingCircuitPressure": "2147483647", "NominalPlacePosition": {"Angle": "180000", "X": "54400", "Y": "75350"}, "ReferenceDesignator": "X601_CONN_16_STECK_R", "Result": "0", "TimeStampSinceStationStarted": "1325126.802762", "VacuumAbsolute": "-823", "VacuumRelative": "92", "ZEndPosition": "38958000", "ZTargetPosition": "38985544"}, "ElectricalMeasurement": null, "Dip": null}, {"HeadSegmentId": "66049", "Measures": {"MeasureList": [{"CameraIndividualId": "1033", "MeasurementResult": "0", "PhiDeviation": "-263037", "TimeStampSinceStationStarted": "1325128.266954", "VisionDumpPath": "C:\\Sirio\\Work\\SvDumpFiles\\PartCameraDumps\\JID_103386908_OID_448230006_SEG_1_BE-Bibliothek.A5E01114436_R1325124610.svdmp", "XDeviation": "53790", "YDeviation": "9236"}]}, "Pick": {"ActualPickPosition": {"Angle": "180000", "X": "17950", "Y": "-70500"}, "MeasuredComponentHeight": "0", "NominalPickPosition": {"Angle": "180000", "X": "17882", "Y": "-71014"}, "PickupLocationId": "238", "Result": "0", "TimeStampSinceStationStarted": "1325127.802567", "VacuumAbsolute": "-771", "VacuumRelative": "-771", "ZEndPosition": "43507000", "ZTargetPosition": "43490683"}, "Place": {"ActualPlacePosition": {"Angle": "-180000", "X": "168013", "Y": "169912"}, "AirkissPressure": "72", "BoardPanelId": "2", "HoldingCircuitPressure": "2147483647", "NominalPlacePosition": {"Angle": "180000", "X": "168030", "Y": "169915"}, "ReferenceDesignator": "X605_CONN_8_STECK_RC", "Result": "0", "TimeStampSinceStationStarted": "1325128.61478", "VacuumAbsolute": "-802", "VacuumRelative": "96", "ZEndPosition": "40175000", "ZTargetPosition": "40178710"}, "ElectricalMeasurement": null, "Dip": null}, {"HeadSegmentId": "67588", "Measures": {"MeasureList": [{"CameraIndividualId": "4033", "MeasurementResult": "0", "PhiDeviation": "-192816", "TimeStampSinceStationStarted": "1325128.648376", "VisionDumpPath": "C:\\Sirio\\Work\\SvDumpFiles\\PartCameraDumps\\JID_403372076_OID_448230007_SEG_1_BE-Bibliothek.A5E30621710_R1325124455.svdmp", "XDeviation": "-6736", "YDeviation": "-35467"}]}, "Pick": {"ActualPickPosition": {"Angle": "0", "X": "15250", "Y": "-70500"}, "MeasuredComponentHeight": "0", "NominalPickPosition": {"Angle": "0", "X": "15184", "Y": "-70832"}, "PickupLocationId": "269", "Result": "0", "TimeStampSinceStationStarted": "1325127.647695", "VacuumAbsolute": "-782", "VacuumRelative": "-782", "ZEndPosition": "47059000", "ZTargetPosition": "47042759"}, "Place": {"ActualPlacePosition": {"Angle": "0", "X": "87902", "Y": "50138"}, "AirkissPressure": "72", "BoardPanelId": "2", "HoldingCircuitPressure": "2147483647", "NominalPlacePosition": {"Angle": "0", "X": "87900", "Y": "50130"}, "ReferenceDesignator": "D1500_TSSOP_56_IC_IN", "Result": "0", "TimeStampSinceStationStarted": "1325129.269952", "VacuumAbsolute": "-830", "VacuumRelative": "93", "ZEndPosition": "46147000", "ZTargetPosition": "46145851"}, "ElectricalMeasurement": null, "Dip": null}, {"HeadSegmentId": "133124", "Measures": {"MeasureList": [{"CameraIndividualId": "4033", "MeasurementResult": "0", "PhiDeviation": "-809622", "TimeStampSinceStationStarted": "1325128.808154", "VisionDumpPath": "C:\\Sirio\\Work\\SvDumpFiles\\PartCameraDumps\\JID_403372077_OID_448230008_SEG_2_BE-Bibliothek.A5E44859639_R1325124734.svdmp", "XDeviation": "7800", "YDeviation": "-15643"}]}, "Pick": {"ActualPickPosition": {"Angle": "0", "X": "6000", "Y": "-49500"}, "MeasuredComponentHeight": "0", "NominalPickPosition": {"Angle": "0", "X": "5961", "Y": "-49479"}, "PickupLocationId": "280", "Result": "0", "TimeStampSinceStationStarted": "1325127.926819", "VacuumAbsolute": "-848", "VacuumRelative": "-848", "ZEndPosition": "46273500", "ZTargetPosition": "46272964"}, "Place": {"ActualPlacePosition": {"Angle": "180000", "X": "37659", "Y": "27191"}, "AirkissPressure": "77", "BoardPanelId": "2", "HoldingCircuitPressure": "2147483647", "NominalPlacePosition": {"Angle": "180000", "X": "37650", "Y": "27180"}, "ReferenceDesignator": "U500_SOP_8/SOIC_8_OP", "Result": "0", "TimeStampSinceStationStarted": "1325129.525615", "VacuumAbsolute": "-848", "VacuumRelative": "97", "ZEndPosition": "43713000", "ZTargetPosition": "43700622"}, "ElectricalMeasurement": null, "Dip": null}, {"HeadSegmentId": "66049", "Measures": {"MeasureList": [{"CameraIndividualId": "1033", "MeasurementResult": "0", "PhiDeviation": "-180204", "TimeStampSinceStationStarted": "1325131.124238", "VisionDumpPath": "C:\\Sirio\\Work\\SvDumpFiles\\PartCameraDumps\\JID_103386909_OID_448230009_SEG_1_BE-Bibliothek.A5E02081137_R1325127145.svdmp", "XDeviation": "23102", "YDeviation": "-346228"}]}, "Pick": {"ActualPickPosition": {"Angle": "0", "X": "29950", "Y": "-70500"}, "MeasuredComponentHeight": "0", "NominalPickPosition": {"Angle": "0", "X": "30091", "Y": "-72019"}, "PickupLocationId": "244", "Result": "0", "TimeStampSinceStationStarted": "1325130.338383", "VacuumAbsolute": "-836", "VacuumRelative": "-836", "ZEndPosition": "48701000", "ZTargetPosition": "48685557"}, "Place": {"ActualPlacePosition": {"Angle": "0", "X": "164284", "Y": "153629"}, "AirkissPressure": "74", "BoardPanelId": "2", "HoldingCircuitPressure": "2147483647", "NominalPlacePosition": {"Angle": "0", "X": "164300", "Y": "153630"}, "ReferenceDesignator": "X203_CONN_32_STECK_R", "Result": "0", "TimeStampSinceStationStarted": "1325131.549769", "VacuumAbsolute": "-836", "VacuumRelative": "105", "ZEndPosition": "30003500", "ZTargetPosition": "30020775"}, "ElectricalMeasurement": null, "Dip": null}, {"HeadSegmentId": "67588", "Measures": {"MeasureList": [{"CameraIndividualId": "4033", "MeasurementResult": "0", "PhiDeviation": "-267811", "TimeStampSinceStationStarted": "1325132.779917", "VisionDumpPath": "C:\\Sirio\\Work\\SvDumpFiles\\PartCameraDumps\\JID_403372078_OID_448230011_SEG_1_BE-Bibliothek.A5E51102635_R1325128468.svdmp", "XDeviation": "-127735", "YDeviation": "-3158"}]}, "Pick": {"ActualPickPosition": {"Angle": "0", "X": "15250", "Y": "-70500"}, "MeasuredComponentHeight": "0", "NominalPickPosition": {"Angle": "0", "X": "15201", "Y": "-70464"}, "PickupLocationId": "265", "Result": "0", "TimeStampSinceStationStarted": "1325131.660721", "VacuumAbsolute": "-824", "VacuumRelative": "-824", "ZEndPosition": "47172000", "ZTargetPosition": "47195402"}, "Place": {"ActualPlacePosition": {"Angle": "180000", "X": "72054", "Y": "49988"}, "AirkissPressure": "71", "BoardPanelId": "2", "HoldingCircuitPressure": "2147483647", "NominalPlacePosition": {"Angle": "180000", "X": "72050", "Y": "49980"}, "ReferenceDesignator": "D3_BGA_63_", "Result": "0", "TimeStampSinceStationStarted": "1325133.226655", "VacuumAbsolute": "-827", "VacuumRelative": "93", "ZEndPosition": "46219000", "ZTargetPosition": "46224638"}, "ElectricalMeasurement": null, "Dip": null}, {"HeadSegmentId": "133124", "Measures": {"MeasureList": [{"CameraIndividualId": "4033", "MeasurementResult": "0", "PhiDeviation": "518210", "TimeStampSinceStationStarted": "1325132.567989", "VisionDumpPath": "C:\\Sirio\\Work\\SvDumpFiles\\PartCameraDumps\\JID_403372079_OID_448230010_SEG_2_BE-Bibliothek.A5E44859639_R1325128857.svdmp", "XDeviation": "131826", "YDeviation": "28631"}]}, "Pick": {"ActualPickPosition": {"Angle": "0", "X": "6000", "Y": "-49500"}, "MeasuredComponentHeight": "0", "NominalPickPosition": {"Angle": "0", "X": "5962", "Y": "-49480"}, "PickupLocationId": "280", "Result": "0", "TimeStampSinceStationStarted": "1325132.049515", "VacuumAbsolute": "-848", "VacuumRelative": "-848", "ZEndPosition": "46276500", "ZTargetPosition": "46273098"}, "Place": {"ActualPlacePosition": {"Angle": "180000", "X": "32216", "Y": "160895"}, "AirkissPressure": "77", "BoardPanelId": "2", "HoldingCircuitPressure": "2147483647", "NominalPlacePosition": {"Angle": "180000", "X": "32206", "Y": "160905"}, "ReferenceDesignator": "U2006_SOP_8/SOIC_8_O", "Result": "0", "TimeStampSinceStationStarted": "1325133.55808", "VacuumAbsolute": "-848", "VacuumRelative": "97", "ZEndPosition": "43635000", "ZTargetPosition": "43621905"}, "ElectricalMeasurement": null, "Dip": null}]}, "HeadContext": {"HeadSegments": {"HeadSegment": [{"GantryId": "1", "Head": "1", "HeadName": "Twin Head 5xx", "Id": "66049", "NozzleTypeId": "517", "SegmentNumber": "1"}, {"GantryId": "4", "Head": "1", "HeadName": "Twin Head 5xx", "Id": "67588", "NozzleTypeId": "516", "SegmentNumber": "1"}, {"GantryId": "1", "Head": "1", "HeadName": "Twin Head 5xx", "Id": "131585", "NozzleTypeId": "573", "SegmentNumber": "2"}, {"GantryId": "4", "Head": "1", "HeadName": "Twin Head 5xx", "Id": "133124", "NozzleTypeId": "597", "SegmentNumber": "2"}]}}, "SetupContext": {"PickupLocations": {"PickupLocation": [{"Division": "1", "FeederId": "32FAUE900466", "FeederType": "288", "Id": "238", "Level": "0", "Location": "1", "StartTrackNumber": "7", "SubLocation": "1", "Tower": "0", "PackagingUid": "M05328016"}, {"Division": "1", "FeederId": "24KL-L205402", "FeederType": "280", "Id": "240", "Level": "0", "Location": "1", "StartTrackNumber": "14", "SubLocation": "1", "Tower": "0", "PackagingUid": "M05255215"}, {"Division": "1", "FeederId": "44KL-K305106", "FeederType": "300", "Id": "241", "Level": "0", "Location": "1", "StartTrackNumber": "17", "SubLocation": "1", "Tower": "0", "PackagingUid": "M04859338"}, {"Division": "1", "FeederId": "24KL-K305319", "FeederType": "280", "Id": "242", "Level": "0", "Location": "1", "StartTrackNumber": "22", "SubLocation": "1", "Tower": "0", "PackagingUid": "M04790535"}, {"Division": "1", "FeederId": "56FAUE300111", "FeederType": "312", "Id": "244", "Level": "0", "Location": "1", "StartTrackNumber": "27", "SubLocation": "1", "Tower": "0", "PackagingUid": "M05301307"}, {"Division": "1", "FeederId": "24FAUE900672", "FeederType": "280", "Id": "265", "Level": "0", "Location": "4", "StartTrackNumber": "1", "SubLocation": "1", "Tower": "0", "PackagingUid": "A00061266"}, {"Division": "1", "FeederId": "32FAUE000671", "FeederType": "288", "Id": "267", "Level": "0", "Location": "4", "StartTrackNumber": "16", "SubLocation": "1", "Tower": "0", "PackagingUid": "M05305956"}, {"Division": "1", "FeederId": "24KL-N300550", "FeederType": "280", "Id": "269", "Level": "0", "Location": "4", "StartTrackNumber": "22", "SubLocation": "1", "Tower": "0", "PackagingUid": "M05263329"}, {"Division": "1", "FeederId": "32FAUE900659", "FeederType": "288", "Id": "271", "Level": "0", "Location": "4", "StartTrackNumber": "28", "SubLocation": "1", "Tower": "0", "PackagingUid": "M05325464"}, {"Division": "1", "FeederId": "12KL-F105078", "FeederType": "268", "Id": "280", "Level": "0", "Location": "4", "StartTrackNumber": "14", "SubLocation": "1", "Tower": "0", "PackagingUid": "M05245896"}]}}}}, "ProductionEndedData": {"StationTime": "2021-11-30T18:37:02.9140000+08:00", "TimeStampSinceStationStarted": "1325133.995371"}}