{"name": "PDI_Line5_3964704970_20211130233148.txt", "Timestamp": "2021-11-30T23:31:36.6498509+08:00", "TxnID": "13e46e7b-278c-4f9d-9d05-d6a5aa25d08d", "Line": "SEWC-Lines\\Line5", "Machine": "Line5\\ST3_X3 S", "ProductionStartedData": [{"ConveyorLanePosition": "1", "ConveyorStopperPosition": "1", "Pcb": {"BarcodeReaderPosition": "0", "BoardSide": "1", "IndividualGUID": "a07b2ebe-e376-4316-9486-8a896a7570d3", "LineJobGUID": "0eac2a39-09f1-470d-9bd7-2a5e9815b5ca", "Path": "STAB\\A5E50302024lt02", "PcbIndividualID": "45511", "RecipePath": "Line5\\Smart_CPU_L5_702SAF\\A5E50302024lt02", "Barcode": "", "OrderNumber": null}, "ProcessingAreaPosition": "2", "SetupPath": "Line5\\Smart_CPU_L5_702SAF", "StationTime": "2021-11-30T23:29:11.8490000+08:00", "TimeStampSinceStationStarted": "1342662.84357"}], "BoardPositionsList": {"BoardPositions": [{"ActualPosition": {"Angle": "17", "X": "509814", "Y": "-233198", "Z": "-5000"}, "FiducialPositions": {"FiducialRecognitionResult": []}, "NominalPosition": {"Angle": "0", "X": "509820", "Y": "-233646", "Z": "-5000"}}]}, "ProgressDataList": {"ProductionProgressData": {"BoardContext": {"BoardPanels": {"BoardPanel": [{"Id": "2", "PanelPath": "A5E50302024lt02/A1"}]}}, "ComponentIndividuals": {"ComponentIndividual": [{"HeadSegmentId": "132355", "Measures": {"MeasureList": [{"CameraIndividualId": "3033", "MeasurementResult": "0", "PhiDeviation": "1306942", "TimeStampSinceStationStarted": "1342668.628982", "VisionDumpPath": "C:\\Sirio\\Work\\SvDumpFiles\\PartCameraDumps\\JID_303395987_OID_455110002_SEG_2_BE-Bibliothek.A5E01058093_R1342664252.svdmp", "XDeviation": "-35341", "YDeviation": "-154580"}]}, "Pick": {"ActualPickPosition": {"Angle": "0", "X": "23950", "Y": "-70500"}, "MeasuredComponentHeight": "0", "NominalPickPosition": {"Angle": "0", "X": "23908", "Y": "-70564"}, "PickupLocationId": "263", "Result": "0", "TimeStampSinceStationStarted": "1342667.358316", "VacuumAbsolute": "-446", "VacuumRelative": "-446", "ZEndPosition": "50333000", "ZTargetPosition": "50294432"}, "Place": {"ActualPlacePosition": {"Angle": "0", "X": "67697", "Y": "66327"}, "AirkissPressure": "71", "BoardPanelId": "2", "HoldingCircuitPressure": "2147483647", "NominalPlacePosition": {"Angle": "0", "X": "67700", "Y": "66330"}, "ReferenceDesignator": "X102_CONN_28_STECK_R", "Result": "0", "TimeStampSinceStationStarted": "1342670.025658", "VacuumAbsolute": "-474", "VacuumRelative": "40", "ZEndPosition": "41568500", "ZTargetPosition": "41586507"}, "ElectricalMeasurement": null, "Dip": null}, {"HeadSegmentId": "66819", "Measures": {"MeasureList": [{"CameraIndividualId": "3033", "MeasurementResult": "0", "PhiDeviation": "1129238", "TimeStampSinceStationStarted": "1342669.090656", "VisionDumpPath": "C:\\Sirio\\Work\\SvDumpFiles\\PartCameraDumps\\JID_303395986_OID_455110003_SEG_1_BE-Bibliothek.A5E02081140_R1342663325.svdmp", "XDeviation": "-42622", "YDeviation": "-83111"}]}, "Pick": {"ActualPickPosition": {"Angle": "0", "X": "30273", "Y": "-70772"}, "MeasuredComponentHeight": "0", "NominalPickPosition": {"Angle": "0", "X": "30760", "Y": "-70607"}, "PickupLocationId": "247", "Result": "0", "TimeStampSinceStationStarted": "1342666.430715", "VacuumAbsolute": "-829", "VacuumRelative": "-829", "ZEndPosition": "49526500", "ZTargetPosition": "49547594"}, "Place": {"ActualPlacePosition": {"Angle": "0", "X": "35195", "Y": "66327"}, "AirkissPressure": "75", "BoardPanelId": "2", "HoldingCircuitPressure": "2147483647", "NominalPlacePosition": {"Angle": "0", "X": "35200", "Y": "66330"}, "ReferenceDesignator": "X103_CONN_32_STECK_R", "Result": "0", "TimeStampSinceStationStarted": "1342670.278813", "VacuumAbsolute": "-860", "VacuumRelative": "102", "ZEndPosition": "40656500", "ZTargetPosition": "40694160"}, "ElectricalMeasurement": null, "Dip": null}]}, "HeadContext": {"HeadSegments": {"HeadSegment": [{"GantryId": "3", "Head": "1", "HeadName": "Twin Head 5xx", "Id": "66819", "NozzleTypeId": "573", "SegmentNumber": "1"}, {"GantryId": "3", "Head": "1", "HeadName": "Twin Head 5xx", "Id": "132355", "NozzleTypeId": "573", "SegmentNumber": "2"}]}}, "SetupContext": {"PickupLocations": {"PickupLocation": [{"Division": "1", "FeederId": "56FAUC000504", "FeederType": "312", "Id": "247", "Level": "0", "Location": "2", "StartTrackNumber": "1", "SubLocation": "1", "Tower": "0", "PackagingUid": "M05297981"}, {"Division": "1", "FeederId": "44FAUD200890", "FeederType": "300", "Id": "263", "Level": "0", "Location": "3", "StartTrackNumber": "30", "SubLocation": "1", "Tower": "0", "PackagingUid": "M05298575"}]}}}}, "ProductionEndedData": {"StationTime": "2021-11-30T23:29:19.7160000+08:00", "TimeStampSinceStationStarted": "1342670.710272"}}