{"name": "PDI_Line5_4197765650_20211130023640.txt", "Timestamp": "2021-11-30T02:36:25.2909280+08:00", "TxnID": "cfc51093-da9d-4e55-b38f-da5a6793128a", "Line": "SEWC-Lines\\Line5", "Machine": "Line5\\ST3_X3 S", "ProductionStartedData": [{"ConveyorLanePosition": "1", "ConveyorStopperPosition": "1", "Pcb": {"BarcodeReaderPosition": "0", "BoardSide": "1", "IndividualGUID": "c38cfc76-90fe-408c-bfa4-89c63ddb4711", "LineJobGUID": "3a5e1e40-f5b9-457f-8e3c-d7ab63795644", "Path": "STAB\\A5E50302021lt01", "PcbIndividualID": "43021", "RecipePath": "Line5\\Smart_CPU_L5_702SAF\\A5E50302021lt01", "Barcode": "", "OrderNumber": null}, "ProcessingAreaPosition": "1", "SetupPath": "Line5\\Smart_CPU_L5_702SAF", "StationTime": "2021-11-30T02:34:02.3170000+08:00", "TimeStampSinceStationStarted": "1267353.684073"}], "BoardPositionsList": {"BoardPositions": [{"ActualPosition": {"Angle": "-61", "X": "-528587", "Y": "-232723", "Z": "-5000"}, "FiducialPositions": {"FiducialRecognitionResult": [{"ActualPosition": {"Angle": "-29", "X": "242901", "Y": "10367", "Z": null}, "CameraIndividualId": "4034", "FiducialFunction": "0", "GantryId": "4", "MeasurementResult": "0", "NominalPosition": {"Angle": "0", "X": "243420", "Y": "10530", "Z": null}, "Path": "A5E50302021lt01/1/01/1", "StationTime": "2021-11-30T02:34:05.4010000+08:00", "TimeStampSinceStationStarted": "1267356.768616"}, {"ActualPosition": {"Angle": "-78", "X": "7593", "Y": "192155", "Z": null}, "CameraIndividualId": "4034", "FiducialFunction": "0", "GantryId": "4", "MeasurementResult": "0", "NominalPosition": {"Angle": "0", "X": "7970", "Y": "192030", "Z": null}, "Path": "A5E50302021lt01/1/02/1", "StationTime": "2021-11-30T02:34:05.4010000+08:00", "TimeStampSinceStationStarted": "1267356.768616"}]}, "NominalPosition": {"Angle": "0", "X": "-528032", "Y": "-232838", "Z": "-5000"}}]}, "ProgressDataList": {"ProductionProgressData": {"BoardContext": {"BoardPanels": {"BoardPanel": [{"Id": "2", "PanelPath": "A5E50302021lt01/A1"}, {"Id": "3", "PanelPath": "A5E50302021lt01/B1"}]}}, "ComponentIndividuals": {"ComponentIndividual": [{"HeadSegmentId": "67588", "Measures": {"MeasureList": [{"CameraIndividualId": "4033", "MeasurementResult": "0", "PhiDeviation": "-157100", "TimeStampSinceStationStarted": "1267357.434806", "VisionDumpPath": "C:\\Sirio\\Work\\SvDumpFiles\\PartCameraDumps\\JID_403358202_OID_430210000_SEG_1_BE-Bibliothek.A5E50179091_R1267350853.svdmp", "XDeviation": "22418", "YDeviation": "46497"}]}, "Pick": {"ActualPickPosition": {"Angle": "0", "X": "15126", "Y": "-71150"}, "MeasuredComponentHeight": "0", "NominalPickPosition": {"Angle": "0", "X": "15235", "Y": "-71329"}, "PickupLocationId": "266", "Result": "0", "TimeStampSinceStationStarted": "1267354.332691", "VacuumAbsolute": "-786", "VacuumRelative": "-786", "ZEndPosition": "47591000", "ZTargetPosition": "47630314"}, "Place": {"ActualPlacePosition": {"Angle": "0", "X": "200747", "Y": "27965"}, "AirkissPressure": "76", "BoardPanelId": "3", "HoldingCircuitPressure": "2147483647", "NominalPlacePosition": {"Angle": "0", "X": "200731", "Y": "27980"}, "ReferenceDesignator": "D2_BGA_90_IC_DRAM_51", "Result": "0", "TimeStampSinceStationStarted": "1267357.838769", "VacuumAbsolute": "-834", "VacuumRelative": "95", "ZEndPosition": "46593000", "ZTargetPosition": "46592214"}, "ElectricalMeasurement": null, "Dip": null}, {"HeadSegmentId": "67588", "Measures": {"MeasureList": [{"CameraIndividualId": "4033", "MeasurementResult": "0", "PhiDeviation": "405567", "TimeStampSinceStationStarted": "1267359.16653", "VisionDumpPath": "C:\\Sirio\\Work\\SvDumpFiles\\PartCameraDumps\\JID_403358203_OID_430210001_SEG_1_BE-Bibliothek.A5E00277754_R1267354995.svdmp", "XDeviation": "-116361", "YDeviation": "-9739"}]}, "Pick": {"ActualPickPosition": {"Angle": "0", "X": "18028", "Y": "-70606"}, "MeasuredComponentHeight": "0", "NominalPickPosition": {"Angle": "0", "X": "17728", "Y": "-70487"}, "PickupLocationId": "272", "Result": "0", "TimeStampSinceStationStarted": "1267358.473716", "VacuumAbsolute": "-826", "VacuumRelative": "-826", "ZEndPosition": "47286500", "ZTargetPosition": "47277164"}, "Place": {"ActualPlacePosition": {"Angle": "180000", "X": "226602", "Y": "49069"}, "AirkissPressure": "73", "BoardPanelId": "3", "HoldingCircuitPressure": "2147483647", "NominalPlacePosition": {"Angle": "180000", "X": "226581", "Y": "49080"}, "ReferenceDesignator": "X101_EXSOP_14_STECK_", "Result": "0", "TimeStampSinceStationStarted": "1267359.65116", "VacuumAbsolute": "-847", "VacuumRelative": "98", "ZEndPosition": "38949500", "ZTargetPosition": "38982050"}, "ElectricalMeasurement": null, "Dip": null}, {"HeadSegmentId": "133124", "Measures": {"MeasureList": [{"CameraIndividualId": "4033", "MeasurementResult": "0", "PhiDeviation": "-48302", "TimeStampSinceStationStarted": "1267359.308341", "VisionDumpPath": "C:\\Sirio\\Work\\SvDumpFiles\\PartCameraDumps\\JID_403358204_OID_430210002_SEG_2_BE-Bibliothek.A5E00277754_R1267355209.svdmp", "XDeviation": "-88934", "YDeviation": "5944"}]}, "Pick": {"ActualPickPosition": {"Angle": "0", "X": "18028", "Y": "-70606"}, "MeasuredComponentHeight": "0", "NominalPickPosition": {"Angle": "0", "X": "17728", "Y": "-70487"}, "PickupLocationId": "272", "Result": "0", "TimeStampSinceStationStarted": "1267358.688404", "VacuumAbsolute": "-833", "VacuumRelative": "-833", "ZEndPosition": "47305500", "ZTargetPosition": "47297664"}, "Place": {"ActualPlacePosition": {"Angle": "180000", "X": "106077", "Y": "49069"}, "AirkissPressure": "72", "BoardPanelId": "2", "HoldingCircuitPressure": "2147483647", "NominalPlacePosition": {"Angle": "180000", "X": "106081", "Y": "49080"}, "ReferenceDesignator": "X101_EXSOP_14_STECK_", "Result": "0", "TimeStampSinceStationStarted": "1267359.828793", "VacuumAbsolute": "-845", "VacuumRelative": "98", "ZEndPosition": "38751500", "ZTargetPosition": "38771839"}, "ElectricalMeasurement": null, "Dip": null}, {"HeadSegmentId": "67588", "Measures": {"MeasureList": [{"CameraIndividualId": "4033", "MeasurementResult": "0", "PhiDeviation": "-430439", "TimeStampSinceStationStarted": "1267360.921893", "VisionDumpPath": "C:\\Sirio\\Work\\SvDumpFiles\\PartCameraDumps\\JID_403358205_OID_430210003_SEG_1_BE-Bibliothek.A5E50179091_R1267356993.svdmp", "XDeviation": "9757", "YDeviation": "-51557"}]}, "Pick": {"ActualPickPosition": {"Angle": "0", "X": "15126", "Y": "-71150"}, "MeasuredComponentHeight": "0", "NominalPickPosition": {"Angle": "0", "X": "15236", "Y": "-71326"}, "PickupLocationId": "266", "Result": "0", "TimeStampSinceStationStarted": "1267360.472655", "VacuumAbsolute": "-787", "VacuumRelative": "-787", "ZEndPosition": "47640500", "ZTargetPosition": "47620486"}, "Place": {"ActualPlacePosition": {"Angle": "0", "X": "80221", "Y": "27965"}, "AirkissPressure": "71", "BoardPanelId": "2", "HoldingCircuitPressure": "2147483647", "NominalPlacePosition": {"Angle": "0", "X": "80231", "Y": "27980"}, "ReferenceDesignator": "D2_BGA_90_IC_DRAM_51", "Result": "0", "TimeStampSinceStationStarted": "1267361.324497", "VacuumAbsolute": "-837", "VacuumRelative": "96", "ZEndPosition": "46563000", "ZTargetPosition": "46548819"}, "ElectricalMeasurement": null, "Dip": null}]}, "HeadContext": {"HeadSegments": {"HeadSegment": [{"GantryId": "4", "Head": "1", "HeadName": "Twin Head 5xx", "Id": "67588", "NozzleTypeId": "516", "SegmentNumber": "1"}, {"GantryId": "4", "Head": "1", "HeadName": "Twin Head 5xx", "Id": "133124", "NozzleTypeId": "516", "SegmentNumber": "2"}]}}, "SetupContext": {"PickupLocations": {"PickupLocation": [{"Division": "1", "FeederId": "24FAUE600590", "FeederType": "280", "Id": "266", "Level": "0", "Location": "4", "StartTrackNumber": "4", "SubLocation": "1", "Tower": "0", "PackagingUid": "M05320388"}, {"Division": "1", "FeederId": "32KL-K405124", "FeederType": "288", "Id": "272", "Level": "0", "Location": "4", "StartTrackNumber": "32", "SubLocation": "1", "Tower": "0", "PackagingUid": "M05323047"}]}}}}, "ProductionEndedData": {"StationTime": "2021-11-30T02:34:10.3360000+08:00", "TimeStampSinceStationStarted": "1267361.704043"}}