{"name": "PDI_Line5_4231156762_20211130173119.txt", "Timestamp": "2021-11-30T17:31:05.5677451+08:00", "TxnID": "e19cd44b-d55c-456e-9fc2-209eb8a1f2e3", "Line": "SEWC-Lines\\Line5", "Machine": "Line5\\ST3_X3 S", "ProductionStartedData": [{"ConveyorLanePosition": "1", "ConveyorStopperPosition": "1", "Pcb": {"BarcodeReaderPosition": "0", "BoardSide": "1", "IndividualGUID": "3f1795a4-c7cf-401c-97b9-1426ce663e96", "LineJobGUID": "545cc380-820c-40fe-b772-c5a1099a59d8", "Path": "STAB\\A5E50302024bt02", "PcbIndividualID": "44679", "RecipePath": "Line5\\Smart_CPU_L5_702SAF\\A5E50302024bt02", "Barcode": "", "OrderNumber": null}, "ProcessingAreaPosition": "1", "SetupPath": "Line5\\Smart_CPU_L5_702SAF", "StationTime": "2021-11-30T17:28:41.2110000+08:00", "TimeStampSinceStationStarted": "1321032.311876"}], "BoardPositionsList": {"BoardPositions": [{"ActualPosition": {"Angle": "-40", "X": "-476756", "Y": "-232615", "Z": "-5000"}, "FiducialPositions": {"FiducialRecognitionResult": [{"ActualPosition": {"Angle": "-41", "X": "4102", "Y": "11924", "Z": null}, "CameraIndividualId": "4034", "FiducialFunction": "0", "GantryId": "4", "MeasurementResult": "0", "NominalPosition": {"Angle": "0", "X": "4810", "Y": "11697", "Z": null}, "Path": "A5E50302024bt02/1/01/1", "StationTime": "2021-11-30T17:28:43.0620000+08:00", "TimeStampSinceStationStarted": "1321034.163235"}, {"ActualPosition": {"Angle": "-48", "X": "192231", "Y": "186084", "Z": null}, "CameraIndividualId": "4034", "FiducialFunction": "0", "GantryId": "4", "MeasurementResult": "0", "NominalPosition": {"Angle": "0", "X": "192833", "Y": "186004", "Z": null}, "Path": "A5E50302024bt02/1/02/1", "StationTime": "2021-11-30T17:28:43.0620000+08:00", "TimeStampSinceStationStarted": "1321034.163235"}]}, "NominalPosition": {"Angle": "0", "X": "-476032", "Y": "-232838", "Z": "-5000"}}]}, "ProgressDataList": {"ProductionProgressData": {"BoardContext": {"BoardPanels": {"BoardPanel": [{"Id": "2", "PanelPath": "A5E50302024bt02/A1"}]}}, "ComponentIndividuals": {"ComponentIndividual": [{"HeadSegmentId": "66049", "Measures": {"MeasureList": [{"CameraIndividualId": "1033", "MeasurementResult": "0", "PhiDeviation": "1778385", "TimeStampSinceStationStarted": "1321034.841311", "VisionDumpPath": "C:\\Sirio\\Work\\SvDumpFiles\\PartCameraDumps\\JID_103386179_OID_446790000_SEG_1_BE-Bibliothek.A5E00701727_R1321029631.svdmp", "XDeviation": "-82536", "YDeviation": "-103356"}]}, "Pick": {"ActualPickPosition": {"Angle": "180000", "X": "15250", "Y": "-70500"}, "MeasuredComponentHeight": "0", "NominalPickPosition": {"Angle": "180000", "X": "15278", "Y": "-70661"}, "PickupLocationId": "240", "Result": "0", "TimeStampSinceStationStarted": "1321032.844099", "VacuumAbsolute": "-789", "VacuumRelative": "-789", "ZEndPosition": "47044500", "ZTargetPosition": "47034259"}, "Place": {"ActualPlacePosition": {"Angle": "-90000", "X": "174199", "Y": "142264"}, "AirkissPressure": "73", "BoardPanelId": "2", "HoldingCircuitPressure": "2147483647", "NominalPlacePosition": {"Angle": "-90000", "X": "174220", "Y": "142270"}, "ReferenceDesignator": "C2808_CAPA_2_22_KOND", "Result": "0", "TimeStampSinceStationStarted": "1321035.126208", "VacuumAbsolute": "-799", "VacuumRelative": "95", "ZEndPosition": "36794500", "ZTargetPosition": "36816210"}, "ElectricalMeasurement": null, "Dip": null}, {"HeadSegmentId": "67588", "Measures": {"MeasureList": [{"CameraIndividualId": "4033", "MeasurementResult": "0", "PhiDeviation": "-182584", "TimeStampSinceStationStarted": "1321035.712488", "VisionDumpPath": "C:\\Sirio\\Work\\SvDumpFiles\\PartCameraDumps\\JID_403371058_OID_446790001_SEG_1_BE-Bibliothek.A5E30248076_R1321031706.svdmp", "XDeviation": "-705962", "YDeviation": "-976632"}]}, "Pick": {"ActualPickPosition": {"Angle": "180000", "X": "17020", "Y": "-69475"}, "MeasuredComponentHeight": "0", "NominalPickPosition": {"Angle": "180000", "X": "17020", "Y": "-69475"}, "PickupLocationId": "267", "Result": "0", "TimeStampSinceStationStarted": "1321034.919218", "VacuumAbsolute": "-739", "VacuumRelative": "-739", "ZEndPosition": "47317500", "ZTargetPosition": "47310686"}, "Place": {"ActualPlacePosition": {"Angle": "-180000", "X": "170914", "Y": "31756"}, "AirkissPressure": "71", "BoardPanelId": "2", "HoldingCircuitPressure": "2147483647", "NominalPlacePosition": {"Angle": "180000", "X": "170920", "Y": "31750"}, "ReferenceDesignator": "X802_CONN_8_38_SONST", "Result": "0", "TimeStampSinceStationStarted": "1321036.245134", "VacuumAbsolute": "-739", "VacuumRelative": "73", "ZEndPosition": "33360500", "ZTargetPosition": "33393486"}, "ElectricalMeasurement": null, "Dip": null}, {"HeadSegmentId": "131585", "Measures": {"MeasureList": [{"CameraIndividualId": "1033", "MeasurementResult": "0", "PhiDeviation": "142983", "TimeStampSinceStationStarted": "1321036.970229", "VisionDumpPath": "C:\\Sirio\\Work\\SvDumpFiles\\PartCameraDumps\\JID_103386180_OID_446790002_SEG_2_BE-Bibliothek.A5E02285215_R1321032425.svdmp", "XDeviation": "-61172", "YDeviation": "565722"}]}, "Pick": {"ActualPickPosition": {"Angle": "180000", "X": "23950", "Y": "-70500"}, "MeasuredComponentHeight": "0", "NominalPickPosition": {"Angle": "180000", "X": "23950", "Y": "-70500"}, "PickupLocationId": "241", "Result": "0", "TimeStampSinceStationStarted": "1321035.637434", "VacuumAbsolute": "-855", "VacuumRelative": "-855", "ZEndPosition": "48550500", "ZTargetPosition": "48460841"}, "Place": {"ActualPlacePosition": {"Angle": "-90000", "X": "20871", "Y": "24259"}, "AirkissPressure": "72", "BoardPanelId": "2", "HoldingCircuitPressure": "2147483647", "NominalPlacePosition": {"Angle": "-90000", "X": "20870", "Y": "24250"}, "ReferenceDesignator": "X501_CONN_DSUB_9_STE", "Result": "0", "TimeStampSinceStationStarted": "1321037.626292", "VacuumAbsolute": "-856", "VacuumRelative": "102", "ZEndPosition": "36322500", "ZTargetPosition": "36310715"}, "ElectricalMeasurement": null, "Dip": null}, {"HeadSegmentId": "66049", "Measures": {"MeasureList": [{"CameraIndividualId": "1033", "MeasurementResult": "0", "PhiDeviation": "-1025495", "TimeStampSinceStationStarted": "1321037.265871", "VisionDumpPath": "C:\\Sirio\\Work\\SvDumpFiles\\PartCameraDumps\\JID_103386181_OID_446790003_SEG_1_BE-Bibliothek.A5E00189819_R1321032847.svdmp", "XDeviation": "-248147", "YDeviation": "-44727"}]}, "Pick": {"ActualPickPosition": {"Angle": "0", "X": "15250", "Y": "-70500"}, "MeasuredComponentHeight": "0", "NominalPickPosition": {"Angle": "0", "X": "15070", "Y": "-70415"}, "PickupLocationId": "242", "Result": "0", "TimeStampSinceStationStarted": "1321036.059782", "VacuumAbsolute": "-810", "VacuumRelative": "-810", "ZEndPosition": "47265500", "ZTargetPosition": "47364464"}, "Place": {"ActualPlacePosition": {"Angle": "-2", "X": "132185", "Y": "142326"}, "AirkissPressure": "72", "BoardPanelId": "2", "HoldingCircuitPressure": "2147483647", "NominalPlacePosition": {"Angle": "0", "X": "132200", "Y": "142330"}, "ReferenceDesignator": "T2800_EX120_TRAFO_SC", "Result": "0", "TimeStampSinceStationStarted": "1321037.976574", "VacuumAbsolute": "-812", "VacuumRelative": "98", "ZEndPosition": "41199000", "ZTargetPosition": "41282453"}, "ElectricalMeasurement": null, "Dip": null}, {"HeadSegmentId": "133124", "Measures": {"MeasureList": [{"CameraIndividualId": "4033", "MeasurementResult": "0", "PhiDeviation": "-1157743", "TimeStampSinceStationStarted": "1321037.993375", "VisionDumpPath": "C:\\Sirio\\Work\\SvDumpFiles\\PartCameraDumps\\JID_403371059_OID_446790004_SEG_2_BE-Bibliothek.A5E44859639_R1321033858.svdmp", "XDeviation": "222115", "YDeviation": "49768"}]}, "Pick": {"ActualPickPosition": {"Angle": "0", "X": "6000", "Y": "-49500"}, "MeasuredComponentHeight": "0", "NominalPickPosition": {"Angle": "0", "X": "5981", "Y": "-49486"}, "PickupLocationId": "280", "Result": "0", "TimeStampSinceStationStarted": "1321037.070735", "VacuumAbsolute": "-847", "VacuumRelative": "-847", "ZEndPosition": "46279000", "ZTargetPosition": "46273881"}, "Place": {"ActualPlacePosition": {"Angle": "-180000", "X": "25012", "Y": "160900"}, "AirkissPressure": "74", "BoardPanelId": "2", "HoldingCircuitPressure": "2147483647", "NominalPlacePosition": {"Angle": "180000", "X": "25006", "Y": "160905"}, "ReferenceDesignator": "U2005_SOP_8/SOIC_8_O", "Result": "0", "TimeStampSinceStationStarted": "1321038.550458", "VacuumAbsolute": "-847", "VacuumRelative": "97", "ZEndPosition": "43601000", "ZTargetPosition": "43597663"}, "ElectricalMeasurement": null, "Dip": null}, {"HeadSegmentId": "67588", "Measures": {"MeasureList": [{"CameraIndividualId": "4033", "MeasurementResult": "0", "PhiDeviation": "-149170", "TimeStampSinceStationStarted": "1321038.205402", "VisionDumpPath": "C:\\Sirio\\Work\\SvDumpFiles\\PartCameraDumps\\JID_403371060_OID_446790005_SEG_1_BE-Bibliothek.A5E45275537_R1321034191.svdmp", "XDeviation": "31822", "YDeviation": "17721"}]}, "Pick": {"ActualPickPosition": {"Angle": "0", "X": "17470", "Y": "-70910"}, "MeasuredComponentHeight": "0", "NominalPickPosition": {"Angle": "0", "X": "17952", "Y": "-70965"}, "PickupLocationId": "271", "Result": "0", "TimeStampSinceStationStarted": "1321037.403439", "VacuumAbsolute": "-796", "VacuumRelative": "-796", "ZEndPosition": "47141000", "ZTargetPosition": "47105345"}, "Place": {"ActualPlacePosition": {"Angle": "-180000", "X": "54404", "Y": "75352"}, "AirkissPressure": "75", "BoardPanelId": "2", "HoldingCircuitPressure": "2147483647", "NominalPlacePosition": {"Angle": "180000", "X": "54400", "Y": "75350"}, "ReferenceDesignator": "X601_CONN_16_STECK_R", "Result": "0", "TimeStampSinceStationStarted": "1321038.920326", "VacuumAbsolute": "-815", "VacuumRelative": "90", "ZEndPosition": "38978000", "ZTargetPosition": "38973524"}, "ElectricalMeasurement": null, "Dip": null}, {"HeadSegmentId": "66049", "Measures": {"MeasureList": [{"CameraIndividualId": "1033", "MeasurementResult": "0", "PhiDeviation": "-304248", "TimeStampSinceStationStarted": "1321040.365936", "VisionDumpPath": "C:\\Sirio\\Work\\SvDumpFiles\\PartCameraDumps\\JID_103386182_OID_446790006_SEG_1_BE-Bibliothek.A5E01114436_R1321036688.svdmp", "XDeviation": "38707", "YDeviation": "-37788"}]}, "Pick": {"ActualPickPosition": {"Angle": "180000", "X": "17950", "Y": "-70500"}, "MeasuredComponentHeight": "0", "NominalPickPosition": {"Angle": "180000", "X": "17881", "Y": "-70998"}, "PickupLocationId": "238", "Result": "0", "TimeStampSinceStationStarted": "1321039.901035", "VacuumAbsolute": "-771", "VacuumRelative": "-771", "ZEndPosition": "43498000", "ZTargetPosition": "43490629"}, "Place": {"ActualPlacePosition": {"Angle": "179998", "X": "168010", "Y": "169908"}, "AirkissPressure": "74", "BoardPanelId": "2", "HoldingCircuitPressure": "2147483647", "NominalPlacePosition": {"Angle": "180000", "X": "168030", "Y": "169915"}, "ReferenceDesignator": "X605_CONN_8_STECK_RC", "Result": "0", "TimeStampSinceStationStarted": "1321040.712329", "VacuumAbsolute": "-803", "VacuumRelative": "96", "ZEndPosition": "40170000", "ZTargetPosition": "40183187"}, "ElectricalMeasurement": null, "Dip": null}, {"HeadSegmentId": "67588", "Measures": {"MeasureList": [{"CameraIndividualId": "4033", "MeasurementResult": "0", "PhiDeviation": "-770018", "TimeStampSinceStationStarted": "1321040.74862", "VisionDumpPath": "C:\\Sirio\\Work\\SvDumpFiles\\PartCameraDumps\\JID_403371061_OID_446790007_SEG_1_BE-Bibliothek.A5E30621710_R1321036555.svdmp", "XDeviation": "95301", "YDeviation": "32060"}]}, "Pick": {"ActualPickPosition": {"Angle": "0", "X": "15250", "Y": "-70500"}, "MeasuredComponentHeight": "0", "NominalPickPosition": {"Angle": "0", "X": "15186", "Y": "-70829"}, "PickupLocationId": "269", "Result": "0", "TimeStampSinceStationStarted": "1321039.768785", "VacuumAbsolute": "-780", "VacuumRelative": "-780", "ZEndPosition": "47063000", "ZTargetPosition": "47044843"}, "Place": {"ActualPlacePosition": {"Angle": "0", "X": "87901", "Y": "50134"}, "AirkissPressure": "73", "BoardPanelId": "2", "HoldingCircuitPressure": "2147483647", "NominalPlacePosition": {"Angle": "0", "X": "87900", "Y": "50130"}, "ReferenceDesignator": "D1500_TSSOP_56_IC_IN", "Result": "0", "TimeStampSinceStationStarted": "1321041.371766", "VacuumAbsolute": "-831", "VacuumRelative": "94", "ZEndPosition": "46138000", "ZTargetPosition": "46133634"}, "ElectricalMeasurement": null, "Dip": null}, {"HeadSegmentId": "133124", "Measures": {"MeasureList": [{"CameraIndividualId": "4033", "MeasurementResult": "0", "PhiDeviation": "-739695", "TimeStampSinceStationStarted": "1321040.908608", "VisionDumpPath": "C:\\Sirio\\Work\\SvDumpFiles\\PartCameraDumps\\JID_403371062_OID_446790008_SEG_2_BE-Bibliothek.A5E44859639_R1321036835.svdmp", "XDeviation": "-145677", "YDeviation": "77856"}]}, "Pick": {"ActualPickPosition": {"Angle": "0", "X": "6000", "Y": "-49500"}, "MeasuredComponentHeight": "0", "NominalPickPosition": {"Angle": "0", "X": "5992", "Y": "-49484"}, "PickupLocationId": "280", "Result": "0", "TimeStampSinceStationStarted": "1321040.049042", "VacuumAbsolute": "-846", "VacuumRelative": "-846", "ZEndPosition": "46280500", "ZTargetPosition": "46275161"}, "Place": {"ActualPlacePosition": {"Angle": "-180000", "X": "37655", "Y": "27186"}, "AirkissPressure": "73", "BoardPanelId": "2", "HoldingCircuitPressure": "2147483647", "NominalPlacePosition": {"Angle": "180000", "X": "37650", "Y": "27180"}, "ReferenceDesignator": "U500_SOP_8/SOIC_8_OP", "Result": "0", "TimeStampSinceStationStarted": "1321041.612816", "VacuumAbsolute": "-848", "VacuumRelative": "97", "ZEndPosition": "43683000", "ZTargetPosition": "43681511"}, "ElectricalMeasurement": null, "Dip": null}, {"HeadSegmentId": "66049", "Measures": {"MeasureList": [{"CameraIndividualId": "1033", "MeasurementResult": "0", "PhiDeviation": "-4346", "TimeStampSinceStationStarted": "1321043.221196", "VisionDumpPath": "C:\\Sirio\\Work\\SvDumpFiles\\PartCameraDumps\\JID_103386183_OID_446790009_SEG_1_BE-Bibliothek.A5E02081137_R1321039222.svdmp", "XDeviation": "26949", "YDeviation": "66714"}]}, "Pick": {"ActualPickPosition": {"Angle": "0", "X": "29950", "Y": "-70500"}, "MeasuredComponentHeight": "0", "NominalPickPosition": {"Angle": "0", "X": "30078", "Y": "-71837"}, "PickupLocationId": "244", "Result": "0", "TimeStampSinceStationStarted": "1321042.435473", "VacuumAbsolute": "-834", "VacuumRelative": "-834", "ZEndPosition": "48650500", "ZTargetPosition": "48655110"}, "Place": {"ActualPlacePosition": {"Angle": "-2", "X": "164281", "Y": "153624"}, "AirkissPressure": "71", "BoardPanelId": "2", "HoldingCircuitPressure": "2147483647", "NominalPlacePosition": {"Angle": "0", "X": "164300", "Y": "153630"}, "ReferenceDesignator": "X203_CONN_32_STECK_R", "Result": "0", "TimeStampSinceStationStarted": "1321043.638847", "VacuumAbsolute": "-835", "VacuumRelative": "105", "ZEndPosition": "30009000", "ZTargetPosition": "30022959"}, "ElectricalMeasurement": null, "Dip": null}, {"HeadSegmentId": "67588", "Measures": {"MeasureList": [{"CameraIndividualId": "4033", "MeasurementResult": "0", "PhiDeviation": "-304147", "TimeStampSinceStationStarted": "1321044.887997", "VisionDumpPath": "C:\\Sirio\\Work\\SvDumpFiles\\PartCameraDumps\\JID_403371063_OID_446790011_SEG_1_BE-Bibliothek.A5E51102635_R1321040537.svdmp", "XDeviation": "-200256", "YDeviation": "-18609"}]}, "Pick": {"ActualPickPosition": {"Angle": "0", "X": "15250", "Y": "-70500"}, "MeasuredComponentHeight": "0", "NominalPickPosition": {"Angle": "0", "X": "15164", "Y": "-70501"}, "PickupLocationId": "265", "Result": "0", "TimeStampSinceStationStarted": "1321043.74991", "VacuumAbsolute": "-828", "VacuumRelative": "-828", "ZEndPosition": "47210000", "ZTargetPosition": "47217572"}, "Place": {"ActualPlacePosition": {"Angle": "-180000", "X": "72052", "Y": "49984"}, "AirkissPressure": "75", "BoardPanelId": "2", "HoldingCircuitPressure": "2147483647", "NominalPlacePosition": {"Angle": "180000", "X": "72050", "Y": "49980"}, "ReferenceDesignator": "D3_BGA_63_", "Result": "0", "TimeStampSinceStationStarted": "1321045.334756", "VacuumAbsolute": "-831", "VacuumRelative": "94", "ZEndPosition": "46225500", "ZTargetPosition": "46214191"}, "ElectricalMeasurement": null, "Dip": null}, {"HeadSegmentId": "133124", "Measures": {"MeasureList": [{"CameraIndividualId": "4033", "MeasurementResult": "0", "PhiDeviation": "-804226", "TimeStampSinceStationStarted": "1321044.676047", "VisionDumpPath": "C:\\Sirio\\Work\\SvDumpFiles\\PartCameraDumps\\JID_403371064_OID_446790010_SEG_2_BE-Bibliothek.A5E44859639_R1321040930.svdmp", "XDeviation": "-135104", "YDeviation": "26657"}]}, "Pick": {"ActualPickPosition": {"Angle": "0", "X": "6000", "Y": "-49500"}, "MeasuredComponentHeight": "0", "NominalPickPosition": {"Angle": "0", "X": "5985", "Y": "-49480"}, "PickupLocationId": "280", "Result": "0", "TimeStampSinceStationStarted": "1321044.143384", "VacuumAbsolute": "-847", "VacuumRelative": "-847", "ZEndPosition": "46284000", "ZTargetPosition": "46276496"}, "Place": {"ActualPlacePosition": {"Angle": "-180000", "X": "32212", "Y": "160900"}, "AirkissPressure": "74", "BoardPanelId": "2", "HoldingCircuitPressure": "2147483647", "NominalPlacePosition": {"Angle": "180000", "X": "32206", "Y": "160905"}, "ReferenceDesignator": "U2006_SOP_8/SOIC_8_O", "Result": "0", "TimeStampSinceStationStarted": "1321045.666323", "VacuumAbsolute": "-847", "VacuumRelative": "97", "ZEndPosition": "43605500", "ZTargetPosition": "43593413"}, "ElectricalMeasurement": null, "Dip": null}]}, "HeadContext": {"HeadSegments": {"HeadSegment": [{"GantryId": "1", "Head": "1", "HeadName": "Twin Head 5xx", "Id": "66049", "NozzleTypeId": "517", "SegmentNumber": "1"}, {"GantryId": "4", "Head": "1", "HeadName": "Twin Head 5xx", "Id": "67588", "NozzleTypeId": "516", "SegmentNumber": "1"}, {"GantryId": "1", "Head": "1", "HeadName": "Twin Head 5xx", "Id": "131585", "NozzleTypeId": "573", "SegmentNumber": "2"}, {"GantryId": "4", "Head": "1", "HeadName": "Twin Head 5xx", "Id": "133124", "NozzleTypeId": "597", "SegmentNumber": "2"}]}}, "SetupContext": {"PickupLocations": {"PickupLocation": [{"Division": "1", "FeederId": "32FAUE900466", "FeederType": "288", "Id": "238", "Level": "0", "Location": "1", "StartTrackNumber": "7", "SubLocation": "1", "Tower": "0", "PackagingUid": "M05328016"}, {"Division": "1", "FeederId": "24KL-L205402", "FeederType": "280", "Id": "240", "Level": "0", "Location": "1", "StartTrackNumber": "14", "SubLocation": "1", "Tower": "0", "PackagingUid": "M05187748"}, {"Division": "1", "FeederId": "44KL-K305106", "FeederType": "300", "Id": "241", "Level": "0", "Location": "1", "StartTrackNumber": "17", "SubLocation": "1", "Tower": "0", "PackagingUid": "M04859330"}, {"Division": "1", "FeederId": "24KL-K305319", "FeederType": "280", "Id": "242", "Level": "0", "Location": "1", "StartTrackNumber": "22", "SubLocation": "1", "Tower": "0", "PackagingUid": "M04790535"}, {"Division": "1", "FeederId": "56FAUE300111", "FeederType": "312", "Id": "244", "Level": "0", "Location": "1", "StartTrackNumber": "27", "SubLocation": "1", "Tower": "0", "PackagingUid": "M05301307"}, {"Division": "1", "FeederId": "24FAUE900672", "FeederType": "280", "Id": "265", "Level": "0", "Location": "4", "StartTrackNumber": "1", "SubLocation": "1", "Tower": "0", "PackagingUid": "A00061487"}, {"Division": "1", "FeederId": "32FAUE000671", "FeederType": "288", "Id": "267", "Level": "0", "Location": "4", "StartTrackNumber": "16", "SubLocation": "1", "Tower": "0", "PackagingUid": "M05305955"}, {"Division": "1", "FeederId": "24KL-N300550", "FeederType": "280", "Id": "269", "Level": "0", "Location": "4", "StartTrackNumber": "22", "SubLocation": "1", "Tower": "0", "PackagingUid": "M05263329"}, {"Division": "1", "FeederId": "32FAUE900659", "FeederType": "288", "Id": "271", "Level": "0", "Location": "4", "StartTrackNumber": "28", "SubLocation": "1", "Tower": "0", "PackagingUid": "M05325464"}, {"Division": "1", "FeederId": "12KL-F105078", "FeederType": "268", "Id": "280", "Level": "0", "Location": "4", "StartTrackNumber": "14", "SubLocation": "1", "Tower": "0", "PackagingUid": "M05245896"}]}}}}, "ProductionEndedData": {"StationTime": "2021-11-30T17:28:55.0070000+08:00", "TimeStampSinceStationStarted": "1321046.108334"}}