{"name": "PDI_Line5_3910470460_20211130202103.txt", "Timestamp": "2021-11-30T20:20:48.0942287+08:00", "TxnID": "e0ca72ba-7f0a-4111-a5dd-200a646175c6", "Line": "SEWC-Lines\\Line5", "Machine": "Line5\\ST3_X3 S", "ProductionStartedData": [{"ConveyorLanePosition": "2", "ConveyorStopperPosition": "1", "Pcb": {"BarcodeReaderPosition": "0", "BoardSide": "1", "IndividualGUID": "50e4cff4-a135-4333-a5e1-8c6c836bf507", "LineJobGUID": "c1bb031e-7f4f-4af8-831a-d19dc6733c68", "Path": "STAB\\A5E50302024lt02", "PcbIndividualID": "44048", "RecipePath": "Line5\\Smart_CPU_L5_702SAF\\A5E50302024lt02", "Barcode": "", "OrderNumber": null}, "ProcessingAreaPosition": "1", "SetupPath": "Line5\\Smart_CPU_L5_702SAF", "StationTime": "2021-11-30T20:18:23.6380000+08:00", "TimeStampSinceStationStarted": "1331214.688919"}], "BoardPositionsList": {"BoardPositions": [{"ActualPosition": {"Angle": "156", "X": "-476079", "Y": "16493", "Z": "-5000"}, "FiducialPositions": {"FiducialRecognitionResult": [{"ActualPosition": {"Angle": "165", "X": "193969", "Y": "12310", "Z": null}, "CameraIndividualId": "4034", "FiducialFunction": "0", "GantryId": "4", "MeasurementResult": "0", "NominalPosition": {"Angle": "0", "X": "194170", "Y": "11990", "Z": null}, "Path": "A5E50302024lt02/1/01/1", "StationTime": "2021-11-30T20:18:26.2580000+08:00", "TimeStampSinceStationStarted": "1331217.3085"}, {"ActualPosition": {"Angle": "184", "X": "4359", "Y": "184044", "Z": null}, "CameraIndividualId": "4034", "FiducialFunction": "0", "GantryId": "4", "MeasurementResult": "0", "NominalPosition": {"Angle": "0", "X": "5040", "Y": "184226", "Z": null}, "Path": "A5E50302024lt02/1/02/1", "StationTime": "2021-11-30T20:18:26.2580000+08:00", "TimeStampSinceStationStarted": "1331217.3085"}]}, "NominalPosition": {"Angle": "0", "X": "-475904", "Y": "16695", "Z": "-5000"}}]}, "ProgressDataList": {"ProductionProgressData": {"BoardContext": {"BoardPanels": {"BoardPanel": [{"Id": "2", "PanelPath": "A5E50302024lt02/A1"}]}}, "ComponentIndividuals": {"ComponentIndividual": [{"HeadSegmentId": "67588", "Measures": {"MeasureList": [{"CameraIndividualId": "4033", "MeasurementResult": "0", "PhiDeviation": "258769", "TimeStampSinceStationStarted": "1331217.863001", "VisionDumpPath": "C:\\Sirio\\Work\\SvDumpFiles\\PartCameraDumps\\JID_403373368_OID_440480000_SEG_1_BE-Bibliothek.A5E00277754_R1331211720.svdmp", "XDeviation": "-65115", "YDeviation": "-26629"}]}, "Pick": {"ActualPickPosition": {"Angle": "0", "X": "18028", "Y": "-70606"}, "MeasuredComponentHeight": "0", "NominalPickPosition": {"Angle": "0", "X": "17785", "Y": "-70441"}, "PickupLocationId": "272", "Result": "0", "TimeStampSinceStationStarted": "1331214.882759", "VacuumAbsolute": "-810", "VacuumRelative": "-810", "ZEndPosition": "47282000", "ZTargetPosition": "47292451"}, "Place": {"ActualPlacePosition": {"Angle": "180000", "X": "172155", "Y": "50422"}, "AirkissPressure": "78", "BoardPanelId": "2", "HoldingCircuitPressure": "2147483647", "NominalPlacePosition": {"Angle": "180000", "X": "172150", "Y": "50425"}, "ReferenceDesignator": "X101_EXSOP_14_STECK_", "Result": "0", "TimeStampSinceStationStarted": "1331218.15784", "VacuumAbsolute": "-826", "VacuumRelative": "92", "ZEndPosition": "38978000", "ZTargetPosition": "38998013"}, "ElectricalMeasurement": null, "Dip": null}, {"HeadSegmentId": "67588", "Measures": {"MeasureList": [{"CameraIndividualId": "4033", "MeasurementResult": "0", "PhiDeviation": "-404279", "TimeStampSinceStationStarted": "1331219.433402", "VisionDumpPath": "C:\\Sirio\\Work\\SvDumpFiles\\PartCameraDumps\\JID_403373369_OID_440480001_SEG_1_BE-Bibliothek.A5E50179091_R1331215826.svdmp", "XDeviation": "-6679", "YDeviation": "-13476"}]}, "Pick": {"ActualPickPosition": {"Angle": "0", "X": "15126", "Y": "-71150"}, "MeasuredComponentHeight": "0", "NominalPickPosition": {"Angle": "0", "X": "15187", "Y": "-71290"}, "PickupLocationId": "266", "Result": "0", "TimeStampSinceStationStarted": "1331218.987994", "VacuumAbsolute": "-782", "VacuumRelative": "-782", "ZEndPosition": "47698500", "ZTargetPosition": "47673254"}, "Place": {"ActualPlacePosition": {"Angle": "0", "X": "146303", "Y": "29325"}, "AirkissPressure": "71", "BoardPanelId": "2", "HoldingCircuitPressure": "2147483647", "NominalPlacePosition": {"Angle": "0", "X": "146300", "Y": "29330"}, "ReferenceDesignator": "D2_BGA_90_IC_DRAM_51", "Result": "0", "TimeStampSinceStationStarted": "1331219.736319", "VacuumAbsolute": "-832", "VacuumRelative": "94", "ZEndPosition": "46633500", "ZTargetPosition": "46639244"}, "ElectricalMeasurement": null, "Dip": null}]}, "HeadContext": {"HeadSegments": {"HeadSegment": [{"GantryId": "4", "Head": "1", "HeadName": "Twin Head 5xx", "Id": "67588", "NozzleTypeId": "516", "SegmentNumber": "1"}]}}, "SetupContext": {"PickupLocations": {"PickupLocation": [{"Division": "1", "FeederId": "24FAUE600590", "FeederType": "280", "Id": "266", "Level": "0", "Location": "4", "StartTrackNumber": "4", "SubLocation": "1", "Tower": "0", "PackagingUid": "A00055530"}, {"Division": "1", "FeederId": "32KL-K405124", "FeederType": "288", "Id": "272", "Level": "0", "Location": "4", "StartTrackNumber": "32", "SubLocation": "1", "Tower": "0", "PackagingUid": "M05323063"}]}}}}, "ProductionEndedData": {"StationTime": "2021-11-30T20:18:29.0560000+08:00", "TimeStampSinceStationStarted": "1331220.106709"}}