{"name": "PDI_Line5_4130496778_20211130204724.txt", "Timestamp": "2021-11-30T20:47:11.8389345+08:00", "TxnID": "e90ac669-e9e0-407a-8158-dc61d19a93f0", "Line": "SEWC-Lines\\Line5", "Machine": "Line5\\ST3_X3 S", "ProductionStartedData": [{"ConveyorLanePosition": "2", "ConveyorStopperPosition": "1", "Pcb": {"BarcodeReaderPosition": "0", "BoardSide": "1", "IndividualGUID": "c2326154-b8b6-42e3-85f7-0c402c78ebd2", "LineJobGUID": "c1bb031e-7f4f-4af8-831a-d19dc6733c68", "Path": "STAB\\A5E50302024lt02", "PcbIndividualID": "44086", "RecipePath": "Line5\\Smart_CPU_L5_702SAF\\A5E50302024lt02", "Barcode": "", "OrderNumber": null}, "ProcessingAreaPosition": "1", "SetupPath": "Line5\\Smart_CPU_L5_702SAF", "StationTime": "2021-11-30T20:44:47.5020000+08:00", "TimeStampSinceStationStarted": "1332798.544849"}], "BoardPositionsList": {"BoardPositions": [{"ActualPosition": {"Angle": "-18", "X": "-476108", "Y": "17010", "Z": "-5000"}, "FiducialPositions": {"FiducialRecognitionResult": [{"ActualPosition": {"Angle": "-31", "X": "193977", "Y": "12238", "Z": null}, "CameraIndividualId": "4034", "FiducialFunction": "0", "GantryId": "4", "MeasurementResult": "0", "NominalPosition": {"Angle": "0", "X": "194170", "Y": "11990", "Z": null}, "Path": "A5E50302024lt02/1/01/1", "StationTime": "2021-11-30T20:44:50.1150000+08:00", "TimeStampSinceStationStarted": "1332801.157392"}, {"ActualPosition": {"Angle": "-13", "X": "4888", "Y": "184546", "Z": null}, "CameraIndividualId": "4034", "FiducialFunction": "0", "GantryId": "4", "MeasurementResult": "0", "NominalPosition": {"Angle": "0", "X": "5040", "Y": "184226", "Z": null}, "Path": "A5E50302024lt02/1/02/1", "StationTime": "2021-11-30T20:44:50.1150000+08:00", "TimeStampSinceStationStarted": "1332801.157392"}]}, "NominalPosition": {"Angle": "0", "X": "-475904", "Y": "16695", "Z": "-5000"}}]}, "ProgressDataList": {"ProductionProgressData": {"BoardContext": {"BoardPanels": {"BoardPanel": [{"Id": "2", "PanelPath": "A5E50302024lt02/A1"}]}}, "ComponentIndividuals": {"ComponentIndividual": [{"HeadSegmentId": "67588", "Measures": {"MeasureList": [{"CameraIndividualId": "4033", "MeasurementResult": "0", "PhiDeviation": "506845", "TimeStampSinceStationStarted": "1332801.790515", "VisionDumpPath": "C:\\Sirio\\Work\\SvDumpFiles\\PartCameraDumps\\JID_403373444_OID_440860000_SEG_1_BE-Bibliothek.A5E00277754_R1332795582.svdmp", "XDeviation": "-54332", "YDeviation": "-5027"}]}, "Pick": {"ActualPickPosition": {"Angle": "0", "X": "18028", "Y": "-70606"}, "MeasuredComponentHeight": "0", "NominalPickPosition": {"Angle": "0", "X": "17718", "Y": "-70473"}, "PickupLocationId": "272", "Result": "0", "TimeStampSinceStationStarted": "1332798.73615", "VacuumAbsolute": "-825", "VacuumRelative": "-825", "ZEndPosition": "47323500", "ZTargetPosition": "47290590"}, "Place": {"ActualPlacePosition": {"Angle": "180000", "X": "172155", "Y": "50422"}, "AirkissPressure": "76", "BoardPanelId": "2", "HoldingCircuitPressure": "2147483647", "NominalPlacePosition": {"Angle": "180000", "X": "172150", "Y": "50425"}, "ReferenceDesignator": "X101_EXSOP_14_STECK_", "Result": "0", "TimeStampSinceStationStarted": "1332802.085226", "VacuumAbsolute": "-845", "VacuumRelative": "97", "ZEndPosition": "39007500", "ZTargetPosition": "39024954"}, "ElectricalMeasurement": null, "Dip": null}, {"HeadSegmentId": "67588", "Measures": {"MeasureList": [{"CameraIndividualId": "4033", "MeasurementResult": "0", "PhiDeviation": "-446626", "TimeStampSinceStationStarted": "1332803.362251", "VisionDumpPath": "C:\\Sirio\\Work\\SvDumpFiles\\PartCameraDumps\\JID_403373445_OID_440860001_SEG_1_BE-Bibliothek.A5E50179091_R1332799758.svdmp", "XDeviation": "2121", "YDeviation": "-42819"}]}, "Pick": {"ActualPickPosition": {"Angle": "0", "X": "15126", "Y": "-71150"}, "MeasuredComponentHeight": "0", "NominalPickPosition": {"Angle": "0", "X": "15187", "Y": "-71301"}, "PickupLocationId": "266", "Result": "0", "TimeStampSinceStationStarted": "1332802.912157", "VacuumAbsolute": "-786", "VacuumRelative": "-786", "ZEndPosition": "47692500", "ZTargetPosition": "47679581"}, "Place": {"ActualPlacePosition": {"Angle": "0", "X": "146303", "Y": "29325"}, "AirkissPressure": "73", "BoardPanelId": "2", "HoldingCircuitPressure": "2147483647", "NominalPlacePosition": {"Angle": "0", "X": "146300", "Y": "29330"}, "ReferenceDesignator": "D2_BGA_90_IC_DRAM_51", "Result": "0", "TimeStampSinceStationStarted": "1332803.664705", "VacuumAbsolute": "-836", "VacuumRelative": "95", "ZEndPosition": "46638000", "ZTargetPosition": "46626520"}, "ElectricalMeasurement": null, "Dip": null}]}, "HeadContext": {"HeadSegments": {"HeadSegment": [{"GantryId": "4", "Head": "1", "HeadName": "Twin Head 5xx", "Id": "67588", "NozzleTypeId": "516", "SegmentNumber": "1"}]}}, "SetupContext": {"PickupLocations": {"PickupLocation": [{"Division": "1", "FeederId": "24FAUE600590", "FeederType": "280", "Id": "266", "Level": "0", "Location": "4", "StartTrackNumber": "4", "SubLocation": "1", "Tower": "0", "PackagingUid": "A00055530"}, {"Division": "1", "FeederId": "32KL-K405124", "FeederType": "288", "Id": "272", "Level": "0", "Location": "4", "StartTrackNumber": "32", "SubLocation": "1", "Tower": "0", "PackagingUid": "M05323063"}]}}}}, "ProductionEndedData": {"StationTime": "2021-11-30T20:44:52.9860000+08:00", "TimeStampSinceStationStarted": "1332804.028024"}}