{"name": "PDI_Line5_4224253967_20211130120533.txt", "Timestamp": "2021-11-30T12:05:25.7829304+08:00", "TxnID": "d4d8dc24-5d3e-401f-abfc-e8303a282569", "Line": "SEWC-Lines\\Line5", "Machine": "Line5\\ST3_X3 S", "ProductionStartedData": [{"ConveyorLanePosition": "2", "ConveyorStopperPosition": "1", "Pcb": {"BarcodeReaderPosition": "0", "BoardSide": "1", "IndividualGUID": "5a8aa791-3bc9-4763-aff0-3f981d600f71", "LineJobGUID": "3f68c8d2-071f-4795-8aa5-1d45806eb923", "Path": "STAB\\A5E50302024lt02", "PcbIndividualID": "43002", "RecipePath": "Line5\\Smart_CPU_L5_702SAF\\A5E50302024lt02", "Barcode": "", "OrderNumber": null}, "ProcessingAreaPosition": "1", "SetupPath": "Line5\\Smart_CPU_L5_702SAF", "StationTime": "2021-11-30T12:03:01.7890000+08:00", "TimeStampSinceStationStarted": "1301492.986437"}], "BoardPositionsList": {"BoardPositions": [{"ActualPosition": {"Angle": "130", "X": "-475979", "Y": "16493", "Z": "-5000"}, "FiducialPositions": {"FiducialRecognitionResult": [{"ActualPosition": {"Angle": "92", "X": "194075", "Y": "12223", "Z": null}, "CameraIndividualId": "4034", "FiducialFunction": "0", "GantryId": "4", "MeasurementResult": "0", "NominalPosition": {"Angle": "0", "X": "194170", "Y": "11990", "Z": null}, "Path": "A5E50302024lt02/1/01/1", "StationTime": "2021-11-30T12:03:04.3910000+08:00", "TimeStampSinceStationStarted": "1301495.587908"}, {"ActualPosition": {"Angle": "105", "X": "4539", "Y": "184042", "Z": null}, "CameraIndividualId": "4034", "FiducialFunction": "0", "GantryId": "4", "MeasurementResult": "0", "NominalPosition": {"Angle": "0", "X": "5040", "Y": "184226", "Z": null}, "Path": "A5E50302024lt02/1/02/1", "StationTime": "2021-11-30T12:03:04.3910000+08:00", "TimeStampSinceStationStarted": "1301495.587908"}]}, "NominalPosition": {"Angle": "0", "X": "-475904", "Y": "16695", "Z": "-5000"}}]}, "ProgressDataList": {"ProductionProgressData": {"BoardContext": {"BoardPanels": {"BoardPanel": [{"Id": "2", "PanelPath": "A5E50302024lt02/A1"}]}}, "ComponentIndividuals": {"ComponentIndividual": [{"HeadSegmentId": "67588", "Measures": {"MeasureList": [{"CameraIndividualId": "4033", "MeasurementResult": "0", "PhiDeviation": "263427", "TimeStampSinceStationStarted": "1301496.142746", "VisionDumpPath": "C:\\Sirio\\Work\\SvDumpFiles\\PartCameraDumps\\JID_403368404_OID_430020000_SEG_1_BE-Bibliothek.A5E00277754_R1301490708.svdmp", "XDeviation": "-76018", "YDeviation": "1238"}]}, "Pick": {"ActualPickPosition": {"Angle": "0", "X": "18028", "Y": "-70606"}, "MeasuredComponentHeight": "0", "NominalPickPosition": {"Angle": "0", "X": "17722", "Y": "-70451"}, "PickupLocationId": "272", "Result": "0", "TimeStampSinceStationStarted": "1301494.017981", "VacuumAbsolute": "-821", "VacuumRelative": "-821", "ZEndPosition": "47287000", "ZTargetPosition": "47278796"}, "Place": {"ActualPlacePosition": {"Angle": "180000", "X": "172156", "Y": "50421"}, "AirkissPressure": "71", "BoardPanelId": "2", "HoldingCircuitPressure": "2147483647", "NominalPlacePosition": {"Angle": "180000", "X": "172150", "Y": "50425"}, "ReferenceDesignator": "X101_EXSOP_14_STECK_", "Result": "0", "TimeStampSinceStationStarted": "1301496.437446", "VacuumAbsolute": "-844", "VacuumRelative": "97", "ZEndPosition": "38966500", "ZTargetPosition": "38981255"}, "ElectricalMeasurement": null, "Dip": null}, {"HeadSegmentId": "67588", "Measures": {"MeasureList": [{"CameraIndividualId": "4033", "MeasurementResult": "0", "PhiDeviation": "-319449", "TimeStampSinceStationStarted": "1301497.681277", "VisionDumpPath": "C:\\Sirio\\Work\\SvDumpFiles\\PartCameraDumps\\JID_403368405_OID_430020001_SEG_1_BE-Bibliothek.A5E50179091_R1301493926.svdmp", "XDeviation": "-17727", "YDeviation": "27231"}]}, "Pick": {"ActualPickPosition": {"Angle": "0", "X": "15126", "Y": "-71150"}, "MeasuredComponentHeight": "0", "NominalPickPosition": {"Angle": "0", "X": "15228", "Y": "-71345"}, "PickupLocationId": "266", "Result": "0", "TimeStampSinceStationStarted": "1301497.235596", "VacuumAbsolute": "-787", "VacuumRelative": "-787", "ZEndPosition": "47645500", "ZTargetPosition": "47609507"}, "Place": {"ActualPlacePosition": {"Angle": "0", "X": "146304", "Y": "29325"}, "AirkissPressure": "71", "BoardPanelId": "2", "HoldingCircuitPressure": "2147483647", "NominalPlacePosition": {"Angle": "0", "X": "146300", "Y": "29330"}, "ReferenceDesignator": "D2_BGA_90_IC_DRAM_51", "Result": "0", "TimeStampSinceStationStarted": "1301497.984246", "VacuumAbsolute": "-838", "VacuumRelative": "95", "ZEndPosition": "46642500", "ZTargetPosition": "46662190"}, "ElectricalMeasurement": null, "Dip": null}]}, "HeadContext": {"HeadSegments": {"HeadSegment": [{"GantryId": "4", "Head": "1", "HeadName": "Twin Head 5xx", "Id": "67588", "NozzleTypeId": "516", "SegmentNumber": "1"}]}}, "SetupContext": {"PickupLocations": {"PickupLocation": [{"Division": "1", "FeederId": "24FAUE600590", "FeederType": "280", "Id": "266", "Level": "0", "Location": "4", "StartTrackNumber": "4", "SubLocation": "1", "Tower": "0", "PackagingUid": "M05320388"}, {"Division": "1", "FeederId": "32KL-K405124", "FeederType": "288", "Id": "272", "Level": "0", "Location": "4", "StartTrackNumber": "32", "SubLocation": "1", "Tower": "0", "PackagingUid": "M05323051"}]}}}}, "ProductionEndedData": {"StationTime": "2021-11-30T12:03:07.1570000+08:00", "TimeStampSinceStationStarted": "1301498.353438"}}