{"name": "PDI_Line5_4190594316_20211130024501.txt", "Timestamp": "2021-11-30T02:44:47.5481690+08:00", "TxnID": "4c9393e2-e926-41a4-8581-a0183aa97df7", "Line": "SEWC-Lines\\Line5", "Machine": "Line5\\ST3_X3 S", "ProductionStartedData": [{"ConveyorLanePosition": "1", "ConveyorStopperPosition": "1", "Pcb": {"BarcodeReaderPosition": "0", "BoardSide": "1", "IndividualGUID": "1c3959e7-73d1-449c-a0fc-67d3b08bb50f", "LineJobGUID": "3a5e1e40-f5b9-457f-8e3c-d7ab63795644", "Path": "STAB\\A5E50302021lt01", "PcbIndividualID": "43045", "RecipePath": "Line5\\Smart_CPU_L5_702SAF\\A5E50302021lt01", "Barcode": "", "OrderNumber": null}, "ProcessingAreaPosition": "1", "SetupPath": "Line5\\Smart_CPU_L5_702SAF", "StationTime": "2021-11-30T02:42:24.4210000+08:00", "TimeStampSinceStationStarted": "1267855.786853"}], "BoardPositionsList": {"BoardPositions": [{"ActualPosition": {"Angle": "-28", "X": "-528691", "Y": "-232687", "Z": "-5000"}, "FiducialPositions": {"FiducialRecognitionResult": [{"ActualPosition": {"Angle": "-21", "X": "242799", "Y": "10538", "Z": null}, "CameraIndividualId": "4034", "FiducialFunction": "0", "GantryId": "4", "MeasurementResult": "0", "NominalPosition": {"Angle": "0", "X": "243420", "Y": "10530", "Z": null}, "Path": "A5E50302021lt01/1/01/1", "StationTime": "2021-11-30T02:42:27.5040000+08:00", "TimeStampSinceStationStarted": "1267858.870186"}, {"ActualPosition": {"Angle": "-10", "X": "7370", "Y": "192203", "Z": null}, "CameraIndividualId": "4034", "FiducialFunction": "0", "GantryId": "4", "MeasurementResult": "0", "NominalPosition": {"Angle": "0", "X": "7970", "Y": "192030", "Z": null}, "Path": "A5E50302021lt01/1/02/1", "StationTime": "2021-11-30T02:42:27.5040000+08:00", "TimeStampSinceStationStarted": "1267858.870186"}]}, "NominalPosition": {"Angle": "0", "X": "-528032", "Y": "-232838", "Z": "-5000"}}]}, "ProgressDataList": {"ProductionProgressData": {"BoardContext": {"BoardPanels": {"BoardPanel": [{"Id": "2", "PanelPath": "A5E50302021lt01/A1"}, {"Id": "3", "PanelPath": "A5E50302021lt01/B1"}]}}, "ComponentIndividuals": {"ComponentIndividual": [{"HeadSegmentId": "67588", "Measures": {"MeasureList": [{"CameraIndividualId": "4033", "MeasurementResult": "0", "PhiDeviation": "-201790", "TimeStampSinceStationStarted": "1267859.536005", "VisionDumpPath": "C:\\Sirio\\Work\\SvDumpFiles\\PartCameraDumps\\JID_403358299_OID_430450000_SEG_1_BE-Bibliothek.A5E50179091_R1267852959.svdmp", "XDeviation": "18101", "YDeviation": "35352"}]}, "Pick": {"ActualPickPosition": {"Angle": "0", "X": "15126", "Y": "-71150"}, "MeasuredComponentHeight": "0", "NominalPickPosition": {"Angle": "0", "X": "15218", "Y": "-71323"}, "PickupLocationId": "266", "Result": "0", "TimeStampSinceStationStarted": "1267856.435971", "VacuumAbsolute": "-786", "VacuumRelative": "-786", "ZEndPosition": "47577500", "ZTargetPosition": "47621518"}, "Place": {"ActualPlacePosition": {"Angle": "0", "X": "200752", "Y": "27959"}, "AirkissPressure": "74", "BoardPanelId": "3", "HoldingCircuitPressure": "2147483647", "NominalPlacePosition": {"Angle": "0", "X": "200731", "Y": "27980"}, "ReferenceDesignator": "D2_BGA_90_IC_DRAM_51", "Result": "0", "TimeStampSinceStationStarted": "1267859.938747", "VacuumAbsolute": "-838", "VacuumRelative": "96", "ZEndPosition": "46603000", "ZTargetPosition": "46574913"}, "ElectricalMeasurement": null, "Dip": null}, {"HeadSegmentId": "67588", "Measures": {"MeasureList": [{"CameraIndividualId": "4033", "MeasurementResult": "0", "PhiDeviation": "476382", "TimeStampSinceStationStarted": "1267861.2695", "VisionDumpPath": "C:\\Sirio\\Work\\SvDumpFiles\\PartCameraDumps\\JID_403358300_OID_430450001_SEG_1_BE-Bibliothek.A5E00277754_R1267857096.svdmp", "XDeviation": "18154", "YDeviation": "62576"}]}, "Pick": {"ActualPickPosition": {"Angle": "0", "X": "18028", "Y": "-70606"}, "MeasuredComponentHeight": "0", "NominalPickPosition": {"Angle": "0", "X": "17711", "Y": "-70508"}, "PickupLocationId": "272", "Result": "0", "TimeStampSinceStationStarted": "1267860.573871", "VacuumAbsolute": "-827", "VacuumRelative": "-827", "ZEndPosition": "47299500", "ZTargetPosition": "47272327"}, "Place": {"ActualPlacePosition": {"Angle": "180000", "X": "226610", "Y": "49065"}, "AirkissPressure": "71", "BoardPanelId": "3", "HoldingCircuitPressure": "2147483647", "NominalPlacePosition": {"Angle": "180000", "X": "226581", "Y": "49080"}, "ReferenceDesignator": "X101_EXSOP_14_STECK_", "Result": "0", "TimeStampSinceStationStarted": "1267861.754238", "VacuumAbsolute": "-849", "VacuumRelative": "98", "ZEndPosition": "39002000", "ZTargetPosition": "38998173"}, "ElectricalMeasurement": null, "Dip": null}, {"HeadSegmentId": "133124", "Measures": {"MeasureList": [{"CameraIndividualId": "4033", "MeasurementResult": "0", "PhiDeviation": "262744", "TimeStampSinceStationStarted": "1267861.411403", "VisionDumpPath": "C:\\Sirio\\Work\\SvDumpFiles\\PartCameraDumps\\JID_403358301_OID_430450002_SEG_2_BE-Bibliothek.A5E00277754_R1267857313.svdmp", "XDeviation": "-57459", "YDeviation": "45581"}]}, "Pick": {"ActualPickPosition": {"Angle": "0", "X": "18028", "Y": "-70606"}, "MeasuredComponentHeight": "0", "NominalPickPosition": {"Angle": "0", "X": "17711", "Y": "-70508"}, "PickupLocationId": "272", "Result": "0", "TimeStampSinceStationStarted": "1267860.790888", "VacuumAbsolute": "-837", "VacuumRelative": "-837", "ZEndPosition": "47303500", "ZTargetPosition": "47292827"}, "Place": {"ActualPlacePosition": {"Angle": "180000", "X": "106075", "Y": "49065"}, "AirkissPressure": "71", "BoardPanelId": "2", "HoldingCircuitPressure": "2147483647", "NominalPlacePosition": {"Angle": "180000", "X": "106081", "Y": "49080"}, "ReferenceDesignator": "X101_EXSOP_14_STECK_", "Result": "0", "TimeStampSinceStationStarted": "1267861.92188", "VacuumAbsolute": "-849", "VacuumRelative": "98", "ZEndPosition": "38735000", "ZTargetPosition": "38770019"}, "ElectricalMeasurement": null, "Dip": null}, {"HeadSegmentId": "67588", "Measures": {"MeasureList": [{"CameraIndividualId": "4033", "MeasurementResult": "0", "PhiDeviation": "-396978", "TimeStampSinceStationStarted": "1267863.010847", "VisionDumpPath": "C:\\Sirio\\Work\\SvDumpFiles\\PartCameraDumps\\JID_403358302_OID_430450003_SEG_1_BE-Bibliothek.A5E50179091_R1267859088.svdmp", "XDeviation": "17084", "YDeviation": "-46910"}]}, "Pick": {"ActualPickPosition": {"Angle": "0", "X": "15126", "Y": "-71150"}, "MeasuredComponentHeight": "0", "NominalPickPosition": {"Angle": "0", "X": "15219", "Y": "-71321"}, "PickupLocationId": "266", "Result": "0", "TimeStampSinceStationStarted": "1267862.565025", "VacuumAbsolute": "-786", "VacuumRelative": "-786", "ZEndPosition": "47648000", "ZTargetPosition": "47610513"}, "Place": {"ActualPlacePosition": {"Angle": "0", "X": "80218", "Y": "27959"}, "AirkissPressure": "73", "BoardPanelId": "2", "HoldingCircuitPressure": "2147483647", "NominalPlacePosition": {"Angle": "0", "X": "80231", "Y": "27980"}, "ReferenceDesignator": "D2_BGA_90_IC_DRAM_51", "Result": "0", "TimeStampSinceStationStarted": "1267863.413866", "VacuumAbsolute": "-838", "VacuumRelative": "96", "ZEndPosition": "46585000", "ZTargetPosition": "46535941"}, "ElectricalMeasurement": null, "Dip": null}]}, "HeadContext": {"HeadSegments": {"HeadSegment": [{"GantryId": "4", "Head": "1", "HeadName": "Twin Head 5xx", "Id": "67588", "NozzleTypeId": "516", "SegmentNumber": "1"}, {"GantryId": "4", "Head": "1", "HeadName": "Twin Head 5xx", "Id": "133124", "NozzleTypeId": "516", "SegmentNumber": "2"}]}}, "SetupContext": {"PickupLocations": {"PickupLocation": [{"Division": "1", "FeederId": "24FAUE600590", "FeederType": "280", "Id": "266", "Level": "0", "Location": "4", "StartTrackNumber": "4", "SubLocation": "1", "Tower": "0", "PackagingUid": "M05320388"}, {"Division": "1", "FeederId": "32KL-K405124", "FeederType": "288", "Id": "272", "Level": "0", "Location": "4", "StartTrackNumber": "32", "SubLocation": "1", "Tower": "0", "PackagingUid": "M05323047"}]}}}}, "ProductionEndedData": {"StationTime": "2021-11-30T02:42:32.4320000+08:00", "TimeStampSinceStationStarted": "1267863.797017"}}