{"name": "PDI_Line5_4063629334_20211130220110.txt", "Timestamp": "2021-11-30T22:00:59.3760103+08:00", "TxnID": "46f3ad9a-47db-4ed3-80f9-af698682de8a", "Line": "SEWC-Lines\\Line5", "Machine": "Line5\\ST3_X3 S", "ProductionStartedData": [{"ConveyorLanePosition": "1", "ConveyorStopperPosition": "1", "Pcb": {"BarcodeReaderPosition": "0", "BoardSide": "1", "IndividualGUID": "ea5283f0-370b-4236-9a1b-9987b9064cb2", "LineJobGUID": "0eac2a39-09f1-470d-9bd7-2a5e9815b5ca", "Path": "STAB\\A5E50302024lt02", "PcbIndividualID": "45265", "RecipePath": "Line5\\Smart_CPU_L5_702SAF\\A5E50302024lt02", "Barcode": "", "OrderNumber": null}, "ProcessingAreaPosition": "1", "SetupPath": "Line5\\Smart_CPU_L5_702SAF", "StationTime": "2021-11-30T21:58:34.7180000+08:00", "TimeStampSinceStationStarted": "1337225.739657"}], "BoardPositionsList": {"BoardPositions": [{"ActualPosition": {"Angle": "-24", "X": "-476784", "Y": "-232564", "Z": "-5000"}, "FiducialPositions": {"FiducialRecognitionResult": [{"ActualPosition": {"Angle": "49", "X": "193430", "Y": "12177", "Z": null}, "CameraIndividualId": "4034", "FiducialFunction": "0", "GantryId": "4", "MeasurementResult": "0", "NominalPosition": {"Angle": "0", "X": "194170", "Y": "11990", "Z": null}, "Path": "A5E50302024lt02/1/01/1", "StationTime": "2021-11-30T21:58:37.6550000+08:00", "TimeStampSinceStationStarted": "1337228.67554"}, {"ActualPosition": {"Angle": "27", "X": "4356", "Y": "184505", "Z": null}, "CameraIndividualId": "4034", "FiducialFunction": "0", "GantryId": "4", "MeasurementResult": "0", "NominalPosition": {"Angle": "0", "X": "5040", "Y": "184226", "Z": null}, "Path": "A5E50302024lt02/1/02/1", "StationTime": "2021-11-30T21:58:37.6550000+08:00", "TimeStampSinceStationStarted": "1337228.67554"}]}, "NominalPosition": {"Angle": "0", "X": "-476032", "Y": "-232838", "Z": "-5000"}}]}, "ProgressDataList": {"ProductionProgressData": {"BoardContext": {"BoardPanels": {"BoardPanel": [{"Id": "2", "PanelPath": "A5E50302024lt02/A1"}]}}, "ComponentIndividuals": {"ComponentIndividual": [{"HeadSegmentId": "67588", "Measures": {"MeasureList": [{"CameraIndividualId": "4033", "MeasurementResult": "0", "PhiDeviation": "692202", "TimeStampSinceStationStarted": "1337229.34355", "VisionDumpPath": "C:\\Sirio\\Work\\SvDumpFiles\\PartCameraDumps\\JID_403373813_OID_452650000_SEG_1_BE-Bibliothek.A5E00277754_R1337222804.svdmp", "XDeviation": "186212", "YDeviation": "220621"}]}, "Pick": {"ActualPickPosition": {"Angle": "0", "X": "18028", "Y": "-70606"}, "MeasuredComponentHeight": "0", "NominalPickPosition": {"Angle": "0", "X": "17763", "Y": "-70331"}, "PickupLocationId": "272", "Result": "0", "TimeStampSinceStationStarted": "1337225.936845", "VacuumAbsolute": "-801", "VacuumRelative": "-801", "ZEndPosition": "47189000", "ZTargetPosition": "47169136"}, "Place": {"ActualPlacePosition": {"Angle": "180000", "X": "172156", "Y": "50421"}, "AirkissPressure": "73", "BoardPanelId": "2", "HoldingCircuitPressure": "2147483647", "NominalPlacePosition": {"Angle": "180000", "X": "172150", "Y": "50425"}, "ReferenceDesignator": "X101_EXSOP_14_STECK_", "Result": "0", "TimeStampSinceStationStarted": "1337229.737496", "VacuumAbsolute": "-839", "VacuumRelative": "95", "ZEndPosition": "38890500", "ZTargetPosition": "38902722"}, "ElectricalMeasurement": null, "Dip": null}, {"HeadSegmentId": "67588", "Measures": {"MeasureList": [{"CameraIndividualId": "4033", "MeasurementResult": "0", "PhiDeviation": "-250902", "TimeStampSinceStationStarted": "1337230.993205", "VisionDumpPath": "C:\\Sirio\\Work\\SvDumpFiles\\PartCameraDumps\\JID_403373814_OID_452650001_SEG_1_BE-Bibliothek.A5E50179091_R1337227416.svdmp", "XDeviation": "41120", "YDeviation": "-41333"}]}, "Pick": {"ActualPickPosition": {"Angle": "0", "X": "15126", "Y": "-71150"}, "MeasuredComponentHeight": "0", "NominalPickPosition": {"Angle": "0", "X": "15184", "Y": "-71301"}, "PickupLocationId": "266", "Result": "0", "TimeStampSinceStationStarted": "1337230.548565", "VacuumAbsolute": "-784", "VacuumRelative": "-784", "ZEndPosition": "47651500", "ZTargetPosition": "47681919"}, "Place": {"ActualPlacePosition": {"Angle": "0", "X": "146304", "Y": "29324"}, "AirkissPressure": "71", "BoardPanelId": "2", "HoldingCircuitPressure": "2147483647", "NominalPlacePosition": {"Angle": "0", "X": "146300", "Y": "29330"}, "ReferenceDesignator": "D2_BGA_90_IC_DRAM_51", "Result": "0", "TimeStampSinceStationStarted": "1337231.396258", "VacuumAbsolute": "-834", "VacuumRelative": "94", "ZEndPosition": "46549000", "ZTargetPosition": "46569134"}, "ElectricalMeasurement": null, "Dip": null}]}, "HeadContext": {"HeadSegments": {"HeadSegment": [{"GantryId": "4", "Head": "1", "HeadName": "Twin Head 5xx", "Id": "67588", "NozzleTypeId": "516", "SegmentNumber": "1"}]}}, "SetupContext": {"PickupLocations": {"PickupLocation": [{"Division": "1", "FeederId": "24FAUE600590", "FeederType": "280", "Id": "266", "Level": "0", "Location": "4", "StartTrackNumber": "4", "SubLocation": "1", "Tower": "0", "PackagingUid": "A00055530"}, {"Division": "1", "FeederId": "32KL-K405124", "FeederType": "288", "Id": "272", "Level": "0", "Location": "4", "StartTrackNumber": "32", "SubLocation": "1", "Tower": "0", "PackagingUid": "M05323063"}]}}}}, "ProductionEndedData": {"StationTime": "2021-11-30T21:58:40.7410000+08:00", "TimeStampSinceStationStarted": "1337231.762006"}}