{"name": "PDI_Line5_4092380634_20211130140554.txt", "Timestamp": "2021-11-30T14:05:43.4131299+08:00", "TxnID": "e9ac37c3-7571-4451-8715-1708eda0e615", "Line": "SEWC-Lines\\Line5", "Machine": "Line5\\ST3_X3 S", "ProductionStartedData": [{"ConveyorLanePosition": "2", "ConveyorStopperPosition": "1", "Pcb": {"BarcodeReaderPosition": "0", "BoardSide": "1", "IndividualGUID": "e530ab09-b1f1-4331-897a-fe1e0e91ef56", "LineJobGUID": "3f68c8d2-071f-4795-8aa5-1d45806eb923", "Path": "STAB\\A5E50302024lt02", "PcbIndividualID": "43294", "RecipePath": "Line5\\Smart_CPU_L5_702SAF\\A5E50302024lt02", "Barcode": "", "OrderNumber": null}, "ProcessingAreaPosition": "2", "SetupPath": "Line5\\Smart_CPU_L5_702SAF", "StationTime": "2021-11-30T14:03:19.3210000+08:00", "TimeStampSinceStationStarted": "1308710.48331"}], "BoardPositionsList": {"BoardPositions": [{"ActualPosition": {"Angle": "-336", "X": "509321", "Y": "17613", "Z": "-5000"}, "FiducialPositions": {"FiducialRecognitionResult": []}, "NominalPosition": {"Angle": "0", "X": "510392", "Y": "16359", "Z": "-5000"}}]}, "ProgressDataList": {"ProductionProgressData": {"BoardContext": {"BoardPanels": {"BoardPanel": [{"Id": "2", "PanelPath": "A5E50302024lt02/A1"}]}}, "ComponentIndividuals": {"ComponentIndividual": [{"HeadSegmentId": "132355", "Measures": {"MeasureList": [{"CameraIndividualId": "3033", "MeasurementResult": "0", "PhiDeviation": "689614", "TimeStampSinceStationStarted": "1308715.787577", "VisionDumpPath": "C:\\Sirio\\Work\\SvDumpFiles\\PartCameraDumps\\JID_303389006_OID_432940002_SEG_2_BE-Bibliothek.A5E01058093_R1308711240.svdmp", "XDeviation": "80071", "YDeviation": "212319"}]}, "Pick": {"ActualPickPosition": {"Angle": "0", "X": "23950", "Y": "-70500"}, "MeasuredComponentHeight": "0", "NominalPickPosition": {"Angle": "0", "X": "23949", "Y": "-70519"}, "PickupLocationId": "263", "Result": "0", "TimeStampSinceStationStarted": "1308714.513606", "VacuumAbsolute": "-421", "VacuumRelative": "-421", "ZEndPosition": "50326500", "ZTargetPosition": "50242588"}, "Place": {"ActualPlacePosition": {"Angle": "0", "X": "67694", "Y": "66324"}, "AirkissPressure": "73", "BoardPanelId": "2", "HoldingCircuitPressure": "2147483647", "NominalPlacePosition": {"Angle": "0", "X": "67700", "Y": "66330"}, "ReferenceDesignator": "X102_CONN_28_STECK_R", "Result": "0", "TimeStampSinceStationStarted": "1308716.965931", "VacuumAbsolute": "-434", "VacuumRelative": "32", "ZEndPosition": "41713500", "ZTargetPosition": "41709500"}, "ElectricalMeasurement": null, "Dip": null}, {"HeadSegmentId": "66819", "Measures": {"MeasureList": [{"CameraIndividualId": "3033", "MeasurementResult": "0", "PhiDeviation": "655099", "TimeStampSinceStationStarted": "1308716.246519", "VisionDumpPath": "C:\\Sirio\\Work\\SvDumpFiles\\PartCameraDumps\\JID_303389005_OID_432940003_SEG_1_BE-Bibliothek.A5E02081140_R1308710330.svdmp", "XDeviation": "229845", "YDeviation": "-87333"}]}, "Pick": {"ActualPickPosition": {"Angle": "0", "X": "30273", "Y": "-70772"}, "MeasuredComponentHeight": "0", "NominalPickPosition": {"Angle": "0", "X": "30905", "Y": "-70553"}, "PickupLocationId": "247", "Result": "0", "TimeStampSinceStationStarted": "1308713.603198", "VacuumAbsolute": "-829", "VacuumRelative": "-829", "ZEndPosition": "49534000", "ZTargetPosition": "49560584"}, "Place": {"ActualPlacePosition": {"Angle": "0", "X": "35187", "Y": "66324"}, "AirkissPressure": "71", "BoardPanelId": "2", "HoldingCircuitPressure": "2147483647", "NominalPlacePosition": {"Angle": "0", "X": "35200", "Y": "66330"}, "ReferenceDesignator": "X103_CONN_32_STECK_R", "Result": "0", "TimeStampSinceStationStarted": "1308717.234614", "VacuumAbsolute": "-858", "VacuumRelative": "102", "ZEndPosition": "40821000", "ZTargetPosition": "40823337"}, "ElectricalMeasurement": null, "Dip": null}]}, "HeadContext": {"HeadSegments": {"HeadSegment": [{"GantryId": "3", "Head": "1", "HeadName": "Twin Head 5xx", "Id": "66819", "NozzleTypeId": "573", "SegmentNumber": "1"}, {"GantryId": "3", "Head": "1", "HeadName": "Twin Head 5xx", "Id": "132355", "NozzleTypeId": "573", "SegmentNumber": "2"}]}}, "SetupContext": {"PickupLocations": {"PickupLocation": [{"Division": "1", "FeederId": "56FAUC000504", "FeederType": "312", "Id": "247", "Level": "0", "Location": "2", "StartTrackNumber": "1", "SubLocation": "1", "Tower": "0", "PackagingUid": "M05297978"}, {"Division": "1", "FeederId": "44FAUD200890", "FeederType": "300", "Id": "263", "Level": "0", "Location": "3", "StartTrackNumber": "30", "SubLocation": "1", "Tower": "0", "PackagingUid": "M05298574"}]}}}}, "ProductionEndedData": {"StationTime": "2021-11-30T14:03:26.5070000+08:00", "TimeStampSinceStationStarted": "1308717.668828"}}