{"name": "PDI_Line5_4168473447_20211130112651.txt", "Timestamp": "2021-11-30T11:26:39.2270519+08:00", "TxnID": "4371ac11-719f-42a3-b02f-d1e6a66651d9", "Line": "SEWC-Lines\\Line5", "Machine": "Line5\\ST3_X3 S", "ProductionStartedData": [{"ConveyorLanePosition": "1", "ConveyorStopperPosition": "1", "Pcb": {"BarcodeReaderPosition": "0", "BoardSide": "1", "IndividualGUID": "a6c92f04-fb00-4055-be36-1ea3d42dc09d", "LineJobGUID": "3f68c8d2-071f-4795-8aa5-1d45806eb923", "Path": "STAB\\A5E50302024lt02", "PcbIndividualID": "43927", "RecipePath": "Line5\\Smart_CPU_L5_702SAF\\A5E50302024lt02", "Barcode": "", "OrderNumber": null}, "ProcessingAreaPosition": "2", "SetupPath": "Line5\\Smart_CPU_L5_702SAF", "StationTime": "2021-11-30T11:24:15.2970000+08:00", "TimeStampSinceStationStarted": "1299166.506355"}], "BoardPositionsList": {"BoardPositions": [{"ActualPosition": {"Angle": "9", "X": "509337", "Y": "-233035", "Z": "-5000"}, "FiducialPositions": {"FiducialRecognitionResult": []}, "NominalPosition": {"Angle": "0", "X": "509820", "Y": "-233646", "Z": "-5000"}}]}, "ProgressDataList": {"ProductionProgressData": {"BoardContext": {"BoardPanels": {"BoardPanel": [{"Id": "2", "PanelPath": "A5E50302024lt02/A1"}]}}, "ComponentIndividuals": {"ComponentIndividual": [{"HeadSegmentId": "132355", "Measures": {"MeasureList": [{"CameraIndividualId": "3033", "MeasurementResult": "0", "PhiDeviation": "707364", "TimeStampSinceStationStarted": "1299172.682969", "VisionDumpPath": "C:\\Sirio\\Work\\SvDumpFiles\\PartCameraDumps\\JID_303388256_OID_439270002_SEG_2_BE-Bibliothek.A5E01058093_R1299168094.svdmp", "XDeviation": "131142", "YDeviation": "-333481"}]}, "Pick": {"ActualPickPosition": {"Angle": "0", "X": "23950", "Y": "-70500"}, "MeasuredComponentHeight": "0", "NominalPickPosition": {"Angle": "0", "X": "23941", "Y": "-70607"}, "PickupLocationId": "263", "Result": "0", "TimeStampSinceStationStarted": "1299171.414547", "VacuumAbsolute": "-426", "VacuumRelative": "-426", "ZEndPosition": "50299000", "ZTargetPosition": "50276873"}, "Place": {"ActualPlacePosition": {"Angle": "0", "X": "67694", "Y": "66324"}, "AirkissPressure": "72", "BoardPanelId": "2", "HoldingCircuitPressure": "2147483647", "NominalPlacePosition": {"Angle": "0", "X": "67700", "Y": "66330"}, "ReferenceDesignator": "X102_CONN_28_STECK_R", "Result": "0", "TimeStampSinceStationStarted": "1299174.076214", "VacuumAbsolute": "-476", "VacuumRelative": "40", "ZEndPosition": "41572500", "ZTargetPosition": "41561508"}, "ElectricalMeasurement": null, "Dip": null}, {"HeadSegmentId": "66819", "Measures": {"MeasureList": [{"CameraIndividualId": "3033", "MeasurementResult": "0", "PhiDeviation": "437191", "TimeStampSinceStationStarted": "1299173.14154", "VisionDumpPath": "C:\\Sirio\\Work\\SvDumpFiles\\PartCameraDumps\\JID_303388255_OID_439270003_SEG_1_BE-Bibliothek.A5E02081140_R1299167172.svdmp", "XDeviation": "30409", "YDeviation": "245931"}]}, "Pick": {"ActualPickPosition": {"Angle": "0", "X": "30273", "Y": "-70772"}, "MeasuredComponentHeight": "0", "NominalPickPosition": {"Angle": "0", "X": "30852", "Y": "-70652"}, "PickupLocationId": "247", "Result": "0", "TimeStampSinceStationStarted": "1299170.491866", "VacuumAbsolute": "-832", "VacuumRelative": "-832", "ZEndPosition": "49541500", "ZTargetPosition": "49513529"}, "Place": {"ActualPlacePosition": {"Angle": "0", "X": "35188", "Y": "66324"}, "AirkissPressure": "72", "BoardPanelId": "2", "HoldingCircuitPressure": "2147483647", "NominalPlacePosition": {"Angle": "0", "X": "35200", "Y": "66330"}, "ReferenceDesignator": "X103_CONN_32_STECK_R", "Result": "0", "TimeStampSinceStationStarted": "1299174.329458", "VacuumAbsolute": "-862", "VacuumRelative": "103", "ZEndPosition": "40674000", "ZTargetPosition": "40656110"}, "ElectricalMeasurement": null, "Dip": null}]}, "HeadContext": {"HeadSegments": {"HeadSegment": [{"GantryId": "3", "Head": "1", "HeadName": "Twin Head 5xx", "Id": "66819", "NozzleTypeId": "573", "SegmentNumber": "1"}, {"GantryId": "3", "Head": "1", "HeadName": "Twin Head 5xx", "Id": "132355", "NozzleTypeId": "573", "SegmentNumber": "2"}]}}, "SetupContext": {"PickupLocations": {"PickupLocation": [{"Division": "1", "FeederId": "56FAUC000504", "FeederType": "312", "Id": "247", "Level": "0", "Location": "2", "StartTrackNumber": "1", "SubLocation": "1", "Tower": "0", "PackagingUid": "M05297977"}, {"Division": "1", "FeederId": "44FAUD200890", "FeederType": "300", "Id": "263", "Level": "0", "Location": "3", "StartTrackNumber": "30", "SubLocation": "1", "Tower": "0", "PackagingUid": "M05298565"}]}}}}, "ProductionEndedData": {"StationTime": "2021-11-30T11:24:23.5540000+08:00", "TimeStampSinceStationStarted": "1299174.762057"}}