{"name": "PDI_Line5_4244620346_20211130181633.txt", "Timestamp": "2021-11-30T18:16:09.4715164+08:00", "TxnID": "5b9d6da5-288d-4e56-91c3-736ee79df2b9", "Line": "SEWC-Lines\\Line5", "Machine": "Line5\\ST3_X3 S", "ProductionStartedData": [{"ConveyorLanePosition": "1", "ConveyorStopperPosition": "1", "Pcb": {"BarcodeReaderPosition": "0", "BoardSide": "1", "IndividualGUID": "b47c6eb8-dcbf-4d2a-89a4-667a340b7aa8", "LineJobGUID": "e5c1bbcc-188b-45e0-8688-0345d94b6a3b", "Path": "STAB\\A5E50302024bt02", "PcbIndividualID": "44769", "RecipePath": "Line5\\Smart_CPU_L5_702SAF\\A5E50302024bt02", "Barcode": "", "OrderNumber": null}, "ProcessingAreaPosition": "2", "SetupPath": "Line5\\Smart_CPU_L5_702SAF", "StationTime": "2021-11-30T18:13:45.1250000+08:00", "TimeStampSinceStationStarted": "1323736.213302"}], "BoardPositionsList": {"BoardPositions": [{"ActualPosition": {"Angle": "-44", "X": "509825", "Y": "-233257", "Z": "-5000"}, "FiducialPositions": {"FiducialRecognitionResult": []}, "NominalPosition": {"Angle": "0", "X": "509820", "Y": "-233646", "Z": "-5000"}}]}, "ProgressDataList": {"ProductionProgressData": {"BoardContext": {"BoardPanels": {"BoardPanel": [{"Id": "2", "PanelPath": "A5E50302024bt02/A1"}]}}, "ComponentIndividuals": {"ComponentIndividual": [{"HeadSegmentId": "66819", "Measures": {"MeasureList": [{"CameraIndividualId": "3033", "MeasurementResult": "0", "PhiDeviation": "-745509", "TimeStampSinceStationStarted": "1323740.233309", "VisionDumpPath": "C:\\Sirio\\Work\\SvDumpFiles\\PartCameraDumps\\JID_303392684_OID_447690012_SEG_1_BE-Bibliothek.A5E30242702_R1323736382.svdmp", "XDeviation": "170274", "YDeviation": "3399"}]}, "Pick": {"ActualPickPosition": {"Angle": "0", "X": "15250", "Y": "-70500"}, "MeasuredComponentHeight": "0", "NominalPickPosition": {"Angle": "0", "X": "15321", "Y": "-70231"}, "PickupLocationId": "261", "Result": "0", "TimeStampSinceStationStarted": "1323739.581781", "VacuumAbsolute": "-797", "VacuumRelative": "-797", "ZEndPosition": "47463500", "ZTargetPosition": "47472356"}, "Place": {"ActualPlacePosition": {"Angle": "0", "X": "22852", "Y": "61031"}, "AirkissPressure": "23", "BoardPanelId": "2", "HoldingCircuitPressure": "2147483647", "NominalPlacePosition": {"Angle": "0", "X": "22850", "Y": "61030"}, "ReferenceDesignator": "Z400_SOP_16_NETZWERK", "Result": "0", "TimeStampSinceStationStarted": "1323740.762466", "VacuumAbsolute": "-814", "VacuumRelative": "94", "ZEndPosition": "41901000", "ZTargetPosition": "41795510"}, "ElectricalMeasurement": null, "Dip": null}, {"HeadSegmentId": "132355", "Measures": {"MeasureList": [{"CameraIndividualId": "3033", "MeasurementResult": "0", "PhiDeviation": "-504859", "TimeStampSinceStationStarted": "1323740.375883", "VisionDumpPath": "C:\\Sirio\\Work\\SvDumpFiles\\PartCameraDumps\\JID_303392685_OID_447690013_SEG_2_BE-Bibliothek.A5E00701727_R1323736558.svdmp", "XDeviation": "25577", "YDeviation": "-57993"}]}, "Pick": {"ActualPickPosition": {"Angle": "180000", "X": "15250", "Y": "-70500"}, "MeasuredComponentHeight": "0", "NominalPickPosition": {"Angle": "180000", "X": "15132", "Y": "-70479"}, "PickupLocationId": "260", "Result": "0", "TimeStampSinceStationStarted": "1323739.758219", "VacuumAbsolute": "-812", "VacuumRelative": "-812", "ZEndPosition": "47667500", "ZTargetPosition": "47686344"}, "Place": {"ActualPlacePosition": {"Angle": "-90000", "X": "154659", "Y": "142299"}, "AirkissPressure": "71", "BoardPanelId": "2", "HoldingCircuitPressure": "2147483647", "NominalPlacePosition": {"Angle": "-90000", "X": "154660", "Y": "142300"}, "ReferenceDesignator": "C2809_CAPA_2_22_KOND", "Result": "0", "TimeStampSinceStationStarted": "1323741.090134", "VacuumAbsolute": "-824", "VacuumRelative": "101", "ZEndPosition": "37098500", "ZTargetPosition": "37099997"}, "ElectricalMeasurement": null, "Dip": null}, {"HeadSegmentId": "66819", "Measures": {"MeasureList": [{"CameraIndividualId": "3033", "MeasurementResult": "0", "PhiDeviation": "-645909", "TimeStampSinceStationStarted": "1323742.404703", "VisionDumpPath": "C:\\Sirio\\Work\\SvDumpFiles\\PartCameraDumps\\JID_303392686_OID_447690014_SEG_1_BE-Bibliothek.A5E01649509_R1323738487.svdmp", "XDeviation": "33040", "YDeviation": "-8442"}]}, "Pick": {"ActualPickPosition": {"Angle": "-90000", "X": "8000", "Y": "-51500"}, "MeasuredComponentHeight": "0", "NominalPickPosition": {"Angle": "-90000", "X": "8284", "Y": "-51518"}, "PickupLocationId": "258", "Result": "0", "TimeStampSinceStationStarted": "1323741.686719", "VacuumAbsolute": "-752", "VacuumRelative": "-752", "ZEndPosition": "47138500", "ZTargetPosition": "47125680"}, "Place": {"ActualPlacePosition": {"Angle": "-90000", "X": "171048", "Y": "73031"}, "AirkissPressure": "74", "BoardPanelId": "2", "HoldingCircuitPressure": "2147483647", "NominalPlacePosition": {"Angle": "-90000", "X": "171050", "Y": "73030"}, "ReferenceDesignator": "V701_DPAK/TO252_TRAN", "Result": "0", "TimeStampSinceStationStarted": "1323742.931736", "VacuumAbsolute": "-814", "VacuumRelative": "94", "ZEndPosition": "45077500", "ZTargetPosition": "44884895"}, "ElectricalMeasurement": null, "Dip": null}, {"HeadSegmentId": "132355", "Measures": {"MeasureList": [{"CameraIndividualId": "3033", "MeasurementResult": "0", "PhiDeviation": "-250950", "TimeStampSinceStationStarted": "1323742.545271", "VisionDumpPath": "C:\\Sirio\\Work\\SvDumpFiles\\PartCameraDumps\\JID_303392687_OID_447690015_SEG_2_BE-Bibliothek.A5E00210763_R1323738617.svdmp", "XDeviation": "102409", "YDeviation": "-15685"}]}, "Pick": {"ActualPickPosition": {"Angle": "180000", "X": "15250", "Y": "-70500"}, "MeasuredComponentHeight": "0", "NominalPickPosition": {"Angle": "180000", "X": "15211", "Y": "-70794"}, "PickupLocationId": "256", "Result": "0", "TimeStampSinceStationStarted": "1323741.817601", "VacuumAbsolute": "-787", "VacuumRelative": "-787", "ZEndPosition": "47718000", "ZTargetPosition": "47736198"}, "Place": {"ActualPlacePosition": {"Angle": "0", "X": "151299", "Y": "80630"}, "AirkissPressure": "75", "BoardPanelId": "2", "HoldingCircuitPressure": "2147483647", "NominalPlacePosition": {"Angle": "0", "X": "151300", "Y": "80630"}, "ReferenceDesignator": "C1912_CAP_2_KOND_EL_", "Result": "0", "TimeStampSinceStationStarted": "1323743.259191", "VacuumAbsolute": "-789", "VacuumRelative": "95", "ZEndPosition": "36986000", "ZTargetPosition": "36909123"}, "ElectricalMeasurement": null, "Dip": null}, {"HeadSegmentId": "66819", "Measures": {"MeasureList": [{"CameraIndividualId": "3033", "MeasurementResult": "0", "PhiDeviation": "-225464", "TimeStampSinceStationStarted": "1323746.232249", "VisionDumpPath": "C:\\Sirio\\Work\\SvDumpFiles\\PartCameraDumps\\JID_303392688_OID_447690017_SEG_1_BE-Bibliothek.A5E01059015_R1323742133.svdmp", "XDeviation": "182145", "YDeviation": "-167015"}]}, "Pick": {"ActualPickPosition": {"Angle": "0", "X": "17950", "Y": "-70500"}, "MeasuredComponentHeight": "0", "NominalPickPosition": {"Angle": "0", "X": "18307", "Y": "-70548"}, "PickupLocationId": "259", "Result": "0", "TimeStampSinceStationStarted": "1323745.332557", "VacuumAbsolute": "-837", "VacuumRelative": "-837", "ZEndPosition": "48869500", "ZTargetPosition": "48978512"}, "Place": {"ActualPlacePosition": {"Angle": "180000", "X": "27352", "Y": "137724"}, "AirkissPressure": "73", "BoardPanelId": "2", "HoldingCircuitPressure": "2147483647", "NominalPlacePosition": {"Angle": "180000", "X": "27350", "Y": "137725"}, "ReferenceDesignator": "X201_CONN_14_STECK_R", "Result": "0", "TimeStampSinceStationStarted": "1323746.655817", "VacuumAbsolute": "-844", "VacuumRelative": "100", "ZEndPosition": "29498000", "ZTargetPosition": "29516396"}, "ElectricalMeasurement": null, "Dip": null}, {"HeadSegmentId": "132355", "Measures": {"MeasureList": [{"CameraIndividualId": "3033", "MeasurementResult": "0", "PhiDeviation": "-301743", "TimeStampSinceStationStarted": "1323746.091565", "VisionDumpPath": "C:\\Sirio\\Work\\SvDumpFiles\\PartCameraDumps\\JID_303392689_OID_447690016_SEG_2_BE-Bibliothek.A5E00701727_R1323742389.svdmp", "XDeviation": "-38867", "YDeviation": "-13403"}]}, "Pick": {"ActualPickPosition": {"Angle": "180000", "X": "15250", "Y": "-70500"}, "MeasuredComponentHeight": "0", "NominalPickPosition": {"Angle": "180000", "X": "15131", "Y": "-70476"}, "PickupLocationId": "260", "Result": "0", "TimeStampSinceStationStarted": "1323745.588694", "VacuumAbsolute": "-810", "VacuumRelative": "-810", "ZEndPosition": "47758000", "ZTargetPosition": "47681633"}, "Place": {"ActualPlacePosition": {"Angle": "-90000", "X": "144949", "Y": "142329"}, "AirkissPressure": "74", "BoardPanelId": "2", "HoldingCircuitPressure": "2147483647", "NominalPlacePosition": {"Angle": "-90000", "X": "144950", "Y": "142330"}, "ReferenceDesignator": "C2807_CAPA_2_22_KOND", "Result": "0", "TimeStampSinceStationStarted": "1323746.896993", "VacuumAbsolute": "-821", "VacuumRelative": "101", "ZEndPosition": "37134000", "ZTargetPosition": "37101187"}, "ElectricalMeasurement": null, "Dip": null}, {"HeadSegmentId": "66819", "Measures": {"MeasureList": [{"CameraIndividualId": "3033", "MeasurementResult": "0", "PhiDeviation": "-119199", "TimeStampSinceStationStarted": "1323748.844139", "VisionDumpPath": "C:\\Sirio\\Work\\SvDumpFiles\\PartCameraDumps\\JID_303392690_OID_447690018_SEG_1_BE-Bibliothek.A5E32357002_R1323744296.svdmp", "XDeviation": "-108316", "YDeviation": "304293"}]}, "Pick": {"ActualPickPosition": {"Angle": "0", "X": "30150", "Y": "-72740"}, "MeasuredComponentHeight": "0", "NominalPickPosition": {"Angle": "0", "X": "30099", "Y": "-72530"}, "PickupLocationId": "257", "Result": "0", "TimeStampSinceStationStarted": "1323747.495938", "VacuumAbsolute": "-845", "VacuumRelative": "-845", "ZEndPosition": "49050500", "ZTargetPosition": "49020585"}, "Place": {"ActualPlacePosition": {"Angle": "0", "X": "131799", "Y": "153629"}, "AirkissPressure": "72", "BoardPanelId": "2", "HoldingCircuitPressure": "2147483647", "NominalPlacePosition": {"Angle": "0", "X": "131800", "Y": "153630"}, "ReferenceDesignator": "X202_CONN_28_STECK_R", "Result": "0", "TimeStampSinceStationStarted": "1323749.731063", "VacuumAbsolute": "-853", "VacuumRelative": "101", "ZEndPosition": "30607000", "ZTargetPosition": "30721467"}, "ElectricalMeasurement": null, "Dip": null}, {"HeadSegmentId": "132355", "Measures": {"MeasureList": [{"CameraIndividualId": "3033", "MeasurementResult": "0", "PhiDeviation": "-7676", "TimeStampSinceStationStarted": "1323749.167228", "VisionDumpPath": "C:\\Sirio\\Work\\SvDumpFiles\\PartCameraDumps\\JID_303392691_OID_447690019_SEG_2_BE-Bibliothek.A5E00210763_R1323744803.svdmp", "XDeviation": "261600", "YDeviation": "-49676"}]}, "Pick": {"ActualPickPosition": {"Angle": "180000", "X": "15250", "Y": "-70500"}, "MeasuredComponentHeight": "0", "NominalPickPosition": {"Angle": "180000", "X": "15206", "Y": "-70793"}, "PickupLocationId": "256", "Result": "0", "TimeStampSinceStationStarted": "1323748.002418", "VacuumAbsolute": "-791", "VacuumRelative": "-791", "ZEndPosition": "47762000", "ZTargetPosition": "47731649"}, "Place": {"ActualPlacePosition": {"Angle": "180000", "X": "119650", "Y": "80630"}, "AirkissPressure": "72", "BoardPanelId": "2", "HoldingCircuitPressure": "2147483647", "NominalPlacePosition": {"Angle": "180000", "X": "119650", "Y": "80630"}, "ReferenceDesignator": "C1620_CAP_2_KOND_EL_", "Result": "0", "TimeStampSinceStationStarted": "1323750.073567", "VacuumAbsolute": "-790", "VacuumRelative": "95", "ZEndPosition": "36887500", "ZTargetPosition": "36793639"}, "ElectricalMeasurement": null, "Dip": null}, {"HeadSegmentId": "66819", "Measures": {"MeasureList": [{"CameraIndividualId": "3033", "MeasurementResult": "0", "PhiDeviation": "-93718", "TimeStampSinceStationStarted": "1323751.998935", "VisionDumpPath": "C:\\Sirio\\Work\\SvDumpFiles\\PartCameraDumps\\JID_303392692_OID_447690020_SEG_1_BE-Bibliothek.A5E30235063_R1323747388.svdmp", "XDeviation": "707991", "YDeviation": "-2658273"}]}, "Pick": {"ActualPickPosition": {"Angle": "-90000", "X": "-91000", "Y": "-36500"}, "MeasuredComponentHeight": "0", "NominalPickPosition": {"Angle": "-90000", "X": "-91000", "Y": "-36500"}, "PickupLocationId": "253", "Result": "0", "TimeStampSinceStationStarted": "1323750.587827", "VacuumAbsolute": "-852", "VacuumRelative": "-852", "ZEndPosition": "48536500", "ZTargetPosition": "48359483"}, "Place": {"ActualPlacePosition": {"Angle": "0", "X": "51751", "Y": "47631"}, "AirkissPressure": "71", "BoardPanelId": "2", "HoldingCircuitPressure": "2147483647", "NominalPlacePosition": {"Angle": "0", "X": "51750", "Y": "47630"}, "ReferenceDesignator": "D1_BGA_372_IC_ASIC_S", "Result": "0", "TimeStampSinceStationStarted": "1323752.532046", "VacuumAbsolute": "-854", "VacuumRelative": "101", "ZEndPosition": "47734500", "ZTargetPosition": "47708529"}, "ElectricalMeasurement": null, "Dip": null}, {"HeadSegmentId": "132355", "Measures": {"MeasureList": [{"CameraIndividualId": "3033", "MeasurementResult": "0", "PhiDeviation": "-1780622", "TimeStampSinceStationStarted": "1323752.141148", "VisionDumpPath": "C:\\Sirio\\Work\\SvDumpFiles\\PartCameraDumps\\JID_303392693_OID_447690021_SEG_2_BE-Bibliothek.A5E00701727_R1323748342.svdmp", "XDeviation": "32391", "YDeviation": "33081"}]}, "Pick": {"ActualPickPosition": {"Angle": "180000", "X": "15250", "Y": "-70500"}, "MeasuredComponentHeight": "0", "NominalPickPosition": {"Angle": "180000", "X": "15133", "Y": "-70475"}, "PickupLocationId": "260", "Result": "0", "TimeStampSinceStationStarted": "1323751.541178", "VacuumAbsolute": "-815", "VacuumRelative": "-815", "ZEndPosition": "47733000", "ZTargetPosition": "47700725"}, "Place": {"ActualPlacePosition": {"Angle": "-90000", "X": "164399", "Y": "142329"}, "AirkissPressure": "74", "BoardPanelId": "2", "HoldingCircuitPressure": "2147483647", "NominalPlacePosition": {"Angle": "-90000", "X": "164400", "Y": "142330"}, "ReferenceDesignator": "C2806_CAPA_2_22_KOND", "Result": "0", "TimeStampSinceStationStarted": "1323752.858836", "VacuumAbsolute": "-829", "VacuumRelative": "102", "ZEndPosition": "37232000", "ZTargetPosition": "37101225"}, "ElectricalMeasurement": null, "Dip": null}]}, "HeadContext": {"HeadSegments": {"HeadSegment": [{"GantryId": "3", "Head": "1", "HeadName": "Twin Head 5xx", "Id": "66819", "NozzleTypeId": "516", "SegmentNumber": "1"}, {"GantryId": "3", "Head": "1", "HeadName": "Twin Head 5xx", "Id": "132355", "NozzleTypeId": "517", "SegmentNumber": "2"}]}}, "SetupContext": {"PickupLocations": {"PickupLocation": [{"Division": "1", "FeederId": "", "FeederType": "34", "Id": "253", "Level": "5", "Location": "2", "StartTrackNumber": "1", "SubLocation": "2", "Tower": "1", "PackagingUid": ""}, {"Division": "1", "FeederId": "24FAUE900235", "FeederType": "280", "Id": "256", "Level": "0", "Location": "3", "StartTrackNumber": "4", "SubLocation": "1", "Tower": "0", "PackagingUid": "M05314785"}, {"Division": "1", "FeederId": "56FAUEN00199", "FeederType": "312", "Id": "257", "Level": "0", "Location": "3", "StartTrackNumber": "7", "SubLocation": "1", "Tower": "0", "PackagingUid": "M04854790"}, {"Division": "1", "FeederId": "17ATMH805118", "FeederType": "273", "Id": "258", "Level": "0", "Location": "3", "StartTrackNumber": "13", "SubLocation": "1", "Tower": "0", "PackagingUid": "M05206518"}, {"Division": "1", "FeederId": "32FAUEN00039", "FeederType": "288", "Id": "259", "Level": "0", "Location": "3", "StartTrackNumber": "15", "SubLocation": "1", "Tower": "0", "PackagingUid": "M05323360"}, {"Division": "1", "FeederId": "24FAUE600582", "FeederType": "280", "Id": "260", "Level": "0", "Location": "3", "StartTrackNumber": "19", "SubLocation": "1", "Tower": "0", "PackagingUid": "M05255216"}, {"Division": "1", "FeederId": "24FAUF700689", "FeederType": "280", "Id": "261", "Level": "0", "Location": "3", "StartTrackNumber": "22", "SubLocation": "1", "Tower": "0", "PackagingUid": "M05243828"}]}}}}, "ProductionEndedData": {"StationTime": "2021-11-30T18:14:02.1590000+08:00", "TimeStampSinceStationStarted": "1323753.247479"}}