{"name": "PDI_Line5_4237198557_20211130180842.txt", "Timestamp": "2021-11-30T18:08:24.7051859+08:00", "TxnID": "496a7623-ab96-47c3-b12b-61101300ae71", "Line": "SEWC-Lines\\Line5", "Machine": "Line5\\ST3_X3 S", "ProductionStartedData": [{"ConveyorLanePosition": "1", "ConveyorStopperPosition": "1", "Pcb": {"BarcodeReaderPosition": "0", "BoardSide": "1", "IndividualGUID": "ae6782c9-a7a6-47ff-82c2-308a44b958c8", "LineJobGUID": "e5c1bbcc-188b-45e0-8688-0345d94b6a3b", "Path": "STAB\\A5E50302024bt02", "PcbIndividualID": "44759", "RecipePath": "Line5\\Smart_CPU_L5_702SAF\\A5E50302024bt02", "Barcode": "", "OrderNumber": null}, "ProcessingAreaPosition": "1", "SetupPath": "Line5\\Smart_CPU_L5_702SAF", "StationTime": "2021-11-30T18:06:00.3650000+08:00", "TimeStampSinceStationStarted": "1323271.455432"}], "BoardPositionsList": {"BoardPositions": [{"ActualPosition": {"Angle": "-84", "X": "-476678", "Y": "-232310", "Z": "-5000"}, "FiducialPositions": {"FiducialRecognitionResult": [{"ActualPosition": {"Angle": "-42", "X": "4192", "Y": "12229", "Z": null}, "CameraIndividualId": "4034", "FiducialFunction": "0", "GantryId": "4", "MeasurementResult": "0", "NominalPosition": {"Angle": "0", "X": "4810", "Y": "11697", "Z": null}, "Path": "A5E50302024bt02/1/01/1", "StationTime": "2021-11-30T18:06:02.2310000+08:00", "TimeStampSinceStationStarted": "1323273.321515"}, {"ActualPosition": {"Angle": "-54", "X": "192449", "Y": "186238", "Z": null}, "CameraIndividualId": "4034", "FiducialFunction": "0", "GantryId": "4", "MeasurementResult": "0", "NominalPosition": {"Angle": "0", "X": "192833", "Y": "186004", "Z": null}, "Path": "A5E50302024bt02/1/02/1", "StationTime": "2021-11-30T18:06:02.2310000+08:00", "TimeStampSinceStationStarted": "1323273.321515"}, {"ActualPosition": {"Angle": "26", "X": "4817", "Y": "11713", "Z": null}, "CameraIndividualId": "1034", "FiducialFunction": "0", "GantryId": "1", "MeasurementResult": "0", "NominalPosition": {"Angle": "0", "X": "4810", "Y": "11697", "Z": null}, "Path": "A5E50302024bt02/1/01/1", "StationTime": "2021-11-30T18:06:02.2310000+08:00", "TimeStampSinceStationStarted": "1323273.321515"}]}, "NominalPosition": {"Angle": "0", "X": "-476032", "Y": "-232838", "Z": "-5000"}}]}, "ProgressDataList": {"ProductionProgressData": {"BoardContext": {"BoardPanels": {"BoardPanel": [{"Id": "2", "PanelPath": "A5E50302024bt02/A1"}]}}, "ComponentIndividuals": {"ComponentIndividual": [{"HeadSegmentId": "66049", "Measures": {"MeasureList": [{"CameraIndividualId": "1033", "MeasurementResult": "0", "PhiDeviation": "-189972", "TimeStampSinceStationStarted": "1323275.604856", "VisionDumpPath": "C:\\Sirio\\Work\\SvDumpFiles\\PartCameraDumps\\JID_103386580_OID_447590000_SEG_1_BE-Bibliothek.A5E00701727_R1323268785.svdmp", "XDeviation": "-96432", "YDeviation": "-37038"}]}, "Pick": {"ActualPickPosition": {"Angle": "180000", "X": "15250", "Y": "-70500"}, "MeasuredComponentHeight": "0", "NominalPickPosition": {"Angle": "180000", "X": "15299", "Y": "-70635"}, "PickupLocationId": "240", "Result": "0", "TimeStampSinceStationStarted": "1323271.98731", "VacuumAbsolute": "-798", "VacuumRelative": "-798", "ZEndPosition": "47024000", "ZTargetPosition": "46996976"}, "Place": {"ActualPlacePosition": {"Angle": "-90000", "X": "174192", "Y": "142265"}, "AirkissPressure": "72", "BoardPanelId": "2", "HoldingCircuitPressure": "2147483647", "NominalPlacePosition": {"Angle": "-90000", "X": "174220", "Y": "142270"}, "ReferenceDesignator": "C2808_CAPA_2_22_KOND", "Result": "0", "TimeStampSinceStationStarted": "1323275.891329", "VacuumAbsolute": "-812", "VacuumRelative": "98", "ZEndPosition": "36833500", "ZTargetPosition": "36814588"}, "ElectricalMeasurement": null, "Dip": null}, {"HeadSegmentId": "67588", "Measures": {"MeasureList": [{"CameraIndividualId": "4033", "MeasurementResult": "0", "PhiDeviation": "-330730", "TimeStampSinceStationStarted": "1323276.105428", "VisionDumpPath": "C:\\Sirio\\Work\\SvDumpFiles\\PartCameraDumps\\JID_403371619_OID_447590001_SEG_1_BE-Bibliothek.A5E30248076_R1323271441.svdmp", "XDeviation": "-746931", "YDeviation": "-781473"}]}, "Pick": {"ActualPickPosition": {"Angle": "180000", "X": "17020", "Y": "-69475"}, "MeasuredComponentHeight": "0", "NominalPickPosition": {"Angle": "180000", "X": "17020", "Y": "-69475"}, "PickupLocationId": "267", "Result": "0", "TimeStampSinceStationStarted": "1323274.64322", "VacuumAbsolute": "-815", "VacuumRelative": "-815", "ZEndPosition": "47275000", "ZTargetPosition": "47300969"}, "Place": {"ActualPlacePosition": {"Angle": "180000", "X": "170912", "Y": "31758"}, "AirkissPressure": "72", "BoardPanelId": "2", "HoldingCircuitPressure": "2147483647", "NominalPlacePosition": {"Angle": "180000", "X": "170920", "Y": "31750"}, "ReferenceDesignator": "X802_CONN_8_38_SONST", "Result": "0", "TimeStampSinceStationStarted": "1323276.638313", "VacuumAbsolute": "-817", "VacuumRelative": "90", "ZEndPosition": "33391000", "ZTargetPosition": "33365528"}, "ElectricalMeasurement": null, "Dip": null}, {"HeadSegmentId": "131585", "Measures": {"MeasureList": [{"CameraIndividualId": "1033", "MeasurementResult": "0", "PhiDeviation": "71072", "TimeStampSinceStationStarted": "1323277.578085", "VisionDumpPath": "C:\\Sirio\\Work\\SvDumpFiles\\PartCameraDumps\\JID_103386581_OID_447590002_SEG_2_BE-Bibliothek.A5E02285215_R1323273204.svdmp", "XDeviation": "-151603", "YDeviation": "773979"}]}, "Pick": {"ActualPickPosition": {"Angle": "180000", "X": "23950", "Y": "-70500"}, "MeasuredComponentHeight": "0", "NominalPickPosition": {"Angle": "180000", "X": "23950", "Y": "-70500"}, "PickupLocationId": "241", "Result": "0", "TimeStampSinceStationStarted": "1323276.406182", "VacuumAbsolute": "-855", "VacuumRelative": "-855", "ZEndPosition": "48508000", "ZTargetPosition": "48430759"}, "Place": {"ActualPlacePosition": {"Angle": "-90000", "X": "20874", "Y": "24264"}, "AirkissPressure": "73", "BoardPanelId": "2", "HoldingCircuitPressure": "2147483647", "NominalPlacePosition": {"Angle": "-90000", "X": "20870", "Y": "24250"}, "ReferenceDesignator": "X501_CONN_DSUB_9_STE", "Result": "0", "TimeStampSinceStationStarted": "1323278.231527", "VacuumAbsolute": "-856", "VacuumRelative": "102", "ZEndPosition": "36364500", "ZTargetPosition": "36263456"}, "ElectricalMeasurement": null, "Dip": null}, {"HeadSegmentId": "66049", "Measures": {"MeasureList": [{"CameraIndividualId": "1033", "MeasurementResult": "0", "PhiDeviation": "-638792", "TimeStampSinceStationStarted": "1323277.876264", "VisionDumpPath": "C:\\Sirio\\Work\\SvDumpFiles\\PartCameraDumps\\JID_103386582_OID_447590003_SEG_1_BE-Bibliothek.A5E00189819_R1323273628.svdmp", "XDeviation": "125268", "YDeviation": "-17399"}]}, "Pick": {"ActualPickPosition": {"Angle": "0", "X": "15250", "Y": "-70500"}, "MeasuredComponentHeight": "0", "NominalPickPosition": {"Angle": "0", "X": "15046", "Y": "-70419"}, "PickupLocationId": "242", "Result": "0", "TimeStampSinceStationStarted": "1323276.830662", "VacuumAbsolute": "-804", "VacuumRelative": "-804", "ZEndPosition": "47394500", "ZTargetPosition": "47366737"}, "Place": {"ActualPlacePosition": {"Angle": "-1", "X": "132180", "Y": "142326"}, "AirkissPressure": "74", "BoardPanelId": "2", "HoldingCircuitPressure": "2147483647", "NominalPlacePosition": {"Angle": "0", "X": "132200", "Y": "142330"}, "ReferenceDesignator": "T2800_EX120_TRAFO_SC", "Result": "0", "TimeStampSinceStationStarted": "1323278.599131", "VacuumAbsolute": "-804", "VacuumRelative": "96", "ZEndPosition": "41362000", "ZTargetPosition": "41263063"}, "ElectricalMeasurement": null, "Dip": null}, {"HeadSegmentId": "133124", "Measures": {"MeasureList": [{"CameraIndividualId": "4033", "MeasurementResult": "0", "PhiDeviation": "-485175", "TimeStampSinceStationStarted": "1323278.358663", "VisionDumpPath": "C:\\Sirio\\Work\\SvDumpFiles\\PartCameraDumps\\JID_403371620_OID_447590004_SEG_2_BE-Bibliothek.A5E44859639_R1323274264.svdmp", "XDeviation": "-14220", "YDeviation": "-27954"}]}, "Pick": {"ActualPickPosition": {"Angle": "0", "X": "6000", "Y": "-49500"}, "MeasuredComponentHeight": "0", "NominalPickPosition": {"Angle": "0", "X": "5989", "Y": "-49482"}, "PickupLocationId": "280", "Result": "0", "TimeStampSinceStationStarted": "1323277.465754", "VacuumAbsolute": "-848", "VacuumRelative": "-848", "ZEndPosition": "46262500", "ZTargetPosition": "46273277"}, "Place": {"ActualPlacePosition": {"Angle": "180000", "X": "25015", "Y": "160898"}, "AirkissPressure": "76", "BoardPanelId": "2", "HoldingCircuitPressure": "2147483647", "NominalPlacePosition": {"Angle": "180000", "X": "25006", "Y": "160905"}, "ReferenceDesignator": "U2005_SOP_8/SOIC_8_O", "Result": "0", "TimeStampSinceStationStarted": "1323279.167957", "VacuumAbsolute": "-847", "VacuumRelative": "97", "ZEndPosition": "43646000", "ZTargetPosition": "43643831"}, "ElectricalMeasurement": null, "Dip": null}, {"HeadSegmentId": "67588", "Measures": {"MeasureList": [{"CameraIndividualId": "4033", "MeasurementResult": "0", "PhiDeviation": "-615481", "TimeStampSinceStationStarted": "1323278.570924", "VisionDumpPath": "C:\\Sirio\\Work\\SvDumpFiles\\PartCameraDumps\\JID_403371621_OID_447590005_SEG_1_BE-Bibliothek.A5E45275537_R1323274581.svdmp", "XDeviation": "36969", "YDeviation": "92974"}]}, "Pick": {"ActualPickPosition": {"Angle": "0", "X": "17470", "Y": "-70910"}, "MeasuredComponentHeight": "0", "NominalPickPosition": {"Angle": "0", "X": "17904", "Y": "-70982"}, "PickupLocationId": "271", "Result": "0", "TimeStampSinceStationStarted": "1323277.782934", "VacuumAbsolute": "-796", "VacuumRelative": "-796", "ZEndPosition": "47119000", "ZTargetPosition": "47107223"}, "Place": {"ActualPlacePosition": {"Angle": "180000", "X": "54405", "Y": "75353"}, "AirkissPressure": "76", "BoardPanelId": "2", "HoldingCircuitPressure": "2147483647", "NominalPlacePosition": {"Angle": "180000", "X": "54400", "Y": "75350"}, "ReferenceDesignator": "X601_CONN_16_STECK_R", "Result": "0", "TimeStampSinceStationStarted": "1323279.536062", "VacuumAbsolute": "-813", "VacuumRelative": "90", "ZEndPosition": "38906000", "ZTargetPosition": "38957463"}, "ElectricalMeasurement": null, "Dip": null}, {"HeadSegmentId": "66049", "Measures": {"MeasureList": [{"CameraIndividualId": "1033", "MeasurementResult": "0", "PhiDeviation": "-201875", "TimeStampSinceStationStarted": "1323281.007384", "VisionDumpPath": "C:\\Sirio\\Work\\SvDumpFiles\\PartCameraDumps\\JID_103386583_OID_447590006_SEG_1_BE-Bibliothek.A5E01114436_R1323277344.svdmp", "XDeviation": "61301", "YDeviation": "-26090"}]}, "Pick": {"ActualPickPosition": {"Angle": "180000", "X": "17950", "Y": "-70500"}, "MeasuredComponentHeight": "0", "NominalPickPosition": {"Angle": "180000", "X": "17879", "Y": "-70966"}, "PickupLocationId": "238", "Result": "0", "TimeStampSinceStationStarted": "1323280.545218", "VacuumAbsolute": "-773", "VacuumRelative": "-773", "ZEndPosition": "43491500", "ZTargetPosition": "43487496"}, "Place": {"ActualPlacePosition": {"Angle": "179999", "X": "168003", "Y": "169906"}, "AirkissPressure": "71", "BoardPanelId": "2", "HoldingCircuitPressure": "2147483647", "NominalPlacePosition": {"Angle": "180000", "X": "168030", "Y": "169915"}, "ReferenceDesignator": "X605_CONN_8_STECK_RC", "Result": "0", "TimeStampSinceStationStarted": "1323281.354151", "VacuumAbsolute": "-804", "VacuumRelative": "96", "ZEndPosition": "40208000", "ZTargetPosition": "40175315"}, "ElectricalMeasurement": null, "Dip": null}, {"HeadSegmentId": "67588", "Measures": {"MeasureList": [{"CameraIndividualId": "4033", "MeasurementResult": "0", "PhiDeviation": "-389212", "TimeStampSinceStationStarted": "1323281.390413", "VisionDumpPath": "C:\\Sirio\\Work\\SvDumpFiles\\PartCameraDumps\\JID_403371622_OID_447590007_SEG_1_BE-Bibliothek.A5E30621710_R1323277178.svdmp", "XDeviation": "112155", "YDeviation": "-22984"}]}, "Pick": {"ActualPickPosition": {"Angle": "0", "X": "15250", "Y": "-70500"}, "MeasuredComponentHeight": "0", "NominalPickPosition": {"Angle": "0", "X": "15158", "Y": "-70822"}, "PickupLocationId": "269", "Result": "0", "TimeStampSinceStationStarted": "1323280.380084", "VacuumAbsolute": "-781", "VacuumRelative": "-781", "ZEndPosition": "47053000", "ZTargetPosition": "47064019"}, "Place": {"ActualPlacePosition": {"Angle": "0", "X": "87901", "Y": "50136"}, "AirkissPressure": "71", "BoardPanelId": "2", "HoldingCircuitPressure": "2147483647", "NominalPlacePosition": {"Angle": "0", "X": "87900", "Y": "50130"}, "ReferenceDesignator": "D1500_TSSOP_56_IC_IN", "Result": "0", "TimeStampSinceStationStarted": "1323282.013222", "VacuumAbsolute": "-829", "VacuumRelative": "93", "ZEndPosition": "46129000", "ZTargetPosition": "46132137"}, "ElectricalMeasurement": null, "Dip": null}, {"HeadSegmentId": "133124", "Measures": {"MeasureList": [{"CameraIndividualId": "4033", "MeasurementResult": "0", "PhiDeviation": "-619347", "TimeStampSinceStationStarted": "1323281.550194", "VisionDumpPath": "C:\\Sirio\\Work\\SvDumpFiles\\PartCameraDumps\\JID_403371623_OID_447590008_SEG_2_BE-Bibliothek.A5E44859639_R1323277453.svdmp", "XDeviation": "-35348", "YDeviation": "13592"}]}, "Pick": {"ActualPickPosition": {"Angle": "0", "X": "6000", "Y": "-49500"}, "MeasuredComponentHeight": "0", "NominalPickPosition": {"Angle": "0", "X": "5988", "Y": "-49484"}, "PickupLocationId": "280", "Result": "0", "TimeStampSinceStationStarted": "1323280.654466", "VacuumAbsolute": "-846", "VacuumRelative": "-846", "ZEndPosition": "46264000", "ZTargetPosition": "46270583"}, "Place": {"ActualPlacePosition": {"Angle": "180000", "X": "37657", "Y": "27188"}, "AirkissPressure": "77", "BoardPanelId": "2", "HoldingCircuitPressure": "2147483647", "NominalPlacePosition": {"Angle": "180000", "X": "37650", "Y": "27180"}, "ReferenceDesignator": "U500_SOP_8/SOIC_8_OP", "Result": "0", "TimeStampSinceStationStarted": "1323282.264491", "VacuumAbsolute": "-848", "VacuumRelative": "97", "ZEndPosition": "43663500", "ZTargetPosition": "43685118"}, "ElectricalMeasurement": null, "Dip": null}, {"HeadSegmentId": "66049", "Measures": {"MeasureList": [{"CameraIndividualId": "1033", "MeasurementResult": "0", "PhiDeviation": "146579", "TimeStampSinceStationStarted": "1323283.858334", "VisionDumpPath": "C:\\Sirio\\Work\\SvDumpFiles\\PartCameraDumps\\JID_103386584_OID_447590009_SEG_1_BE-Bibliothek.A5E02081137_R1323279874.svdmp", "XDeviation": "-65399", "YDeviation": "-162259"}]}, "Pick": {"ActualPickPosition": {"Angle": "0", "X": "29950", "Y": "-70500"}, "MeasuredComponentHeight": "0", "NominalPickPosition": {"Angle": "0", "X": "30090", "Y": "-71891"}, "PickupLocationId": "244", "Result": "0", "TimeStampSinceStationStarted": "1323283.075795", "VacuumAbsolute": "-834", "VacuumRelative": "-834", "ZEndPosition": "48727000", "ZTargetPosition": "48723024"}, "Place": {"ActualPlacePosition": {"Angle": "-1", "X": "164274", "Y": "153624"}, "AirkissPressure": "71", "BoardPanelId": "2", "HoldingCircuitPressure": "2147483647", "NominalPlacePosition": {"Angle": "0", "X": "164300", "Y": "153630"}, "ReferenceDesignator": "X203_CONN_32_STECK_R", "Result": "0", "TimeStampSinceStationStarted": "1323284.278066", "VacuumAbsolute": "-836", "VacuumRelative": "105", "ZEndPosition": "30057500", "ZTargetPosition": "30016964"}, "ElectricalMeasurement": null, "Dip": null}, {"HeadSegmentId": "67588", "Measures": {"MeasureList": [{"CameraIndividualId": "4033", "MeasurementResult": "0", "PhiDeviation": "-363187", "TimeStampSinceStationStarted": "1323285.520741", "VisionDumpPath": "C:\\Sirio\\Work\\SvDumpFiles\\PartCameraDumps\\JID_403371624_OID_447590011_SEG_1_BE-Bibliothek.A5E51102635_R1323281195.svdmp", "XDeviation": "-27669", "YDeviation": "-16707"}]}, "Pick": {"ActualPickPosition": {"Angle": "0", "X": "15250", "Y": "-70500"}, "MeasuredComponentHeight": "0", "NominalPickPosition": {"Angle": "0", "X": "15171", "Y": "-70494"}, "PickupLocationId": "265", "Result": "0", "TimeStampSinceStationStarted": "1323284.397095", "VacuumAbsolute": "-828", "VacuumRelative": "-828", "ZEndPosition": "47226000", "ZTargetPosition": "47235767"}, "Place": {"ActualPlacePosition": {"Angle": "180000", "X": "72053", "Y": "49986"}, "AirkissPressure": "74", "BoardPanelId": "2", "HoldingCircuitPressure": "2147483647", "NominalPlacePosition": {"Angle": "180000", "X": "72050", "Y": "49980"}, "ReferenceDesignator": "D3_BGA_63_", "Result": "0", "TimeStampSinceStationStarted": "1323285.967183", "VacuumAbsolute": "-828", "VacuumRelative": "93", "ZEndPosition": "46212000", "ZTargetPosition": "46213427"}, "ElectricalMeasurement": null, "Dip": null}, {"HeadSegmentId": "133124", "Measures": {"MeasureList": [{"CameraIndividualId": "4033", "MeasurementResult": "0", "PhiDeviation": "1026444", "TimeStampSinceStationStarted": "1323285.30893", "VisionDumpPath": "C:\\Sirio\\Work\\SvDumpFiles\\PartCameraDumps\\JID_403371625_OID_447590010_SEG_2_BE-Bibliothek.A5E44859639_R1323281589.svdmp", "XDeviation": "56357", "YDeviation": "78711"}]}, "Pick": {"ActualPickPosition": {"Angle": "0", "X": "6000", "Y": "-49500"}, "MeasuredComponentHeight": "0", "NominalPickPosition": {"Angle": "0", "X": "5986", "Y": "-49483"}, "PickupLocationId": "280", "Result": "0", "TimeStampSinceStationStarted": "1323284.790922", "VacuumAbsolute": "-846", "VacuumRelative": "-846", "ZEndPosition": "46267500", "ZTargetPosition": "46268937"}, "Place": {"ActualPlacePosition": {"Angle": "180000", "X": "32214", "Y": "160898"}, "AirkissPressure": "76", "BoardPanelId": "2", "HoldingCircuitPressure": "2147483647", "NominalPlacePosition": {"Angle": "180000", "X": "32206", "Y": "160905"}, "ReferenceDesignator": "U2006_SOP_8/SOIC_8_O", "Result": "0", "TimeStampSinceStationStarted": "1323286.299868", "VacuumAbsolute": "-846", "VacuumRelative": "97", "ZEndPosition": "43634000", "ZTargetPosition": "43638463"}, "ElectricalMeasurement": null, "Dip": null}]}, "HeadContext": {"HeadSegments": {"HeadSegment": [{"GantryId": "1", "Head": "1", "HeadName": "Twin Head 5xx", "Id": "66049", "NozzleTypeId": "517", "SegmentNumber": "1"}, {"GantryId": "4", "Head": "1", "HeadName": "Twin Head 5xx", "Id": "67588", "NozzleTypeId": "516", "SegmentNumber": "1"}, {"GantryId": "1", "Head": "1", "HeadName": "Twin Head 5xx", "Id": "131585", "NozzleTypeId": "573", "SegmentNumber": "2"}, {"GantryId": "4", "Head": "1", "HeadName": "Twin Head 5xx", "Id": "133124", "NozzleTypeId": "597", "SegmentNumber": "2"}]}}, "SetupContext": {"PickupLocations": {"PickupLocation": [{"Division": "1", "FeederId": "32FAUE900466", "FeederType": "288", "Id": "238", "Level": "0", "Location": "1", "StartTrackNumber": "7", "SubLocation": "1", "Tower": "0", "PackagingUid": "M05328016"}, {"Division": "1", "FeederId": "24KL-L205402", "FeederType": "280", "Id": "240", "Level": "0", "Location": "1", "StartTrackNumber": "14", "SubLocation": "1", "Tower": "0", "PackagingUid": "M05187748"}, {"Division": "1", "FeederId": "44KL-K305106", "FeederType": "300", "Id": "241", "Level": "0", "Location": "1", "StartTrackNumber": "17", "SubLocation": "1", "Tower": "0", "PackagingUid": "M04859330"}, {"Division": "1", "FeederId": "24KL-K305319", "FeederType": "280", "Id": "242", "Level": "0", "Location": "1", "StartTrackNumber": "22", "SubLocation": "1", "Tower": "0", "PackagingUid": "M04790535"}, {"Division": "1", "FeederId": "56FAUE300111", "FeederType": "312", "Id": "244", "Level": "0", "Location": "1", "StartTrackNumber": "27", "SubLocation": "1", "Tower": "0", "PackagingUid": "M05301307"}, {"Division": "1", "FeederId": "24FAUE900672", "FeederType": "280", "Id": "265", "Level": "0", "Location": "4", "StartTrackNumber": "1", "SubLocation": "1", "Tower": "0", "PackagingUid": "A00061487"}, {"Division": "1", "FeederId": "32FAUE000671", "FeederType": "288", "Id": "267", "Level": "0", "Location": "4", "StartTrackNumber": "16", "SubLocation": "1", "Tower": "0", "PackagingUid": "M05305956"}, {"Division": "1", "FeederId": "24KL-N300550", "FeederType": "280", "Id": "269", "Level": "0", "Location": "4", "StartTrackNumber": "22", "SubLocation": "1", "Tower": "0", "PackagingUid": "M05263329"}, {"Division": "1", "FeederId": "32FAUE900659", "FeederType": "288", "Id": "271", "Level": "0", "Location": "4", "StartTrackNumber": "28", "SubLocation": "1", "Tower": "0", "PackagingUid": "M05325464"}, {"Division": "1", "FeederId": "12KL-F105078", "FeederType": "268", "Id": "280", "Level": "0", "Location": "4", "StartTrackNumber": "14", "SubLocation": "1", "Tower": "0", "PackagingUid": "M05245896"}]}}}}, "ProductionEndedData": {"StationTime": "2021-11-30T18:06:15.6470000+08:00", "TimeStampSinceStationStarted": "1323286.737669"}}