{"name": "PDI_Line5_4039426923_20211130215720.txt", "Timestamp": "2021-11-30T21:57:11.8740869+08:00", "TxnID": "2532067e-e7f9-4217-85e4-2be31e21cad9", "Line": "SEWC-Lines\\Line5", "Machine": "Line5\\ST3_X3 S", "ProductionStartedData": [{"ConveyorLanePosition": "1", "ConveyorStopperPosition": "1", "Pcb": {"BarcodeReaderPosition": "0", "BoardSide": "1", "IndividualGUID": "94187ac5-5d38-4b6a-a1ba-f55d8eb63dc8", "LineJobGUID": "0eac2a39-09f1-470d-9bd7-2a5e9815b5ca", "Path": "STAB\\A5E50302024lt02", "PcbIndividualID": "45253", "RecipePath": "Line5\\Smart_CPU_L5_702SAF\\A5E50302024lt02", "Barcode": "", "OrderNumber": null}, "ProcessingAreaPosition": "2", "SetupPath": "Line5\\Smart_CPU_L5_702SAF", "StationTime": "2021-11-30T21:54:47.2690000+08:00", "TimeStampSinceStationStarted": "1336998.291488"}], "BoardPositionsList": {"BoardPositions": [{"ActualPosition": {"Angle": "91", "X": "509656", "Y": "-232945", "Z": "-5000"}, "FiducialPositions": {"FiducialRecognitionResult": []}, "NominalPosition": {"Angle": "0", "X": "509820", "Y": "-233646", "Z": "-5000"}}]}, "ProgressDataList": {"ProductionProgressData": {"BoardContext": {"BoardPanels": {"BoardPanel": [{"Id": "2", "PanelPath": "A5E50302024lt02/A1"}]}}, "ComponentIndividuals": {"ComponentIndividual": [{"HeadSegmentId": "132355", "Measures": {"MeasureList": [{"CameraIndividualId": "3033", "MeasurementResult": "0", "PhiDeviation": "890931", "TimeStampSinceStationStarted": "1337004.125388", "VisionDumpPath": "C:\\Sirio\\Work\\SvDumpFiles\\PartCameraDumps\\JID_303395469_OID_452530002_SEG_2_BE-Bibliothek.A5E01058093_R1336999723.svdmp", "XDeviation": "-163508", "YDeviation": "-94913"}]}, "Pick": {"ActualPickPosition": {"Angle": "0", "X": "23950", "Y": "-70500"}, "MeasuredComponentHeight": "0", "NominalPickPosition": {"Angle": "0", "X": "23891", "Y": "-70538"}, "PickupLocationId": "263", "Result": "0", "TimeStampSinceStationStarted": "1337002.856095", "VacuumAbsolute": "-441", "VacuumRelative": "-441", "ZEndPosition": "50287500", "ZTargetPosition": "50249283"}, "Place": {"ActualPlacePosition": {"Angle": "0", "X": "67695", "Y": "66325"}, "AirkissPressure": "71", "BoardPanelId": "2", "HoldingCircuitPressure": "2147483647", "NominalPlacePosition": {"Angle": "0", "X": "67700", "Y": "66330"}, "ReferenceDesignator": "X102_CONN_28_STECK_R", "Result": "0", "TimeStampSinceStationStarted": "1337005.520521", "VacuumAbsolute": "-467", "VacuumRelative": "38", "ZEndPosition": "41578500", "ZTargetPosition": "41578134"}, "ElectricalMeasurement": null, "Dip": null}, {"HeadSegmentId": "66819", "Measures": {"MeasureList": [{"CameraIndividualId": "3033", "MeasurementResult": "0", "PhiDeviation": "461518", "TimeStampSinceStationStarted": "1337004.585522", "VisionDumpPath": "C:\\Sirio\\Work\\SvDumpFiles\\PartCameraDumps\\JID_303395468_OID_452530003_SEG_1_BE-Bibliothek.A5E02081140_R1336998796.svdmp", "XDeviation": "-167929", "YDeviation": "-120527"}]}, "Pick": {"ActualPickPosition": {"Angle": "0", "X": "30273", "Y": "-70772"}, "MeasuredComponentHeight": "0", "NominalPickPosition": {"Angle": "0", "X": "30779", "Y": "-70571"}, "PickupLocationId": "247", "Result": "0", "TimeStampSinceStationStarted": "1337001.929992", "VacuumAbsolute": "-827", "VacuumRelative": "-827", "ZEndPosition": "49635500", "ZTargetPosition": "49581674"}, "Place": {"ActualPlacePosition": {"Angle": "0", "X": "35190", "Y": "66325"}, "AirkissPressure": "72", "BoardPanelId": "2", "HoldingCircuitPressure": "2147483647", "NominalPlacePosition": {"Angle": "0", "X": "35200", "Y": "66330"}, "ReferenceDesignator": "X103_CONN_32_STECK_R", "Result": "0", "TimeStampSinceStationStarted": "1337005.77366", "VacuumAbsolute": "-860", "VacuumRelative": "102", "ZEndPosition": "40689000", "ZTargetPosition": "40657424"}, "ElectricalMeasurement": null, "Dip": null}]}, "HeadContext": {"HeadSegments": {"HeadSegment": [{"GantryId": "3", "Head": "1", "HeadName": "Twin Head 5xx", "Id": "66819", "NozzleTypeId": "573", "SegmentNumber": "1"}, {"GantryId": "3", "Head": "1", "HeadName": "Twin Head 5xx", "Id": "132355", "NozzleTypeId": "573", "SegmentNumber": "2"}]}}, "SetupContext": {"PickupLocations": {"PickupLocation": [{"Division": "1", "FeederId": "56FAUC000504", "FeederType": "312", "Id": "247", "Level": "0", "Location": "2", "StartTrackNumber": "1", "SubLocation": "1", "Tower": "0", "PackagingUid": "M05297981"}, {"Division": "1", "FeederId": "44FAUD200890", "FeederType": "300", "Id": "263", "Level": "0", "Location": "3", "StartTrackNumber": "30", "SubLocation": "1", "Tower": "0", "PackagingUid": "M05298575"}]}}}}, "ProductionEndedData": {"StationTime": "2021-11-30T21:54:55.1840000+08:00", "TimeStampSinceStationStarted": "1337006.206671"}}