{"name": "PDI_Line5_4080491718_20211130055726.txt", "Timestamp": "2021-11-30T05:56:52.1158990+08:00", "TxnID": "572480db-4e56-46b2-8c19-56ee63391f01", "Line": "SEWC-Lines\\Line5", "Machine": "Line5\\ST3_X3 S", "ProductionStartedData": [{"ConveyorLanePosition": "1", "ConveyorStopperPosition": "1", "Pcb": {"BarcodeReaderPosition": "0", "BoardSide": "1", "IndividualGUID": "b8aa7464-020f-49d9-824b-48070d77fa27", "LineJobGUID": "6988db80-5e00-4bf6-9fe9-d6c95f7592d7", "Path": "STAB\\A5E50302021bt01", "PcbIndividualID": "43403", "RecipePath": "Line5\\Smart_CPU_L5_702SAF\\A5E50302021bt01", "Barcode": "", "OrderNumber": null}, "ProcessingAreaPosition": "1", "SetupPath": "Line5\\Smart_CPU_L5_702SAF", "StationTime": "2021-11-30T05:54:28.8000000+08:00", "TimeStampSinceStationStarted": "1279380.108341"}], "BoardPositionsList": {"BoardPositions": [{"ActualPosition": {"Angle": "-32", "X": "-528786", "Y": "-232715", "Z": "-5000"}, "FiducialPositions": {"FiducialRecognitionResult": [{"ActualPosition": {"Angle": "-39", "X": "5735", "Y": "10652", "Z": null}, "CameraIndividualId": "4034", "FiducialFunction": "0", "GantryId": "4", "MeasurementResult": "0", "NominalPosition": {"Angle": "0", "X": "6480", "Y": "10530", "Z": null}, "Path": "A5E50302021bt01/1/02/1", "StationTime": "2021-11-30T05:54:28.8000000+08:00", "TimeStampSinceStationStarted": "1279380.108341"}, {"ActualPosition": {"Angle": "-72", "X": "241179", "Y": "192017", "Z": null}, "CameraIndividualId": "4034", "FiducialFunction": "0", "GantryId": "4", "MeasurementResult": "0", "NominalPosition": {"Angle": "0", "X": "241830", "Y": "192030", "Z": null}, "Path": "A5E50302021bt01/1/01/1", "StationTime": "2021-11-30T05:54:28.8000000+08:00", "TimeStampSinceStationStarted": "1279380.108341"}, {"ActualPosition": {"Angle": "-24", "X": "6478", "Y": "10540", "Z": null}, "CameraIndividualId": "1034", "FiducialFunction": "0", "GantryId": "1", "MeasurementResult": "0", "NominalPosition": {"Angle": "0", "X": "6480", "Y": "10530", "Z": null}, "Path": "A5E50302021bt01/1/02/1", "StationTime": "2021-11-30T05:54:28.8000000+08:00", "TimeStampSinceStationStarted": "1279380.108341"}]}, "NominalPosition": {"Angle": "0", "X": "-528032", "Y": "-232838", "Z": "-5000"}}]}, "ProgressDataList": {"ProductionProgressData": {"BoardContext": {"BoardPanels": {"BoardPanel": [{"Id": "2", "PanelPath": "A5E50302021bt01/A1"}, {"Id": "3", "PanelPath": "A5E50302021bt01/B1"}]}}, "ComponentIndividuals": {"ComponentIndividual": [{"HeadSegmentId": "66049", "Measures": {"MeasureList": [{"CameraIndividualId": "1033", "MeasurementResult": "0", "PhiDeviation": "-658908", "TimeStampSinceStationStarted": "1279389.690068", "VisionDumpPath": "C:\\Sirio\\Work\\SvDumpFiles\\PartCameraDumps\\JID_103380219_OID_434030000_SEG_1_BE-Bibliothek.A5E01114436_R1279377209.svdmp", "XDeviation": "-81964", "YDeviation": "103494"}]}, "Pick": {"ActualPickPosition": {"Angle": "180000", "X": "17950", "Y": "-70500"}, "MeasuredComponentHeight": "0", "NominalPickPosition": {"Angle": "180000", "X": "18006", "Y": "-70767"}, "PickupLocationId": "238", "Result": "0", "TimeStampSinceStationStarted": "1279380.629216", "VacuumAbsolute": "-780", "VacuumRelative": "-780", "ZEndPosition": "43478500", "ZTargetPosition": "43454832"}, "Place": {"ActualPlacePosition": {"Angle": "179999", "X": "100451", "Y": "171760"}, "AirkissPressure": "73", "BoardPanelId": "3", "HoldingCircuitPressure": "2147483647", "NominalPlacePosition": {"Angle": "180000", "X": "100457", "Y": "171753"}, "ReferenceDesignator": "X605_CONN_8_STECK_RC", "Result": "0", "TimeStampSinceStationStarted": "1279390.174987", "VacuumAbsolute": "-820", "VacuumRelative": "100", "ZEndPosition": "40148000", "ZTargetPosition": "40159291"}, "ElectricalMeasurement": null, "Dip": null}, {"HeadSegmentId": "131585", "Measures": {"MeasureList": [{"CameraIndividualId": "1033", "MeasurementResult": "0", "PhiDeviation": "-89983", "TimeStampSinceStationStarted": "1279389.854508", "VisionDumpPath": "C:\\Sirio\\Work\\SvDumpFiles\\PartCameraDumps\\JID_103380220_OID_434030001_SEG_2_BE-Bibliothek.A5E00189819_R1279377482.svdmp", "XDeviation": "284344", "YDeviation": "65453"}]}, "Pick": {"ActualPickPosition": {"Angle": "0", "X": "15250", "Y": "-70500"}, "MeasuredComponentHeight": "0", "NominalPickPosition": {"Angle": "0", "X": "15228", "Y": "-70315"}, "PickupLocationId": "242", "Result": "0", "TimeStampSinceStationStarted": "1279380.902732", "VacuumAbsolute": "-847", "VacuumRelative": "-847", "ZEndPosition": "47462500", "ZTargetPosition": "47422517"}, "Place": {"ActualPlacePosition": {"Angle": "-1", "X": "73576", "Y": "151038"}, "AirkissPressure": "74", "BoardPanelId": "3", "HoldingCircuitPressure": "2147483647", "NominalPlacePosition": {"Angle": "0", "X": "73580", "Y": "151030"}, "ReferenceDesignator": "T2200_EX120_TRAFO_SC", "Result": "0", "TimeStampSinceStationStarted": "1279390.337482", "VacuumAbsolute": "-848", "VacuumRelative": "101", "ZEndPosition": "41391500", "ZTargetPosition": "41350870"}, "ElectricalMeasurement": null, "Dip": null}, {"HeadSegmentId": "133124", "Measures": {"MeasureList": [{"CameraIndividualId": "4033", "MeasurementResult": "0", "PhiDeviation": "785243", "TimeStampSinceStationStarted": "1279390.205726", "VisionDumpPath": "C:\\Sirio\\Work\\SvDumpFiles\\PartCameraDumps\\JID_403361581_OID_434030002_SEG_2_BE-Bibliothek.A5E44859639_R1279385348.svdmp", "XDeviation": "-125535", "YDeviation": "-42100"}]}, "Pick": {"ActualPickPosition": {"Angle": "0", "X": "6000", "Y": "-49500"}, "MeasuredComponentHeight": "0", "NominalPickPosition": {"Angle": "0", "X": "6055", "Y": "-49459"}, "PickupLocationId": "280", "Result": "0", "TimeStampSinceStationStarted": "1279388.76878", "VacuumAbsolute": "-844", "VacuumRelative": "-844", "ZEndPosition": "46294000", "ZTargetPosition": "46286362"}, "Place": {"ActualPlacePosition": {"Angle": "180000", "X": "22582", "Y": "162629"}, "AirkissPressure": "73", "BoardPanelId": "3", "HoldingCircuitPressure": "2147483647", "NominalPlacePosition": {"Angle": "180000", "X": "22580", "Y": "162630"}, "ReferenceDesignator": "U1700_SOP_8/SOIC_8_O", "Result": "0", "TimeStampSinceStationStarted": "1279390.899698", "VacuumAbsolute": "-844", "VacuumRelative": "97", "ZEndPosition": "43892500", "ZTargetPosition": "43861006"}, "ElectricalMeasurement": null, "Dip": null}, {"HeadSegmentId": "67588", "Measures": {"MeasureList": [{"CameraIndividualId": "4033", "MeasurementResult": "0", "PhiDeviation": "-14028", "TimeStampSinceStationStarted": "1279390.417878", "VisionDumpPath": "C:\\Sirio\\Work\\SvDumpFiles\\PartCameraDumps\\JID_403361582_OID_434030003_SEG_1_BE-Bibliothek.A5E45275537_R1279385666.svdmp", "XDeviation": "-86602", "YDeviation": "44707"}]}, "Pick": {"ActualPickPosition": {"Angle": "0", "X": "17470", "Y": "-70910"}, "MeasuredComponentHeight": "0", "NominalPickPosition": {"Angle": "0", "X": "17621", "Y": "-70811"}, "PickupLocationId": "271", "Result": "0", "TimeStampSinceStationStarted": "1279389.08572", "VacuumAbsolute": "-809", "VacuumRelative": "-809", "ZEndPosition": "46986000", "ZTargetPosition": "46954168"}, "Place": {"ActualPlacePosition": {"Angle": "180000", "X": "51777", "Y": "74121"}, "AirkissPressure": "73", "BoardPanelId": "3", "HoldingCircuitPressure": "2147483647", "NominalPlacePosition": {"Angle": "180000", "X": "51775", "Y": "74120"}, "ReferenceDesignator": "X601_CONN_16_STECK_R", "Result": "0", "TimeStampSinceStationStarted": "1279391.225531", "VacuumAbsolute": "-825", "VacuumRelative": "94", "ZEndPosition": "39018500", "ZTargetPosition": "38983619"}, "ElectricalMeasurement": null, "Dip": null}, {"HeadSegmentId": "66049", "Measures": {"MeasureList": [{"CameraIndividualId": "1033", "MeasurementResult": "0", "PhiDeviation": "-969153", "TimeStampSinceStationStarted": "1279391.698973", "VisionDumpPath": "C:\\Sirio\\Work\\SvDumpFiles\\PartCameraDumps\\JID_103380221_OID_434030004_SEG_1_BE-Bibliothek.A5E01114436_R1279387529.svdmp", "XDeviation": "23245", "YDeviation": "28366"}]}, "Pick": {"ActualPickPosition": {"Angle": "180000", "X": "17950", "Y": "-70500"}, "MeasuredComponentHeight": "0", "NominalPickPosition": {"Angle": "180000", "X": "18010", "Y": "-70772"}, "PickupLocationId": "238", "Result": "0", "TimeStampSinceStationStarted": "1279390.949315", "VacuumAbsolute": "-780", "VacuumRelative": "-780", "ZEndPosition": "43460000", "ZTargetPosition": "43460749"}, "Place": {"ActualPlacePosition": {"Angle": "179999", "X": "220942", "Y": "171758"}, "AirkissPressure": "74", "BoardPanelId": "2", "HoldingCircuitPressure": "2147483647", "NominalPlacePosition": {"Angle": "180000", "X": "220957", "Y": "171753"}, "ReferenceDesignator": "X605_CONN_8_STECK_RC", "Result": "0", "TimeStampSinceStationStarted": "1279392.084727", "VacuumAbsolute": "-822", "VacuumRelative": "101", "ZEndPosition": "40408500", "ZTargetPosition": "40441388"}, "ElectricalMeasurement": null, "Dip": null}, {"HeadSegmentId": "131585", "Measures": {"MeasureList": [{"CameraIndividualId": "1033", "MeasurementResult": "0", "PhiDeviation": "-1436884", "TimeStampSinceStationStarted": "1279391.840605", "VisionDumpPath": "C:\\Sirio\\Work\\SvDumpFiles\\PartCameraDumps\\JID_103380222_OID_434030005_SEG_2_BE-Bibliothek.A5E00701727_R1279387825.svdmp", "XDeviation": "-118124", "YDeviation": "-154917"}]}, "Pick": {"ActualPickPosition": {"Angle": "180000", "X": "15250", "Y": "-70500"}, "MeasuredComponentHeight": "0", "NominalPickPosition": {"Angle": "180000", "X": "15293", "Y": "-70658"}, "PickupLocationId": "240", "Result": "0", "TimeStampSinceStationStarted": "1279391.245076", "VacuumAbsolute": "-819", "VacuumRelative": "-819", "ZEndPosition": "47054000", "ZTargetPosition": "47096958"}, "Place": {"ActualPlacePosition": {"Angle": "-1", "X": "88574", "Y": "151137"}, "AirkissPressure": "72", "BoardPanelId": "3", "HoldingCircuitPressure": "2147483647", "NominalPlacePosition": {"Angle": "0", "X": "88580", "Y": "151130"}, "ReferenceDesignator": "C2209_CAPA_2_22_KOND", "Result": "0", "TimeStampSinceStationStarted": "1279392.271882", "VacuumAbsolute": "-835", "VacuumRelative": "98", "ZEndPosition": "36803500", "ZTargetPosition": "36779199"}, "ElectricalMeasurement": null, "Dip": null}, {"HeadSegmentId": "133124", "Measures": {"MeasureList": [{"CameraIndividualId": "4033", "MeasurementResult": "0", "PhiDeviation": "1196680", "TimeStampSinceStationStarted": "1279392.775997", "VisionDumpPath": "C:\\Sirio\\Work\\SvDumpFiles\\PartCameraDumps\\JID_403361583_OID_434030006_SEG_2_BE-Bibliothek.A5E44859639_R1279388468.svdmp", "XDeviation": "3747", "YDeviation": "-51644"}]}, "Pick": {"ActualPickPosition": {"Angle": "0", "X": "6000", "Y": "-49500"}, "MeasuredComponentHeight": "0", "NominalPickPosition": {"Angle": "0", "X": "6048", "Y": "-49461"}, "PickupLocationId": "280", "Result": "0", "TimeStampSinceStationStarted": "1279391.888396", "VacuumAbsolute": "-845", "VacuumRelative": "-845", "ZEndPosition": "46293000", "ZTargetPosition": "46288271"}, "Place": {"ActualPlacePosition": {"Angle": "180000", "X": "157479", "Y": "162629"}, "AirkissPressure": "74", "BoardPanelId": "2", "HoldingCircuitPressure": "2147483647", "NominalPlacePosition": {"Angle": "180000", "X": "157480", "Y": "162630"}, "ReferenceDesignator": "U1800_SOP_8/SOIC_8_O", "Result": "0", "TimeStampSinceStationStarted": "1279393.33296", "VacuumAbsolute": "-845", "VacuumRelative": "97", "ZEndPosition": "43670500", "ZTargetPosition": "43704272"}, "ElectricalMeasurement": null, "Dip": null}, {"HeadSegmentId": "67588", "Measures": {"MeasureList": [{"CameraIndividualId": "4033", "MeasurementResult": "0", "PhiDeviation": "127711", "TimeStampSinceStationStarted": "1279392.988271", "VisionDumpPath": "C:\\Sirio\\Work\\SvDumpFiles\\PartCameraDumps\\JID_403361584_OID_434030007_SEG_1_BE-Bibliothek.A5E45275537_R1279388786.svdmp", "XDeviation": "119101", "YDeviation": "95187"}]}, "Pick": {"ActualPickPosition": {"Angle": "0", "X": "17470", "Y": "-70910"}, "MeasuredComponentHeight": "0", "NominalPickPosition": {"Angle": "0", "X": "17616", "Y": "-70808"}, "PickupLocationId": "271", "Result": "0", "TimeStampSinceStationStarted": "1279392.205365", "VacuumAbsolute": "-803", "VacuumRelative": "-803", "ZEndPosition": "46961500", "ZTargetPosition": "46962126"}, "Place": {"ActualPlacePosition": {"Angle": "180000", "X": "172274", "Y": "74121"}, "AirkissPressure": "73", "BoardPanelId": "2", "HoldingCircuitPressure": "2147483647", "NominalPlacePosition": {"Angle": "180000", "X": "172275", "Y": "74120"}, "ReferenceDesignator": "X601_CONN_16_STECK_R", "Result": "0", "TimeStampSinceStationStarted": "1279393.663788", "VacuumAbsolute": "-820", "VacuumRelative": "93", "ZEndPosition": "39092000", "ZTargetPosition": "39114858"}, "ElectricalMeasurement": null, "Dip": null}, {"HeadSegmentId": "66049", "Measures": {"MeasureList": [{"CameraIndividualId": "1033", "MeasurementResult": "0", "PhiDeviation": "-1472427", "TimeStampSinceStationStarted": "1279394.973898", "VisionDumpPath": "C:\\Sirio\\Work\\SvDumpFiles\\PartCameraDumps\\JID_103380223_OID_434030008_SEG_1_BE-Bibliothek.A5E00701727_R1279390826.svdmp", "XDeviation": "108060", "YDeviation": "77063"}]}, "Pick": {"ActualPickPosition": {"Angle": "180000", "X": "15250", "Y": "-70500"}, "MeasuredComponentHeight": "0", "NominalPickPosition": {"Angle": "180000", "X": "15299", "Y": "-70650"}, "PickupLocationId": "240", "Result": "0", "TimeStampSinceStationStarted": "1279394.246336", "VacuumAbsolute": "-805", "VacuumRelative": "-805", "ZEndPosition": "47045000", "ZTargetPosition": "47049218"}, "Place": {"ActualPlacePosition": {"Angle": "-1", "X": "209066", "Y": "151136"}, "AirkissPressure": "75", "BoardPanelId": "2", "HoldingCircuitPressure": "2147483647", "NominalPlacePosition": {"Angle": "0", "X": "209080", "Y": "151130"}, "ReferenceDesignator": "C2209_CAPA_2_22_KOND", "Result": "0", "TimeStampSinceStationStarted": "1279395.363283", "VacuumAbsolute": "-820", "VacuumRelative": "100", "ZEndPosition": "36990500", "ZTargetPosition": "37037736"}, "ElectricalMeasurement": null, "Dip": null}, {"HeadSegmentId": "131585", "Measures": {"MeasureList": [{"CameraIndividualId": "1033", "MeasurementResult": "0", "PhiDeviation": "778355", "TimeStampSinceStationStarted": "1279395.113651", "VisionDumpPath": "C:\\Sirio\\Work\\SvDumpFiles\\PartCameraDumps\\JID_103380224_OID_434030009_SEG_2_BE-Bibliothek.A5E00701727_R1279391096.svdmp", "XDeviation": "-127255", "YDeviation": "-12648"}]}, "Pick": {"ActualPickPosition": {"Angle": "180000", "X": "15250", "Y": "-70500"}, "MeasuredComponentHeight": "0", "NominalPickPosition": {"Angle": "180000", "X": "15299", "Y": "-70650"}, "PickupLocationId": "240", "Result": "0", "TimeStampSinceStationStarted": "1279394.516343", "VacuumAbsolute": "-815", "VacuumRelative": "-815", "ZEndPosition": "47060500", "ZTargetPosition": "47086218"}, "Place": {"ActualPlacePosition": {"Angle": "-1", "X": "102573", "Y": "151137"}, "AirkissPressure": "76", "BoardPanelId": "3", "HoldingCircuitPressure": "2147483647", "NominalPlacePosition": {"Angle": "0", "X": "102580", "Y": "151130"}, "ReferenceDesignator": "C2206_CAPA_2_22_KOND", "Result": "0", "TimeStampSinceStationStarted": "1279395.536841", "VacuumAbsolute": "-828", "VacuumRelative": "97", "ZEndPosition": "36758000", "ZTargetPosition": "36731151"}, "ElectricalMeasurement": null, "Dip": null}, {"HeadSegmentId": "133124", "Measures": {"MeasureList": [{"CameraIndividualId": "4033", "MeasurementResult": "0", "PhiDeviation": "371101", "TimeStampSinceStationStarted": "1279395.552375", "VisionDumpPath": "C:\\Sirio\\Work\\SvDumpFiles\\PartCameraDumps\\JID_403361585_OID_434030010_SEG_2_BE-Bibliothek.A5E44859639_R1279390903.svdmp", "XDeviation": "45715", "YDeviation": "24519"}]}, "Pick": {"ActualPickPosition": {"Angle": "0", "X": "6000", "Y": "-49500"}, "MeasuredComponentHeight": "0", "NominalPickPosition": {"Angle": "0", "X": "6048", "Y": "-49464"}, "PickupLocationId": "280", "Result": "0", "TimeStampSinceStationStarted": "1279394.32366", "VacuumAbsolute": "-845", "VacuumRelative": "-845", "ZEndPosition": "46286000", "ZTargetPosition": "46289453"}, "Place": {"ActualPlacePosition": {"Angle": "180000", "X": "34645", "Y": "25853"}, "AirkissPressure": "71", "BoardPanelId": "3", "HoldingCircuitPressure": "2147483647", "NominalPlacePosition": {"Angle": "180000", "X": "34643", "Y": "25851"}, "ReferenceDesignator": "U500_SOP_8/SOIC_8_OP", "Result": "0", "TimeStampSinceStationStarted": "1279396.383219", "VacuumAbsolute": "-844", "VacuumRelative": "97", "ZEndPosition": "43772500", "ZTargetPosition": "43752014"}, "ElectricalMeasurement": null, "Dip": null}, {"HeadSegmentId": "67588", "Measures": {"MeasureList": [{"CameraIndividualId": "4033", "MeasurementResult": "0", "PhiDeviation": "163351", "TimeStampSinceStationStarted": "1279395.849367", "VisionDumpPath": "C:\\Sirio\\Work\\SvDumpFiles\\PartCameraDumps\\JID_403361586_OID_434030011_SEG_1_BE-Bibliothek.A5E30248076_R1279391158.svdmp", "XDeviation": "-823335", "YDeviation": "-815819"}]}, "Pick": {"ActualPickPosition": {"Angle": "180000", "X": "17020", "Y": "-69475"}, "MeasuredComponentHeight": "0", "NominalPickPosition": {"Angle": "180000", "X": "17020", "Y": "-69475"}, "PickupLocationId": "267", "Result": "0", "TimeStampSinceStationStarted": "1279394.578755", "VacuumAbsolute": "-786", "VacuumRelative": "-786", "ZEndPosition": "47260500", "ZTargetPosition": "47309588"}, "Place": {"ActualPlacePosition": {"Angle": "180000", "X": "103250", "Y": "30532"}, "AirkissPressure": "71", "BoardPanelId": "3", "HoldingCircuitPressure": "2147483647", "NominalPlacePosition": {"Angle": "180000", "X": "103250", "Y": "30530"}, "ReferenceDesignator": "X802_CONN_8_38_SONST", "Result": "0", "TimeStampSinceStationStarted": "1279396.655165", "VacuumAbsolute": "-785", "VacuumRelative": "87", "ZEndPosition": "33010000", "ZTargetPosition": "33037830"}, "ElectricalMeasurement": null, "Dip": null}, {"HeadSegmentId": "66049", "Measures": {"MeasureList": [{"CameraIndividualId": "1033", "MeasurementResult": "0", "PhiDeviation": "-3235002", "TimeStampSinceStationStarted": "1279398.022322", "VisionDumpPath": "C:\\Sirio\\Work\\SvDumpFiles\\PartCameraDumps\\JID_103380225_OID_434030013_SEG_1_BE-Bibliothek.A5E00701727_R1279393562.svdmp", "XDeviation": "119311", "YDeviation": "168894"}]}, "Pick": {"ActualPickPosition": {"Angle": "180000", "X": "15250", "Y": "-70500"}, "MeasuredComponentHeight": "0", "NominalPickPosition": {"Angle": "180000", "X": "15300", "Y": "-70653"}, "PickupLocationId": "240", "Result": "0", "TimeStampSinceStationStarted": "1279396.982094", "VacuumAbsolute": "-800", "VacuumRelative": "-800", "ZEndPosition": "47000500", "ZTargetPosition": "47041998"}, "Place": {"ActualPlacePosition": {"Angle": "-1", "X": "223065", "Y": "151135"}, "AirkissPressure": "71", "BoardPanelId": "2", "HoldingCircuitPressure": "2147483647", "NominalPlacePosition": {"Angle": "0", "X": "223080", "Y": "151130"}, "ReferenceDesignator": "C2206_CAPA_2_22_KOND", "Result": "0", "TimeStampSinceStationStarted": "1279398.657478", "VacuumAbsolute": "-814", "VacuumRelative": "99", "ZEndPosition": "36959000", "ZTargetPosition": "37102134"}, "ElectricalMeasurement": null, "Dip": null}, {"HeadSegmentId": "131585", "Measures": {"MeasureList": [{"CameraIndividualId": "1033", "MeasurementResult": "0", "PhiDeviation": "-298029", "TimeStampSinceStationStarted": "1279398.242613", "VisionDumpPath": "C:\\Sirio\\Work\\SvDumpFiles\\PartCameraDumps\\JID_103380226_OID_434030012_SEG_2_BE-Bibliothek.A5E02285215_R1279393837.svdmp", "XDeviation": "-96760", "YDeviation": "377797"}]}, "Pick": {"ActualPickPosition": {"Angle": "180000", "X": "23950", "Y": "-70500"}, "MeasuredComponentHeight": "0", "NominalPickPosition": {"Angle": "180000", "X": "23950", "Y": "-70500"}, "PickupLocationId": "241", "Result": "0", "TimeStampSinceStationStarted": "1279397.257745", "VacuumAbsolute": "-860", "VacuumRelative": "-860", "ZEndPosition": "48493500", "ZTargetPosition": "48384776"}, "Place": {"ActualPlacePosition": {"Angle": "-90001", "X": "18436", "Y": "22909"}, "AirkissPressure": "74", "BoardPanelId": "3", "HoldingCircuitPressure": "2147483647", "NominalPlacePosition": {"Angle": "-90000", "X": "18439", "Y": "22900"}, "ReferenceDesignator": "X501_CONN_DSUB_9_STE", "Result": "0", "TimeStampSinceStationStarted": "1279398.984385", "VacuumAbsolute": "-861", "VacuumRelative": "103", "ZEndPosition": "36375500", "ZTargetPosition": "36333906"}, "ElectricalMeasurement": null, "Dip": null}, {"HeadSegmentId": "133124", "Measures": {"MeasureList": [{"CameraIndividualId": "4033", "MeasurementResult": "0", "PhiDeviation": "1046785", "TimeStampSinceStationStarted": "1279398.683483", "VisionDumpPath": "C:\\Sirio\\Work\\SvDumpFiles\\PartCameraDumps\\JID_403361587_OID_434030014_SEG_2_BE-Bibliothek.A5E44859639_R1279394059.svdmp", "XDeviation": "-61420", "YDeviation": "-16739"}]}, "Pick": {"ActualPickPosition": {"Angle": "0", "X": "6000", "Y": "-49500"}, "MeasuredComponentHeight": "0", "NominalPickPosition": {"Angle": "0", "X": "6051", "Y": "-49462"}, "PickupLocationId": "280", "Result": "0", "TimeStampSinceStationStarted": "1279397.479536", "VacuumAbsolute": "-845", "VacuumRelative": "-845", "ZEndPosition": "46286500", "ZTargetPosition": "46288590"}, "Place": {"ActualPlacePosition": {"Angle": "180000", "X": "155142", "Y": "25853"}, "AirkissPressure": "71", "BoardPanelId": "2", "HoldingCircuitPressure": "2147483647", "NominalPlacePosition": {"Angle": "180000", "X": "155143", "Y": "25851"}, "ReferenceDesignator": "U500_SOP_8/SOIC_8_OP", "Result": "0", "TimeStampSinceStationStarted": "1279399.617861", "VacuumAbsolute": "-844", "VacuumRelative": "97", "ZEndPosition": "43725500", "ZTargetPosition": "43757801"}, "ElectricalMeasurement": null, "Dip": null}, {"HeadSegmentId": "67588", "Measures": {"MeasureList": [{"CameraIndividualId": "4033", "MeasurementResult": "0", "PhiDeviation": "34042", "TimeStampSinceStationStarted": "1279398.980429", "VisionDumpPath": "C:\\Sirio\\Work\\SvDumpFiles\\PartCameraDumps\\JID_403361588_OID_434030015_SEG_1_BE-Bibliothek.A5E30248076_R1279394315.svdmp", "XDeviation": "-901137", "YDeviation": "-810416"}]}, "Pick": {"ActualPickPosition": {"Angle": "180000", "X": "17020", "Y": "-69475"}, "MeasuredComponentHeight": "0", "NominalPickPosition": {"Angle": "180000", "X": "17020", "Y": "-69475"}, "PickupLocationId": "267", "Result": "0", "TimeStampSinceStationStarted": "1279397.735139", "VacuumAbsolute": "-811", "VacuumRelative": "-811", "ZEndPosition": "47240500", "ZTargetPosition": "47297316"}, "Place": {"ActualPlacePosition": {"Angle": "180000", "X": "223748", "Y": "30532"}, "AirkissPressure": "75", "BoardPanelId": "2", "HoldingCircuitPressure": "2147483647", "NominalPlacePosition": {"Angle": "180000", "X": "223750", "Y": "30530"}, "ReferenceDesignator": "X802_CONN_8_38_SONST", "Result": "0", "TimeStampSinceStationStarted": "1279399.896162", "VacuumAbsolute": "-810", "VacuumRelative": "91", "ZEndPosition": "33410500", "ZTargetPosition": "33419649"}, "ElectricalMeasurement": null, "Dip": null}, {"HeadSegmentId": "131585", "Measures": {"MeasureList": [{"CameraIndividualId": "1033", "MeasurementResult": "0", "PhiDeviation": "526272", "TimeStampSinceStationStarted": "1279400.861905", "VisionDumpPath": "C:\\Sirio\\Work\\SvDumpFiles\\PartCameraDumps\\JID_103380227_OID_434030016_SEG_2_BE-Bibliothek.A5E02285215_R1279396304.svdmp", "XDeviation": "-293939", "YDeviation": "407380"}]}, "Pick": {"ActualPickPosition": {"Angle": "180000", "X": "23950", "Y": "-70500"}, "MeasuredComponentHeight": "0", "NominalPickPosition": {"Angle": "180000", "X": "23950", "Y": "-70500"}, "PickupLocationId": "241", "Result": "0", "TimeStampSinceStationStarted": "1279399.724053", "VacuumAbsolute": "-860", "VacuumRelative": "-860", "ZEndPosition": "48418500", "ZTargetPosition": "48411957"}, "Place": {"ActualPlacePosition": {"Angle": "-90001", "X": "138927", "Y": "22907"}, "AirkissPressure": "73", "BoardPanelId": "2", "HoldingCircuitPressure": "2147483647", "NominalPlacePosition": {"Angle": "-90000", "X": "138939", "Y": "22900"}, "ReferenceDesignator": "X501_CONN_DSUB_9_STE", "Result": "0", "TimeStampSinceStationStarted": "1279401.513763", "VacuumAbsolute": "-861", "VacuumRelative": "103", "ZEndPosition": "36309000", "ZTargetPosition": "36335574"}, "ElectricalMeasurement": null, "Dip": null}, {"HeadSegmentId": "66049", "Measures": {"MeasureList": [{"CameraIndividualId": "1033", "MeasurementResult": "0", "PhiDeviation": "2630", "TimeStampSinceStationStarted": "1279401.159088", "VisionDumpPath": "C:\\Sirio\\Work\\SvDumpFiles\\PartCameraDumps\\JID_103380228_OID_434030017_SEG_1_BE-Bibliothek.A5E00189819_R1279396704.svdmp", "XDeviation": "31304", "YDeviation": "149281"}]}, "Pick": {"ActualPickPosition": {"Angle": "0", "X": "15250", "Y": "-70500"}, "MeasuredComponentHeight": "0", "NominalPickPosition": {"Angle": "0", "X": "15242", "Y": "-70311"}, "PickupLocationId": "242", "Result": "0", "TimeStampSinceStationStarted": "1279400.124055", "VacuumAbsolute": "-750", "VacuumRelative": "-750", "ZEndPosition": "47366500", "ZTargetPosition": "47395513"}, "Place": {"ActualPlacePosition": {"Angle": "-1", "X": "194067", "Y": "151036"}, "AirkissPressure": "73", "BoardPanelId": "2", "HoldingCircuitPressure": "2147483647", "NominalPlacePosition": {"Angle": "0", "X": "194080", "Y": "151030"}, "ReferenceDesignator": "T2200_EX120_TRAFO_SC", "Result": "0", "TimeStampSinceStationStarted": "1279401.865049", "VacuumAbsolute": "-751", "VacuumRelative": "87", "ZEndPosition": "41449500", "ZTargetPosition": "41500662"}, "ElectricalMeasurement": null, "Dip": null}, {"HeadSegmentId": "67588", "Measures": {"MeasureList": [{"CameraIndividualId": "4033", "MeasurementResult": "0", "PhiDeviation": "-658238", "TimeStampSinceStationStarted": "1279403.224769", "VisionDumpPath": "C:\\Sirio\\Work\\SvDumpFiles\\PartCameraDumps\\JID_403361589_OID_434030019_SEG_1_BE-Bibliothek.A5E51102635_R1279398681.svdmp", "XDeviation": "-88127", "YDeviation": "27940"}]}, "Pick": {"ActualPickPosition": {"Angle": "0", "X": "15250", "Y": "-70500"}, "MeasuredComponentHeight": "0", "NominalPickPosition": {"Angle": "0", "X": "15153", "Y": "-70466"}, "PickupLocationId": "265", "Result": "0", "TimeStampSinceStationStarted": "1279402.101927", "VacuumAbsolute": "-821", "VacuumRelative": "-821", "ZEndPosition": "47249000", "ZTargetPosition": "47238632"}, "Place": {"ActualPlacePosition": {"Angle": "180000", "X": "69620", "Y": "48631"}, "AirkissPressure": "72", "BoardPanelId": "3", "HoldingCircuitPressure": "2147483647", "NominalPlacePosition": {"Angle": "180000", "X": "69619", "Y": "48630"}, "ReferenceDesignator": "D3_BGA_63_", "Result": "0", "TimeStampSinceStationStarted": "1279403.672469", "VacuumAbsolute": "-823", "VacuumRelative": "93", "ZEndPosition": "46302500", "ZTargetPosition": "46315196"}, "ElectricalMeasurement": null, "Dip": null}, {"HeadSegmentId": "133124", "Measures": {"MeasureList": [{"CameraIndividualId": "4033", "MeasurementResult": "0", "PhiDeviation": "391647", "TimeStampSinceStationStarted": "1279403.012624", "VisionDumpPath": "C:\\Sirio\\Work\\SvDumpFiles\\PartCameraDumps\\JID_403361590_OID_434030018_SEG_2_BE-Bibliothek.A5E44859639_R1279399077.svdmp", "XDeviation": "66402", "YDeviation": "23521"}]}, "Pick": {"ActualPickPosition": {"Angle": "0", "X": "6000", "Y": "-49500"}, "MeasuredComponentHeight": "0", "NominalPickPosition": {"Angle": "0", "X": "6048", "Y": "-49463"}, "PickupLocationId": "280", "Result": "0", "TimeStampSinceStationStarted": "1279402.496327", "VacuumAbsolute": "-844", "VacuumRelative": "-844", "ZEndPosition": "46277000", "ZTargetPosition": "46288068"}, "Place": {"ActualPlacePosition": {"Angle": "180000", "X": "150279", "Y": "162629"}, "AirkissPressure": "76", "BoardPanelId": "2", "HoldingCircuitPressure": "2147483647", "NominalPlacePosition": {"Angle": "180000", "X": "150280", "Y": "162630"}, "ReferenceDesignator": "U1704_SOP_8/SOIC_8_O", "Result": "0", "TimeStampSinceStationStarted": "1279404.003749", "VacuumAbsolute": "-845", "VacuumRelative": "97", "ZEndPosition": "43652000", "ZTargetPosition": "43669478"}, "ElectricalMeasurement": null, "Dip": null}, {"HeadSegmentId": "133124", "Measures": {"MeasureList": [{"CameraIndividualId": "4033", "MeasurementResult": "0", "PhiDeviation": "-355073", "TimeStampSinceStationStarted": "1279405.5656", "VisionDumpPath": "C:\\Sirio\\Work\\SvDumpFiles\\PartCameraDumps\\JID_403361591_OID_434030020_SEG_2_BE-Bibliothek.A5E44859639_R1279401302.svdmp", "XDeviation": "-167013", "YDeviation": "65400"}]}, "Pick": {"ActualPickPosition": {"Angle": "0", "X": "6000", "Y": "-49500"}, "MeasuredComponentHeight": "0", "NominalPickPosition": {"Angle": "0", "X": "6051", "Y": "-49462"}, "PickupLocationId": "280", "Result": "0", "TimeStampSinceStationStarted": "1279404.722445", "VacuumAbsolute": "-843", "VacuumRelative": "-843", "ZEndPosition": "46286000", "ZTargetPosition": "46285301"}, "Place": {"ActualPlacePosition": {"Angle": "180000", "X": "29782", "Y": "162629"}, "AirkissPressure": "71", "BoardPanelId": "3", "HoldingCircuitPressure": "2147483647", "NominalPlacePosition": {"Angle": "180000", "X": "29780", "Y": "162630"}, "ReferenceDesignator": "U1704_SOP_8/SOIC_8_O", "Result": "0", "TimeStampSinceStationStarted": "1279406.122293", "VacuumAbsolute": "-844", "VacuumRelative": "97", "ZEndPosition": "43878500", "ZTargetPosition": "43831082"}, "ElectricalMeasurement": null, "Dip": null}, {"HeadSegmentId": "67588", "Measures": {"MeasureList": [{"CameraIndividualId": "4033", "MeasurementResult": "0", "PhiDeviation": "-384757", "TimeStampSinceStationStarted": "1279405.777751", "VisionDumpPath": "C:\\Sirio\\Work\\SvDumpFiles\\PartCameraDumps\\JID_403361592_OID_434030021_SEG_1_BE-Bibliothek.A5E51102635_R1279401536.svdmp", "XDeviation": "-148563", "YDeviation": "-22407"}]}, "Pick": {"ActualPickPosition": {"Angle": "0", "X": "15250", "Y": "-70500"}, "MeasuredComponentHeight": "0", "NominalPickPosition": {"Angle": "0", "X": "15149", "Y": "-70464"}, "PickupLocationId": "265", "Result": "0", "TimeStampSinceStationStarted": "1279404.956638", "VacuumAbsolute": "-823", "VacuumRelative": "-823", "ZEndPosition": "47265000", "ZTargetPosition": "47241224"}, "Place": {"ActualPlacePosition": {"Angle": "180000", "X": "190117", "Y": "48631"}, "AirkissPressure": "73", "BoardPanelId": "2", "HoldingCircuitPressure": "2147483647", "NominalPlacePosition": {"Angle": "180000", "X": "190119", "Y": "48630"}, "ReferenceDesignator": "D3_BGA_63_", "Result": "0", "TimeStampSinceStationStarted": "1279406.513614", "VacuumAbsolute": "-825", "VacuumRelative": "94", "ZEndPosition": "46404000", "ZTargetPosition": "46482318"}, "ElectricalMeasurement": null, "Dip": null}, {"HeadSegmentId": "67588", "Measures": {"MeasureList": [{"CameraIndividualId": "4033", "MeasurementResult": "0", "PhiDeviation": "-30994", "TimeStampSinceStationStarted": "1279409.276285", "VisionDumpPath": "C:\\Sirio\\Work\\SvDumpFiles\\PartCameraDumps\\JID_403361593_OID_434030022_SEG_1_BE-Bibliothek.A5E44859639_R1279404821.svdmp", "XDeviation": "128636", "YDeviation": "46003"}]}, "Pick": {"ActualPickPosition": {"Angle": "0", "X": "6000", "Y": "-49500"}, "MeasuredComponentHeight": "0", "NominalPickPosition": {"Angle": "0", "X": "6043", "Y": "-49459"}, "PickupLocationId": "280", "Result": "0", "TimeStampSinceStationStarted": "1279408.241697", "VacuumAbsolute": "-850", "VacuumRelative": "-850", "ZEndPosition": "46215500", "ZTargetPosition": "46244475"}, "Place": {"ActualPlacePosition": {"Angle": "180000", "X": "143080", "Y": "162629"}, "AirkissPressure": "74", "BoardPanelId": "2", "HoldingCircuitPressure": "2147483647", "NominalPlacePosition": {"Angle": "180000", "X": "143080", "Y": "162630"}, "ReferenceDesignator": "U1700_SOP_8/SOIC_8_O", "Result": "0", "TimeStampSinceStationStarted": "1279409.69125", "VacuumAbsolute": "-852", "VacuumRelative": "99", "ZEndPosition": "43554000", "ZTargetPosition": "43575564"}, "ElectricalMeasurement": null, "Dip": null}, {"HeadSegmentId": "133124", "Measures": {"MeasureList": [{"CameraIndividualId": "4033", "MeasurementResult": "0", "PhiDeviation": "-174879", "TimeStampSinceStationStarted": "1279409.046173", "VisionDumpPath": "C:\\Sirio\\Work\\SvDumpFiles\\PartCameraDumps\\JID_403361594_OID_434030023_SEG_2_BE-Bibliothek.A5E44859639_R1279405109.svdmp", "XDeviation": "23708", "YDeviation": "17513"}]}, "Pick": {"ActualPickPosition": {"Angle": "0", "X": "6000", "Y": "-49500"}, "MeasuredComponentHeight": "0", "NominalPickPosition": {"Angle": "0", "X": "6043", "Y": "-49459"}, "PickupLocationId": "280", "Result": "0", "TimeStampSinceStationStarted": "1279408.528688", "VacuumAbsolute": "-843", "VacuumRelative": "-843", "ZEndPosition": "46287500", "ZTargetPosition": "46285475"}, "Place": {"ActualPlacePosition": {"Angle": "180000", "X": "36982", "Y": "162629"}, "AirkissPressure": "74", "BoardPanelId": "3", "HoldingCircuitPressure": "2147483647", "NominalPlacePosition": {"Angle": "180000", "X": "36980", "Y": "162630"}, "ReferenceDesignator": "U1800_SOP_8/SOIC_8_O", "Result": "0", "TimeStampSinceStationStarted": "1279409.984831", "VacuumAbsolute": "-844", "VacuumRelative": "97", "ZEndPosition": "43848500", "ZTargetPosition": "43821870"}, "ElectricalMeasurement": null, "Dip": null}]}, "HeadContext": {"HeadSegments": {"HeadSegment": [{"GantryId": "1", "Head": "1", "HeadName": "Twin Head 5xx", "Id": "66049", "NozzleTypeId": "581", "SegmentNumber": "1"}, {"GantryId": "4", "Head": "1", "HeadName": "Twin Head 5xx", "Id": "67588", "NozzleTypeId": "516", "SegmentNumber": "1"}, {"GantryId": "1", "Head": "1", "HeadName": "Twin Head 5xx", "Id": "131585", "NozzleTypeId": "517", "SegmentNumber": "2"}, {"GantryId": "4", "Head": "1", "HeadName": "Twin Head 5xx", "Id": "133124", "NozzleTypeId": "597", "SegmentNumber": "2"}]}}, "SetupContext": {"PickupLocations": {"PickupLocation": [{"Division": "1", "FeederId": "32FAUE900466", "FeederType": "288", "Id": "238", "Level": "0", "Location": "1", "StartTrackNumber": "7", "SubLocation": "1", "Tower": "0", "PackagingUid": "M05323114"}, {"Division": "1", "FeederId": "24KL-L205402", "FeederType": "280", "Id": "240", "Level": "0", "Location": "1", "StartTrackNumber": "14", "SubLocation": "1", "Tower": "0", "PackagingUid": "M05187742"}, {"Division": "1", "FeederId": "44KL-K305106", "FeederType": "300", "Id": "241", "Level": "0", "Location": "1", "StartTrackNumber": "17", "SubLocation": "1", "Tower": "0", "PackagingUid": "M04859692"}, {"Division": "1", "FeederId": "24KL-K305319", "FeederType": "280", "Id": "242", "Level": "0", "Location": "1", "StartTrackNumber": "22", "SubLocation": "1", "Tower": "0", "PackagingUid": "M04790527"}, {"Division": "1", "FeederId": "24FAUE900672", "FeederType": "280", "Id": "265", "Level": "0", "Location": "4", "StartTrackNumber": "1", "SubLocation": "1", "Tower": "0", "PackagingUid": "A00061484"}, {"Division": "1", "FeederId": "32FAUE000671", "FeederType": "288", "Id": "267", "Level": "0", "Location": "4", "StartTrackNumber": "16", "SubLocation": "1", "Tower": "0", "PackagingUid": "M05305960"}, {"Division": "1", "FeederId": "32FAUE900659", "FeederType": "288", "Id": "271", "Level": "0", "Location": "4", "StartTrackNumber": "28", "SubLocation": "1", "Tower": "0", "PackagingUid": "M05299897"}, {"Division": "1", "FeederId": "12KL-F105078", "FeederType": "268", "Id": "280", "Level": "0", "Location": "4", "StartTrackNumber": "14", "SubLocation": "1", "Tower": "0", "PackagingUid": "M05245903"}]}}}}, "ProductionEndedData": {"StationTime": "2021-11-30T05:54:58.9630000+08:00", "TimeStampSinceStationStarted": "1279410.271232"}}