{"name": "PDI_Line5_3842347250_20211130013115.txt", "Timestamp": "2021-11-30T01:31:05.5448551+08:00", "TxnID": "d36625b6-4552-4849-8fcf-1303736eebea", "Line": "SEWC-Lines\\Line5", "Machine": "Line5\\ST3_X3 S", "ProductionStartedData": [{"ConveyorLanePosition": "2", "ConveyorStopperPosition": "1", "Pcb": {"BarcodeReaderPosition": "0", "BoardSide": "1", "IndividualGUID": "fa3ae347-fd89-430c-9380-9471fdff8eda", "LineJobGUID": "3a5e1e40-f5b9-457f-8e3c-d7ab63795644", "Path": "STAB\\A5E50302021lt01", "PcbIndividualID": "41876", "RecipePath": "Line5\\Smart_CPU_L5_702SAF\\A5E50302021lt01", "Barcode": "", "OrderNumber": null}, "ProcessingAreaPosition": "2", "SetupPath": "Line5\\Smart_CPU_L5_702SAF", "StationTime": "2021-11-30T01:28:42.5880000+08:00", "TimeStampSinceStationStarted": "1263433.975437"}], "BoardPositionsList": {"BoardPositions": [{"ActualPosition": {"Angle": "-67", "X": "458125", "Y": "16923", "Z": "-5000"}, "FiducialPositions": {"FiducialRecognitionResult": []}, "NominalPosition": {"Angle": "0", "X": "458392", "Y": "16359", "Z": "-5000"}}]}, "ProgressDataList": {"ProductionProgressData": {"BoardContext": {"BoardPanels": {"BoardPanel": [{"Id": "2", "PanelPath": "A5E50302021lt01/A1"}, {"Id": "3", "PanelPath": "A5E50302021lt01/B1"}]}}, "ComponentIndividuals": {"ComponentIndividual": [{"HeadSegmentId": "66819", "Measures": {"MeasureList": [{"CameraIndividualId": "3033", "MeasurementResult": "0", "PhiDeviation": "-548081", "TimeStampSinceStationStarted": "1263439.30937", "VisionDumpPath": "C:\\Sirio\\Work\\SvDumpFiles\\PartCameraDumps\\JID_303375632_OID_418760004_SEG_1_BE-Bibliothek.A5E01058093_R1263433887.svdmp", "XDeviation": "-11022", "YDeviation": "67946"}]}, "Pick": {"ActualPickPosition": {"Angle": "0", "X": "23950", "Y": "-70500"}, "MeasuredComponentHeight": "0", "NominalPickPosition": {"Angle": "0", "X": "23958", "Y": "-70517"}, "PickupLocationId": "263", "Result": "0", "TimeStampSinceStationStarted": "1263437.385664", "VacuumAbsolute": "-454", "VacuumRelative": "-454", "ZEndPosition": "50328000", "ZTargetPosition": "50320122"}, "Place": {"ActualPlacePosition": {"Angle": "-180000", "X": "32392", "Y": "69801"}, "AirkissPressure": "71", "BoardPanelId": "2", "HoldingCircuitPressure": "2147483647", "NominalPlacePosition": {"Angle": "180000", "X": "32420", "Y": "69810"}, "ReferenceDesignator": "X102_CONN_28_STECK_R", "Result": "0", "TimeStampSinceStationStarted": "1263440.668627", "VacuumAbsolute": "-454", "VacuumRelative": "27", "ZEndPosition": "41745500", "ZTargetPosition": "41717966"}, "ElectricalMeasurement": null, "Dip": null}, {"HeadSegmentId": "132355", "Measures": {"MeasureList": [{"CameraIndividualId": "3033", "MeasurementResult": "0", "PhiDeviation": "155428", "TimeStampSinceStationStarted": "1263439.835504", "VisionDumpPath": "C:\\Sirio\\Work\\SvDumpFiles\\PartCameraDumps\\JID_303375633_OID_418760005_SEG_2_BE-Bibliothek.A5E01058093_R1263434537.svdmp", "XDeviation": "-80139", "YDeviation": "68235"}]}, "Pick": {"ActualPickPosition": {"Angle": "0", "X": "23950", "Y": "-70500"}, "MeasuredComponentHeight": "0", "NominalPickPosition": {"Angle": "0", "X": "23958", "Y": "-70517"}, "PickupLocationId": "263", "Result": "0", "TimeStampSinceStationStarted": "1263438.035888", "VacuumAbsolute": "-450", "VacuumRelative": "-450", "ZEndPosition": "50294500", "ZTargetPosition": "50335092"}, "Place": {"ActualPlacePosition": {"Angle": "-180000", "X": "152928", "Y": "69801"}, "AirkissPressure": "71", "BoardPanelId": "3", "HoldingCircuitPressure": "2147483647", "NominalPlacePosition": {"Angle": "180000", "X": "152920", "Y": "69810"}, "ReferenceDesignator": "X102_CONN_28_STECK_R", "Result": "0", "TimeStampSinceStationStarted": "1263441.138784", "VacuumAbsolute": "-459", "VacuumRelative": "36", "ZEndPosition": "41748000", "ZTargetPosition": "41754420"}, "ElectricalMeasurement": null, "Dip": null}]}, "HeadContext": {"HeadSegments": {"HeadSegment": [{"GantryId": "3", "Head": "1", "HeadName": "Twin Head 5xx", "Id": "66819", "NozzleTypeId": "573", "SegmentNumber": "1"}, {"GantryId": "3", "Head": "1", "HeadName": "Twin Head 5xx", "Id": "132355", "NozzleTypeId": "573", "SegmentNumber": "2"}]}}, "SetupContext": {"PickupLocations": {"PickupLocation": [{"Division": "1", "FeederId": "44FAUD200890", "FeederType": "300", "Id": "263", "Level": "0", "Location": "3", "StartTrackNumber": "30", "SubLocation": "1", "Tower": "0", "PackagingUid": "M05298566"}]}}}}, "ProductionEndedData": {"StationTime": "2021-11-30T01:28:50.2100000+08:00", "TimeStampSinceStationStarted": "1263441.596623"}}