{"name": "PDI_Line5_4227719919_20211130011403.txt", "Timestamp": "2021-11-30T01:13:36.7814348+08:00", "TxnID": "ed81c1f8-8314-4ae5-ab5e-826090f15a54", "Line": "SEWC-Lines\\Line5", "Machine": "Line5\\ST1_X4 S", "ProductionStartedData": [{"ConveyorLanePosition": "1", "ConveyorStopperPosition": "1", "Pcb": {"BarcodeReaderPosition": "0", "BoardSide": "1", "IndividualGUID": "582a7cd8-927e-460c-bc21-caaa973746f3", "LineJobGUID": "3a5e1e40-f5b9-457f-8e3c-d7ab63795644", "Path": "STAB\\A5E50302021lt01", "PcbIndividualID": "3913", "RecipePath": "Line5\\Smart_CPU_L5_702SAF\\A5E50302021lt01", "Barcode": "", "OrderNumber": null}, "ProcessingAreaPosition": "2", "SetupPath": "Line5\\Smart_CPU_L5_702SAF", "StationTime": "2021-11-30T01:12:04.6320000+08:00", "TimeStampSinceStationStarted": "108705.797735"}], "BoardPositionsList": {"BoardPositions": [{"ActualPosition": {"Angle": "-67", "X": "457878", "Y": "-233996", "Z": "-5000"}, "FiducialPositions": {"FiducialRecognitionResult": []}, "NominalPosition": {"Angle": "0", "X": "458025", "Y": "-234846", "Z": "-5000"}}]}, "ProgressDataList": {"ProductionProgressData": {"BoardContext": {"BoardPanels": {"BoardPanel": [{"Id": "2", "PanelPath": "A5E50302021lt01/A1"}, {"Id": "3", "PanelPath": "A5E50302021lt01/B1"}]}}, "ComponentIndividuals": {"ComponentIndividual": [{"HeadSegmentId": "985091", "Measures": {"MeasureList": [{"CameraIndividualId": "3023", "MeasurementResult": "0", "PhiDeviation": "-764738", "TimeStampSinceStationStarted": "108726.090918", "VisionDumpPath": "C:\\Sirio\\Work\\SvDumpFiles\\PartCameraDumps\\JID_302309827_OID_39130391_SEG_15_BE-Bibliothek.A5E00257456_R108716576.svdmp", "XDeviation": "23334", "YDeviation": "-2475"}]}, "Pick": {"ActualPickPosition": {"Angle": "180000", "X": "877", "Y": "-51018"}, "MeasuredComponentHeight": "799158", "NominalPickPosition": {"Angle": "180000", "X": "917", "Y": "-50918"}, "PickupLocationId": "84", "Result": "0", "TimeStampSinceStationStarted": "108725.853104", "VacuumAbsolute": "-706", "VacuumRelative": "-706", "ZEndPosition": "9340500", "ZTargetPosition": "9329738"}, "Place": {"ActualPlacePosition": {"Angle": "-180000", "X": "101866", "Y": "18391"}, "AirkissPressure": "104", "BoardPanelId": "2", "HoldingCircuitPressure": "-691", "NominalPlacePosition": {"Angle": "180000", "X": "101870", "Y": "18980"}, "ReferenceDesignator": "C501_0603_KOND_KER_V", "Result": "0", "TimeStampSinceStationStarted": "108727.843036", "VacuumAbsolute": "-717", "VacuumRelative": "70", "ZEndPosition": "10175500", "ZTargetPosition": "10161364"}, "ElectricalMeasurement": null, "Dip": null}, {"HeadSegmentId": "1050627", "Measures": {"MeasureList": [{"CameraIndividualId": "3023", "MeasurementResult": "0", "PhiDeviation": "-548168", "TimeStampSinceStationStarted": "108726.124364", "VisionDumpPath": "C:\\Sirio\\Work\\SvDumpFiles\\PartCameraDumps\\JID_302309828_OID_39130392_SEG_16_BE-Bibliothek.A5E00257456_R108716626.svdmp", "XDeviation": "81206", "YDeviation": "126"}]}, "Pick": {"ActualPickPosition": {"Angle": "180000", "X": "877", "Y": "-51018"}, "MeasuredComponentHeight": "764647", "NominalPickPosition": {"Angle": "180000", "X": "917", "Y": "-50918"}, "PickupLocationId": "84", "Result": "0", "TimeStampSinceStationStarted": "108725.903392", "VacuumAbsolute": "-711", "VacuumRelative": "-711", "ZEndPosition": "9322500", "ZTargetPosition": "9320928"}, "Place": {"ActualPlacePosition": {"Angle": "-180000", "X": "222393", "Y": "18392"}, "AirkissPressure": "102", "BoardPanelId": "3", "HoldingCircuitPressure": "-695", "NominalPlacePosition": {"Angle": "180000", "X": "222370", "Y": "18980"}, "ReferenceDesignator": "C501_0603_KOND_KER_V", "Result": "0", "TimeStampSinceStationStarted": "108727.969548", "VacuumAbsolute": "-737", "VacuumRelative": "67", "ZEndPosition": "10133500", "ZTargetPosition": "10147097"}, "ElectricalMeasurement": null, "Dip": null}]}, "HeadContext": {"HeadSegments": {"HeadSegment": [{"GantryId": "3", "Head": "1", "HeadName": "C&P 20 P 4xxx", "Id": "985091", "NozzleTypeId": "4004", "SegmentNumber": "15"}, {"GantryId": "3", "Head": "1", "HeadName": "C&P 20 P 4xxx", "Id": "1050627", "NozzleTypeId": "4004", "SegmentNumber": "16"}]}}, "SetupContext": {"PickupLocations": {"PickupLocation": [{"Division": "1", "FeederId": "08KL-K806307", "FeederType": "264", "Id": "84", "Level": "0", "Location": "3", "StartTrackNumber": "10", "SubLocation": "1", "Tower": "0", "PackagingUid": "M05307987"}]}}}}, "ProductionEndedData": {"StationTime": "2021-11-30T01:12:26.8850000+08:00", "TimeStampSinceStationStarted": "108728.050518"}}