{"name": "PDI_Line5_3876157818_20211130073544.txt", "Timestamp": "2021-11-30T07:35:12.7412410+08:00", "TxnID": "51341e1f-4812-453d-bffc-69f5bba88224", "Line": "SEWC-Lines\\Line5", "Machine": "Line5\\ST3_X3 S", "ProductionStartedData": [{"ConveyorLanePosition": "2", "ConveyorStopperPosition": "1", "Pcb": {"BarcodeReaderPosition": "0", "BoardSide": "1", "IndividualGUID": "e3b26c7f-f8f0-450e-8a54-dc0429ed4c9e", "LineJobGUID": "5fdb5b23-5b59-4b4e-ab1d-ed8a85069eae", "Path": "STAB\\A5E50302021bt01", "PcbIndividualID": "42578", "RecipePath": "Line5\\Smart_CPU_L5_702SAF\\A5E50302021bt01", "Barcode": "", "OrderNumber": null}, "ProcessingAreaPosition": "1", "SetupPath": "Line5\\Smart_CPU_L5_702SAF", "StationTime": "2021-11-30T07:32:48.9520000+08:00", "TimeStampSinceStationStarted": "1285280.230144"}], "BoardPositionsList": {"BoardPositions": [{"ActualPosition": {"Angle": "64", "X": "-528020", "Y": "16741", "Z": "-5000"}, "FiducialPositions": {"FiducialRecognitionResult": [{"ActualPosition": {"Angle": "48", "X": "6351", "Y": "10583", "Z": null}, "CameraIndividualId": "4034", "FiducialFunction": "0", "GantryId": "4", "MeasurementResult": "0", "NominalPosition": {"Angle": "0", "X": "6480", "Y": "10530", "Z": null}, "Path": "A5E50302021bt01/1/02/1", "StationTime": "2021-11-30T07:32:48.9520000+08:00", "TimeStampSinceStationStarted": "1285280.230144"}, {"ActualPosition": {"Angle": "28", "X": "241503", "Y": "192346", "Z": null}, "CameraIndividualId": "4034", "FiducialFunction": "0", "GantryId": "4", "MeasurementResult": "0", "NominalPosition": {"Angle": "0", "X": "241830", "Y": "192030", "Z": null}, "Path": "A5E50302021bt01/1/01/1", "StationTime": "2021-11-30T07:32:48.9520000+08:00", "TimeStampSinceStationStarted": "1285280.230144"}]}, "NominalPosition": {"Angle": "0", "X": "-527904", "Y": "16695", "Z": "-5000"}}]}, "ProgressDataList": {"ProductionProgressData": {"BoardContext": {"BoardPanels": {"BoardPanel": [{"Id": "2", "PanelPath": "A5E50302021bt01/A1"}, {"Id": "3", "PanelPath": "A5E50302021bt01/B1"}]}}, "ComponentIndividuals": {"ComponentIndividual": [{"HeadSegmentId": "66049", "Measures": {"MeasureList": [{"CameraIndividualId": "1033", "MeasurementResult": "0", "PhiDeviation": "-219725", "TimeStampSinceStationStarted": "1285282.473276", "VisionDumpPath": "C:\\Sirio\\Work\\SvDumpFiles\\PartCameraDumps\\JID_103381844_OID_425780000_SEG_1_BE-Bibliothek.A5E01114436_R1285278163.svdmp", "XDeviation": "-65936", "YDeviation": "67505"}]}, "Pick": {"ActualPickPosition": {"Angle": "180000", "X": "17950", "Y": "-70500"}, "MeasuredComponentHeight": "0", "NominalPickPosition": {"Angle": "180000", "X": "18045", "Y": "-70907"}, "PickupLocationId": "238", "Result": "0", "TimeStampSinceStationStarted": "1285281.553077", "VacuumAbsolute": "-781", "VacuumRelative": "-781", "ZEndPosition": "43456500", "ZTargetPosition": "43458796"}, "Place": {"ActualPlacePosition": {"Angle": "179999", "X": "100449", "Y": "171766"}, "AirkissPressure": "72", "BoardPanelId": "3", "HoldingCircuitPressure": "2147483647", "NominalPlacePosition": {"Angle": "180000", "X": "100457", "Y": "171753"}, "ReferenceDesignator": "X605_CONN_8_STECK_RC", "Result": "0", "TimeStampSinceStationStarted": "1285283.058342", "VacuumAbsolute": "-819", "VacuumRelative": "100", "ZEndPosition": "40116500", "ZTargetPosition": "40137845"}, "ElectricalMeasurement": null, "Dip": null}, {"HeadSegmentId": "131585", "Measures": {"MeasureList": [{"CameraIndividualId": "1033", "MeasurementResult": "0", "PhiDeviation": "-6403", "TimeStampSinceStationStarted": "1285282.638387", "VisionDumpPath": "C:\\Sirio\\Work\\SvDumpFiles\\PartCameraDumps\\JID_103381845_OID_425780001_SEG_2_BE-Bibliothek.A5E00189819_R1285278435.svdmp", "XDeviation": "-87621", "YDeviation": "-148235"}]}, "Pick": {"ActualPickPosition": {"Angle": "0", "X": "15250", "Y": "-70500"}, "MeasuredComponentHeight": "0", "NominalPickPosition": {"Angle": "0", "X": "15054", "Y": "-70447"}, "PickupLocationId": "242", "Result": "0", "TimeStampSinceStationStarted": "1285281.825496", "VacuumAbsolute": "-833", "VacuumRelative": "-833", "ZEndPosition": "47376000", "ZTargetPosition": "47421970"}, "Place": {"ActualPlacePosition": {"Angle": "-1", "X": "73572", "Y": "151042"}, "AirkissPressure": "76", "BoardPanelId": "3", "HoldingCircuitPressure": "2147483647", "NominalPlacePosition": {"Angle": "0", "X": "73580", "Y": "151030"}, "ReferenceDesignator": "T2200_EX120_TRAFO_SC", "Result": "0", "TimeStampSinceStationStarted": "1285283.222199", "VacuumAbsolute": "-835", "VacuumRelative": "98", "ZEndPosition": "41249500", "ZTargetPosition": "41271101"}, "ElectricalMeasurement": null, "Dip": null}, {"HeadSegmentId": "133124", "Measures": {"MeasureList": [{"CameraIndividualId": "4033", "MeasurementResult": "0", "PhiDeviation": "1419536", "TimeStampSinceStationStarted": "1285283.781807", "VisionDumpPath": "C:\\Sirio\\Work\\SvDumpFiles\\PartCameraDumps\\JID_403363849_OID_425780002_SEG_2_BE-Bibliothek.A5E44859639_R1285277935.svdmp", "XDeviation": "-50931", "YDeviation": "-53030"}]}, "Pick": {"ActualPickPosition": {"Angle": "0", "X": "6000", "Y": "-49500"}, "MeasuredComponentHeight": "0", "NominalPickPosition": {"Angle": "0", "X": "6039", "Y": "-49462"}, "PickupLocationId": "280", "Result": "0", "TimeStampSinceStationStarted": "1285281.325438", "VacuumAbsolute": "-853", "VacuumRelative": "-853", "ZEndPosition": "46281000", "ZTargetPosition": "46266532"}, "Place": {"ActualPlacePosition": {"Angle": "180000", "X": "22578", "Y": "162631"}, "AirkissPressure": "75", "BoardPanelId": "3", "HoldingCircuitPressure": "2147483647", "NominalPlacePosition": {"Angle": "180000", "X": "22580", "Y": "162630"}, "ReferenceDesignator": "U1700_SOP_8/SOIC_8_O", "Result": "0", "TimeStampSinceStationStarted": "1285284.239351", "VacuumAbsolute": "-854", "VacuumRelative": "99", "ZEndPosition": "43687500", "ZTargetPosition": "43697848"}, "ElectricalMeasurement": null, "Dip": null}, {"HeadSegmentId": "67588", "Measures": {"MeasureList": [{"CameraIndividualId": "4033", "MeasurementResult": "0", "PhiDeviation": "-327069", "TimeStampSinceStationStarted": "1285283.994113", "VisionDumpPath": "C:\\Sirio\\Work\\SvDumpFiles\\PartCameraDumps\\JID_403363850_OID_425780003_SEG_1_BE-Bibliothek.A5E45275537_R1285278268.svdmp", "XDeviation": "-180564", "YDeviation": "46326"}]}, "Pick": {"ActualPickPosition": {"Angle": "0", "X": "17470", "Y": "-70910"}, "MeasuredComponentHeight": "0", "NominalPickPosition": {"Angle": "0", "X": "17912", "Y": "-70896"}, "PickupLocationId": "271", "Result": "0", "TimeStampSinceStationStarted": "1285281.658652", "VacuumAbsolute": "-809", "VacuumRelative": "-809", "ZEndPosition": "47143500", "ZTargetPosition": "47091737"}, "Place": {"ActualPlacePosition": {"Angle": "180000", "X": "51774", "Y": "74120"}, "AirkissPressure": "74", "BoardPanelId": "3", "HoldingCircuitPressure": "2147483647", "NominalPlacePosition": {"Angle": "180000", "X": "51775", "Y": "74120"}, "ReferenceDesignator": "X601_CONN_16_STECK_R", "Result": "0", "TimeStampSinceStationStarted": "1285284.563117", "VacuumAbsolute": "-832", "VacuumRelative": "94", "ZEndPosition": "38946500", "ZTargetPosition": "38944186"}, "ElectricalMeasurement": null, "Dip": null}, {"HeadSegmentId": "66049", "Measures": {"MeasureList": [{"CameraIndividualId": "1033", "MeasurementResult": "0", "PhiDeviation": "-594030", "TimeStampSinceStationStarted": "1285284.599841", "VisionDumpPath": "C:\\Sirio\\Work\\SvDumpFiles\\PartCameraDumps\\JID_103381846_OID_425780004_SEG_1_BE-Bibliothek.A5E01114436_R1285280528.svdmp", "XDeviation": "18946", "YDeviation": "-32925"}]}, "Pick": {"ActualPickPosition": {"Angle": "180000", "X": "17950", "Y": "-70500"}, "MeasuredComponentHeight": "0", "NominalPickPosition": {"Angle": "180000", "X": "18049", "Y": "-70910"}, "PickupLocationId": "238", "Result": "0", "TimeStampSinceStationStarted": "1285283.918269", "VacuumAbsolute": "-782", "VacuumRelative": "-782", "ZEndPosition": "43460000", "ZTargetPosition": "43458222"}, "Place": {"ActualPlacePosition": {"Angle": "179999", "X": "220949", "Y": "171764"}, "AirkissPressure": "72", "BoardPanelId": "2", "HoldingCircuitPressure": "2147483647", "NominalPlacePosition": {"Angle": "180000", "X": "220957", "Y": "171753"}, "ReferenceDesignator": "X605_CONN_8_STECK_RC", "Result": "0", "TimeStampSinceStationStarted": "1285285.085686", "VacuumAbsolute": "-823", "VacuumRelative": "101", "ZEndPosition": "40354500", "ZTargetPosition": "40378395"}, "ElectricalMeasurement": null, "Dip": null}, {"HeadSegmentId": "131585", "Measures": {"MeasureList": [{"CameraIndividualId": "1033", "MeasurementResult": "0", "PhiDeviation": "1222769", "TimeStampSinceStationStarted": "1285284.741611", "VisionDumpPath": "C:\\Sirio\\Work\\SvDumpFiles\\PartCameraDumps\\JID_103381847_OID_425780005_SEG_2_BE-Bibliothek.A5E00701727_R1285280750.svdmp", "XDeviation": "-54625", "YDeviation": "167882"}]}, "Pick": {"ActualPickPosition": {"Angle": "180000", "X": "15250", "Y": "-70500"}, "MeasuredComponentHeight": "0", "NominalPickPosition": {"Angle": "180000", "X": "15228", "Y": "-70492"}, "PickupLocationId": "240", "Result": "0", "TimeStampSinceStationStarted": "1285284.140076", "VacuumAbsolute": "-806", "VacuumRelative": "-806", "ZEndPosition": "47042500", "ZTargetPosition": "47039976"}, "Place": {"ActualPlacePosition": {"Angle": "-1", "X": "88572", "Y": "151142"}, "AirkissPressure": "78", "BoardPanelId": "3", "HoldingCircuitPressure": "2147483647", "NominalPlacePosition": {"Angle": "0", "X": "88580", "Y": "151130"}, "ReferenceDesignator": "C2209_CAPA_2_22_KOND", "Result": "0", "TimeStampSinceStationStarted": "1285285.272543", "VacuumAbsolute": "-817", "VacuumRelative": "93", "ZEndPosition": "36716000", "ZTargetPosition": "36722940"}, "ElectricalMeasurement": null, "Dip": null}, {"HeadSegmentId": "133124", "Measures": {"MeasureList": [{"CameraIndividualId": "4033", "MeasurementResult": "0", "PhiDeviation": "-93436", "TimeStampSinceStationStarted": "1285286.059542", "VisionDumpPath": "C:\\Sirio\\Work\\SvDumpFiles\\PartCameraDumps\\JID_403363851_OID_425780006_SEG_2_BE-Bibliothek.A5E44859639_R1285281735.svdmp", "XDeviation": "-153282", "YDeviation": "-51682"}]}, "Pick": {"ActualPickPosition": {"Angle": "0", "X": "6000", "Y": "-49500"}, "MeasuredComponentHeight": "0", "NominalPickPosition": {"Angle": "0", "X": "6036", "Y": "-49464"}, "PickupLocationId": "280", "Result": "0", "TimeStampSinceStationStarted": "1285285.124673", "VacuumAbsolute": "-852", "VacuumRelative": "-852", "ZEndPosition": "46287000", "ZTargetPosition": "46270149"}, "Place": {"ActualPlacePosition": {"Angle": "180000", "X": "157481", "Y": "162631"}, "AirkissPressure": "73", "BoardPanelId": "2", "HoldingCircuitPressure": "2147483647", "NominalPlacePosition": {"Angle": "180000", "X": "157480", "Y": "162630"}, "ReferenceDesignator": "U1800_SOP_8/SOIC_8_O", "Result": "0", "TimeStampSinceStationStarted": "1285286.51732", "VacuumAbsolute": "-853", "VacuumRelative": "99", "ZEndPosition": "43653000", "ZTargetPosition": "43674674"}, "ElectricalMeasurement": null, "Dip": null}, {"HeadSegmentId": "67588", "Measures": {"MeasureList": [{"CameraIndividualId": "4033", "MeasurementResult": "0", "PhiDeviation": "666753", "TimeStampSinceStationStarted": "1285286.272", "VisionDumpPath": "C:\\Sirio\\Work\\SvDumpFiles\\PartCameraDumps\\JID_403363852_OID_425780007_SEG_1_BE-Bibliothek.A5E45275537_R1285282070.svdmp", "XDeviation": "88123", "YDeviation": "75432"}]}, "Pick": {"ActualPickPosition": {"Angle": "0", "X": "17470", "Y": "-70910"}, "MeasuredComponentHeight": "0", "NominalPickPosition": {"Angle": "0", "X": "17903", "Y": "-70894"}, "PickupLocationId": "271", "Result": "0", "TimeStampSinceStationStarted": "1285285.45982", "VacuumAbsolute": "-541", "VacuumRelative": "-541", "ZEndPosition": "47133500", "ZTargetPosition": "47104678"}, "Place": {"ActualPlacePosition": {"Angle": "180000", "X": "172276", "Y": "74120"}, "AirkissPressure": "71", "BoardPanelId": "2", "HoldingCircuitPressure": "2147483647", "NominalPlacePosition": {"Angle": "180000", "X": "172275", "Y": "74120"}, "ReferenceDesignator": "X601_CONN_16_STECK_R", "Result": "0", "TimeStampSinceStationStarted": "1285286.851081", "VacuumAbsolute": "-544", "VacuumRelative": "29", "ZEndPosition": "39120000", "ZTargetPosition": "39163473"}, "ElectricalMeasurement": null, "Dip": null}, {"HeadSegmentId": "66049", "Measures": {"MeasureList": [{"CameraIndividualId": "1033", "MeasurementResult": "0", "PhiDeviation": "-728863", "TimeStampSinceStationStarted": "1285288.040022", "VisionDumpPath": "C:\\Sirio\\Work\\SvDumpFiles\\PartCameraDumps\\JID_103381848_OID_425780008_SEG_1_BE-Bibliothek.A5E00701727_R1285283944.svdmp", "XDeviation": "171795", "YDeviation": "268478"}]}, "Pick": {"ActualPickPosition": {"Angle": "180000", "X": "15250", "Y": "-70500"}, "MeasuredComponentHeight": "0", "NominalPickPosition": {"Angle": "180000", "X": "15231", "Y": "-70501"}, "PickupLocationId": "240", "Result": "0", "TimeStampSinceStationStarted": "1285287.334914", "VacuumAbsolute": "-796", "VacuumRelative": "-796", "ZEndPosition": "46910000", "ZTargetPosition": "47003607"}, "Place": {"ActualPlacePosition": {"Angle": "-1", "X": "209071", "Y": "151140"}, "AirkissPressure": "74", "BoardPanelId": "2", "HoldingCircuitPressure": "2147483647", "NominalPlacePosition": {"Angle": "0", "X": "209080", "Y": "151130"}, "ReferenceDesignator": "C2209_CAPA_2_22_KOND", "Result": "0", "TimeStampSinceStationStarted": "1285288.531021", "VacuumAbsolute": "-808", "VacuumRelative": "98", "ZEndPosition": "36915500", "ZTargetPosition": "36966264"}, "ElectricalMeasurement": null, "Dip": null}, {"HeadSegmentId": "131585", "Measures": {"MeasureList": [{"CameraIndividualId": "1033", "MeasurementResult": "0", "PhiDeviation": "-1050788", "TimeStampSinceStationStarted": "1285288.179953", "VisionDumpPath": "C:\\Sirio\\Work\\SvDumpFiles\\PartCameraDumps\\JID_103381849_OID_425780009_SEG_2_BE-Bibliothek.A5E00701727_R1285284190.svdmp", "XDeviation": "-107223", "YDeviation": "176894"}]}, "Pick": {"ActualPickPosition": {"Angle": "180000", "X": "15250", "Y": "-70500"}, "MeasuredComponentHeight": "0", "NominalPickPosition": {"Angle": "180000", "X": "15231", "Y": "-70501"}, "PickupLocationId": "240", "Result": "0", "TimeStampSinceStationStarted": "1285287.581181", "VacuumAbsolute": "-816", "VacuumRelative": "-816", "ZEndPosition": "47006000", "ZTargetPosition": "47040607"}, "Place": {"ActualPlacePosition": {"Angle": "-1", "X": "102572", "Y": "151142"}, "AirkissPressure": "71", "BoardPanelId": "3", "HoldingCircuitPressure": "2147483647", "NominalPlacePosition": {"Angle": "0", "X": "102580", "Y": "151130"}, "ReferenceDesignator": "C2206_CAPA_2_22_KOND", "Result": "0", "TimeStampSinceStationStarted": "1285288.703641", "VacuumAbsolute": "-829", "VacuumRelative": "96", "ZEndPosition": "36719500", "ZTargetPosition": "36728836"}, "ElectricalMeasurement": null, "Dip": null}, {"HeadSegmentId": "133124", "Measures": {"MeasureList": [{"CameraIndividualId": "4033", "MeasurementResult": "0", "PhiDeviation": "-36486", "TimeStampSinceStationStarted": "1285289.274529", "VisionDumpPath": "C:\\Sirio\\Work\\SvDumpFiles\\PartCameraDumps\\JID_403363853_OID_425780010_SEG_2_BE-Bibliothek.A5E44859639_R1285284017.svdmp", "XDeviation": "-142102", "YDeviation": "68066"}]}, "Pick": {"ActualPickPosition": {"Angle": "0", "X": "6000", "Y": "-49500"}, "MeasuredComponentHeight": "0", "NominalPickPosition": {"Angle": "0", "X": "6029", "Y": "-49467"}, "PickupLocationId": "280", "Result": "0", "TimeStampSinceStationStarted": "1285287.407381", "VacuumAbsolute": "-852", "VacuumRelative": "-852", "ZEndPosition": "46250500", "ZTargetPosition": "46274362"}, "Place": {"ActualPlacePosition": {"Angle": "180000", "X": "34642", "Y": "25850"}, "AirkissPressure": "76", "BoardPanelId": "3", "HoldingCircuitPressure": "2147483647", "NominalPlacePosition": {"Angle": "180000", "X": "34643", "Y": "25851"}, "ReferenceDesignator": "U500_SOP_8/SOIC_8_OP", "Result": "0", "TimeStampSinceStationStarted": "1285290.003191", "VacuumAbsolute": "-852", "VacuumRelative": "98", "ZEndPosition": "43760500", "ZTargetPosition": "43786429"}, "ElectricalMeasurement": null, "Dip": null}, {"HeadSegmentId": "67588", "Measures": {"MeasureList": [{"CameraIndividualId": "4033", "MeasurementResult": "0", "PhiDeviation": "-536005", "TimeStampSinceStationStarted": "1285289.56832", "VisionDumpPath": "C:\\Sirio\\Work\\SvDumpFiles\\PartCameraDumps\\JID_403363854_OID_425780011_SEG_1_BE-Bibliothek.A5E30248076_R1285284275.svdmp", "XDeviation": "-741333", "YDeviation": "-857906"}]}, "Pick": {"ActualPickPosition": {"Angle": "180000", "X": "17020", "Y": "-69475"}, "MeasuredComponentHeight": "0", "NominalPickPosition": {"Angle": "180000", "X": "17020", "Y": "-69475"}, "PickupLocationId": "267", "Result": "0", "TimeStampSinceStationStarted": "1285287.665381", "VacuumAbsolute": "-820", "VacuumRelative": "-820", "ZEndPosition": "47302000", "ZTargetPosition": "47307092"}, "Place": {"ActualPlacePosition": {"Angle": "180000", "X": "103250", "Y": "30529"}, "AirkissPressure": "75", "BoardPanelId": "3", "HoldingCircuitPressure": "2147483647", "NominalPlacePosition": {"Angle": "180000", "X": "103250", "Y": "30530"}, "ReferenceDesignator": "X802_CONN_8_38_SONST", "Result": "0", "TimeStampSinceStationStarted": "1285290.270796", "VacuumAbsolute": "-821", "VacuumRelative": "91", "ZEndPosition": "33131500", "ZTargetPosition": "31688375"}, "ElectricalMeasurement": null, "Dip": null}, {"HeadSegmentId": "66049", "Measures": {"MeasureList": [{"CameraIndividualId": "1033", "MeasurementResult": "0", "PhiDeviation": "211491", "TimeStampSinceStationStarted": "1285291.2667", "VisionDumpPath": "C:\\Sirio\\Work\\SvDumpFiles\\PartCameraDumps\\JID_103381850_OID_425780013_SEG_1_BE-Bibliothek.A5E00701727_R1285286843.svdmp", "XDeviation": "-65801", "YDeviation": "-28867"}]}, "Pick": {"ActualPickPosition": {"Angle": "180000", "X": "15250", "Y": "-70500"}, "MeasuredComponentHeight": "0", "NominalPickPosition": {"Angle": "180000", "X": "15228", "Y": "-70522"}, "PickupLocationId": "240", "Result": "0", "TimeStampSinceStationStarted": "1285290.232841", "VacuumAbsolute": "-798", "VacuumRelative": "-798", "ZEndPosition": "47009500", "ZTargetPosition": "46977404"}, "Place": {"ActualPlacePosition": {"Angle": "-1", "X": "223071", "Y": "151140"}, "AirkissPressure": "72", "BoardPanelId": "2", "HoldingCircuitPressure": "2147483647", "NominalPlacePosition": {"Angle": "0", "X": "223080", "Y": "151130"}, "ReferenceDesignator": "C2206_CAPA_2_22_KOND", "Result": "0", "TimeStampSinceStationStarted": "1285292.621775", "VacuumAbsolute": "-812", "VacuumRelative": "99", "ZEndPosition": "37019500", "ZTargetPosition": "37005435"}, "ElectricalMeasurement": null, "Dip": null}, {"HeadSegmentId": "131585", "Measures": {"MeasureList": [{"CameraIndividualId": "1033", "MeasurementResult": "0", "PhiDeviation": "-595701", "TimeStampSinceStationStarted": "1285291.485929", "VisionDumpPath": "C:\\Sirio\\Work\\SvDumpFiles\\PartCameraDumps\\JID_103381851_OID_425780012_SEG_2_BE-Bibliothek.A5E02285215_R1285287115.svdmp", "XDeviation": "-47802", "YDeviation": "226369"}]}, "Pick": {"ActualPickPosition": {"Angle": "180000", "X": "23950", "Y": "-70500"}, "MeasuredComponentHeight": "0", "NominalPickPosition": {"Angle": "180000", "X": "23950", "Y": "-70500"}, "PickupLocationId": "241", "Result": "0", "TimeStampSinceStationStarted": "1285290.505369", "VacuumAbsolute": "-861", "VacuumRelative": "-861", "ZEndPosition": "48408500", "ZTargetPosition": "48456060"}, "Place": {"ActualPlacePosition": {"Angle": "-90001", "X": "18429", "Y": "22905"}, "AirkissPressure": "72", "BoardPanelId": "3", "HoldingCircuitPressure": "2147483647", "NominalPlacePosition": {"Angle": "-90000", "X": "18439", "Y": "22900"}, "ReferenceDesignator": "X501_CONN_DSUB_9_STE", "Result": "0", "TimeStampSinceStationStarted": "1285292.99491", "VacuumAbsolute": "-861", "VacuumRelative": "104", "ZEndPosition": "36379500", "ZTargetPosition": "36381369"}, "ElectricalMeasurement": null, "Dip": null}, {"HeadSegmentId": "133124", "Measures": {"MeasureList": [{"CameraIndividualId": "4033", "MeasurementResult": "0", "PhiDeviation": "226957", "TimeStampSinceStationStarted": "1285292.102472", "VisionDumpPath": "C:\\Sirio\\Work\\SvDumpFiles\\PartCameraDumps\\JID_403363855_OID_425780014_SEG_2_BE-Bibliothek.A5E44859639_R1285287711.svdmp", "XDeviation": "-158", "YDeviation": "-27817"}]}, "Pick": {"ActualPickPosition": {"Angle": "0", "X": "6000", "Y": "-49500"}, "MeasuredComponentHeight": "0", "NominalPickPosition": {"Angle": "0", "X": "6022", "Y": "-49464"}, "PickupLocationId": "280", "Result": "0", "TimeStampSinceStationStarted": "1285291.10223", "VacuumAbsolute": "-853", "VacuumRelative": "-853", "ZEndPosition": "46256000", "ZTargetPosition": "46268396"}, "Place": {"ActualPlacePosition": {"Angle": "180000", "X": "155143", "Y": "25850"}, "AirkissPressure": "71", "BoardPanelId": "2", "HoldingCircuitPressure": "2147483647", "NominalPlacePosition": {"Angle": "180000", "X": "155143", "Y": "25851"}, "ReferenceDesignator": "U500_SOP_8/SOIC_8_OP", "Result": "0", "TimeStampSinceStationStarted": "1285293.933235", "VacuumAbsolute": "-853", "VacuumRelative": "99", "ZEndPosition": "43793000", "ZTargetPosition": "43807750"}, "ElectricalMeasurement": null, "Dip": null}, {"HeadSegmentId": "67588", "Measures": {"MeasureList": [{"CameraIndividualId": "4033", "MeasurementResult": "0", "PhiDeviation": "-633417", "TimeStampSinceStationStarted": "1285293.498859", "VisionDumpPath": "C:\\Sirio\\Work\\SvDumpFiles\\PartCameraDumps\\JID_403363856_OID_425780015_SEG_1_BE-Bibliothek.A5E30248076_R1285287968.svdmp", "XDeviation": "-783088", "YDeviation": "-761600"}]}, "Pick": {"ActualPickPosition": {"Angle": "180000", "X": "17020", "Y": "-69475"}, "MeasuredComponentHeight": "0", "NominalPickPosition": {"Angle": "180000", "X": "17020", "Y": "-69475"}, "PickupLocationId": "267", "Result": "0", "TimeStampSinceStationStarted": "1285291.358511", "VacuumAbsolute": "-810", "VacuumRelative": "-810", "ZEndPosition": "47297000", "ZTargetPosition": "47305819"}, "Place": {"ActualPlacePosition": {"Angle": "180000", "X": "223751", "Y": "30529"}, "AirkissPressure": "77", "BoardPanelId": "2", "HoldingCircuitPressure": "2147483647", "NominalPlacePosition": {"Angle": "180000", "X": "223750", "Y": "30530"}, "ReferenceDesignator": "X802_CONN_8_38_SONST", "Result": "0", "TimeStampSinceStationStarted": "1285294.212034", "VacuumAbsolute": "-809", "VacuumRelative": "89", "ZEndPosition": "33480500", "ZTargetPosition": "33479169"}, "ElectricalMeasurement": null, "Dip": null}, {"HeadSegmentId": "131585", "Measures": {"MeasureList": [{"CameraIndividualId": "1033", "MeasurementResult": "0", "PhiDeviation": "-59528", "TimeStampSinceStationStarted": "1285294.889927", "VisionDumpPath": "C:\\Sirio\\Work\\SvDumpFiles\\PartCameraDumps\\JID_103381852_OID_425780016_SEG_2_BE-Bibliothek.A5E02285215_R1285290346.svdmp", "XDeviation": "-8836", "YDeviation": "285030"}]}, "Pick": {"ActualPickPosition": {"Angle": "180000", "X": "23950", "Y": "-70500"}, "MeasuredComponentHeight": "0", "NominalPickPosition": {"Angle": "180000", "X": "23950", "Y": "-70500"}, "PickupLocationId": "241", "Result": "0", "TimeStampSinceStationStarted": "1285293.736174", "VacuumAbsolute": "-861", "VacuumRelative": "-861", "ZEndPosition": "48474500", "ZTargetPosition": "48444170"}, "Place": {"ActualPlacePosition": {"Angle": "-90001", "X": "138928", "Y": "22903"}, "AirkissPressure": "74", "BoardPanelId": "2", "HoldingCircuitPressure": "2147483647", "NominalPlacePosition": {"Angle": "-90000", "X": "138939", "Y": "22900"}, "ReferenceDesignator": "X501_CONN_DSUB_9_STE", "Result": "0", "TimeStampSinceStationStarted": "1285295.656136", "VacuumAbsolute": "-862", "VacuumRelative": "105", "ZEndPosition": "36392000", "ZTargetPosition": "36454487"}, "ElectricalMeasurement": null, "Dip": null}, {"HeadSegmentId": "66049", "Measures": {"MeasureList": [{"CameraIndividualId": "1033", "MeasurementResult": "0", "PhiDeviation": "-566179", "TimeStampSinceStationStarted": "1285295.188362", "VisionDumpPath": "C:\\Sirio\\Work\\SvDumpFiles\\PartCameraDumps\\JID_103381853_OID_425780017_SEG_1_BE-Bibliothek.A5E00189819_R1285290753.svdmp", "XDeviation": "212789", "YDeviation": "-1097"}]}, "Pick": {"ActualPickPosition": {"Angle": "0", "X": "15250", "Y": "-70500"}, "MeasuredComponentHeight": "0", "NominalPickPosition": {"Angle": "0", "X": "15049", "Y": "-70455"}, "PickupLocationId": "242", "Result": "0", "TimeStampSinceStationStarted": "1285294.142755", "VacuumAbsolute": "-812", "VacuumRelative": "-812", "ZEndPosition": "47450500", "ZTargetPosition": "47373478"}, "Place": {"ActualPlacePosition": {"Angle": "-1", "X": "194071", "Y": "151040"}, "AirkissPressure": "71", "BoardPanelId": "2", "HoldingCircuitPressure": "2147483647", "NominalPlacePosition": {"Angle": "0", "X": "194080", "Y": "151030"}, "ReferenceDesignator": "T2200_EX120_TRAFO_SC", "Result": "0", "TimeStampSinceStationStarted": "1285296.016803", "VacuumAbsolute": "-812", "VacuumRelative": "99", "ZEndPosition": "41461500", "ZTargetPosition": "41472111"}, "ElectricalMeasurement": null, "Dip": null}, {"HeadSegmentId": "67588", "Measures": {"MeasureList": [{"CameraIndividualId": "4033", "MeasurementResult": "0", "PhiDeviation": "-341631", "TimeStampSinceStationStarted": "1285297.463104", "VisionDumpPath": "C:\\Sirio\\Work\\SvDumpFiles\\PartCameraDumps\\JID_403363857_OID_425780019_SEG_1_BE-Bibliothek.A5E51102635_R1285292933.svdmp", "XDeviation": "-14447", "YDeviation": "-18050"}]}, "Pick": {"ActualPickPosition": {"Angle": "0", "X": "15250", "Y": "-70500"}, "MeasuredComponentHeight": "0", "NominalPickPosition": {"Angle": "0", "X": "15154", "Y": "-70434"}, "PickupLocationId": "265", "Result": "0", "TimeStampSinceStationStarted": "1285296.323258", "VacuumAbsolute": "-822", "VacuumRelative": "-822", "ZEndPosition": "47250500", "ZTargetPosition": "47250333"}, "Place": {"ActualPlacePosition": {"Angle": "180000", "X": "69618", "Y": "48629"}, "AirkissPressure": "77", "BoardPanelId": "3", "HoldingCircuitPressure": "2147483647", "NominalPlacePosition": {"Angle": "180000", "X": "69619", "Y": "48630"}, "ReferenceDesignator": "D3_BGA_63_", "Result": "0", "TimeStampSinceStationStarted": "1285297.807971", "VacuumAbsolute": "-824", "VacuumRelative": "92", "ZEndPosition": "46328000", "ZTargetPosition": "46313598"}, "ElectricalMeasurement": null, "Dip": null}, {"HeadSegmentId": "133124", "Measures": {"MeasureList": [{"CameraIndividualId": "4033", "MeasurementResult": "0", "PhiDeviation": "1559787", "TimeStampSinceStationStarted": "1285297.250344", "VisionDumpPath": "C:\\Sirio\\Work\\SvDumpFiles\\PartCameraDumps\\JID_403363858_OID_425780018_SEG_2_BE-Bibliothek.A5E44859639_R1285293327.svdmp", "XDeviation": "-93936", "YDeviation": "-49739"}]}, "Pick": {"ActualPickPosition": {"Angle": "0", "X": "6000", "Y": "-49500"}, "MeasuredComponentHeight": "0", "NominalPickPosition": {"Angle": "0", "X": "6022", "Y": "-49465"}, "PickupLocationId": "280", "Result": "0", "TimeStampSinceStationStarted": "1285296.717218", "VacuumAbsolute": "-853", "VacuumRelative": "-853", "ZEndPosition": "46264000", "ZTargetPosition": "46265297"}, "Place": {"ActualPlacePosition": {"Angle": "180000", "X": "150280", "Y": "162631"}, "AirkissPressure": "77", "BoardPanelId": "2", "HoldingCircuitPressure": "2147483647", "NominalPlacePosition": {"Angle": "180000", "X": "150280", "Y": "162630"}, "ReferenceDesignator": "U1704_SOP_8/SOIC_8_O", "Result": "0", "TimeStampSinceStationStarted": "1285298.126448", "VacuumAbsolute": "-854", "VacuumRelative": "99", "ZEndPosition": "43623000", "ZTargetPosition": "43645614"}, "ElectricalMeasurement": null, "Dip": null}, {"HeadSegmentId": "133124", "Measures": {"MeasureList": [{"CameraIndividualId": "4033", "MeasurementResult": "0", "PhiDeviation": "-323545", "TimeStampSinceStationStarted": "1285299.577881", "VisionDumpPath": "C:\\Sirio\\Work\\SvDumpFiles\\PartCameraDumps\\JID_403363859_OID_425780020_SEG_2_BE-Bibliothek.A5E44859639_R1285295347.svdmp", "XDeviation": "199624", "YDeviation": "12106"}]}, "Pick": {"ActualPickPosition": {"Angle": "0", "X": "6000", "Y": "-49500"}, "MeasuredComponentHeight": "0", "NominalPickPosition": {"Angle": "0", "X": "6017", "Y": "-49468"}, "PickupLocationId": "280", "Result": "0", "TimeStampSinceStationStarted": "1285298.737296", "VacuumAbsolute": "-852", "VacuumRelative": "-852", "ZEndPosition": "46263000", "ZTargetPosition": "46264973"}, "Place": {"ActualPlacePosition": {"Angle": "180000", "X": "29779", "Y": "162631"}, "AirkissPressure": "74", "BoardPanelId": "3", "HoldingCircuitPressure": "2147483647", "NominalPlacePosition": {"Angle": "180000", "X": "29780", "Y": "162630"}, "ReferenceDesignator": "U1704_SOP_8/SOIC_8_O", "Result": "0", "TimeStampSinceStationStarted": "1285300.035637", "VacuumAbsolute": "-853", "VacuumRelative": "99", "ZEndPosition": "43686000", "ZTargetPosition": "43679158"}, "ElectricalMeasurement": null, "Dip": null}, {"HeadSegmentId": "67588", "Measures": {"MeasureList": [{"CameraIndividualId": "4033", "MeasurementResult": "0", "PhiDeviation": "-485557", "TimeStampSinceStationStarted": "1285299.790031", "VisionDumpPath": "C:\\Sirio\\Work\\SvDumpFiles\\PartCameraDumps\\JID_403363860_OID_425780021_SEG_1_BE-Bibliothek.A5E51102635_R1285295583.svdmp", "XDeviation": "169635", "YDeviation": "-60027"}]}, "Pick": {"ActualPickPosition": {"Angle": "0", "X": "15250", "Y": "-70500"}, "MeasuredComponentHeight": "0", "NominalPickPosition": {"Angle": "0", "X": "15153", "Y": "-70435"}, "PickupLocationId": "265", "Result": "0", "TimeStampSinceStationStarted": "1285298.972823", "VacuumAbsolute": "-832", "VacuumRelative": "-832", "ZEndPosition": "47264500", "ZTargetPosition": "47250375"}, "Place": {"ActualPlacePosition": {"Angle": "180000", "X": "190120", "Y": "48629"}, "AirkissPressure": "71", "BoardPanelId": "2", "HoldingCircuitPressure": "2147483647", "NominalPlacePosition": {"Angle": "180000", "X": "190119", "Y": "48630"}, "ReferenceDesignator": "D3_BGA_63_", "Result": "0", "TimeStampSinceStationStarted": "1285300.425632", "VacuumAbsolute": "-834", "VacuumRelative": "94", "ZEndPosition": "46494000", "ZTargetPosition": "46470930"}, "ElectricalMeasurement": null, "Dip": null}, {"HeadSegmentId": "67588", "Measures": {"MeasureList": [{"CameraIndividualId": "4033", "MeasurementResult": "0", "PhiDeviation": "-844934", "TimeStampSinceStationStarted": "1285303.142661", "VisionDumpPath": "C:\\Sirio\\Work\\SvDumpFiles\\PartCameraDumps\\JID_403363861_OID_425780022_SEG_1_BE-Bibliothek.A5E44859639_R1285298706.svdmp", "XDeviation": "-96762", "YDeviation": "63401"}]}, "Pick": {"ActualPickPosition": {"Angle": "0", "X": "6000", "Y": "-49500"}, "MeasuredComponentHeight": "0", "NominalPickPosition": {"Angle": "0", "X": "6027", "Y": "-49467"}, "PickupLocationId": "280", "Result": "0", "TimeStampSinceStationStarted": "1285302.096146", "VacuumAbsolute": "-838", "VacuumRelative": "-838", "ZEndPosition": "46240500", "ZTargetPosition": "46263980"}, "Place": {"ActualPlacePosition": {"Angle": "180000", "X": "143080", "Y": "162631"}, "AirkissPressure": "74", "BoardPanelId": "2", "HoldingCircuitPressure": "2147483647", "NominalPlacePosition": {"Angle": "180000", "X": "143080", "Y": "162630"}, "ReferenceDesignator": "U1700_SOP_8/SOIC_8_O", "Result": "0", "TimeStampSinceStationStarted": "1285303.458132", "VacuumAbsolute": "-839", "VacuumRelative": "95", "ZEndPosition": "43579500", "ZTargetPosition": "43607765"}, "ElectricalMeasurement": null, "Dip": null}, {"HeadSegmentId": "133124", "Measures": {"MeasureList": [{"CameraIndividualId": "4033", "MeasurementResult": "0", "PhiDeviation": "608492", "TimeStampSinceStationStarted": "1285302.912342", "VisionDumpPath": "C:\\Sirio\\Work\\SvDumpFiles\\PartCameraDumps\\JID_403363862_OID_425780023_SEG_2_BE-Bibliothek.A5E44859639_R1285298989.svdmp", "XDeviation": "140406", "YDeviation": "38864"}]}, "Pick": {"ActualPickPosition": {"Angle": "0", "X": "6000", "Y": "-49500"}, "MeasuredComponentHeight": "0", "NominalPickPosition": {"Angle": "0", "X": "6027", "Y": "-49467"}, "PickupLocationId": "280", "Result": "0", "TimeStampSinceStationStarted": "1285302.379082", "VacuumAbsolute": "-852", "VacuumRelative": "-852", "ZEndPosition": "46269500", "ZTargetPosition": "46264480"}, "Place": {"ActualPlacePosition": {"Angle": "180000", "X": "36979", "Y": "162631"}, "AirkissPressure": "74", "BoardPanelId": "3", "HoldingCircuitPressure": "2147483647", "NominalPlacePosition": {"Angle": "180000", "X": "36980", "Y": "162630"}, "ReferenceDesignator": "U1800_SOP_8/SOIC_8_O", "Result": "0", "TimeStampSinceStationStarted": "1285303.751312", "VacuumAbsolute": "-852", "VacuumRelative": "98", "ZEndPosition": "43662000", "ZTargetPosition": "43673168"}, "ElectricalMeasurement": null, "Dip": null}]}, "HeadContext": {"HeadSegments": {"HeadSegment": [{"GantryId": "1", "Head": "1", "HeadName": "Twin Head 5xx", "Id": "66049", "NozzleTypeId": "581", "SegmentNumber": "1"}, {"GantryId": "4", "Head": "1", "HeadName": "Twin Head 5xx", "Id": "67588", "NozzleTypeId": "516", "SegmentNumber": "1"}, {"GantryId": "1", "Head": "1", "HeadName": "Twin Head 5xx", "Id": "131585", "NozzleTypeId": "517", "SegmentNumber": "2"}, {"GantryId": "4", "Head": "1", "HeadName": "Twin Head 5xx", "Id": "133124", "NozzleTypeId": "597", "SegmentNumber": "2"}]}}, "SetupContext": {"PickupLocations": {"PickupLocation": [{"Division": "1", "FeederId": "32FAUE900466", "FeederType": "288", "Id": "238", "Level": "0", "Location": "1", "StartTrackNumber": "7", "SubLocation": "1", "Tower": "0", "PackagingUid": "M05323114"}, {"Division": "1", "FeederId": "24KL-L205402", "FeederType": "280", "Id": "240", "Level": "0", "Location": "1", "StartTrackNumber": "14", "SubLocation": "1", "Tower": "0", "PackagingUid": "M05187823"}, {"Division": "1", "FeederId": "44KL-K305106", "FeederType": "300", "Id": "241", "Level": "0", "Location": "1", "StartTrackNumber": "17", "SubLocation": "1", "Tower": "0", "PackagingUid": "M04859689"}, {"Division": "1", "FeederId": "24KL-K305319", "FeederType": "280", "Id": "242", "Level": "0", "Location": "1", "StartTrackNumber": "22", "SubLocation": "1", "Tower": "0", "PackagingUid": "M04790497"}, {"Division": "1", "FeederId": "24FAUE900672", "FeederType": "280", "Id": "265", "Level": "0", "Location": "4", "StartTrackNumber": "1", "SubLocation": "1", "Tower": "0", "PackagingUid": "A00061487"}, {"Division": "1", "FeederId": "32FAUE000671", "FeederType": "288", "Id": "267", "Level": "0", "Location": "4", "StartTrackNumber": "16", "SubLocation": "1", "Tower": "0", "PackagingUid": "M05305958"}, {"Division": "1", "FeederId": "32FAUE900659", "FeederType": "288", "Id": "271", "Level": "0", "Location": "4", "StartTrackNumber": "28", "SubLocation": "1", "Tower": "0", "PackagingUid": "M05325461"}, {"Division": "1", "FeederId": "12KL-F105078", "FeederType": "268", "Id": "280", "Level": "0", "Location": "4", "StartTrackNumber": "14", "SubLocation": "1", "Tower": "0", "PackagingUid": "M05245903"}]}}}}, "ProductionEndedData": {"StationTime": "2021-11-30T07:33:12.7560000+08:00", "TimeStampSinceStationStarted": "1285304.034496"}}