{"name": "PDI_Line5_3937389935_20211130024401.txt", "Timestamp": "2021-11-30T02:43:36.7955495+08:00", "TxnID": "13eb582c-7b00-42ed-8a10-e7ec0d388033", "Line": "SEWC-Lines\\Line5", "Machine": "Line5\\ST1_X4 S", "ProductionStartedData": [{"ConveyorLanePosition": "1", "ConveyorStopperPosition": "1", "Pcb": {"BarcodeReaderPosition": "0", "BoardSide": "1", "IndividualGUID": "1c3959e7-73d1-449c-a0fc-67d3b08bb50f", "LineJobGUID": "3a5e1e40-f5b9-457f-8e3c-d7ab63795644", "Path": "STAB\\A5E50302021lt01", "PcbIndividualID": "4149", "RecipePath": "Line5\\Smart_CPU_L5_702SAF\\A5E50302021lt01", "Barcode": "", "OrderNumber": null}, "ProcessingAreaPosition": "2", "SetupPath": "Line5\\Smart_CPU_L5_702SAF", "StationTime": "2021-11-30T02:42:04.8520000+08:00", "TimeStampSinceStationStarted": "114106.018326"}], "BoardPositionsList": {"BoardPositions": [{"ActualPosition": {"Angle": "4", "X": "458163", "Y": "-234328", "Z": "-5000"}, "FiducialPositions": {"FiducialRecognitionResult": [{"ActualPosition": {"Angle": "-31", "X": "243444", "Y": "9929", "Z": null}, "CameraIndividualId": "3034", "FiducialFunction": "0", "GantryId": "3", "MeasurementResult": "0", "NominalPosition": {"Angle": "0", "X": "243420", "Y": "10530", "Z": null}, "Path": "A5E50302021lt01/1/01/1", "StationTime": "2021-11-30T02:42:06.0810000+08:00", "TimeStampSinceStationStarted": "114107.246973"}, {"ActualPosition": {"Angle": "7", "X": "7942", "Y": "191473", "Z": null}, "CameraIndividualId": "3034", "FiducialFunction": "0", "GantryId": "3", "MeasurementResult": "0", "NominalPosition": {"Angle": "0", "X": "7970", "Y": "192030", "Z": null}, "Path": "A5E50302021lt01/1/02/1", "StationTime": "2021-11-30T02:42:06.0810000+08:00", "TimeStampSinceStationStarted": "114107.246973"}]}, "NominalPosition": {"Angle": "0", "X": "458025", "Y": "-234846", "Z": "-5000"}}]}, "ProgressDataList": {"ProductionProgressData": {"BoardContext": {"BoardPanels": {"BoardPanel": [{"Id": "2", "PanelPath": "A5E50302021lt01/A1"}, {"Id": "3", "PanelPath": "A5E50302021lt01/B1"}]}}, "ComponentIndividuals": {"ComponentIndividual": [{"HeadSegmentId": "985091", "Measures": {"MeasureList": [{"CameraIndividualId": "3023", "MeasurementResult": "0", "PhiDeviation": "-399737", "TimeStampSinceStationStarted": "114124.754562", "VisionDumpPath": "C:\\Sirio\\Work\\SvDumpFiles\\PartCameraDumps\\JID_302333436_OID_41490391_SEG_15_BE-Bibliothek.A5E00257456_R114115238.svdmp", "XDeviation": "-66974", "YDeviation": "-10907"}]}, "Pick": {"ActualPickPosition": {"Angle": "180000", "X": "877", "Y": "-51018"}, "MeasuredComponentHeight": "811096", "NominalPickPosition": {"Angle": "180000", "X": "869", "Y": "-50944"}, "PickupLocationId": "84", "Result": "0", "TimeStampSinceStationStarted": "114124.515232", "VacuumAbsolute": "-707", "VacuumRelative": "-707", "ZEndPosition": "9361500", "ZTargetPosition": "9352689"}, "Place": {"ActualPlacePosition": {"Angle": "179999", "X": "101862", "Y": "18382"}, "AirkissPressure": "105", "BoardPanelId": "2", "HoldingCircuitPressure": "-675", "NominalPlacePosition": {"Angle": "180000", "X": "101870", "Y": "18980"}, "ReferenceDesignator": "C501_0603_KOND_KER_V", "Result": "0", "TimeStampSinceStationStarted": "114126.515957", "VacuumAbsolute": "-716", "VacuumRelative": "41", "ZEndPosition": "10177500", "ZTargetPosition": "10169077"}, "ElectricalMeasurement": null, "Dip": null}, {"HeadSegmentId": "1050627", "Measures": {"MeasureList": [{"CameraIndividualId": "3023", "MeasurementResult": "0", "PhiDeviation": "-838135", "TimeStampSinceStationStarted": "114124.788005", "VisionDumpPath": "C:\\Sirio\\Work\\SvDumpFiles\\PartCameraDumps\\JID_302333437_OID_41490392_SEG_16_BE-Bibliothek.A5E00257456_R114115289.svdmp", "XDeviation": "-41889", "YDeviation": "-14531"}]}, "Pick": {"ActualPickPosition": {"Angle": "180000", "X": "877", "Y": "-51018"}, "MeasuredComponentHeight": "800065", "NominalPickPosition": {"Angle": "180000", "X": "869", "Y": "-50944"}, "PickupLocationId": "84", "Result": "0", "TimeStampSinceStationStarted": "114124.566499", "VacuumAbsolute": "-711", "VacuumRelative": "-711", "ZEndPosition": "9369000", "ZTargetPosition": "9346392"}, "Place": {"ActualPlacePosition": {"Angle": "179999", "X": "222389", "Y": "18381"}, "AirkissPressure": "104", "BoardPanelId": "3", "HoldingCircuitPressure": "-691", "NominalPlacePosition": {"Angle": "180000", "X": "222370", "Y": "18980"}, "ReferenceDesignator": "C501_0603_KOND_KER_V", "Result": "0", "TimeStampSinceStationStarted": "114126.64258", "VacuumAbsolute": "-727", "VacuumRelative": "51", "ZEndPosition": "10157500", "ZTargetPosition": "10127933"}, "ElectricalMeasurement": null, "Dip": null}]}, "HeadContext": {"HeadSegments": {"HeadSegment": [{"GantryId": "3", "Head": "1", "HeadName": "C&P 20 P 4xxx", "Id": "985091", "NozzleTypeId": "4004", "SegmentNumber": "15"}, {"GantryId": "3", "Head": "1", "HeadName": "C&P 20 P 4xxx", "Id": "1050627", "NozzleTypeId": "4004", "SegmentNumber": "16"}]}}, "SetupContext": {"PickupLocations": {"PickupLocation": [{"Division": "1", "FeederId": "08KL-K806307", "FeederType": "264", "Id": "84", "Level": "0", "Location": "3", "StartTrackNumber": "10", "SubLocation": "1", "Tower": "0", "PackagingUid": "M05307987"}]}}}}, "ProductionEndedData": {"StationTime": "2021-11-30T02:42:25.5710000+08:00", "TimeStampSinceStationStarted": "114126.736507"}}