{"name": "PDI_Line5_3942800901_20211130160102.txt", "Timestamp": "2021-11-30T16:00:41.0630818+08:00", "TxnID": "4c22c664-084e-413a-902a-e28cb629bca4", "Line": "SEWC-Lines\\Line5", "Machine": "Line5\\ST2_X4 S", "ProductionStartedData": [{"ConveyorLanePosition": "1", "ConveyorStopperPosition": "1", "Pcb": {"BarcodeReaderPosition": "0", "BoardSide": "1", "IndividualGUID": "b0e4937e-a475-4624-9906-42ed288a846e", "LineJobGUID": "545cc380-820c-40fe-b772-c5a1099a59d8", "Path": "STAB\\A5E50302024bt02", "PcbIndividualID": "44517", "RecipePath": "Line5\\Smart_CPU_L5_702SAF\\A5E50302024bt02", "Barcode": "", "OrderNumber": null}, "ProcessingAreaPosition": "1", "SetupPath": "Line5\\Smart_CPU_L5_702SAF", "StationTime": "2021-11-30T16:01:00.3810000+08:00", "TimeStampSinceStationStarted": "1315601.865976"}], "BoardPositionsList": {"BoardPositions": [{"ActualPosition": {"Angle": "-78", "X": "-476566", "Y": "-232294", "Z": "-5000"}, "FiducialPositions": {"FiducialRecognitionResult": [{"ActualPosition": {"Angle": "-109", "X": "192392", "Y": "185866", "Z": null}, "CameraIndividualId": "4034", "FiducialFunction": "0", "GantryId": "4", "MeasurementResult": "0", "NominalPosition": {"Angle": "0", "X": "192833", "Y": "186004", "Z": null}, "Path": "A5E50302024bt02/1/02/1", "StationTime": "2021-11-30T16:01:02.8800000+08:00", "TimeStampSinceStationStarted": "1315604.363989"}, {"ActualPosition": {"Angle": "-79", "X": "4162", "Y": "11841", "Z": null}, "CameraIndividualId": "4034", "FiducialFunction": "0", "GantryId": "4", "MeasurementResult": "0", "NominalPosition": {"Angle": "0", "X": "4810", "Y": "11697", "Z": null}, "Path": "A5E50302024bt02/1/01/1", "StationTime": "2021-11-30T16:01:02.8800000+08:00", "TimeStampSinceStationStarted": "1315604.363989"}]}, "NominalPosition": {"Angle": "0", "X": "-475888", "Y": "-232431", "Z": "-5000"}}]}, "ProgressDataList": {"ProductionProgressData": {"BoardContext": {"BoardPanels": {"BoardPanel": [{"Id": "2", "PanelPath": "A5E50302024bt02/A1"}]}}, "ComponentIndividuals": {"ComponentIndividual": [{"HeadSegmentId": "66049", "Measures": {"MeasureList": [{"CameraIndividualId": "1030", "MeasurementResult": "0", "PhiDeviation": "-40548", "TimeStampSinceStationStarted": "1315602.764313", "VisionDumpPath": "C:\\Sirio\\Work\\SvDumpFiles\\PartCameraDumps\\JID_103020230_OID_445170000_SEG_1_BE-Bibliothek.A5E00132529_R1315603459.svdmp", "XDeviation": "29182", "YDeviation": "38473"}]}, "Pick": {"ActualPickPosition": {"Angle": "0", "X": "8000", "Y": "-51500"}, "MeasuredComponentHeight": "1047128", "NominalPickPosition": {"Angle": "0", "X": "8091", "Y": "-51420"}, "PickupLocationId": "148", "Result": "0", "TimeStampSinceStationStarted": "1315602.060158", "VacuumAbsolute": "-828", "VacuumRelative": "-828", "ZEndPosition": "16436500", "ZTargetPosition": "16418397"}, "Place": {"ActualPlacePosition": {"Angle": "-17", "X": "99459", "Y": "50059"}, "AirkissPressure": "51", "BoardPanelId": "2", "HoldingCircuitPressure": "-589", "NominalPlacePosition": {"Angle": "0", "X": "99450", "Y": "50030"}, "ReferenceDesignator": "D1200_TSSOP_20_IC_IN", "Result": "0", "TimeStampSinceStationStarted": "1315605.061074", "VacuumAbsolute": "-773", "VacuumRelative": "79", "ZEndPosition": "15961000", "ZTargetPosition": "15967793"}, "ElectricalMeasurement": null, "Dip": null}, {"HeadSegmentId": "131585", "Measures": {"MeasureList": [{"CameraIndividualId": "1030", "MeasurementResult": "0", "PhiDeviation": "94238", "TimeStampSinceStationStarted": "1315602.842888", "VisionDumpPath": "C:\\Sirio\\Work\\SvDumpFiles\\PartCameraDumps\\JID_103020231_OID_445170001_SEG_2_BE-Bibliothek.A5E00132529_R1315603603.svdmp", "XDeviation": "6885", "YDeviation": "-132549"}]}, "Pick": {"ActualPickPosition": {"Angle": "0", "X": "8000", "Y": "-51500"}, "MeasuredComponentHeight": "1014341", "NominalPickPosition": {"Angle": "0", "X": "8091", "Y": "-51420"}, "PickupLocationId": "148", "Result": "0", "TimeStampSinceStationStarted": "1315602.204383", "VacuumAbsolute": "-847", "VacuumRelative": "-847", "ZEndPosition": "16487500", "ZTargetPosition": "16441923"}, "Place": {"ActualPlacePosition": {"Angle": "-17", "X": "119348", "Y": "50253"}, "AirkissPressure": "52", "BoardPanelId": "2", "HoldingCircuitPressure": "-593", "NominalPlacePosition": {"Angle": "0", "X": "119350", "Y": "50230"}, "ReferenceDesignator": "D1204_TSSOP_20_IC_IN", "Result": "0", "TimeStampSinceStationStarted": "1315605.140518", "VacuumAbsolute": "-783", "VacuumRelative": "89", "ZEndPosition": "16007000", "ZTargetPosition": "15993971"}, "ElectricalMeasurement": null, "Dip": null}, {"HeadSegmentId": "197121", "Measures": {"MeasureList": [{"CameraIndividualId": "1030", "MeasurementResult": "0", "PhiDeviation": "-2494996", "TimeStampSinceStationStarted": "1315602.92328", "VisionDumpPath": "C:\\Sirio\\Work\\SvDumpFiles\\PartCameraDumps\\JID_103020232_OID_445170002_SEG_3_BE-Bibliothek.A5E00207035_R1315603829.svdmp", "XDeviation": "-51597", "YDeviation": "14539"}]}, "Pick": {"ActualPickPosition": {"Angle": "0", "X": "1000", "Y": "-50000"}, "MeasuredComponentHeight": "518188", "NominalPickPosition": {"Angle": "0", "X": "885", "Y": "-49790"}, "PickupLocationId": "156", "Result": "0", "TimeStampSinceStationStarted": "1315602.430506", "VacuumAbsolute": "-757", "VacuumRelative": "-757", "ZEndPosition": "13823500", "ZTargetPosition": "13765342"}, "Place": {"ActualPlacePosition": {"Angle": "-17", "X": "101408", "Y": "55658"}, "AirkissPressure": "53", "BoardPanelId": "2", "HoldingCircuitPressure": "-523", "NominalPlacePosition": {"Angle": "0", "X": "101400", "Y": "55630"}, "ReferenceDesignator": "R1209_1206_8_WID_NET", "Result": "0", "TimeStampSinceStationStarted": "1315605.224673", "VacuumAbsolute": "-793", "VacuumRelative": "78", "ZEndPosition": "14503500", "ZTargetPosition": "14501526"}, "ElectricalMeasurement": null, "Dip": null}, {"HeadSegmentId": "262657", "Measures": {"MeasureList": [{"CameraIndividualId": "1030", "MeasurementResult": "0", "PhiDeviation": "-767726", "TimeStampSinceStationStarted": "1315603.046458", "VisionDumpPath": "C:\\Sirio\\Work\\SvDumpFiles\\PartCameraDumps\\JID_103020233_OID_445170003_SEG_4_BE-Bibliothek.A5E00207035_R1315603901.svdmp", "XDeviation": "-7690", "YDeviation": "43243"}]}, "Pick": {"ActualPickPosition": {"Angle": "0", "X": "1000", "Y": "-50000"}, "MeasuredComponentHeight": "513504", "NominalPickPosition": {"Angle": "0", "X": "885", "Y": "-49790"}, "PickupLocationId": "156", "Result": "0", "TimeStampSinceStationStarted": "1315602.50322", "VacuumAbsolute": "-723", "VacuumRelative": "-723", "ZEndPosition": "13810000", "ZTargetPosition": "13840882"}, "Place": {"ActualPlacePosition": {"Angle": "179983", "X": "97560", "Y": "55659"}, "AirkissPressure": "56", "BoardPanelId": "2", "HoldingCircuitPressure": "-446", "NominalPlacePosition": {"Angle": "180000", "X": "97550", "Y": "55630"}, "ReferenceDesignator": "R1203_1206_8_WID_NET", "Result": "0", "TimeStampSinceStationStarted": "1315605.293431", "VacuumAbsolute": "-760", "VacuumRelative": "75", "ZEndPosition": "14590500", "ZTargetPosition": "14588729"}, "ElectricalMeasurement": null, "Dip": null}, {"HeadSegmentId": "328193", "Measures": {"MeasureList": [{"CameraIndividualId": "1030", "MeasurementResult": "0", "PhiDeviation": "-1698323", "TimeStampSinceStationStarted": "1315603.103913", "VisionDumpPath": "C:\\Sirio\\Work\\SvDumpFiles\\PartCameraDumps\\JID_103020234_OID_445170004_SEG_5_BE-Bibliothek.A5E00207035_R1315603975.svdmp", "XDeviation": "-42839", "YDeviation": "-63391"}]}, "Pick": {"ActualPickPosition": {"Angle": "0", "X": "1000", "Y": "-50000"}, "MeasuredComponentHeight": "533806", "NominalPickPosition": {"Angle": "0", "X": "885", "Y": "-49790"}, "PickupLocationId": "156", "Result": "0", "TimeStampSinceStationStarted": "1315602.576729", "VacuumAbsolute": "-790", "VacuumRelative": "-790", "ZEndPosition": "12858000", "ZTargetPosition": "12779161"}, "Place": {"ActualPlacePosition": {"Angle": "-17", "X": "118748", "Y": "55952"}, "AirkissPressure": "58", "BoardPanelId": "2", "HoldingCircuitPressure": "-551", "NominalPlacePosition": {"Angle": "0", "X": "118750", "Y": "55930"}, "ReferenceDesignator": "R1207_1206_8_WID_NET", "Result": "0", "TimeStampSinceStationStarted": "1315605.367669", "VacuumAbsolute": "-828", "VacuumRelative": "94", "ZEndPosition": "13544500", "ZTargetPosition": "13540203"}, "ElectricalMeasurement": null, "Dip": null}, {"HeadSegmentId": "393729", "Measures": {"MeasureList": [{"CameraIndividualId": "1030", "MeasurementResult": "0", "PhiDeviation": "1115814", "TimeStampSinceStationStarted": "1315603.159102", "VisionDumpPath": "C:\\Sirio\\Work\\SvDumpFiles\\PartCameraDumps\\JID_103020235_OID_445170005_SEG_6_BE-Bibliothek.A5E00726333_R1315604075.svdmp", "XDeviation": "-60492", "YDeviation": "-102206"}]}, "Pick": {"ActualPickPosition": {"Angle": "0", "X": "1090", "Y": "-50930"}, "MeasuredComponentHeight": "1339858", "NominalPickPosition": {"Angle": "0", "X": "1090", "Y": "-50930"}, "PickupLocationId": "159", "Result": "0", "TimeStampSinceStationStarted": "1315602.676912", "VacuumAbsolute": "-794", "VacuumRelative": "-794", "ZEndPosition": "13569500", "ZTargetPosition": "13605654"}, "Place": {"ActualPlacePosition": {"Angle": "90001", "X": "170022", "Y": "38539"}, "AirkissPressure": "52", "BoardPanelId": "2", "HoldingCircuitPressure": "-446", "NominalPlacePosition": {"Angle": "90000", "X": "170050", "Y": "38530"}, "ReferenceDesignator": "C807_0805_KOND_KER_V", "Result": "0", "TimeStampSinceStationStarted": "1315605.468194", "VacuumAbsolute": "-827", "VacuumRelative": "88", "ZEndPosition": "13187000", "ZTargetPosition": "13174058"}, "ElectricalMeasurement": null, "Dip": null}, {"HeadSegmentId": "459265", "Measures": {"MeasureList": [{"CameraIndividualId": "1030", "MeasurementResult": "0", "PhiDeviation": "-459638", "TimeStampSinceStationStarted": "1315605.068631", "VisionDumpPath": "C:\\Sirio\\Work\\SvDumpFiles\\PartCameraDumps\\JID_103020236_OID_445170006_SEG_7_BE-Bibliothek.A5E00726333_R1315604153.svdmp", "XDeviation": "-334674", "YDeviation": "-140567"}]}, "Pick": {"ActualPickPosition": {"Angle": "0", "X": "1090", "Y": "-50930"}, "MeasuredComponentHeight": "1314536", "NominalPickPosition": {"Angle": "0", "X": "1090", "Y": "-50930"}, "PickupLocationId": "159", "Result": "0", "TimeStampSinceStationStarted": "1315602.754675", "VacuumAbsolute": "-800", "VacuumRelative": "-800", "ZEndPosition": "13673000", "ZTargetPosition": "13623115"}, "Place": {"ActualPlacePosition": {"Angle": "-17", "X": "169572", "Y": "26541"}, "AirkissPressure": "53", "BoardPanelId": "2", "HoldingCircuitPressure": "-500", "NominalPlacePosition": {"Angle": "0", "X": "169600", "Y": "26530"}, "ReferenceDesignator": "C940_0805_KOND_KER_V", "Result": "0", "TimeStampSinceStationStarted": "1315605.555784", "VacuumAbsolute": "-838", "VacuumRelative": "92", "ZEndPosition": "13368500", "ZTargetPosition": "13331955"}, "ElectricalMeasurement": null, "Dip": null}, {"HeadSegmentId": "524801", "Measures": {"MeasureList": [{"CameraIndividualId": "1030", "MeasurementResult": "0", "PhiDeviation": "3024510", "TimeStampSinceStationStarted": "1315605.150439", "VisionDumpPath": "C:\\Sirio\\Work\\SvDumpFiles\\PartCameraDumps\\JID_103020237_OID_445170007_SEG_8_BE-Bibliothek.A5E00726333_R1315604231.svdmp", "XDeviation": "-316058", "YDeviation": "-151917"}]}, "Pick": {"ActualPickPosition": {"Angle": "0", "X": "1090", "Y": "-50930"}, "MeasuredComponentHeight": "1317616", "NominalPickPosition": {"Angle": "0", "X": "1090", "Y": "-50930"}, "PickupLocationId": "159", "Result": "0", "TimeStampSinceStationStarted": "1315602.83319", "VacuumAbsolute": "-797", "VacuumRelative": "-797", "ZEndPosition": "13662000", "ZTargetPosition": "13651087"}, "Place": {"ActualPlacePosition": {"Angle": "90001", "X": "76791", "Y": "29079"}, "AirkissPressure": "53", "BoardPanelId": "2", "HoldingCircuitPressure": "-546", "NominalPlacePosition": {"Angle": "90000", "X": "76770", "Y": "29040"}, "ReferenceDesignator": "C902_0805_KOND_KER_V", "Result": "0", "TimeStampSinceStationStarted": "1315605.683123", "VacuumAbsolute": "-844", "VacuumRelative": "96", "ZEndPosition": "13078000", "ZTargetPosition": "13082183"}, "ElectricalMeasurement": null, "Dip": null}, {"HeadSegmentId": "590337", "Measures": {"MeasureList": [{"CameraIndividualId": "1030", "MeasurementResult": "0", "PhiDeviation": "159449", "TimeStampSinceStationStarted": "1315605.230772", "VisionDumpPath": "C:\\Sirio\\Work\\SvDumpFiles\\PartCameraDumps\\JID_103020238_OID_445170008_SEG_9_BE-Bibliothek.A5E00726333_R1315604312.svdmp", "XDeviation": "-334180", "YDeviation": "-89201"}]}, "Pick": {"ActualPickPosition": {"Angle": "0", "X": "1090", "Y": "-50930"}, "MeasuredComponentHeight": "1343248", "NominalPickPosition": {"Angle": "0", "X": "1090", "Y": "-50930"}, "PickupLocationId": "159", "Result": "0", "TimeStampSinceStationStarted": "1315602.913642", "VacuumAbsolute": "-774", "VacuumRelative": "-774", "ZEndPosition": "13612500", "ZTargetPosition": "13603815"}, "Place": {"ActualPlacePosition": {"Angle": "-17", "X": "68375", "Y": "31221"}, "AirkissPressure": "51", "BoardPanelId": "2", "HoldingCircuitPressure": "-531", "NominalPlacePosition": {"Angle": "0", "X": "68350", "Y": "31180"}, "ReferenceDesignator": "C926_0805_KOND_KER_V", "Result": "0", "TimeStampSinceStationStarted": "1315605.75071", "VacuumAbsolute": "-793", "VacuumRelative": "63", "ZEndPosition": "12982500", "ZTargetPosition": "13005727"}, "ElectricalMeasurement": null, "Dip": null}, {"HeadSegmentId": "655873", "Measures": {"MeasureList": [{"CameraIndividualId": "1030", "MeasurementResult": "0", "PhiDeviation": "1531117", "TimeStampSinceStationStarted": "1315605.303054", "VisionDumpPath": "C:\\Sirio\\Work\\SvDumpFiles\\PartCameraDumps\\JID_103020239_OID_445170009_SEG_10_BE-Bibliothek.A5E00818233_R1315604438.svdmp", "XDeviation": "-36598", "YDeviation": "1543"}]}, "Pick": {"ActualPickPosition": {"Angle": "0", "X": "899", "Y": "-51449"}, "MeasuredComponentHeight": "495827", "NominalPickPosition": {"Angle": "0", "X": "952", "Y": "-51448"}, "PickupLocationId": "164", "Result": "0", "TimeStampSinceStationStarted": "1315603.038774", "VacuumAbsolute": "-747", "VacuumRelative": "-747", "ZEndPosition": "11723000", "ZTargetPosition": "11743500"}, "Place": {"ActualPlacePosition": {"Angle": "90001", "X": "59430", "Y": "25775"}, "AirkissPressure": "52", "BoardPanelId": "2", "HoldingCircuitPressure": "-645", "NominalPlacePosition": {"Angle": "90000", "X": "59400", "Y": "25730"}, "ReferenceDesignator": "C999_0402_2_KOND_KER", "Result": "0", "TimeStampSinceStationStarted": "1315605.827529", "VacuumAbsolute": "-857", "VacuumRelative": "165", "ZEndPosition": "12923000", "ZTargetPosition": "12938501"}, "ElectricalMeasurement": null, "Dip": null}, {"HeadSegmentId": "721409", "Measures": {"MeasureList": [{"CameraIndividualId": "1030", "MeasurementResult": "0", "PhiDeviation": "-938702", "TimeStampSinceStationStarted": "1315605.378405", "VisionDumpPath": "C:\\Sirio\\Work\\SvDumpFiles\\PartCameraDumps\\JID_103020240_OID_445170010_SEG_11_BE-Bibliothek.A5E00818233_R1315604493.svdmp", "XDeviation": "-77272", "YDeviation": "9323"}]}, "Pick": {"ActualPickPosition": {"Angle": "0", "X": "899", "Y": "-51449"}, "MeasuredComponentHeight": "501749", "NominalPickPosition": {"Angle": "0", "X": "952", "Y": "-51448"}, "PickupLocationId": "164", "Result": "0", "TimeStampSinceStationStarted": "1315603.094071", "VacuumAbsolute": "-680", "VacuumRelative": "-680", "ZEndPosition": "11731000", "ZTargetPosition": "11751000"}, "Place": {"ActualPlacePosition": {"Angle": "-17", "X": "57431", "Y": "25126"}, "AirkissPressure": "56", "BoardPanelId": "2", "HoldingCircuitPressure": "-694", "NominalPlacePosition": {"Angle": "0", "X": "57400", "Y": "25080"}, "ReferenceDesignator": "C998_0402_2_KOND_KER", "Result": "0", "TimeStampSinceStationStarted": "1315605.894931", "VacuumAbsolute": "-840", "VacuumRelative": "100", "ZEndPosition": "12961500", "ZTargetPosition": "12953899"}, "ElectricalMeasurement": null, "Dip": null}, {"HeadSegmentId": "786945", "Measures": {"MeasureList": [{"CameraIndividualId": "1030", "MeasurementResult": "0", "PhiDeviation": "-358807", "TimeStampSinceStationStarted": "1315605.478787", "VisionDumpPath": "C:\\Sirio\\Work\\SvDumpFiles\\PartCameraDumps\\JID_103020241_OID_445170011_SEG_12_BE-Bibliothek.A5E00818233_R1315604548.svdmp", "XDeviation": "20072", "YDeviation": "23780"}]}, "Pick": {"ActualPickPosition": {"Angle": "0", "X": "899", "Y": "-51449"}, "MeasuredComponentHeight": "497383", "NominalPickPosition": {"Angle": "0", "X": "952", "Y": "-51448"}, "PickupLocationId": "164", "Result": "0", "TimeStampSinceStationStarted": "1315603.149324", "VacuumAbsolute": "-785", "VacuumRelative": "-785", "ZEndPosition": "11701000", "ZTargetPosition": "11721000"}, "Place": {"ActualPlacePosition": {"Angle": "-17", "X": "55732", "Y": "25126"}, "AirkissPressure": "57", "BoardPanelId": "2", "HoldingCircuitPressure": "-720", "NominalPlacePosition": {"Angle": "0", "X": "55700", "Y": "25080"}, "ReferenceDesignator": "C955_0402_2_KOND_KER", "Result": "0", "TimeStampSinceStationStarted": "1315605.962775", "VacuumAbsolute": "-837", "VacuumRelative": "45", "ZEndPosition": "12916500", "ZTargetPosition": "12912276"}, "ElectricalMeasurement": null, "Dip": null}, {"HeadSegmentId": "199428", "Measures": {"MeasureList": [{"CameraIndividualId": "4030", "MeasurementResult": "0", "PhiDeviation": "-3008117", "TimeStampSinceStationStarted": "1315605.766974", "VisionDumpPath": "C:\\Sirio\\Work\\SvDumpFiles\\PartCameraDumps\\JID_403052673_OID_445170012_SEG_3_BE-Bibliothek.A5E00150936_R1315606581.svdmp", "XDeviation": "15303", "YDeviation": "-42013"}]}, "Pick": {"ActualPickPosition": {"Angle": "0", "X": "1000", "Y": "-51000"}, "MeasuredComponentHeight": "886552", "NominalPickPosition": {"Angle": "0", "X": "869", "Y": "-51007"}, "PickupLocationId": "215", "Result": "0", "TimeStampSinceStationStarted": "1315605.182581", "VacuumAbsolute": "-817", "VacuumRelative": "-817", "ZEndPosition": "12430000", "ZTargetPosition": "12448500"}, "Place": {"ActualPlacePosition": {"Angle": "-90000", "X": "33830", "Y": "75654"}, "AirkissPressure": "56", "BoardPanelId": "2", "HoldingCircuitPressure": "-827", "NominalPlacePosition": {"Angle": "-90000", "X": "33820", "Y": "75650"}, "ReferenceDesignator": "H401_0603_2_DIO_LED_", "Result": "0", "TimeStampSinceStationStarted": "1315606.641894", "VacuumAbsolute": "-841", "VacuumRelative": "90", "ZEndPosition": "12521000", "ZTargetPosition": "12521964"}, "ElectricalMeasurement": null, "Dip": null}, {"HeadSegmentId": "264964", "Measures": {"MeasureList": [{"CameraIndividualId": "4030", "MeasurementResult": "0", "PhiDeviation": "-665451", "TimeStampSinceStationStarted": "1315605.825942", "VisionDumpPath": "C:\\Sirio\\Work\\SvDumpFiles\\PartCameraDumps\\JID_403052674_OID_445170013_SEG_4_BE-Bibliothek.A5E00115146_R1315606651.svdmp", "XDeviation": "85528", "YDeviation": "13846"}]}, "Pick": {"ActualPickPosition": {"Angle": "0", "X": "982", "Y": "-50918"}, "MeasuredComponentHeight": "449608", "NominalPickPosition": {"Angle": "0", "X": "922", "Y": "-50881"}, "PickupLocationId": "217", "Result": "0", "TimeStampSinceStationStarted": "1315605.252877", "VacuumAbsolute": "-826", "VacuumRelative": "-826", "ZEndPosition": "12054500", "ZTargetPosition": "12074000"}, "Place": {"ActualPlacePosition": {"Angle": "180000", "X": "82733", "Y": "56137"}, "AirkissPressure": "54", "BoardPanelId": "2", "HoldingCircuitPressure": "-844", "NominalPlacePosition": {"Angle": "180000", "X": "82730", "Y": "56130"}, "ReferenceDesignator": "R1501_0603_WID_MET_S", "Result": "0", "TimeStampSinceStationStarted": "1315606.742351", "VacuumAbsolute": "-870", "VacuumRelative": "475", "ZEndPosition": "12944500", "ZTargetPosition": "12948976"}, "ElectricalMeasurement": null, "Dip": null}, {"HeadSegmentId": "330500", "Measures": {"MeasureList": [{"CameraIndividualId": "4030", "MeasurementResult": "0", "PhiDeviation": "-93169", "TimeStampSinceStationStarted": "1315605.884787", "VisionDumpPath": "C:\\Sirio\\Work\\SvDumpFiles\\PartCameraDumps\\JID_403052675_OID_445170014_SEG_5_BE-Bibliothek.A5E00150936_R1315606721.svdmp", "XDeviation": "13078", "YDeviation": "36147"}]}, "Pick": {"ActualPickPosition": {"Angle": "0", "X": "1000", "Y": "-51000"}, "MeasuredComponentHeight": "901321", "NominalPickPosition": {"Angle": "0", "X": "869", "Y": "-51007"}, "PickupLocationId": "215", "Result": "0", "TimeStampSinceStationStarted": "1315605.322228", "VacuumAbsolute": "-824", "VacuumRelative": "-824", "ZEndPosition": "12520000", "ZTargetPosition": "12538500"}, "Place": {"ActualPlacePosition": {"Angle": "0", "X": "84472", "Y": "68655"}, "AirkissPressure": "54", "BoardPanelId": "2", "HoldingCircuitPressure": "-832", "NominalPlacePosition": {"Angle": "0", "X": "84470", "Y": "68650"}, "ReferenceDesignator": "H1102_0603_2_DIO_LED", "Result": "0", "TimeStampSinceStationStarted": "1315606.832007", "VacuumAbsolute": "-866", "VacuumRelative": "140", "ZEndPosition": "12355000", "ZTargetPosition": "12387872"}, "ElectricalMeasurement": null, "Dip": null}, {"HeadSegmentId": "396036", "Measures": {"MeasureList": [{"CameraIndividualId": "4030", "MeasurementResult": "0", "PhiDeviation": "-815421", "TimeStampSinceStationStarted": "1315606.003498", "VisionDumpPath": "C:\\Sirio\\Work\\SvDumpFiles\\PartCameraDumps\\JID_403052676_OID_445170015_SEG_6_BE-Bibliothek.A5E00907098_R1315606821.svdmp", "XDeviation": "-25085", "YDeviation": "4406"}]}, "Pick": {"ActualPickPosition": {"Angle": "0", "X": "1000", "Y": "-50000"}, "MeasuredComponentHeight": "1554825", "NominalPickPosition": {"Angle": "0", "X": "1097", "Y": "-50082"}, "PickupLocationId": "220", "Result": "0", "TimeStampSinceStationStarted": "1315605.422568", "VacuumAbsolute": "-796", "VacuumRelative": "-796", "ZEndPosition": "14911500", "ZTargetPosition": "14877487"}, "Place": {"ActualPlacePosition": {"Angle": "90000", "X": "113198", "Y": "142973"}, "AirkissPressure": "51", "BoardPanelId": "2", "HoldingCircuitPressure": "-781", "NominalPlacePosition": {"Angle": "90000", "X": "113200", "Y": "142980"}, "ReferenceDesignator": "C2802_1206_KOND_KER_", "Result": "0", "TimeStampSinceStationStarted": "1315606.983201", "VacuumAbsolute": "-855", "VacuumRelative": "93", "ZEndPosition": "14164000", "ZTargetPosition": "14128636"}, "ElectricalMeasurement": null, "Dip": null}, {"HeadSegmentId": "461572", "Measures": {"MeasureList": [{"CameraIndividualId": "4030", "MeasurementResult": "0", "PhiDeviation": "821782", "TimeStampSinceStationStarted": "1315606.087792", "VisionDumpPath": "C:\\Sirio\\Work\\SvDumpFiles\\PartCameraDumps\\JID_403052677_OID_445170016_SEG_7_BE-Bibliothek.A5E00511631_R1315606920.svdmp", "XDeviation": "122411", "YDeviation": "-170716"}]}, "Pick": {"ActualPickPosition": {"Angle": "0", "X": "1000", "Y": "-51000"}, "MeasuredComponentHeight": "1245843", "NominalPickPosition": {"Angle": "0", "X": "1030", "Y": "-51254"}, "PickupLocationId": "223", "Result": "0", "TimeStampSinceStationStarted": "1315605.521837", "VacuumAbsolute": "-826", "VacuumRelative": "-826", "ZEndPosition": "13819500", "ZTargetPosition": "13815471"}, "Place": {"ActualPlacePosition": {"Angle": "0", "X": "21492", "Y": "130345"}, "AirkissPressure": "52", "BoardPanelId": "2", "HoldingCircuitPressure": "-238", "NominalPlacePosition": {"Angle": "0", "X": "21480", "Y": "130350"}, "ReferenceDesignator": "C2819_1206_KOND_KER_", "Result": "0", "TimeStampSinceStationStarted": "1315607.112021", "VacuumAbsolute": "-843", "VacuumRelative": "99", "ZEndPosition": "13198500", "ZTargetPosition": "13178033"}, "ElectricalMeasurement": null, "Dip": null}, {"HeadSegmentId": "527108", "Measures": {"MeasureList": [{"CameraIndividualId": "4030", "MeasurementResult": "0", "PhiDeviation": "-779515", "TimeStampSinceStationStarted": "1315606.148883", "VisionDumpPath": "C:\\Sirio\\Work\\SvDumpFiles\\PartCameraDumps\\JID_403052678_OID_445170017_SEG_8_BE-Bibliothek.A5E00081516_R1315607074.svdmp", "XDeviation": "110799", "YDeviation": "28554"}]}, "Pick": {"ActualPickPosition": {"Angle": "0", "X": "6000", "Y": "-49500"}, "MeasuredComponentHeight": "998771", "NominalPickPosition": {"Angle": "0", "X": "6074", "Y": "-49651"}, "PickupLocationId": "230", "Result": "0", "TimeStampSinceStationStarted": "1315605.675883", "VacuumAbsolute": "-787", "VacuumRelative": "-787", "ZEndPosition": "14542000", "ZTargetPosition": "14527156"}, "Place": {"ActualPlacePosition": {"Angle": "90000", "X": "26438", "Y": "148005"}, "AirkissPressure": "56", "BoardPanelId": "2", "HoldingCircuitPressure": "-832", "NominalPlacePosition": {"Angle": "90000", "X": "26427", "Y": "148013"}, "ReferenceDesignator": "U2000_TSSOP_14_IC_KO", "Result": "0", "TimeStampSinceStationStarted": "1315607.208891", "VacuumAbsolute": "-869", "VacuumRelative": "100", "ZEndPosition": "14202500", "ZTargetPosition": "14201014"}, "ElectricalMeasurement": null, "Dip": null}, {"HeadSegmentId": "789252", "Measures": {"MeasureList": [{"CameraIndividualId": "4030", "MeasurementResult": "0", "PhiDeviation": "1658752", "TimeStampSinceStationStarted": "1315606.988791", "VisionDumpPath": "C:\\Sirio\\Work\\SvDumpFiles\\PartCameraDumps\\JID_403052679_OID_445170018_SEG_12_BE-Bibliothek.A5E32552243_R1315607391.svdmp", "XDeviation": "-11804", "YDeviation": "117922"}]}, "Pick": {"ActualPickPosition": {"Angle": "0", "X": "8000", "Y": "-51500"}, "MeasuredComponentHeight": "2248807", "NominalPickPosition": {"Angle": "0", "X": "7956", "Y": "-51572"}, "PickupLocationId": "234", "Result": "0", "TimeStampSinceStationStarted": "1315605.992543", "VacuumAbsolute": "-767", "VacuumRelative": "-767", "ZEndPosition": "17474500", "ZTargetPosition": "17474554"}, "Place": {"ActualPlacePosition": {"Angle": "90000", "X": "62056", "Y": "84532"}, "AirkissPressure": "56", "BoardPanelId": "2", "HoldingCircuitPressure": "-727", "NominalPlacePosition": {"Angle": "90000", "X": "62050", "Y": "84530"}, "ReferenceDesignator": "D601_SOP_8_", "Result": "0", "TimeStampSinceStationStarted": "1315607.3992", "VacuumAbsolute": "-844", "VacuumRelative": "99", "ZEndPosition": "15697000", "ZTargetPosition": "15718609"}, "ElectricalMeasurement": null, "Dip": null}, {"HeadSegmentId": "66049", "Measures": {"MeasureList": [{"CameraIndividualId": "1030", "MeasurementResult": "0", "PhiDeviation": "-28386", "TimeStampSinceStationStarted": "1315607.039176", "VisionDumpPath": "C:\\Sirio\\Work\\SvDumpFiles\\PartCameraDumps\\JID_103020242_OID_445170019_SEG_1_BE-Bibliothek.A5E00132529_R1315607732.svdmp", "XDeviation": "-34890", "YDeviation": "-19476"}]}, "Pick": {"ActualPickPosition": {"Angle": "0", "X": "8000", "Y": "-51500"}, "MeasuredComponentHeight": "1027221", "NominalPickPosition": {"Angle": "0", "X": "8093", "Y": "-51424"}, "PickupLocationId": "148", "Result": "0", "TimeStampSinceStationStarted": "1315606.332915", "VacuumAbsolute": "-828", "VacuumRelative": "-828", "ZEndPosition": "16479500", "ZTargetPosition": "16434317"}, "Place": {"ActualPlacePosition": {"Angle": "-17", "X": "135390", "Y": "50248"}, "AirkissPressure": "58", "BoardPanelId": "2", "HoldingCircuitPressure": "-589", "NominalPlacePosition": {"Angle": "0", "X": "135400", "Y": "50230"}, "ReferenceDesignator": "D1203_TSSOP_20_IC_IN", "Result": "0", "TimeStampSinceStationStarted": "1315607.818483", "VacuumAbsolute": "-769", "VacuumRelative": "77", "ZEndPosition": "16064500", "ZTargetPosition": "16054211"}, "ElectricalMeasurement": null, "Dip": null}, {"HeadSegmentId": "131585", "Measures": {"MeasureList": [{"CameraIndividualId": "1030", "MeasurementResult": "0", "PhiDeviation": "-58001", "TimeStampSinceStationStarted": "1315607.11773", "VisionDumpPath": "C:\\Sirio\\Work\\SvDumpFiles\\PartCameraDumps\\JID_103020243_OID_445170020_SEG_2_BE-Bibliothek.A5E00132529_R1315607876.svdmp", "XDeviation": "10167", "YDeviation": "-39527"}]}, "Pick": {"ActualPickPosition": {"Angle": "0", "X": "8000", "Y": "-51500"}, "MeasuredComponentHeight": "1017881", "NominalPickPosition": {"Angle": "0", "X": "8093", "Y": "-51424"}, "PickupLocationId": "148", "Result": "0", "TimeStampSinceStationStarted": "1315606.477022", "VacuumAbsolute": "-848", "VacuumRelative": "-848", "ZEndPosition": "16443000", "ZTargetPosition": "16464613"}, "Place": {"ActualPlacePosition": {"Angle": "179983", "X": "61578", "Y": "64269"}, "AirkissPressure": "56", "BoardPanelId": "2", "HoldingCircuitPressure": "-601", "NominalPlacePosition": {"Angle": "180000", "X": "61550", "Y": "64230"}, "ReferenceDesignator": "D1101_TSSOP_20_IC_IN", "Result": "0", "TimeStampSinceStationStarted": "1315607.941423", "VacuumAbsolute": "-794", "VacuumRelative": "94", "ZEndPosition": "15945000", "ZTargetPosition": "15951175"}, "ElectricalMeasurement": null, "Dip": null}, {"HeadSegmentId": "197121", "Measures": {"MeasureList": [{"CameraIndividualId": "1030", "MeasurementResult": "0", "PhiDeviation": "-1827471", "TimeStampSinceStationStarted": "1315607.197986", "VisionDumpPath": "C:\\Sirio\\Work\\SvDumpFiles\\PartCameraDumps\\JID_103020244_OID_445170021_SEG_3_BE-Bibliothek.A5E00207035_R1315608101.svdmp", "XDeviation": "-71442", "YDeviation": "35002"}]}, "Pick": {"ActualPickPosition": {"Angle": "0", "X": "1000", "Y": "-50000"}, "MeasuredComponentHeight": "506391", "NominalPickPosition": {"Angle": "0", "X": "880", "Y": "-49790"}, "PickupLocationId": "156", "Result": "0", "TimeStampSinceStationStarted": "1315606.702736", "VacuumAbsolute": "-753", "VacuumRelative": "-753", "ZEndPosition": "13830500", "ZTargetPosition": "13791871"}, "Place": {"ActualPlacePosition": {"Angle": "179983", "X": "67375", "Y": "57368"}, "AirkissPressure": "58", "BoardPanelId": "2", "HoldingCircuitPressure": "-516", "NominalPlacePosition": {"Angle": "180000", "X": "67350", "Y": "57330"}, "ReferenceDesignator": "R1309_1206_8_WID_NET", "Result": "0", "TimeStampSinceStationStarted": "1315608.029887", "VacuumAbsolute": "-787", "VacuumRelative": "76", "ZEndPosition": "14519000", "ZTargetPosition": "14544412"}, "ElectricalMeasurement": null, "Dip": null}, {"HeadSegmentId": "262657", "Measures": {"MeasureList": [{"CameraIndividualId": "1030", "MeasurementResult": "0", "PhiDeviation": "-523096", "TimeStampSinceStationStarted": "1315607.320443", "VisionDumpPath": "C:\\Sirio\\Work\\SvDumpFiles\\PartCameraDumps\\JID_103020245_OID_445170022_SEG_4_BE-Bibliothek.A5E00207035_R1315608174.svdmp", "XDeviation": "19632", "YDeviation": "19217"}]}, "Pick": {"ActualPickPosition": {"Angle": "0", "X": "1000", "Y": "-50000"}, "MeasuredComponentHeight": "514378", "NominalPickPosition": {"Angle": "0", "X": "880", "Y": "-49790"}, "PickupLocationId": "156", "Result": "0", "TimeStampSinceStationStarted": "1315606.775206", "VacuumAbsolute": "-720", "VacuumRelative": "-720", "ZEndPosition": "13855000", "ZTargetPosition": "13862528"}, "Place": {"ActualPlacePosition": {"Angle": "179983", "X": "71173", "Y": "57367"}, "AirkissPressure": "54", "BoardPanelId": "2", "HoldingCircuitPressure": "-416", "NominalPlacePosition": {"Angle": "180000", "X": "71150", "Y": "57330"}, "ReferenceDesignator": "R1308_1206_8_WID_NET", "Result": "0", "TimeStampSinceStationStarted": "1315608.098117", "VacuumAbsolute": "-745", "VacuumRelative": "69", "ZEndPosition": "14591000", "ZTargetPosition": "14602589"}, "ElectricalMeasurement": null, "Dip": null}, {"HeadSegmentId": "328193", "Measures": {"MeasureList": [{"CameraIndividualId": "1030", "MeasurementResult": "0", "PhiDeviation": "3499492", "TimeStampSinceStationStarted": "1315607.389663", "VisionDumpPath": "C:\\Sirio\\Work\\SvDumpFiles\\PartCameraDumps\\JID_103020246_OID_445170023_SEG_5_BE-Bibliothek.A5E00726333_R1315608271.svdmp", "XDeviation": "-175942", "YDeviation": "-162602"}]}, "Pick": {"ActualPickPosition": {"Angle": "0", "X": "1090", "Y": "-50930"}, "MeasuredComponentHeight": "1332605", "NominalPickPosition": {"Angle": "0", "X": "1090", "Y": "-50930"}, "PickupLocationId": "159", "Result": "0", "TimeStampSinceStationStarted": "1315606.872844", "VacuumAbsolute": "-785", "VacuumRelative": "-785", "ZEndPosition": "13582000", "ZTargetPosition": "13587486"}, "Place": {"ActualPlacePosition": {"Angle": "179983", "X": "32344", "Y": "41781"}, "AirkissPressure": "51", "BoardPanelId": "2", "HoldingCircuitPressure": "-479", "NominalPlacePosition": {"Angle": "180000", "X": "32300", "Y": "41730"}, "ReferenceDesignator": "C400_0805_KOND_KER_V", "Result": "0", "TimeStampSinceStationStarted": "1315608.192451", "VacuumAbsolute": "-808", "VacuumRelative": "82", "ZEndPosition": "13023500", "ZTargetPosition": "13037604"}, "ElectricalMeasurement": null, "Dip": null}, {"HeadSegmentId": "393729", "Measures": {"MeasureList": [{"CameraIndividualId": "1030", "MeasurementResult": "0", "PhiDeviation": "1050091", "TimeStampSinceStationStarted": "1315607.453112", "VisionDumpPath": "C:\\Sirio\\Work\\SvDumpFiles\\PartCameraDumps\\JID_103020247_OID_445170024_SEG_6_BE-Bibliothek.A5E00726333_R1315608349.svdmp", "XDeviation": "-110242", "YDeviation": "-134323"}]}, "Pick": {"ActualPickPosition": {"Angle": "0", "X": "1090", "Y": "-50930"}, "MeasuredComponentHeight": "1336393", "NominalPickPosition": {"Angle": "0", "X": "1090", "Y": "-50930"}, "PickupLocationId": "159", "Result": "0", "TimeStampSinceStationStarted": "1315606.950578", "VacuumAbsolute": "-793", "VacuumRelative": "-793", "ZEndPosition": "13615500", "ZTargetPosition": "13612615"}, "Place": {"ActualPlacePosition": {"Angle": "179983", "X": "62928", "Y": "28373"}, "AirkissPressure": "56", "BoardPanelId": "2", "HoldingCircuitPressure": "-443", "NominalPlacePosition": {"Angle": "180000", "X": "62900", "Y": "28330"}, "ReferenceDesignator": "C929_0805_KOND_KER_V", "Result": "0", "TimeStampSinceStationStarted": "1315608.282918", "VacuumAbsolute": "-824", "VacuumRelative": "86", "ZEndPosition": "13042000", "ZTargetPosition": "13049794"}, "ElectricalMeasurement": null, "Dip": null}, {"HeadSegmentId": "459265", "Measures": {"MeasureList": [{"CameraIndividualId": "1030", "MeasurementResult": "0", "PhiDeviation": "3604359", "TimeStampSinceStationStarted": "1315607.825413", "VisionDumpPath": "C:\\Sirio\\Work\\SvDumpFiles\\PartCameraDumps\\JID_103020248_OID_445170025_SEG_7_BE-Bibliothek.A5E00726333_R1315608428.svdmp", "XDeviation": "-228485", "YDeviation": "-136220"}]}, "Pick": {"ActualPickPosition": {"Angle": "0", "X": "1090", "Y": "-50930"}, "MeasuredComponentHeight": "1343402", "NominalPickPosition": {"Angle": "0", "X": "1090", "Y": "-50930"}, "PickupLocationId": "159", "Result": "0", "TimeStampSinceStationStarted": "1315607.029438", "VacuumAbsolute": "-796", "VacuumRelative": "-796", "ZEndPosition": "13681500", "ZTargetPosition": "13639836"}, "Place": {"ActualPlacePosition": {"Angle": "90001", "X": "65577", "Y": "29573"}, "AirkissPressure": "53", "BoardPanelId": "2", "HoldingCircuitPressure": "-471", "NominalPlacePosition": {"Angle": "90000", "X": "65550", "Y": "29530"}, "ReferenceDesignator": "C952_0805_KOND_KER_V", "Result": "0", "TimeStampSinceStationStarted": "1315608.350265", "VacuumAbsolute": "-802", "VacuumRelative": "69", "ZEndPosition": "13041500", "ZTargetPosition": "13084513"}, "ElectricalMeasurement": null, "Dip": null}, {"HeadSegmentId": "524801", "Measures": {"MeasureList": [{"CameraIndividualId": "1030", "MeasurementResult": "0", "PhiDeviation": "3857329", "TimeStampSinceStationStarted": "1315607.952388", "VisionDumpPath": "C:\\Sirio\\Work\\SvDumpFiles\\PartCameraDumps\\JID_103020249_OID_445170026_SEG_8_BE-Bibliothek.A5E00726333_R1315608506.svdmp", "XDeviation": "-98939", "YDeviation": "-133975"}]}, "Pick": {"ActualPickPosition": {"Angle": "0", "X": "1090", "Y": "-50930"}, "MeasuredComponentHeight": "1324962", "NominalPickPosition": {"Angle": "0", "X": "1090", "Y": "-50930"}, "PickupLocationId": "159", "Result": "0", "TimeStampSinceStationStarted": "1315607.10791", "VacuumAbsolute": "-785", "VacuumRelative": "-785", "ZEndPosition": "13663500", "ZTargetPosition": "13665752"}, "Place": {"ActualPlacePosition": {"Angle": "-89999", "X": "65577", "Y": "32772"}, "AirkissPressure": "51", "BoardPanelId": "2", "HoldingCircuitPressure": "-494", "NominalPlacePosition": {"Angle": "-90000", "X": "65550", "Y": "32730"}, "ReferenceDesignator": "C920_0805_KOND_KER_V", "Result": "0", "TimeStampSinceStationStarted": "1315608.417663", "VacuumAbsolute": "-795", "VacuumRelative": "67", "ZEndPosition": "13034000", "ZTargetPosition": "13041903"}, "ElectricalMeasurement": null, "Dip": null}, {"HeadSegmentId": "590337", "Measures": {"MeasureList": [{"CameraIndividualId": "1030", "MeasurementResult": "0", "PhiDeviation": "2361301", "TimeStampSinceStationStarted": "1315608.035708", "VisionDumpPath": "C:\\Sirio\\Work\\SvDumpFiles\\PartCameraDumps\\JID_103020250_OID_445170027_SEG_9_BE-Bibliothek.A5E00726333_R1315608586.svdmp", "XDeviation": "-91168", "YDeviation": "-203234"}]}, "Pick": {"ActualPickPosition": {"Angle": "0", "X": "1090", "Y": "-50930"}, "MeasuredComponentHeight": "1345311", "NominalPickPosition": {"Angle": "0", "X": "1090", "Y": "-50930"}, "PickupLocationId": "159", "Result": "0", "TimeStampSinceStationStarted": "1315607.188363", "VacuumAbsolute": "-779", "VacuumRelative": "-779", "ZEndPosition": "13606500", "ZTargetPosition": "13615189"}, "Place": {"ActualPlacePosition": {"Angle": "-17", "X": "68375", "Y": "33271"}, "AirkissPressure": "51", "BoardPanelId": "2", "HoldingCircuitPressure": "-543", "NominalPlacePosition": {"Angle": "0", "X": "68350", "Y": "33230"}, "ReferenceDesignator": "C923_0805_KOND_KER_V", "Result": "0", "TimeStampSinceStationStarted": "1315608.484869", "VacuumAbsolute": "-803", "VacuumRelative": "69", "ZEndPosition": "12950500", "ZTargetPosition": "12972535"}, "ElectricalMeasurement": null, "Dip": null}, {"HeadSegmentId": "655873", "Measures": {"MeasureList": [{"CameraIndividualId": "1030", "MeasurementResult": "0", "PhiDeviation": "592994", "TimeStampSinceStationStarted": "1315608.107853", "VisionDumpPath": "C:\\Sirio\\Work\\SvDumpFiles\\PartCameraDumps\\JID_103020251_OID_445170028_SEG_10_BE-Bibliothek.A5E00818233_R1315608711.svdmp", "XDeviation": "-16329", "YDeviation": "-18938"}]}, "Pick": {"ActualPickPosition": {"Angle": "0", "X": "899", "Y": "-51449"}, "MeasuredComponentHeight": "498870", "NominalPickPosition": {"Angle": "0", "X": "948", "Y": "-51446"}, "PickupLocationId": "164", "Result": "0", "TimeStampSinceStationStarted": "1315607.312759", "VacuumAbsolute": "-745", "VacuumRelative": "-745", "ZEndPosition": "11723000", "ZTargetPosition": "11743500"}, "Place": {"ActualPlacePosition": {"Angle": "-17", "X": "48636", "Y": "25128"}, "AirkissPressure": "51", "BoardPanelId": "2", "HoldingCircuitPressure": "-637", "NominalPlacePosition": {"Angle": "0", "X": "48600", "Y": "25080"}, "ReferenceDesignator": "C9990_0402_2_KOND_KE", "Result": "0", "TimeStampSinceStationStarted": "1315608.567564", "VacuumAbsolute": "-860", "VacuumRelative": "175", "ZEndPosition": "12927500", "ZTargetPosition": "12939306"}, "ElectricalMeasurement": null, "Dip": null}, {"HeadSegmentId": "721409", "Measures": {"MeasureList": [{"CameraIndividualId": "1030", "MeasurementResult": "0", "PhiDeviation": "925170", "TimeStampSinceStationStarted": "1315608.200899", "VisionDumpPath": "C:\\Sirio\\Work\\SvDumpFiles\\PartCameraDumps\\JID_103020252_OID_445170029_SEG_11_BE-Bibliothek.A5E00091702_R1315608780.svdmp", "XDeviation": "37412", "YDeviation": "-5593"}]}, "Pick": {"ActualPickPosition": {"Angle": "0", "X": "988", "Y": "-50853"}, "MeasuredComponentHeight": "316687", "NominalPickPosition": {"Angle": "0", "X": "937", "Y": "-50879"}, "PickupLocationId": "162", "Result": "0", "TimeStampSinceStationStarted": "1315607.382307", "VacuumAbsolute": "-772", "VacuumRelative": "-772", "ZEndPosition": "11784000", "ZTargetPosition": "11803000"}, "Place": {"ActualPlacePosition": {"Angle": "-17", "X": "36292", "Y": "57327"}, "AirkissPressure": "55", "BoardPanelId": "2", "HoldingCircuitPressure": "-703", "NominalPlacePosition": {"Angle": "0", "X": "36250", "Y": "57280"}, "ReferenceDesignator": "R706_0402_WID_MET_SH", "Result": "0", "TimeStampSinceStationStarted": "1315608.680298", "VacuumAbsolute": "-870", "VacuumRelative": "183", "ZEndPosition": "12986500", "ZTargetPosition": "12984283"}, "ElectricalMeasurement": null, "Dip": null}, {"HeadSegmentId": "786945", "Measures": {"MeasureList": [{"CameraIndividualId": "1030", "MeasurementResult": "0", "PhiDeviation": "-1161429", "TimeStampSinceStationStarted": "1315608.289162", "VisionDumpPath": "C:\\Sirio\\Work\\SvDumpFiles\\PartCameraDumps\\JID_103020253_OID_445170030_SEG_12_BE-Bibliothek.A5E00091702_R1315608841.svdmp", "XDeviation": "-5636", "YDeviation": "6560"}]}, "Pick": {"ActualPickPosition": {"Angle": "0", "X": "988", "Y": "-50853"}, "MeasuredComponentHeight": "318912", "NominalPickPosition": {"Angle": "0", "X": "937", "Y": "-50879"}, "PickupLocationId": "162", "Result": "0", "TimeStampSinceStationStarted": "1315607.443287", "VacuumAbsolute": "-790", "VacuumRelative": "-790", "ZEndPosition": "11753500", "ZTargetPosition": "11773000"}, "Place": {"ActualPlacePosition": {"Angle": "-17", "X": "36292", "Y": "59327"}, "AirkissPressure": "51", "BoardPanelId": "2", "HoldingCircuitPressure": "-780", "NominalPlacePosition": {"Angle": "0", "X": "36250", "Y": "59280"}, "ReferenceDesignator": "R709_0402_WID_MET_SH", "Result": "0", "TimeStampSinceStationStarted": "1315608.748072", "VacuumAbsolute": "-841", "VacuumRelative": "54", "ZEndPosition": "12944500", "ZTargetPosition": "12947234"}, "ElectricalMeasurement": null, "Dip": null}, {"HeadSegmentId": "68356", "Measures": {"MeasureList": [{"CameraIndividualId": "4030", "MeasurementResult": "0", "PhiDeviation": "-5322829", "TimeStampSinceStationStarted": "1315608.458924", "VisionDumpPath": "C:\\Sirio\\Work\\SvDumpFiles\\PartCameraDumps\\JID_403052680_OID_445170031_SEG_1_BE-Bibliothek.A5E00150936_R1315609320.svdmp", "XDeviation": "-11536", "YDeviation": "-9206"}]}, "Pick": {"ActualPickPosition": {"Angle": "0", "X": "1000", "Y": "-51000"}, "MeasuredComponentHeight": "891864", "NominalPickPosition": {"Angle": "0", "X": "870", "Y": "-51007"}, "PickupLocationId": "215", "Result": "0", "TimeStampSinceStationStarted": "1315607.921191", "VacuumAbsolute": "-820", "VacuumRelative": "-820", "ZEndPosition": "12520000", "ZTargetPosition": "12538500"}, "Place": {"ActualPlacePosition": {"Angle": "0", "X": "86972", "Y": "68655"}, "AirkissPressure": "53", "BoardPanelId": "2", "HoldingCircuitPressure": "-608", "NominalPlacePosition": {"Angle": "0", "X": "86970", "Y": "68650"}, "ReferenceDesignator": "H1103_0603_2_DIO_LED", "Result": "0", "TimeStampSinceStationStarted": "1315609.501355", "VacuumAbsolute": "-837", "VacuumRelative": "61", "ZEndPosition": "12384000", "ZTargetPosition": "12397877"}, "ElectricalMeasurement": null, "Dip": null}, {"HeadSegmentId": "133892", "Measures": {"MeasureList": [{"CameraIndividualId": "4030", "MeasurementResult": "0", "PhiDeviation": "-1740645", "TimeStampSinceStationStarted": "1315608.620786", "VisionDumpPath": "C:\\Sirio\\Work\\SvDumpFiles\\PartCameraDumps\\JID_403052681_OID_445170032_SEG_2_BE-Bibliothek.A5E00150936_R1315609411.svdmp", "XDeviation": "31667", "YDeviation": "-2766"}]}, "Pick": {"ActualPickPosition": {"Angle": "0", "X": "1000", "Y": "-51000"}, "MeasuredComponentHeight": "880742", "NominalPickPosition": {"Angle": "0", "X": "870", "Y": "-51007"}, "PickupLocationId": "215", "Result": "0", "TimeStampSinceStationStarted": "1315608.012489", "VacuumAbsolute": "-818", "VacuumRelative": "-818", "ZEndPosition": "12514000", "ZTargetPosition": "12533500"}, "Place": {"ActualPlacePosition": {"Angle": "0", "X": "89471", "Y": "68655"}, "AirkissPressure": "55", "BoardPanelId": "2", "HoldingCircuitPressure": "-837", "NominalPlacePosition": {"Angle": "0", "X": "89470", "Y": "68650"}, "ReferenceDesignator": "H1104_0603_2_DIO_LED", "Result": "0", "TimeStampSinceStationStarted": "1315609.568764", "VacuumAbsolute": "-845", "VacuumRelative": "50", "ZEndPosition": "12362000", "ZTargetPosition": "12377559"}, "ElectricalMeasurement": null, "Dip": null}, {"HeadSegmentId": "199428", "Measures": {"MeasureList": [{"CameraIndividualId": "4030", "MeasurementResult": "0", "PhiDeviation": "-2254012", "TimeStampSinceStationStarted": "1315608.692932", "VisionDumpPath": "C:\\Sirio\\Work\\SvDumpFiles\\PartCameraDumps\\JID_403052682_OID_445170033_SEG_3_BE-Bibliothek.A5E00150936_R1315609500.svdmp", "XDeviation": "-51629", "YDeviation": "11191"}]}, "Pick": {"ActualPickPosition": {"Angle": "0", "X": "1000", "Y": "-51000"}, "MeasuredComponentHeight": "864039", "NominalPickPosition": {"Angle": "0", "X": "870", "Y": "-51007"}, "PickupLocationId": "215", "Result": "0", "TimeStampSinceStationStarted": "1315608.101214", "VacuumAbsolute": "-823", "VacuumRelative": "-823", "ZEndPosition": "12430000", "ZTargetPosition": "12448500"}, "Place": {"ActualPlacePosition": {"Angle": "0", "X": "96970", "Y": "68655"}, "AirkissPressure": "53", "BoardPanelId": "2", "HoldingCircuitPressure": "-828", "NominalPlacePosition": {"Angle": "0", "X": "96970", "Y": "68650"}, "ReferenceDesignator": "H1107_0603_2_DIO_LED", "Result": "0", "TimeStampSinceStationStarted": "1315609.636669", "VacuumAbsolute": "-842", "VacuumRelative": "95", "ZEndPosition": "12360500", "ZTargetPosition": "12348048"}, "ElectricalMeasurement": null, "Dip": null}, {"HeadSegmentId": "264964", "Measures": {"MeasureList": [{"CameraIndividualId": "4030", "MeasurementResult": "0", "PhiDeviation": "822144", "TimeStampSinceStationStarted": "1315608.787564", "VisionDumpPath": "C:\\Sirio\\Work\\SvDumpFiles\\PartCameraDumps\\JID_403052683_OID_445170034_SEG_4_BE-Bibliothek.A5E00150936_R1315609588.svdmp", "XDeviation": "30809", "YDeviation": "-31881"}]}, "Pick": {"ActualPickPosition": {"Angle": "0", "X": "1000", "Y": "-51000"}, "MeasuredComponentHeight": "883956", "NominalPickPosition": {"Angle": "0", "X": "870", "Y": "-51007"}, "PickupLocationId": "215", "Result": "0", "TimeStampSinceStationStarted": "1315608.189169", "VacuumAbsolute": "-827", "VacuumRelative": "-827", "ZEndPosition": "12610500", "ZTargetPosition": "12630000"}, "Place": {"ActualPlacePosition": {"Angle": "0", "X": "106969", "Y": "68655"}, "AirkissPressure": "55", "BoardPanelId": "2", "HoldingCircuitPressure": "-842", "NominalPlacePosition": {"Angle": "0", "X": "106970", "Y": "68650"}, "ReferenceDesignator": "H1109_0603_2_DIO_LED", "Result": "0", "TimeStampSinceStationStarted": "1315609.704758", "VacuumAbsolute": "-847", "VacuumRelative": "-100", "ZEndPosition": "12441000", "ZTargetPosition": "12461309"}, "ElectricalMeasurement": null, "Dip": null}, {"HeadSegmentId": "330500", "Measures": {"MeasureList": [{"CameraIndividualId": "4030", "MeasurementResult": "0", "PhiDeviation": "-273894", "TimeStampSinceStationStarted": "1315608.88276", "VisionDumpPath": "C:\\Sirio\\Work\\SvDumpFiles\\PartCameraDumps\\JID_403052684_OID_445170035_SEG_5_BE-Bibliothek.A5E00150936_R1315609676.svdmp", "XDeviation": "43780", "YDeviation": "24354"}]}, "Pick": {"ActualPickPosition": {"Angle": "0", "X": "1000", "Y": "-51000"}, "MeasuredComponentHeight": "879491", "NominalPickPosition": {"Angle": "0", "X": "870", "Y": "-51007"}, "PickupLocationId": "215", "Result": "0", "TimeStampSinceStationStarted": "1315608.277964", "VacuumAbsolute": "-817", "VacuumRelative": "-817", "ZEndPosition": "12519500", "ZTargetPosition": "12538500"}, "Place": {"ActualPlacePosition": {"Angle": "0", "X": "116967", "Y": "68655"}, "AirkissPressure": "56", "BoardPanelId": "2", "HoldingCircuitPressure": "-831", "NominalPlacePosition": {"Angle": "0", "X": "116970", "Y": "68650"}, "ReferenceDesignator": "H1113_0603_2_DIO_LED", "Result": "0", "TimeStampSinceStationStarted": "1315609.772346", "VacuumAbsolute": "-845", "VacuumRelative": "80", "ZEndPosition": "12396000", "ZTargetPosition": "12394895"}, "ElectricalMeasurement": null, "Dip": null}, {"HeadSegmentId": "396036", "Measures": {"MeasureList": [{"CameraIndividualId": "4030", "MeasurementResult": "0", "PhiDeviation": "-4973927", "TimeStampSinceStationStarted": "1315608.98892", "VisionDumpPath": "C:\\Sirio\\Work\\SvDumpFiles\\PartCameraDumps\\JID_403052685_OID_445170036_SEG_6_BE-Bibliothek.A5E00907098_R1315609776.svdmp", "XDeviation": "174557", "YDeviation": "-10193"}]}, "Pick": {"ActualPickPosition": {"Angle": "0", "X": "1000", "Y": "-50000"}, "MeasuredComponentHeight": "1662369", "NominalPickPosition": {"Angle": "0", "X": "1095", "Y": "-50082"}, "PickupLocationId": "220", "Result": "0", "TimeStampSinceStationStarted": "1315608.378136", "VacuumAbsolute": "-788", "VacuumRelative": "-788", "ZEndPosition": "14789500", "ZTargetPosition": "14885990"}, "Place": {"ActualPlacePosition": {"Angle": "90000", "X": "115747", "Y": "142973"}, "AirkissPressure": "51", "BoardPanelId": "2", "HoldingCircuitPressure": "-691", "NominalPlacePosition": {"Angle": "90000", "X": "115750", "Y": "142980"}, "ReferenceDesignator": "C2800_1206_KOND_KER_", "Result": "0", "TimeStampSinceStationStarted": "1315609.922335", "VacuumAbsolute": "-837", "VacuumRelative": "87", "ZEndPosition": "13999500", "ZTargetPosition": "14097056"}, "ElectricalMeasurement": null, "Dip": null}, {"HeadSegmentId": "527108", "Measures": {"MeasureList": [{"CameraIndividualId": "4030", "MeasurementResult": "0", "PhiDeviation": "-556489", "TimeStampSinceStationStarted": "1315609.578304", "VisionDumpPath": "C:\\Sirio\\Work\\SvDumpFiles\\PartCameraDumps\\JID_403052686_OID_445170037_SEG_8_BE-Bibliothek.A5E00081516_R1315610011.svdmp", "XDeviation": "-144543", "YDeviation": "2637"}]}, "Pick": {"ActualPickPosition": {"Angle": "0", "X": "6000", "Y": "-49500"}, "MeasuredComponentHeight": "1001953", "NominalPickPosition": {"Angle": "0", "X": "6080", "Y": "-49649"}, "PickupLocationId": "230", "Result": "0", "TimeStampSinceStationStarted": "1315608.612673", "VacuumAbsolute": "-787", "VacuumRelative": "-787", "ZEndPosition": "14537500", "ZTargetPosition": "14530867"}, "Place": {"ActualPlacePosition": {"Angle": "90000", "X": "96940", "Y": "148205"}, "AirkissPressure": "53", "BoardPanelId": "2", "HoldingCircuitPressure": "-831", "NominalPlacePosition": {"Angle": "90000", "X": "96940", "Y": "148213"}, "ReferenceDesignator": "U2403_TSSOP_14_IC_KO", "Result": "0", "TimeStampSinceStationStarted": "1315610.009763", "VacuumAbsolute": "-839", "VacuumRelative": "90", "ZEndPosition": "14349000", "ZTargetPosition": "14395595"}, "ElectricalMeasurement": null, "Dip": null}, {"HeadSegmentId": "592644", "Measures": {"MeasureList": [{"CameraIndividualId": "4030", "MeasurementResult": "0", "PhiDeviation": "-914336", "TimeStampSinceStationStarted": "1315609.646037", "VisionDumpPath": "C:\\Sirio\\Work\\SvDumpFiles\\PartCameraDumps\\JID_403052687_OID_445170038_SEG_9_BE-Bibliothek.A5E00081516_R1315610105.svdmp", "XDeviation": "-126590", "YDeviation": "27378"}]}, "Pick": {"ActualPickPosition": {"Angle": "0", "X": "6000", "Y": "-49500"}, "MeasuredComponentHeight": "1003539", "NominalPickPosition": {"Angle": "0", "X": "6080", "Y": "-49649"}, "PickupLocationId": "230", "Result": "0", "TimeStampSinceStationStarted": "1315608.70693", "VacuumAbsolute": "-751", "VacuumRelative": "-751", "ZEndPosition": "14485500", "ZTargetPosition": "14500525"}, "Place": {"ActualPlacePosition": {"Angle": "90000", "X": "88152", "Y": "148205"}, "AirkissPressure": "53", "BoardPanelId": "2", "HoldingCircuitPressure": "-622", "NominalPlacePosition": {"Angle": "90000", "X": "88150", "Y": "148213"}, "ReferenceDesignator": "U2401_TSSOP_14_IC_KO", "Result": "0", "TimeStampSinceStationStarted": "1315610.116612", "VacuumAbsolute": "-788", "VacuumRelative": "87", "ZEndPosition": "14299000", "ZTargetPosition": "14304935"}, "ElectricalMeasurement": null, "Dip": null}, {"HeadSegmentId": "658180", "Measures": {"MeasureList": [{"CameraIndividualId": "4030", "MeasurementResult": "0", "PhiDeviation": "-813420", "TimeStampSinceStationStarted": "1315609.714336", "VisionDumpPath": "C:\\Sirio\\Work\\SvDumpFiles\\PartCameraDumps\\JID_403052688_OID_445170039_SEG_10_BE-Bibliothek.A5E00081516_R1315610199.svdmp", "XDeviation": "-116790", "YDeviation": "72418"}]}, "Pick": {"ActualPickPosition": {"Angle": "0", "X": "6000", "Y": "-49500"}, "MeasuredComponentHeight": "999473", "NominalPickPosition": {"Angle": "0", "X": "6080", "Y": "-49649"}, "PickupLocationId": "230", "Result": "0", "TimeStampSinceStationStarted": "1315608.801169", "VacuumAbsolute": "-786", "VacuumRelative": "-786", "ZEndPosition": "14529000", "ZTargetPosition": "14529269"}, "Place": {"ActualPlacePosition": {"Angle": "90000", "X": "79403", "Y": "148205"}, "AirkissPressure": "52", "BoardPanelId": "2", "HoldingCircuitPressure": "-765", "NominalPlacePosition": {"Angle": "90000", "X": "79400", "Y": "148213"}, "ReferenceDesignator": "U2303_TSSOP_14_IC_KO", "Result": "0", "TimeStampSinceStationStarted": "1315610.229118", "VacuumAbsolute": "-826", "VacuumRelative": "86", "ZEndPosition": "14362500", "ZTargetPosition": "14367722"}, "ElectricalMeasurement": null, "Dip": null}, {"HeadSegmentId": "723716", "Measures": {"MeasureList": [{"CameraIndividualId": "4030", "MeasurementResult": "0", "PhiDeviation": "-804903", "TimeStampSinceStationStarted": "1315609.782017", "VisionDumpPath": "C:\\Sirio\\Work\\SvDumpFiles\\PartCameraDumps\\JID_403052689_OID_445170040_SEG_11_BE-Bibliothek.A5E00081516_R1315610294.svdmp", "XDeviation": "-93941", "YDeviation": "35890"}]}, "Pick": {"ActualPickPosition": {"Angle": "0", "X": "6000", "Y": "-49500"}, "MeasuredComponentHeight": "1001200", "NominalPickPosition": {"Angle": "0", "X": "6080", "Y": "-49649"}, "PickupLocationId": "230", "Result": "0", "TimeStampSinceStationStarted": "1315608.895869", "VacuumAbsolute": "-787", "VacuumRelative": "-787", "ZEndPosition": "14554500", "ZTargetPosition": "14560202"}, "Place": {"ActualPlacePosition": {"Angle": "90000", "X": "70654", "Y": "148205"}, "AirkissPressure": "55", "BoardPanelId": "2", "HoldingCircuitPressure": "-775", "NominalPlacePosition": {"Angle": "90000", "X": "70650", "Y": "148213"}, "ReferenceDesignator": "U2301_TSSOP_14_IC_KO", "Result": "0", "TimeStampSinceStationStarted": "1315610.341661", "VacuumAbsolute": "-832", "VacuumRelative": "104", "ZEndPosition": "14327000", "ZTargetPosition": "14366013"}, "ElectricalMeasurement": null, "Dip": null}, {"HeadSegmentId": "789252", "Measures": {"MeasureList": [{"CameraIndividualId": "4030", "MeasurementResult": "0", "PhiDeviation": "1329496", "TimeStampSinceStationStarted": "1315609.928361", "VisionDumpPath": "C:\\Sirio\\Work\\SvDumpFiles\\PartCameraDumps\\JID_403052690_OID_445170041_SEG_12_BE-Bibliothek.A5E38213077_R1315610376.svdmp", "XDeviation": "-49737", "YDeviation": "15612"}]}, "Pick": {"ActualPickPosition": {"Angle": "0", "X": "6000", "Y": "-49500"}, "MeasuredComponentHeight": "870980", "NominalPickPosition": {"Angle": "0", "X": "6175", "Y": "-49565"}, "PickupLocationId": "231", "Result": "0", "TimeStampSinceStationStarted": "1315608.977893", "VacuumAbsolute": "-759", "VacuumRelative": "-759", "ZEndPosition": "17500000", "ZTargetPosition": "17487992"}, "Place": {"ActualPlacePosition": {"Angle": "90000", "X": "26511", "Y": "46088"}, "AirkissPressure": "51", "BoardPanelId": "2", "HoldingCircuitPressure": "-721", "NominalPlacePosition": {"Angle": "90000", "X": "26500", "Y": "46080"}, "ReferenceDesignator": "D401_QFN_32_IC_PERI_", "Result": "0", "TimeStampSinceStationStarted": "1315610.549093", "VacuumAbsolute": "-845", "VacuumRelative": "100", "ZEndPosition": "17520000", "ZTargetPosition": "17527430"}, "ElectricalMeasurement": null, "Dip": null}, {"HeadSegmentId": "131585", "Measures": {"MeasureList": [{"CameraIndividualId": "1030", "MeasurementResult": "0", "PhiDeviation": "-284517", "TimeStampSinceStationStarted": "1315609.758794", "VisionDumpPath": "C:\\Sirio\\Work\\SvDumpFiles\\PartCameraDumps\\JID_103020254_OID_445170042_SEG_2_BE-Bibliothek.A5E00132529_R1315610531.svdmp", "XDeviation": "4918", "YDeviation": "-1324"}]}, "Pick": {"ActualPickPosition": {"Angle": "0", "X": "8000", "Y": "-51500"}, "MeasuredComponentHeight": "1025786", "NominalPickPosition": {"Angle": "0", "X": "8092", "Y": "-51427"}, "PickupLocationId": "148", "Result": "0", "TimeStampSinceStationStarted": "1315609.131955", "VacuumAbsolute": "-846", "VacuumRelative": "-846", "ZEndPosition": "16401500", "ZTargetPosition": "16459210"}, "Place": {"ActualPlacePosition": {"Angle": "179983", "X": "52983", "Y": "64271"}, "AirkissPressure": "59", "BoardPanelId": "2", "HoldingCircuitPressure": "-631", "NominalPlacePosition": {"Angle": "180000", "X": "52950", "Y": "64230"}, "ReferenceDesignator": "D1102_TSSOP_20_IC_IN", "Result": "0", "TimeStampSinceStationStarted": "1315610.946955", "VacuumAbsolute": "-799", "VacuumRelative": "96", "ZEndPosition": "15999500", "ZTargetPosition": "16004269"}, "ElectricalMeasurement": null, "Dip": null}, {"HeadSegmentId": "197121", "Measures": {"MeasureList": [{"CameraIndividualId": "1030", "MeasurementResult": "0", "PhiDeviation": "-694096", "TimeStampSinceStationStarted": "1315609.833424", "VisionDumpPath": "C:\\Sirio\\Work\\SvDumpFiles\\PartCameraDumps\\JID_103020255_OID_445170043_SEG_3_BE-Bibliothek.A5E00439671_R1315610717.svdmp", "XDeviation": "-181448", "YDeviation": "-49859"}]}, "Pick": {"ActualPickPosition": {"Angle": "0", "X": "6000", "Y": "-49500"}, "MeasuredComponentHeight": "997668", "NominalPickPosition": {"Angle": "0", "X": "6168", "Y": "-49422"}, "PickupLocationId": "152", "Result": "0", "TimeStampSinceStationStarted": "1315609.317841", "VacuumAbsolute": "-789", "VacuumRelative": "-789", "ZEndPosition": "14402000", "ZTargetPosition": "14421608"}, "Place": {"ActualPlacePosition": {"Angle": "-89999", "X": "36292", "Y": "33681"}, "AirkissPressure": "53", "BoardPanelId": "2", "HoldingCircuitPressure": "-668", "NominalPlacePosition": {"Angle": "-90000", "X": "36250", "Y": "33630"}, "ReferenceDesignator": "D500_TSSOP_14_IC_INT", "Result": "0", "TimeStampSinceStationStarted": "1315611.065441", "VacuumAbsolute": "-827", "VacuumRelative": "90", "ZEndPosition": "14039500", "ZTargetPosition": "14045755"}, "ElectricalMeasurement": null, "Dip": null}, {"HeadSegmentId": "262657", "Measures": {"MeasureList": [{"CameraIndividualId": "1030", "MeasurementResult": "0", "PhiDeviation": "-3396502", "TimeStampSinceStationStarted": "1315609.925312", "VisionDumpPath": "C:\\Sirio\\Work\\SvDumpFiles\\PartCameraDumps\\JID_103020256_OID_445170044_SEG_4_BE-Bibliothek.A5E00032567_R1315610839.svdmp", "XDeviation": "-70538", "YDeviation": "-55795"}]}, "Pick": {"ActualPickPosition": {"Angle": "0", "X": "6000", "Y": "-51500"}, "MeasuredComponentHeight": "591033", "NominalPickPosition": {"Angle": "0", "X": "6111", "Y": "-51729"}, "PickupLocationId": "155", "Result": "0", "TimeStampSinceStationStarted": "1315609.440433", "VacuumAbsolute": "-746", "VacuumRelative": "-746", "ZEndPosition": "14108500", "ZTargetPosition": "14127500"}, "Place": {"ActualPlacePosition": {"Angle": "-89999", "X": "41788", "Y": "84222"}, "AirkissPressure": "52", "BoardPanelId": "2", "HoldingCircuitPressure": "-579", "NominalPlacePosition": {"Angle": "-90000", "X": "41750", "Y": "84180"}, "ReferenceDesignator": "R416_2010_WID_MET_SH", "Result": "0", "TimeStampSinceStationStarted": "1315611.241865", "VacuumAbsolute": "-816", "VacuumRelative": "97", "ZEndPosition": "14544500", "ZTargetPosition": "14568870"}, "ElectricalMeasurement": null, "Dip": null}, {"HeadSegmentId": "328193", "Measures": {"MeasureList": [{"CameraIndividualId": "1030", "MeasurementResult": "0", "PhiDeviation": "1942089", "TimeStampSinceStationStarted": "1315609.988514", "VisionDumpPath": "C:\\Sirio\\Work\\SvDumpFiles\\PartCameraDumps\\JID_103020257_OID_445170045_SEG_5_BE-Bibliothek.A5E00198243_R1315610927.svdmp", "XDeviation": "-85328", "YDeviation": "613"}]}, "Pick": {"ActualPickPosition": {"Angle": "0", "X": "1000", "Y": "-50000"}, "MeasuredComponentHeight": "546579", "NominalPickPosition": {"Angle": "0", "X": "752", "Y": "-49784"}, "PickupLocationId": "158", "Result": "0", "TimeStampSinceStationStarted": "1315609.528902", "VacuumAbsolute": "-796", "VacuumRelative": "-796", "ZEndPosition": "12139000", "ZTargetPosition": "12158000"}, "Place": {"ActualPlacePosition": {"Angle": "-89999", "X": "68473", "Y": "137306"}, "AirkissPressure": "56", "BoardPanelId": "2", "HoldingCircuitPressure": "-629", "NominalPlacePosition": {"Angle": "-90000", "X": "68450", "Y": "137280"}, "ReferenceDesignator": "R2509_1206_WID_MET_S", "Result": "0", "TimeStampSinceStationStarted": "1315611.374402", "VacuumAbsolute": "-855", "VacuumRelative": "110", "ZEndPosition": "13682500", "ZTargetPosition": "13706573"}, "ElectricalMeasurement": null, "Dip": null}, {"HeadSegmentId": "393729", "Measures": {"MeasureList": [{"CameraIndividualId": "1030", "MeasurementResult": "0", "PhiDeviation": "-778087", "TimeStampSinceStationStarted": "1315610.049689", "VisionDumpPath": "C:\\Sirio\\Work\\SvDumpFiles\\PartCameraDumps\\JID_103020258_OID_445170046_SEG_6_BE-Bibliothek.A5E00198243_R1315611001.svdmp", "XDeviation": "-100116", "YDeviation": "72358"}]}, "Pick": {"ActualPickPosition": {"Angle": "0", "X": "1000", "Y": "-50000"}, "MeasuredComponentHeight": "542045", "NominalPickPosition": {"Angle": "0", "X": "752", "Y": "-49784"}, "PickupLocationId": "158", "Result": "0", "TimeStampSinceStationStarted": "1315609.602166", "VacuumAbsolute": "-797", "VacuumRelative": "-797", "ZEndPosition": "12140500", "ZTargetPosition": "12160000"}, "Place": {"ActualPlacePosition": {"Angle": "-89999", "X": "71322", "Y": "137305"}, "AirkissPressure": "52", "BoardPanelId": "2", "HoldingCircuitPressure": "-577", "NominalPlacePosition": {"Angle": "-90000", "X": "71300", "Y": "137280"}, "ReferenceDesignator": "R2508_1206_WID_MET_S", "Result": "0", "TimeStampSinceStationStarted": "1315611.442206", "VacuumAbsolute": "-824", "VacuumRelative": "86", "ZEndPosition": "13679500", "ZTargetPosition": "13732505"}, "ElectricalMeasurement": null, "Dip": null}, {"HeadSegmentId": "459265", "Measures": {"MeasureList": [{"CameraIndividualId": "1030", "MeasurementResult": "0", "PhiDeviation": "-1812909", "TimeStampSinceStationStarted": "1315610.111025", "VisionDumpPath": "C:\\Sirio\\Work\\SvDumpFiles\\PartCameraDumps\\JID_103020259_OID_445170047_SEG_7_BE-Bibliothek.A5E00198243_R1315611074.svdmp", "XDeviation": "375093", "YDeviation": "38885"}]}, "Pick": {"ActualPickPosition": {"Angle": "0", "X": "1000", "Y": "-50000"}, "MeasuredComponentHeight": "543302", "NominalPickPosition": {"Angle": "0", "X": "752", "Y": "-49784"}, "PickupLocationId": "158", "Result": "0", "TimeStampSinceStationStarted": "1315609.675844", "VacuumAbsolute": "-802", "VacuumRelative": "-802", "ZEndPosition": "12200500", "ZTargetPosition": "12220500"}, "Place": {"ActualPlacePosition": {"Angle": "-89999", "X": "109801", "Y": "137243"}, "AirkissPressure": "54", "BoardPanelId": "2", "HoldingCircuitPressure": "-471", "NominalPlacePosition": {"Angle": "-90000", "X": "109800", "Y": "137230"}, "ReferenceDesignator": "R2603_1206_WID_MET_S", "Result": "0", "TimeStampSinceStationStarted": "1315611.53258", "VacuumAbsolute": "-865", "VacuumRelative": "109", "ZEndPosition": "13946000", "ZTargetPosition": "13962220"}, "ElectricalMeasurement": null, "Dip": null}, {"HeadSegmentId": "524801", "Measures": {"MeasureList": [{"CameraIndividualId": "1030", "MeasurementResult": "0", "PhiDeviation": "-2781088", "TimeStampSinceStationStarted": "1315610.954433", "VisionDumpPath": "C:\\Sirio\\Work\\SvDumpFiles\\PartCameraDumps\\JID_103020260_OID_445170048_SEG_8_BE-Bibliothek.A5E00198243_R1315611148.svdmp", "XDeviation": "366606", "YDeviation": "-39293"}]}, "Pick": {"ActualPickPosition": {"Angle": "0", "X": "1000", "Y": "-50000"}, "MeasuredComponentHeight": "542096", "NominalPickPosition": {"Angle": "0", "X": "752", "Y": "-49784"}, "PickupLocationId": "158", "Result": "0", "TimeStampSinceStationStarted": "1315609.74915", "VacuumAbsolute": "-810", "VacuumRelative": "-810", "ZEndPosition": "12199000", "ZTargetPosition": "12218000"}, "Place": {"ActualPlacePosition": {"Angle": "-89999", "X": "112650", "Y": "137243"}, "AirkissPressure": "53", "BoardPanelId": "2", "HoldingCircuitPressure": "-608", "NominalPlacePosition": {"Angle": "-90000", "X": "112650", "Y": "137230"}, "ReferenceDesignator": "R2602_1206_WID_MET_S", "Result": "0", "TimeStampSinceStationStarted": "1315611.600952", "VacuumAbsolute": "-834", "VacuumRelative": "90", "ZEndPosition": "14007500", "ZTargetPosition": "13902863"}, "ElectricalMeasurement": null, "Dip": null}, {"HeadSegmentId": "590337", "Measures": {"MeasureList": [{"CameraIndividualId": "1030", "MeasurementResult": "0", "PhiDeviation": "-1363394", "TimeStampSinceStationStarted": "1315611.071151", "VisionDumpPath": "C:\\Sirio\\Work\\SvDumpFiles\\PartCameraDumps\\JID_103020261_OID_445170049_SEG_9_BE-Bibliothek.A5E00726333_R1315611222.svdmp", "XDeviation": "-234663", "YDeviation": "-109003"}]}, "Pick": {"ActualPickPosition": {"Angle": "0", "X": "1090", "Y": "-50930"}, "MeasuredComponentHeight": "1344733", "NominalPickPosition": {"Angle": "0", "X": "1090", "Y": "-50930"}, "PickupLocationId": "159", "Result": "0", "TimeStampSinceStationStarted": "1315609.82389", "VacuumAbsolute": "-784", "VacuumRelative": "-784", "ZEndPosition": "13590500", "ZTargetPosition": "13613017"}, "Place": {"ActualPlacePosition": {"Angle": "-89999", "X": "76321", "Y": "25870"}, "AirkissPressure": "53", "BoardPanelId": "2", "HoldingCircuitPressure": "-528", "NominalPlacePosition": {"Angle": "-90000", "X": "76300", "Y": "25830"}, "ReferenceDesignator": "C903_0805_KOND_KER_V", "Result": "0", "TimeStampSinceStationStarted": "1315611.772903", "VacuumAbsolute": "-818", "VacuumRelative": "77", "ZEndPosition": "13002000", "ZTargetPosition": "13053011"}, "ElectricalMeasurement": null, "Dip": null}, {"HeadSegmentId": "655873", "Measures": {"MeasureList": [{"CameraIndividualId": "1030", "MeasurementResult": "0", "PhiDeviation": "2274180", "TimeStampSinceStationStarted": "1315611.247807", "VisionDumpPath": "C:\\Sirio\\Work\\SvDumpFiles\\PartCameraDumps\\JID_103020262_OID_445170050_SEG_10_BE-Bibliothek.A5E00091713_R1315611316.svdmp", "XDeviation": "-27242", "YDeviation": "6781"}]}, "Pick": {"ActualPickPosition": {"Angle": "0", "X": "916", "Y": "-50967"}, "MeasuredComponentHeight": "308027", "NominalPickPosition": {"Angle": "0", "X": "944", "Y": "-50943"}, "PickupLocationId": "161", "Result": "0", "TimeStampSinceStationStarted": "1315609.91769", "VacuumAbsolute": "-793", "VacuumRelative": "-793", "ZEndPosition": "11856000", "ZTargetPosition": "11876000"}, "Place": {"ActualPlacePosition": {"Angle": "179983", "X": "40490", "Y": "53277"}, "AirkissPressure": "56", "BoardPanelId": "2", "HoldingCircuitPressure": "-667", "NominalPlacePosition": {"Angle": "180000", "X": "40450", "Y": "53230"}, "ReferenceDesignator": "R615_0402_WID_MET_SH", "Result": "0", "TimeStampSinceStationStarted": "1315611.880382", "VacuumAbsolute": "-873", "VacuumRelative": "215", "ZEndPosition": "12986000", "ZTargetPosition": "12979607"}, "ElectricalMeasurement": null, "Dip": null}, {"HeadSegmentId": "721409", "Measures": {"MeasureList": [{"CameraIndividualId": "1030", "MeasurementResult": "0", "PhiDeviation": "2691422", "TimeStampSinceStationStarted": "1315611.380721", "VisionDumpPath": "C:\\Sirio\\Work\\SvDumpFiles\\PartCameraDumps\\JID_103020263_OID_445170051_SEG_11_BE-Bibliothek.A5E00091713_R1315611377.svdmp", "XDeviation": "-54045", "YDeviation": "-41370"}]}, "Pick": {"ActualPickPosition": {"Angle": "0", "X": "916", "Y": "-50967"}, "MeasuredComponentHeight": "301265", "NominalPickPosition": {"Angle": "0", "X": "944", "Y": "-50943"}, "PickupLocationId": "161", "Result": "0", "TimeStampSinceStationStarted": "1315609.978747", "VacuumAbsolute": "-761", "VacuumRelative": "-761", "ZEndPosition": "11863000", "ZTargetPosition": "11883500"}, "Place": {"ActualPlacePosition": {"Angle": "179983", "X": "40490", "Y": "54277"}, "AirkissPressure": "51", "BoardPanelId": "2", "HoldingCircuitPressure": "-717", "NominalPlacePosition": {"Angle": "180000", "X": "40450", "Y": "54230"}, "ReferenceDesignator": "R616_0402_WID_MET_SH", "Result": "0", "TimeStampSinceStationStarted": "1315611.948271", "VacuumAbsolute": "-844", "VacuumRelative": "111", "ZEndPosition": "13005000", "ZTargetPosition": "12987382"}, "ElectricalMeasurement": null, "Dip": null}, {"HeadSegmentId": "786945", "Measures": {"MeasureList": [{"CameraIndividualId": "1030", "MeasurementResult": "0", "PhiDeviation": "-970497", "TimeStampSinceStationStarted": "1315611.451831", "VisionDumpPath": "C:\\Sirio\\Work\\SvDumpFiles\\PartCameraDumps\\JID_103020264_OID_445170052_SEG_12_BE-Bibliothek.A5E00091702_R1315611438.svdmp", "XDeviation": "21854", "YDeviation": "3393"}]}, "Pick": {"ActualPickPosition": {"Angle": "0", "X": "988", "Y": "-50853"}, "MeasuredComponentHeight": "325434", "NominalPickPosition": {"Angle": "0", "X": "939", "Y": "-50878"}, "PickupLocationId": "162", "Result": "0", "TimeStampSinceStationStarted": "1315610.039967", "VacuumAbsolute": "-807", "VacuumRelative": "-807", "ZEndPosition": "11754000", "ZTargetPosition": "11773000"}, "Place": {"ActualPlacePosition": {"Angle": "-17", "X": "36292", "Y": "60327"}, "AirkissPressure": "53", "BoardPanelId": "2", "HoldingCircuitPressure": "-819", "NominalPlacePosition": {"Angle": "0", "X": "36250", "Y": "60280"}, "ReferenceDesignator": "R707_0402_WID_MET_SH", "Result": "0", "TimeStampSinceStationStarted": "1315612.028678", "VacuumAbsolute": "-865", "VacuumRelative": "111", "ZEndPosition": "12925500", "ZTargetPosition": "12929525"}, "ElectricalMeasurement": null, "Dip": null}, {"HeadSegmentId": "68356", "Measures": {"MeasureList": [{"CameraIndividualId": "4030", "MeasurementResult": "0", "PhiDeviation": "1524170", "TimeStampSinceStationStarted": "1315611.626429", "VisionDumpPath": "C:\\Sirio\\Work\\SvDumpFiles\\PartCameraDumps\\JID_403052691_OID_445170053_SEG_1_BE-Bibliothek.A5E00150936_R1315612484.svdmp", "XDeviation": "-48687", "YDeviation": "53288"}]}, "Pick": {"ActualPickPosition": {"Angle": "0", "X": "1000", "Y": "-51000"}, "MeasuredComponentHeight": "881523", "NominalPickPosition": {"Angle": "0", "X": "873", "Y": "-51008"}, "PickupLocationId": "215", "Result": "0", "TimeStampSinceStationStarted": "1315611.085891", "VacuumAbsolute": "-815", "VacuumRelative": "-815", "ZEndPosition": "12520000", "ZTargetPosition": "12538500"}, "Place": {"ActualPlacePosition": {"Angle": "0", "X": "119467", "Y": "68655"}, "AirkissPressure": "54", "BoardPanelId": "2", "HoldingCircuitPressure": "-608", "NominalPlacePosition": {"Angle": "0", "X": "119470", "Y": "68650"}, "ReferenceDesignator": "H1119_0603_2_DIO_LED", "Result": "0", "TimeStampSinceStationStarted": "1315612.691826", "VacuumAbsolute": "-839", "VacuumRelative": "67", "ZEndPosition": "12447500", "ZTargetPosition": "12432037"}, "ElectricalMeasurement": null, "Dip": null}, {"HeadSegmentId": "133892", "Measures": {"MeasureList": [{"CameraIndividualId": "4030", "MeasurementResult": "0", "PhiDeviation": "-962554", "TimeStampSinceStationStarted": "1315611.788319", "VisionDumpPath": "C:\\Sirio\\Work\\SvDumpFiles\\PartCameraDumps\\JID_403052692_OID_445170054_SEG_2_BE-Bibliothek.A5E00150936_R1315612577.svdmp", "XDeviation": "-72462", "YDeviation": "9871"}]}, "Pick": {"ActualPickPosition": {"Angle": "0", "X": "1000", "Y": "-51000"}, "MeasuredComponentHeight": "894931", "NominalPickPosition": {"Angle": "0", "X": "873", "Y": "-51008"}, "PickupLocationId": "215", "Result": "0", "TimeStampSinceStationStarted": "1315611.178778", "VacuumAbsolute": "-817", "VacuumRelative": "-817", "ZEndPosition": "12515000", "ZTargetPosition": "12533500"}, "Place": {"ActualPlacePosition": {"Angle": "0", "X": "129465", "Y": "68655"}, "AirkissPressure": "52", "BoardPanelId": "2", "HoldingCircuitPressure": "-837", "NominalPlacePosition": {"Angle": "0", "X": "129470", "Y": "68650"}, "ReferenceDesignator": "H1212_0603_2_DIO_LED", "Result": "0", "TimeStampSinceStationStarted": "1315612.759537", "VacuumAbsolute": "-844", "VacuumRelative": "49", "ZEndPosition": "12465000", "ZTargetPosition": "12460738"}, "ElectricalMeasurement": null, "Dip": null}, {"HeadSegmentId": "199428", "Measures": {"MeasureList": [{"CameraIndividualId": "4030", "MeasurementResult": "0", "PhiDeviation": "2126648", "TimeStampSinceStationStarted": "1315611.860539", "VisionDumpPath": "C:\\Sirio\\Work\\SvDumpFiles\\PartCameraDumps\\JID_403052693_OID_445170055_SEG_3_BE-Bibliothek.A5E00150936_R1315612665.svdmp", "XDeviation": "-56050", "YDeviation": "63145"}]}, "Pick": {"ActualPickPosition": {"Angle": "0", "X": "1000", "Y": "-51000"}, "MeasuredComponentHeight": "890904", "NominalPickPosition": {"Angle": "0", "X": "873", "Y": "-51008"}, "PickupLocationId": "215", "Result": "0", "TimeStampSinceStationStarted": "1315611.267027", "VacuumAbsolute": "-820", "VacuumRelative": "-820", "ZEndPosition": "12430500", "ZTargetPosition": "12448500"}, "Place": {"ActualPlacePosition": {"Angle": "0", "X": "131965", "Y": "68655"}, "AirkissPressure": "51", "BoardPanelId": "2", "HoldingCircuitPressure": "-823", "NominalPlacePosition": {"Angle": "0", "X": "131970", "Y": "68650"}, "ReferenceDesignator": "H1213_0603_2_DIO_LED", "Result": "0", "TimeStampSinceStationStarted": "1315612.827865", "VacuumAbsolute": "-842", "VacuumRelative": "95", "ZEndPosition": "12444000", "ZTargetPosition": "12411588"}, "ElectricalMeasurement": null, "Dip": null}, {"HeadSegmentId": "264964", "Measures": {"MeasureList": [{"CameraIndividualId": "4030", "MeasurementResult": "0", "PhiDeviation": "-148726", "TimeStampSinceStationStarted": "1315611.954632", "VisionDumpPath": "C:\\Sirio\\Work\\SvDumpFiles\\PartCameraDumps\\JID_403052694_OID_445170056_SEG_4_BE-Bibliothek.A5E00150936_R1315612754.svdmp", "XDeviation": "10695", "YDeviation": "39823"}]}, "Pick": {"ActualPickPosition": {"Angle": "0", "X": "1000", "Y": "-51000"}, "MeasuredComponentHeight": "888592", "NominalPickPosition": {"Angle": "0", "X": "873", "Y": "-51008"}, "PickupLocationId": "215", "Result": "0", "TimeStampSinceStationStarted": "1315611.355177", "VacuumAbsolute": "-828", "VacuumRelative": "-828", "ZEndPosition": "12610000", "ZTargetPosition": "12630000"}, "Place": {"ActualPlacePosition": {"Angle": "0", "X": "136964", "Y": "68655"}, "AirkissPressure": "53", "BoardPanelId": "2", "HoldingCircuitPressure": "-841", "NominalPlacePosition": {"Angle": "0", "X": "136970", "Y": "68650"}, "ReferenceDesignator": "H1215_0603_2_DIO_LED", "Result": "0", "TimeStampSinceStationStarted": "1315612.895838", "VacuumAbsolute": "-847", "VacuumRelative": "-100", "ZEndPosition": "12538500", "ZTargetPosition": "12570982"}, "ElectricalMeasurement": null, "Dip": null}, {"HeadSegmentId": "330500", "Measures": {"MeasureList": [{"CameraIndividualId": "4030", "MeasurementResult": "0", "PhiDeviation": "-130431", "TimeStampSinceStationStarted": "1315612.04945", "VisionDumpPath": "C:\\Sirio\\Work\\SvDumpFiles\\PartCameraDumps\\JID_403052695_OID_445170057_SEG_5_BE-Bibliothek.A5E00150936_R1315612842.svdmp", "XDeviation": "30809", "YDeviation": "69465"}]}, "Pick": {"ActualPickPosition": {"Angle": "0", "X": "1000", "Y": "-51000"}, "MeasuredComponentHeight": "874743", "NominalPickPosition": {"Angle": "0", "X": "873", "Y": "-51008"}, "PickupLocationId": "215", "Result": "0", "TimeStampSinceStationStarted": "1315611.44408", "VacuumAbsolute": "-823", "VacuumRelative": "-823", "ZEndPosition": "12520500", "ZTargetPosition": "12538500"}, "Place": {"ActualPlacePosition": {"Angle": "0", "X": "141963", "Y": "68655"}, "AirkissPressure": "53", "BoardPanelId": "2", "HoldingCircuitPressure": "-827", "NominalPlacePosition": {"Angle": "0", "X": "141970", "Y": "68650"}, "ReferenceDesignator": "H1217_0603_2_DIO_LED", "Result": "0", "TimeStampSinceStationStarted": "1315612.963994", "VacuumAbsolute": "-845", "VacuumRelative": "80", "ZEndPosition": "12579000", "ZTargetPosition": "12540600"}, "ElectricalMeasurement": null, "Dip": null}, {"HeadSegmentId": "396036", "Measures": {"MeasureList": [{"CameraIndividualId": "4030", "MeasurementResult": "0", "PhiDeviation": "-548730", "TimeStampSinceStationStarted": "1315612.177213", "VisionDumpPath": "C:\\Sirio\\Work\\SvDumpFiles\\PartCameraDumps\\JID_403052696_OID_445170058_SEG_6_BE-Bibliothek.A5E00907098_R1315612943.svdmp", "XDeviation": "-133082", "YDeviation": "29517"}]}, "Pick": {"ActualPickPosition": {"Angle": "0", "X": "1000", "Y": "-50000"}, "MeasuredComponentHeight": "1570777", "NominalPickPosition": {"Angle": "0", "X": "1104", "Y": "-50082"}, "PickupLocationId": "220", "Result": "0", "TimeStampSinceStationStarted": "1315611.544408", "VacuumAbsolute": "-796", "VacuumRelative": "-796", "ZEndPosition": "14888000", "ZTargetPosition": "14861868"}, "Place": {"ActualPlacePosition": {"Angle": "-90000", "X": "157141", "Y": "169904"}, "AirkissPressure": "51", "BoardPanelId": "2", "HoldingCircuitPressure": "-757", "NominalPlacePosition": {"Angle": "-90000", "X": "157150", "Y": "169915"}, "ReferenceDesignator": "C2801_1206_KOND_KER_", "Result": "0", "TimeStampSinceStationStarted": "1315613.133073", "VacuumAbsolute": "-851", "VacuumRelative": "92", "ZEndPosition": "14211000", "ZTargetPosition": "14182657"}, "ElectricalMeasurement": null, "Dip": null}, {"HeadSegmentId": "527108", "Measures": {"MeasureList": [{"CameraIndividualId": "4030", "MeasurementResult": "0", "PhiDeviation": "-943911", "TimeStampSinceStationStarted": "1315612.769009", "VisionDumpPath": "C:\\Sirio\\Work\\SvDumpFiles\\PartCameraDumps\\JID_403052697_OID_445170059_SEG_8_BE-Bibliothek.A5E00081516_R1315613178.svdmp", "XDeviation": "46596", "YDeviation": "38883"}]}, "Pick": {"ActualPickPosition": {"Angle": "0", "X": "6000", "Y": "-49500"}, "MeasuredComponentHeight": "1008590", "NominalPickPosition": {"Angle": "0", "X": "6058", "Y": "-49643"}, "PickupLocationId": "230", "Result": "0", "TimeStampSinceStationStarted": "1315611.780255", "VacuumAbsolute": "-786", "VacuumRelative": "-786", "ZEndPosition": "14521500", "ZTargetPosition": "14527276"}, "Place": {"ActualPlacePosition": {"Angle": "90000", "X": "61906", "Y": "148205"}, "AirkissPressure": "52", "BoardPanelId": "2", "HoldingCircuitPressure": "-830", "NominalPlacePosition": {"Angle": "90000", "X": "61900", "Y": "148213"}, "ReferenceDesignator": "U2203_TSSOP_14_IC_KO", "Result": "0", "TimeStampSinceStationStarted": "1315613.264548", "VacuumAbsolute": "-870", "VacuumRelative": "100", "ZEndPosition": "14279000", "ZTargetPosition": "14312851"}, "ElectricalMeasurement": null, "Dip": null}, {"HeadSegmentId": "592644", "Measures": {"MeasureList": [{"CameraIndividualId": "4030", "MeasurementResult": "0", "PhiDeviation": "-740234", "TimeStampSinceStationStarted": "1315612.837382", "VisionDumpPath": "C:\\Sirio\\Work\\SvDumpFiles\\PartCameraDumps\\JID_403052698_OID_445170060_SEG_9_BE-Bibliothek.A5E00081516_R1315613272.svdmp", "XDeviation": "41765", "YDeviation": "5129"}]}, "Pick": {"ActualPickPosition": {"Angle": "0", "X": "6000", "Y": "-49500"}, "MeasuredComponentHeight": "995904", "NominalPickPosition": {"Angle": "0", "X": "6058", "Y": "-49643"}, "PickupLocationId": "230", "Result": "0", "TimeStampSinceStationStarted": "1315611.874142", "VacuumAbsolute": "-749", "VacuumRelative": "-749", "ZEndPosition": "14472500", "ZTargetPosition": "14493832"}, "Place": {"ActualPlacePosition": {"Angle": "90000", "X": "53157", "Y": "148205"}, "AirkissPressure": "56", "BoardPanelId": "2", "HoldingCircuitPressure": "-624", "NominalPlacePosition": {"Angle": "90000", "X": "53150", "Y": "148213"}, "ReferenceDesignator": "U2201_TSSOP_14_IC_KO", "Result": "0", "TimeStampSinceStationStarted": "1315613.373103", "VacuumAbsolute": "-788", "VacuumRelative": "87", "ZEndPosition": "14184000", "ZTargetPosition": "14200498"}, "ElectricalMeasurement": null, "Dip": null}, {"HeadSegmentId": "658180", "Measures": {"MeasureList": [{"CameraIndividualId": "4030", "MeasurementResult": "0", "PhiDeviation": "-852147", "TimeStampSinceStationStarted": "1315612.905239", "VisionDumpPath": "C:\\Sirio\\Work\\SvDumpFiles\\PartCameraDumps\\JID_403052699_OID_445170061_SEG_10_BE-Bibliothek.A5E00081516_R1315613366.svdmp", "XDeviation": "-134298", "YDeviation": "-4576"}]}, "Pick": {"ActualPickPosition": {"Angle": "0", "X": "6000", "Y": "-49500"}, "MeasuredComponentHeight": "997605", "NominalPickPosition": {"Angle": "0", "X": "6058", "Y": "-49643"}, "PickupLocationId": "230", "Result": "0", "TimeStampSinceStationStarted": "1315611.968136", "VacuumAbsolute": "-787", "VacuumRelative": "-787", "ZEndPosition": "14528500", "ZTargetPosition": "14520999"}, "Place": {"ActualPlacePosition": {"Angle": "90000", "X": "44409", "Y": "148205"}, "AirkissPressure": "56", "BoardPanelId": "2", "HoldingCircuitPressure": "-770", "NominalPlacePosition": {"Angle": "90000", "X": "44400", "Y": "148213"}, "ReferenceDesignator": "U2103_TSSOP_14_IC_KO", "Result": "0", "TimeStampSinceStationStarted": "1315613.483815", "VacuumAbsolute": "-827", "VacuumRelative": "86", "ZEndPosition": "14275500", "ZTargetPosition": "14265867"}, "ElectricalMeasurement": null, "Dip": null}, {"HeadSegmentId": "723716", "Measures": {"MeasureList": [{"CameraIndividualId": "4030", "MeasurementResult": "0", "PhiDeviation": "-595919", "TimeStampSinceStationStarted": "1315612.973614", "VisionDumpPath": "C:\\Sirio\\Work\\SvDumpFiles\\PartCameraDumps\\JID_403052700_OID_445170062_SEG_11_BE-Bibliothek.A5E00081516_R1315613462.svdmp", "XDeviation": "-117596", "YDeviation": "33797"}]}, "Pick": {"ActualPickPosition": {"Angle": "0", "X": "6000", "Y": "-49500"}, "MeasuredComponentHeight": "1003025", "NominalPickPosition": {"Angle": "0", "X": "6058", "Y": "-49643"}, "PickupLocationId": "230", "Result": "0", "TimeStampSinceStationStarted": "1315612.063221", "VacuumAbsolute": "-786", "VacuumRelative": "-786", "ZEndPosition": "14546000", "ZTargetPosition": "14553874"}, "Place": {"ActualPlacePosition": {"Angle": "90000", "X": "35660", "Y": "148205"}, "AirkissPressure": "54", "BoardPanelId": "2", "HoldingCircuitPressure": "-776", "NominalPlacePosition": {"Angle": "90000", "X": "35650", "Y": "148213"}, "ReferenceDesignator": "U2101_TSSOP_14_IC_KO", "Result": "0", "TimeStampSinceStationStarted": "1315613.598521", "VacuumAbsolute": "-831", "VacuumRelative": "103", "ZEndPosition": "14247500", "ZTargetPosition": "14246928"}, "ElectricalMeasurement": null, "Dip": null}, {"HeadSegmentId": "789252", "Measures": {"MeasureList": [{"CameraIndividualId": "4030", "MeasurementResult": "0", "PhiDeviation": "-843597", "TimeStampSinceStationStarted": "1315613.138992", "VisionDumpPath": "C:\\Sirio\\Work\\SvDumpFiles\\PartCameraDumps\\JID_403052701_OID_445170063_SEG_12_BE-Bibliothek.A5E00186101_R1315613565.svdmp", "XDeviation": "-24837", "YDeviation": "30620"}]}, "Pick": {"ActualPickPosition": {"Angle": "0", "X": "6000", "Y": "-49500"}, "MeasuredComponentHeight": "3148735", "NominalPickPosition": {"Angle": "0", "X": "6158", "Y": "-49514"}, "PickupLocationId": "232", "Result": "0", "TimeStampSinceStationStarted": "1315612.166605", "VacuumAbsolute": "-767", "VacuumRelative": "-767", "ZEndPosition": "17448000", "ZTargetPosition": "17467269"}, "Place": {"ActualPlacePosition": {"Angle": "0", "X": "31211", "Y": "27191"}, "AirkissPressure": "44", "BoardPanelId": "2", "HoldingCircuitPressure": "-726", "NominalPlacePosition": {"Angle": "0", "X": "31200", "Y": "27180"}, "ReferenceDesignator": "U501_SOP_8/SOIC_8_OP", "Result": "0", "TimeStampSinceStationStarted": "1315613.822602", "VacuumAbsolute": "-846", "VacuumRelative": "100", "ZEndPosition": "15243000", "ZTargetPosition": "15223603"}, "ElectricalMeasurement": null, "Dip": null}, {"HeadSegmentId": "197121", "Measures": {"MeasureList": [{"CameraIndividualId": "1030", "MeasurementResult": "0", "PhiDeviation": "-48603", "TimeStampSinceStationStarted": "1315612.901525", "VisionDumpPath": "C:\\Sirio\\Work\\SvDumpFiles\\PartCameraDumps\\JID_103020265_OID_445170064_SEG_3_BE-Bibliothek.A5E00207035_R1315613813.svdmp", "XDeviation": "51185", "YDeviation": "21439"}]}, "Pick": {"ActualPickPosition": {"Angle": "0", "X": "1000", "Y": "-50000"}, "MeasuredComponentHeight": "513751", "NominalPickPosition": {"Angle": "0", "X": "877", "Y": "-49787"}, "PickupLocationId": "156", "Result": "0", "TimeStampSinceStationStarted": "1315612.414439", "VacuumAbsolute": "-744", "VacuumRelative": "-744", "ZEndPosition": "13689500", "ZTargetPosition": "13799646"}, "Place": {"ActualPlacePosition": {"Angle": "179983", "X": "133640", "Y": "55898"}, "AirkissPressure": "54", "BoardPanelId": "2", "HoldingCircuitPressure": "-587", "NominalPlacePosition": {"Angle": "180000", "X": "133650", "Y": "55880"}, "ReferenceDesignator": "R1205_1206_8_WID_NET", "Result": "0", "TimeStampSinceStationStarted": "1315614.260588", "VacuumAbsolute": "-806", "VacuumRelative": "83", "ZEndPosition": "14591000", "ZTargetPosition": "14575616"}, "ElectricalMeasurement": null, "Dip": null}, {"HeadSegmentId": "262657", "Measures": {"MeasureList": [{"CameraIndividualId": "1030", "MeasurementResult": "0", "PhiDeviation": "-624169", "TimeStampSinceStationStarted": "1315613.004111", "VisionDumpPath": "C:\\Sirio\\Work\\SvDumpFiles\\PartCameraDumps\\JID_103020266_OID_445170065_SEG_4_BE-Bibliothek.A5E00207035_R1315613885.svdmp", "XDeviation": "83164", "YDeviation": "53725"}]}, "Pick": {"ActualPickPosition": {"Angle": "0", "X": "1000", "Y": "-50000"}, "MeasuredComponentHeight": "509650", "NominalPickPosition": {"Angle": "0", "X": "877", "Y": "-49787"}, "PickupLocationId": "156", "Result": "0", "TimeStampSinceStationStarted": "1315612.486289", "VacuumAbsolute": "-730", "VacuumRelative": "-730", "ZEndPosition": "13862000", "ZTargetPosition": "13833110"}, "Place": {"ActualPlacePosition": {"Angle": "179983", "X": "138188", "Y": "55897"}, "AirkissPressure": "55", "BoardPanelId": "2", "HoldingCircuitPressure": "-502", "NominalPlacePosition": {"Angle": "180000", "X": "138200", "Y": "55880"}, "ReferenceDesignator": "R1204_1206_8_WID_NET", "Result": "0", "TimeStampSinceStationStarted": "1315614.329209", "VacuumAbsolute": "-760", "VacuumRelative": "75", "ZEndPosition": "14710000", "ZTargetPosition": "14707841"}, "ElectricalMeasurement": null, "Dip": null}, {"HeadSegmentId": "328193", "Measures": {"MeasureList": [{"CameraIndividualId": "1030", "MeasurementResult": "0", "PhiDeviation": "-1477232", "TimeStampSinceStationStarted": "1315613.067477", "VisionDumpPath": "C:\\Sirio\\Work\\SvDumpFiles\\PartCameraDumps\\JID_103020267_OID_445170066_SEG_5_BE-Bibliothek.A5E00726333_R1315613982.svdmp", "XDeviation": "-158723", "YDeviation": "-98676"}]}, "Pick": {"ActualPickPosition": {"Angle": "0", "X": "1090", "Y": "-50930"}, "MeasuredComponentHeight": "1323559", "NominalPickPosition": {"Angle": "0", "X": "1090", "Y": "-50930"}, "PickupLocationId": "159", "Result": "0", "TimeStampSinceStationStarted": "1315612.583558", "VacuumAbsolute": "-799", "VacuumRelative": "-799", "ZEndPosition": "13613000", "ZTargetPosition": "13588888"}, "Place": {"ActualPlacePosition": {"Angle": "179983", "X": "46137", "Y": "24579"}, "AirkissPressure": "55", "BoardPanelId": "2", "HoldingCircuitPressure": "-629", "NominalPlacePosition": {"Angle": "180000", "X": "46100", "Y": "24530"}, "ReferenceDesignator": "C947_0805_KOND_KER_V", "Result": "0", "TimeStampSinceStationStarted": "1315614.456665", "VacuumAbsolute": "-832", "VacuumRelative": "96", "ZEndPosition": "13100000", "ZTargetPosition": "13103391"}, "ElectricalMeasurement": null, "Dip": null}, {"HeadSegmentId": "393729", "Measures": {"MeasureList": [{"CameraIndividualId": "1030", "MeasurementResult": "0", "PhiDeviation": "1006469", "TimeStampSinceStationStarted": "1315613.114869", "VisionDumpPath": "C:\\Sirio\\Work\\SvDumpFiles\\PartCameraDumps\\JID_103020268_OID_445170067_SEG_6_BE-Bibliothek.A5E00726333_R1315614057.svdmp", "XDeviation": "-16750", "YDeviation": "-108885"}]}, "Pick": {"ActualPickPosition": {"Angle": "0", "X": "1090", "Y": "-50930"}, "MeasuredComponentHeight": "1344659", "NominalPickPosition": {"Angle": "0", "X": "1090", "Y": "-50930"}, "PickupLocationId": "159", "Result": "0", "TimeStampSinceStationStarted": "1315612.65889", "VacuumAbsolute": "-797", "VacuumRelative": "-797", "ZEndPosition": "13604000", "ZTargetPosition": "13621416"}, "Place": {"ActualPlacePosition": {"Angle": "90001", "X": "41690", "Y": "25980"}, "AirkissPressure": "56", "BoardPanelId": "2", "HoldingCircuitPressure": "-577", "NominalPlacePosition": {"Angle": "90000", "X": "41650", "Y": "25930"}, "ReferenceDesignator": "C511_0805_KOND_KER_V", "Result": "0", "TimeStampSinceStationStarted": "1315614.523956", "VacuumAbsolute": "-797", "VacuumRelative": "71", "ZEndPosition": "13088500", "ZTargetPosition": "13103025"}, "ElectricalMeasurement": null, "Dip": null}, {"HeadSegmentId": "459265", "Measures": {"MeasureList": [{"CameraIndividualId": "1030", "MeasurementResult": "0", "PhiDeviation": "-3047930", "TimeStampSinceStationStarted": "1315613.162698", "VisionDumpPath": "C:\\Sirio\\Work\\SvDumpFiles\\PartCameraDumps\\JID_103020269_OID_445170068_SEG_7_BE-Bibliothek.A5E00726333_R1315614135.svdmp", "XDeviation": "-326334", "YDeviation": "-140647"}]}, "Pick": {"ActualPickPosition": {"Angle": "0", "X": "1090", "Y": "-50930"}, "MeasuredComponentHeight": "1303851", "NominalPickPosition": {"Angle": "0", "X": "1090", "Y": "-50930"}, "PickupLocationId": "159", "Result": "0", "TimeStampSinceStationStarted": "1315612.736359", "VacuumAbsolute": "-805", "VacuumRelative": "-805", "ZEndPosition": "13695000", "ZTargetPosition": "13643562"}, "Place": {"ActualPlacePosition": {"Angle": "179983", "X": "36942", "Y": "21582"}, "AirkissPressure": "53", "BoardPanelId": "2", "HoldingCircuitPressure": "-471", "NominalPlacePosition": {"Angle": "180000", "X": "36900", "Y": "21530"}, "ReferenceDesignator": "C1615_0805_KOND_KER_", "Result": "0", "TimeStampSinceStationStarted": "1315614.594965", "VacuumAbsolute": "-821", "VacuumRelative": "81", "ZEndPosition": "13225000", "ZTargetPosition": "13195285"}, "ElectricalMeasurement": null, "Dip": null}, {"HeadSegmentId": "524801", "Measures": {"MeasureList": [{"CameraIndividualId": "1030", "MeasurementResult": "0", "PhiDeviation": "2475537", "TimeStampSinceStationStarted": "1315613.210072", "VisionDumpPath": "C:\\Sirio\\Work\\SvDumpFiles\\PartCameraDumps\\JID_103020270_OID_445170069_SEG_8_BE-Bibliothek.A5E00726333_R1315614212.svdmp", "XDeviation": "-10205", "YDeviation": "-236009"}]}, "Pick": {"ActualPickPosition": {"Angle": "0", "X": "1090", "Y": "-50930"}, "MeasuredComponentHeight": "1317822", "NominalPickPosition": {"Angle": "0", "X": "1090", "Y": "-50930"}, "PickupLocationId": "159", "Result": "0", "TimeStampSinceStationStarted": "1315612.813583", "VacuumAbsolute": "-799", "VacuumRelative": "-799", "ZEndPosition": "13662500", "ZTargetPosition": "13671921"}, "Place": {"ActualPlacePosition": {"Angle": "179983", "X": "36942", "Y": "19533"}, "AirkissPressure": "51", "BoardPanelId": "2", "HoldingCircuitPressure": "-608", "NominalPlacePosition": {"Angle": "180000", "X": "36900", "Y": "19480"}, "ReferenceDesignator": "C1614_0805_KOND_KER_", "Result": "0", "TimeStampSinceStationStarted": "1315614.662789", "VacuumAbsolute": "-809", "VacuumRelative": "75", "ZEndPosition": "13214000", "ZTargetPosition": "13215098"}, "ElectricalMeasurement": null, "Dip": null}, {"HeadSegmentId": "590337", "Measures": {"MeasureList": [{"CameraIndividualId": "1030", "MeasurementResult": "0", "PhiDeviation": "1337997", "TimeStampSinceStationStarted": "1315614.26844", "VisionDumpPath": "C:\\Sirio\\Work\\SvDumpFiles\\PartCameraDumps\\JID_103020271_OID_445170070_SEG_9_BE-Bibliothek.A5E00726333_R1315614290.svdmp", "XDeviation": "-38845", "YDeviation": "-170635"}]}, "Pick": {"ActualPickPosition": {"Angle": "0", "X": "1090", "Y": "-50930"}, "MeasuredComponentHeight": "1339425", "NominalPickPosition": {"Angle": "0", "X": "1090", "Y": "-50930"}, "PickupLocationId": "159", "Result": "0", "TimeStampSinceStationStarted": "1315612.891806", "VacuumAbsolute": "-785", "VacuumRelative": "-785", "ZEndPosition": "13640500", "ZTargetPosition": "13619566"}, "Place": {"ActualPlacePosition": {"Angle": "179983", "X": "36942", "Y": "17483"}, "AirkissPressure": "53", "BoardPanelId": "2", "HoldingCircuitPressure": "-549", "NominalPlacePosition": {"Angle": "180000", "X": "36900", "Y": "17430"}, "ReferenceDesignator": "C1600_0805_KOND_KER_", "Result": "0", "TimeStampSinceStationStarted": "1315614.730187", "VacuumAbsolute": "-793", "VacuumRelative": "63", "ZEndPosition": "13144500", "ZTargetPosition": "13153188"}, "ElectricalMeasurement": null, "Dip": null}, {"HeadSegmentId": "655873", "Measures": {"MeasureList": [{"CameraIndividualId": "1030", "MeasurementResult": "0", "PhiDeviation": "-191550", "TimeStampSinceStationStarted": "1315614.338876", "VisionDumpPath": "C:\\Sirio\\Work\\SvDumpFiles\\PartCameraDumps\\JID_103020272_OID_445170071_SEG_10_BE-Bibliothek.A5E00091702_R1315614395.svdmp", "XDeviation": "-71117", "YDeviation": "-4040"}]}, "Pick": {"ActualPickPosition": {"Angle": "0", "X": "988", "Y": "-50853"}, "MeasuredComponentHeight": "323521", "NominalPickPosition": {"Angle": "0", "X": "940", "Y": "-50878"}, "PickupLocationId": "162", "Result": "0", "TimeStampSinceStationStarted": "1315612.996689", "VacuumAbsolute": "-800", "VacuumRelative": "-800", "ZEndPosition": "11776500", "ZTargetPosition": "11795500"}, "Place": {"ActualPlacePosition": {"Angle": "-17", "X": "36292", "Y": "61327"}, "AirkissPressure": "52", "BoardPanelId": "2", "HoldingCircuitPressure": "-687", "NominalPlacePosition": {"Angle": "0", "X": "36250", "Y": "61280"}, "ReferenceDesignator": "R705_0402_WID_MET_SH", "Result": "0", "TimeStampSinceStationStarted": "1315614.854055", "VacuumAbsolute": "-871", "VacuumRelative": "209", "ZEndPosition": "12926000", "ZTargetPosition": "12944282"}, "ElectricalMeasurement": null, "Dip": null}]}, "HeadContext": {"HeadSegments": {"HeadSegment": [{"GantryId": "1", "Head": "1", "HeadName": "CPP 12 2xxx", "Id": "66049", "NozzleTypeId": "2037", "SegmentNumber": "1"}, {"GantryId": "4", "Head": "1", "HeadName": "CPP 12 2xxx", "Id": "68356", "NozzleTypeId": "2003", "SegmentNumber": "1"}, {"GantryId": "1", "Head": "1", "HeadName": "CPP 12 2xxx", "Id": "131585", "NozzleTypeId": "2037", "SegmentNumber": "2"}, {"GantryId": "4", "Head": "1", "HeadName": "CPP 12 2xxx", "Id": "133892", "NozzleTypeId": "2003", "SegmentNumber": "2"}, {"GantryId": "1", "Head": "1", "HeadName": "CPP 12 2xxx", "Id": "197121", "NozzleTypeId": "2035", "SegmentNumber": "3"}, {"GantryId": "4", "Head": "1", "HeadName": "CPP 12 2xxx", "Id": "199428", "NozzleTypeId": "2003", "SegmentNumber": "3"}, {"GantryId": "1", "Head": "1", "HeadName": "CPP 12 2xxx", "Id": "262657", "NozzleTypeId": "2035", "SegmentNumber": "4"}, {"GantryId": "4", "Head": "1", "HeadName": "CPP 12 2xxx", "Id": "264964", "NozzleTypeId": "2003", "SegmentNumber": "4"}, {"GantryId": "1", "Head": "1", "HeadName": "CPP 12 2xxx", "Id": "328193", "NozzleTypeId": "2004", "SegmentNumber": "5"}, {"GantryId": "4", "Head": "1", "HeadName": "CPP 12 2xxx", "Id": "330500", "NozzleTypeId": "2003", "SegmentNumber": "5"}, {"GantryId": "1", "Head": "1", "HeadName": "CPP 12 2xxx", "Id": "393729", "NozzleTypeId": "2004", "SegmentNumber": "6"}, {"GantryId": "4", "Head": "1", "HeadName": "CPP 12 2xxx", "Id": "396036", "NozzleTypeId": "2033", "SegmentNumber": "6"}, {"GantryId": "1", "Head": "1", "HeadName": "CPP 12 2xxx", "Id": "459265", "NozzleTypeId": "2004", "SegmentNumber": "7"}, {"GantryId": "4", "Head": "1", "HeadName": "CPP 12 2xxx", "Id": "461572", "NozzleTypeId": "2004", "SegmentNumber": "7"}, {"GantryId": "1", "Head": "1", "HeadName": "CPP 12 2xxx", "Id": "524801", "NozzleTypeId": "2004", "SegmentNumber": "8"}, {"GantryId": "4", "Head": "1", "HeadName": "CPP 12 2xxx", "Id": "527108", "NozzleTypeId": "2035", "SegmentNumber": "8"}, {"GantryId": "1", "Head": "1", "HeadName": "CPP 12 2xxx", "Id": "590337", "NozzleTypeId": "2004", "SegmentNumber": "9"}, {"GantryId": "4", "Head": "1", "HeadName": "CPP 12 2xxx", "Id": "592644", "NozzleTypeId": "2035", "SegmentNumber": "9"}, {"GantryId": "1", "Head": "1", "HeadName": "CPP 12 2xxx", "Id": "655873", "NozzleTypeId": "2003", "SegmentNumber": "10"}, {"GantryId": "4", "Head": "1", "HeadName": "CPP 12 2xxx", "Id": "658180", "NozzleTypeId": "2035", "SegmentNumber": "10"}, {"GantryId": "1", "Head": "1", "HeadName": "CPP 12 2xxx", "Id": "721409", "NozzleTypeId": "2003", "SegmentNumber": "11"}, {"GantryId": "4", "Head": "1", "HeadName": "CPP 12 2xxx", "Id": "723716", "NozzleTypeId": "2035", "SegmentNumber": "11"}, {"GantryId": "1", "Head": "1", "HeadName": "CPP 12 2xxx", "Id": "786945", "NozzleTypeId": "2003", "SegmentNumber": "12"}, {"GantryId": "4", "Head": "1", "HeadName": "CPP 12 2xxx", "Id": "789252", "NozzleTypeId": "2038", "SegmentNumber": "12"}]}}, "SetupContext": {"PickupLocations": {"PickupLocation": [{"Division": "1", "FeederId": "17ATMJ705061", "FeederType": "273", "Id": "148", "Level": "0", "Location": "1", "StartTrackNumber": "12", "SubLocation": "1", "Tower": "0", "PackagingUid": "M05327284"}, {"Division": "1", "FeederId": "12ATMLN01023", "FeederType": "268", "Id": "152", "Level": "0", "Location": "1", "StartTrackNumber": "20", "SubLocation": "1", "Tower": "0", "PackagingUid": "M05057609"}, {"Division": "1", "FeederId": "12KL-CN00325", "FeederType": "268", "Id": "155", "Level": "0", "Location": "1", "StartTrackNumber": "26", "SubLocation": "1", "Tower": "0", "PackagingUid": "M05241625"}, {"Division": "1", "FeederId": "08KL-K405983", "FeederType": "264", "Id": "156", "Level": "0", "Location": "1", "StartTrackNumber": "28", "SubLocation": "1", "Tower": "0", "PackagingUid": "M04898217"}, {"Division": "1", "FeederId": "08KL-F800736", "FeederType": "264", "Id": "158", "Level": "0", "Location": "1", "StartTrackNumber": "30", "SubLocation": "1", "Tower": "0", "PackagingUid": "M04773241"}, {"Division": "1", "FeederId": "08FAUE601549", "FeederType": "264", "Id": "159", "Level": "0", "Location": "1", "StartTrackNumber": "31", "SubLocation": "1", "Tower": "0", "PackagingUid": "M04682918"}, {"Division": "1", "FeederId": "08ATML904062", "FeederType": "264", "Id": "161", "Level": "0", "Location": "1", "StartTrackNumber": "33", "SubLocation": "1", "Tower": "0", "PackagingUid": "M04872259"}, {"Division": "1", "FeederId": "08ATMLN00817", "FeederType": "264", "Id": "162", "Level": "0", "Location": "1", "StartTrackNumber": "34", "SubLocation": "1", "Tower": "0", "PackagingUid": "M04821274"}, {"Division": "1", "FeederId": "08KL-K806306", "FeederType": "264", "Id": "164", "Level": "0", "Location": "1", "StartTrackNumber": "36", "SubLocation": "1", "Tower": "0", "PackagingUid": "M05199699"}, {"Division": "1", "FeederId": "08KL-JD05112", "FeederType": "264", "Id": "215", "Level": "0", "Location": "4", "StartTrackNumber": "6", "SubLocation": "1", "Tower": "0", "PackagingUid": "M05267759"}, {"Division": "1", "FeederId": "08ATMJ706492", "FeederType": "264", "Id": "217", "Level": "0", "Location": "4", "StartTrackNumber": "8", "SubLocation": "1", "Tower": "0", "PackagingUid": "M04948129"}, {"Division": "1", "FeederId": "08FAUC901346", "FeederType": "264", "Id": "220", "Level": "0", "Location": "4", "StartTrackNumber": "11", "SubLocation": "1", "Tower": "0", "PackagingUid": "M05282492"}, {"Division": "1", "FeederId": "08FAUE300108", "FeederType": "264", "Id": "223", "Level": "0", "Location": "4", "StartTrackNumber": "14", "SubLocation": "1", "Tower": "0", "PackagingUid": "M04998924"}, {"Division": "1", "FeederId": "12KL-CN00258", "FeederType": "268", "Id": "230", "Level": "0", "Location": "4", "StartTrackNumber": "27", "SubLocation": "1", "Tower": "0", "PackagingUid": "M05227173"}, {"Division": "1", "FeederId": "12KL-F805190", "FeederType": "268", "Id": "231", "Level": "0", "Location": "4", "StartTrackNumber": "29", "SubLocation": "1", "Tower": "0", "PackagingUid": "M05328119"}, {"Division": "1", "FeederId": "12KL-F805204", "FeederType": "268", "Id": "232", "Level": "0", "Location": "4", "StartTrackNumber": "31", "SubLocation": "1", "Tower": "0", "PackagingUid": "M05309110"}, {"Division": "1", "FeederId": "17ATMH505294", "FeederType": "273", "Id": "234", "Level": "0", "Location": "4", "StartTrackNumber": "35", "SubLocation": "1", "Tower": "0", "PackagingUid": "M05277160"}]}}}}, "ProductionEndedData": {"StationTime": "2021-11-30T16:01:13.4540000+08:00", "TimeStampSinceStationStarted": "1315614.938679"}}