{"name": "PDI_Line5_3798836302_20211130162745.txt", "Timestamp": "2021-11-30T16:27:26.1753046+08:00", "TxnID": "090fb3c2-8563-40eb-b8dd-5608b9a6d22e", "Line": "SEWC-Lines\\Line5", "Machine": "Line5\\ST3_X3 S", "ProductionStartedData": [{"ConveyorLanePosition": "2", "ConveyorStopperPosition": "1", "Pcb": {"BarcodeReaderPosition": "0", "BoardSide": "1", "IndividualGUID": "af19df04-9bc8-4235-8ecb-f3b8c06d2194", "LineJobGUID": "545cc380-820c-40fe-b772-c5a1099a59d8", "Path": "STAB\\A5E50302024bt02", "PcbIndividualID": "43568", "RecipePath": "Line5\\Smart_CPU_L5_702SAF\\A5E50302024bt02", "Barcode": "", "OrderNumber": null}, "ProcessingAreaPosition": "1", "SetupPath": "Line5\\Smart_CPU_L5_702SAF", "StationTime": "2021-11-30T16:25:01.8810000+08:00", "TimeStampSinceStationStarted": "1317213.000912"}], "BoardPositionsList": {"BoardPositions": [{"ActualPosition": {"Angle": "95", "X": "-475774", "Y": "16463", "Z": "-5000"}, "FiducialPositions": {"FiducialRecognitionResult": [{"ActualPosition": {"Angle": "99", "X": "4925", "Y": "11477", "Z": null}, "CameraIndividualId": "4034", "FiducialFunction": "0", "GantryId": "4", "MeasurementResult": "0", "NominalPosition": {"Angle": "0", "X": "4810", "Y": "11697", "Z": null}, "Path": "A5E50302024bt02/1/01/1", "StationTime": "2021-11-30T16:25:01.8810000+08:00", "TimeStampSinceStationStarted": "1317213.000912"}, {"ActualPosition": {"Angle": "97", "X": "192651", "Y": "186088", "Z": null}, "CameraIndividualId": "4034", "FiducialFunction": "0", "GantryId": "4", "MeasurementResult": "0", "NominalPosition": {"Angle": "0", "X": "192833", "Y": "186004", "Z": null}, "Path": "A5E50302024bt02/1/02/1", "StationTime": "2021-11-30T16:25:01.8810000+08:00", "TimeStampSinceStationStarted": "1317213.000912"}]}, "NominalPosition": {"Angle": "0", "X": "-475904", "Y": "16695", "Z": "-5000"}}]}, "ProgressDataList": {"ProductionProgressData": {"BoardContext": {"BoardPanels": {"BoardPanel": [{"Id": "2", "PanelPath": "A5E50302024bt02/A1"}]}}, "ComponentIndividuals": {"ComponentIndividual": [{"HeadSegmentId": "66049", "Measures": {"MeasureList": [{"CameraIndividualId": "1033", "MeasurementResult": "0", "PhiDeviation": "-3291101", "TimeStampSinceStationStarted": "1317214.233318", "VisionDumpPath": "C:\\Sirio\\Work\\SvDumpFiles\\PartCameraDumps\\JID_103385614_OID_435680000_SEG_1_BE-Bibliothek.A5E00701727_R1317210299.svdmp", "XDeviation": "-13845", "YDeviation": "32423"}]}, "Pick": {"ActualPickPosition": {"Angle": "180000", "X": "15250", "Y": "-70500"}, "MeasuredComponentHeight": "0", "NominalPickPosition": {"Angle": "180000", "X": "15292", "Y": "-70671"}, "PickupLocationId": "240", "Result": "0", "TimeStampSinceStationStarted": "1317213.530943", "VacuumAbsolute": "-790", "VacuumRelative": "-790", "ZEndPosition": "47039000", "ZTargetPosition": "47058300"}, "Place": {"ActualPlacePosition": {"Angle": "-90001", "X": "174206", "Y": "142270"}, "AirkissPressure": "73", "BoardPanelId": "2", "HoldingCircuitPressure": "2147483647", "NominalPlacePosition": {"Angle": "-90000", "X": "174220", "Y": "142270"}, "ReferenceDesignator": "C2808_CAPA_2_22_KOND", "Result": "0", "TimeStampSinceStationStarted": "1317214.616978", "VacuumAbsolute": "-800", "VacuumRelative": "97", "ZEndPosition": "36849000", "ZTargetPosition": "36861968"}, "ElectricalMeasurement": null, "Dip": null}, {"HeadSegmentId": "67588", "Measures": {"MeasureList": [{"CameraIndividualId": "4033", "MeasurementResult": "0", "PhiDeviation": "-235804", "TimeStampSinceStationStarted": "1317215.192659", "VisionDumpPath": "C:\\Sirio\\Work\\SvDumpFiles\\PartCameraDumps\\JID_403370274_OID_435680001_SEG_1_BE-Bibliothek.A5E30248076_R1317210974.svdmp", "XDeviation": "-708363", "YDeviation": "-854412"}]}, "Pick": {"ActualPickPosition": {"Angle": "180000", "X": "17020", "Y": "-69475"}, "MeasuredComponentHeight": "0", "NominalPickPosition": {"Angle": "180000", "X": "17020", "Y": "-69475"}, "PickupLocationId": "267", "Result": "0", "TimeStampSinceStationStarted": "1317214.206972", "VacuumAbsolute": "-794", "VacuumRelative": "-794", "ZEndPosition": "47283000", "ZTargetPosition": "47313188"}, "Place": {"ActualPlacePosition": {"Angle": "180000", "X": "170917", "Y": "31753"}, "AirkissPressure": "77", "BoardPanelId": "2", "HoldingCircuitPressure": "2147483647", "NominalPlacePosition": {"Angle": "180000", "X": "170920", "Y": "31750"}, "ReferenceDesignator": "X802_CONN_8_38_SONST", "Result": "0", "TimeStampSinceStationStarted": "1317215.625408", "VacuumAbsolute": "-795", "VacuumRelative": "85", "ZEndPosition": "33349000", "ZTargetPosition": "33417494"}, "ElectricalMeasurement": null, "Dip": null}, {"HeadSegmentId": "131585", "Measures": {"MeasureList": [{"CameraIndividualId": "1033", "MeasurementResult": "0", "PhiDeviation": "-146651", "TimeStampSinceStationStarted": "1317216.396886", "VisionDumpPath": "C:\\Sirio\\Work\\SvDumpFiles\\PartCameraDumps\\JID_103385615_OID_435680002_SEG_2_BE-Bibliothek.A5E02285215_R1317211998.svdmp", "XDeviation": "-100784", "YDeviation": "818631"}]}, "Pick": {"ActualPickPosition": {"Angle": "180000", "X": "23950", "Y": "-70500"}, "MeasuredComponentHeight": "0", "NominalPickPosition": {"Angle": "180000", "X": "23950", "Y": "-70500"}, "PickupLocationId": "241", "Result": "0", "TimeStampSinceStationStarted": "1317215.230181", "VacuumAbsolute": "-856", "VacuumRelative": "-856", "ZEndPosition": "48418000", "ZTargetPosition": "48445639"}, "Place": {"ActualPlacePosition": {"Angle": "-90001", "X": "20868", "Y": "24257"}, "AirkissPressure": "73", "BoardPanelId": "2", "HoldingCircuitPressure": "2147483647", "NominalPlacePosition": {"Angle": "-90000", "X": "20870", "Y": "24250"}, "ReferenceDesignator": "X501_CONN_DSUB_9_STE", "Result": "0", "TimeStampSinceStationStarted": "1317217.161522", "VacuumAbsolute": "-856", "VacuumRelative": "102", "ZEndPosition": "36389500", "ZTargetPosition": "36481039"}, "ElectricalMeasurement": null, "Dip": null}, {"HeadSegmentId": "66049", "Measures": {"MeasureList": [{"CameraIndividualId": "1033", "MeasurementResult": "0", "PhiDeviation": "-329706", "TimeStampSinceStationStarted": "1317216.693188", "VisionDumpPath": "C:\\Sirio\\Work\\SvDumpFiles\\PartCameraDumps\\JID_103385616_OID_435680003_SEG_1_BE-Bibliothek.A5E00189819_R1317212411.svdmp", "XDeviation": "287176", "YDeviation": "60587"}]}, "Pick": {"ActualPickPosition": {"Angle": "0", "X": "15250", "Y": "-70500"}, "MeasuredComponentHeight": "0", "NominalPickPosition": {"Angle": "0", "X": "15014", "Y": "-70432"}, "PickupLocationId": "242", "Result": "0", "TimeStampSinceStationStarted": "1317215.643214", "VacuumAbsolute": "-810", "VacuumRelative": "-810", "ZEndPosition": "47402500", "ZTargetPosition": "47236742"}, "Place": {"ActualPlacePosition": {"Angle": "-3", "X": "132190", "Y": "142332"}, "AirkissPressure": "71", "BoardPanelId": "2", "HoldingCircuitPressure": "2147483647", "NominalPlacePosition": {"Angle": "0", "X": "132200", "Y": "142330"}, "ReferenceDesignator": "T2800_EX120_TRAFO_SC", "Result": "0", "TimeStampSinceStationStarted": "1317217.523898", "VacuumAbsolute": "-811", "VacuumRelative": "99", "ZEndPosition": "41346500", "ZTargetPosition": "41349479"}, "ElectricalMeasurement": null, "Dip": null}, {"HeadSegmentId": "133124", "Measures": {"MeasureList": [{"CameraIndividualId": "4033", "MeasurementResult": "0", "PhiDeviation": "-167666", "TimeStampSinceStationStarted": "1317218.094233", "VisionDumpPath": "C:\\Sirio\\Work\\SvDumpFiles\\PartCameraDumps\\JID_403370275_OID_435680004_SEG_2_BE-Bibliothek.A5E44859639_R1317213120.svdmp", "XDeviation": "108141", "YDeviation": "-36200"}]}, "Pick": {"ActualPickPosition": {"Angle": "0", "X": "6000", "Y": "-49500"}, "MeasuredComponentHeight": "0", "NominalPickPosition": {"Angle": "0", "X": "6008", "Y": "-49487"}, "PickupLocationId": "280", "Result": "0", "TimeStampSinceStationStarted": "1317216.351373", "VacuumAbsolute": "-848", "VacuumRelative": "-848", "ZEndPosition": "46265000", "ZTargetPosition": "46257048"}, "Place": {"ActualPlacePosition": {"Angle": "180000", "X": "25009", "Y": "160902"}, "AirkissPressure": "72", "BoardPanelId": "2", "HoldingCircuitPressure": "2147483647", "NominalPlacePosition": {"Angle": "180000", "X": "25006", "Y": "160905"}, "ReferenceDesignator": "U2005_SOP_8/SOIC_8_O", "Result": "0", "TimeStampSinceStationStarted": "1317218.552262", "VacuumAbsolute": "-848", "VacuumRelative": "97", "ZEndPosition": "43605000", "ZTargetPosition": "43580757"}, "ElectricalMeasurement": null, "Dip": null}, {"HeadSegmentId": "67588", "Measures": {"MeasureList": [{"CameraIndividualId": "4033", "MeasurementResult": "0", "PhiDeviation": "-30871", "TimeStampSinceStationStarted": "1317218.306475", "VisionDumpPath": "C:\\Sirio\\Work\\SvDumpFiles\\PartCameraDumps\\JID_403370276_OID_435680005_SEG_1_BE-Bibliothek.A5E45275537_R1317213437.svdmp", "XDeviation": "75111", "YDeviation": "50661"}]}, "Pick": {"ActualPickPosition": {"Angle": "0", "X": "17470", "Y": "-70910"}, "MeasuredComponentHeight": "0", "NominalPickPosition": {"Angle": "0", "X": "17966", "Y": "-70871"}, "PickupLocationId": "271", "Result": "0", "TimeStampSinceStationStarted": "1317216.669436", "VacuumAbsolute": "-794", "VacuumRelative": "-794", "ZEndPosition": "47102000", "ZTargetPosition": "47099178"}, "Place": {"ActualPlacePosition": {"Angle": "180000", "X": "54402", "Y": "75351"}, "AirkissPressure": "78", "BoardPanelId": "2", "HoldingCircuitPressure": "2147483647", "NominalPlacePosition": {"Angle": "180000", "X": "54400", "Y": "75350"}, "ReferenceDesignator": "X601_CONN_16_STECK_R", "Result": "0", "TimeStampSinceStationStarted": "1317218.918142", "VacuumAbsolute": "-814", "VacuumRelative": "90", "ZEndPosition": "39049000", "ZTargetPosition": "39067439"}, "ElectricalMeasurement": null, "Dip": null}, {"HeadSegmentId": "66049", "Measures": {"MeasureList": [{"CameraIndividualId": "1033", "MeasurementResult": "0", "PhiDeviation": "-5220", "TimeStampSinceStationStarted": "1317220.015919", "VisionDumpPath": "C:\\Sirio\\Work\\SvDumpFiles\\PartCameraDumps\\JID_103385617_OID_435680006_SEG_1_BE-Bibliothek.A5E01114436_R1317216323.svdmp", "XDeviation": "-5169", "YDeviation": "-26502"}]}, "Pick": {"ActualPickPosition": {"Angle": "180000", "X": "17950", "Y": "-70500"}, "MeasuredComponentHeight": "0", "NominalPickPosition": {"Angle": "180000", "X": "17886", "Y": "-70985"}, "PickupLocationId": "238", "Result": "0", "TimeStampSinceStationStarted": "1317219.554924", "VacuumAbsolute": "-771", "VacuumRelative": "-771", "ZEndPosition": "43486500", "ZTargetPosition": "43495678"}, "Place": {"ActualPlacePosition": {"Angle": "179997", "X": "168017", "Y": "169916"}, "AirkissPressure": "73", "BoardPanelId": "2", "HoldingCircuitPressure": "2147483647", "NominalPlacePosition": {"Angle": "180000", "X": "168030", "Y": "169915"}, "ReferenceDesignator": "X605_CONN_8_STECK_RC", "Result": "0", "TimeStampSinceStationStarted": "1317220.461757", "VacuumAbsolute": "-805", "VacuumRelative": "97", "ZEndPosition": "40239500", "ZTargetPosition": "40223512"}, "ElectricalMeasurement": null, "Dip": null}, {"HeadSegmentId": "67588", "Measures": {"MeasureList": [{"CameraIndividualId": "4033", "MeasurementResult": "0", "PhiDeviation": "471282", "TimeStampSinceStationStarted": "1317220.953046", "VisionDumpPath": "C:\\Sirio\\Work\\SvDumpFiles\\PartCameraDumps\\JID_403370277_OID_435680007_SEG_1_BE-Bibliothek.A5E30621710_R1317216538.svdmp", "XDeviation": "49655", "YDeviation": "-40309"}]}, "Pick": {"ActualPickPosition": {"Angle": "0", "X": "15250", "Y": "-70500"}, "MeasuredComponentHeight": "0", "NominalPickPosition": {"Angle": "0", "X": "15182", "Y": "-70818"}, "PickupLocationId": "269", "Result": "0", "TimeStampSinceStationStarted": "1317219.770406", "VacuumAbsolute": "-780", "VacuumRelative": "-780", "ZEndPosition": "47031500", "ZTargetPosition": "47046644"}, "Place": {"ActualPlacePosition": {"Angle": "0", "X": "87900", "Y": "50132"}, "AirkissPressure": "77", "BoardPanelId": "2", "HoldingCircuitPressure": "2147483647", "NominalPlacePosition": {"Angle": "0", "X": "87900", "Y": "50130"}, "ReferenceDesignator": "D1500_TSSOP_56_IC_IN", "Result": "0", "TimeStampSinceStationStarted": "1317221.477314", "VacuumAbsolute": "-831", "VacuumRelative": "94", "ZEndPosition": "46253000", "ZTargetPosition": "46251455"}, "ElectricalMeasurement": null, "Dip": null}, {"HeadSegmentId": "133124", "Measures": {"MeasureList": [{"CameraIndividualId": "4033", "MeasurementResult": "0", "PhiDeviation": "368602", "TimeStampSinceStationStarted": "1317221.113034", "VisionDumpPath": "C:\\Sirio\\Work\\SvDumpFiles\\PartCameraDumps\\JID_403370278_OID_435680008_SEG_2_BE-Bibliothek.A5E44859639_R1317216821.svdmp", "XDeviation": "42597", "YDeviation": "-81597"}]}, "Pick": {"ActualPickPosition": {"Angle": "0", "X": "6000", "Y": "-49500"}, "MeasuredComponentHeight": "0", "NominalPickPosition": {"Angle": "0", "X": "6013", "Y": "-49489"}, "PickupLocationId": "280", "Result": "0", "TimeStampSinceStationStarted": "1317220.053362", "VacuumAbsolute": "-848", "VacuumRelative": "-848", "ZEndPosition": "46265000", "ZTargetPosition": "46259036"}, "Place": {"ActualPlacePosition": {"Angle": "180000", "X": "37653", "Y": "27183"}, "AirkissPressure": "74", "BoardPanelId": "2", "HoldingCircuitPressure": "2147483647", "NominalPlacePosition": {"Angle": "180000", "X": "37650", "Y": "27180"}, "ReferenceDesignator": "U500_SOP_8/SOIC_8_OP", "Result": "0", "TimeStampSinceStationStarted": "1317221.727291", "VacuumAbsolute": "-848", "VacuumRelative": "97", "ZEndPosition": "43771500", "ZTargetPosition": "43812568"}, "ElectricalMeasurement": null, "Dip": null}, {"HeadSegmentId": "66049", "Measures": {"MeasureList": [{"CameraIndividualId": "1033", "MeasurementResult": "0", "PhiDeviation": "-69052", "TimeStampSinceStationStarted": "1317223.058857", "VisionDumpPath": "C:\\Sirio\\Work\\SvDumpFiles\\PartCameraDumps\\JID_103385618_OID_435680009_SEG_1_BE-Bibliothek.A5E02081137_R1317219048.svdmp", "XDeviation": "47485", "YDeviation": "-209073"}]}, "Pick": {"ActualPickPosition": {"Angle": "0", "X": "29950", "Y": "-70500"}, "MeasuredComponentHeight": "0", "NominalPickPosition": {"Angle": "0", "X": "30048", "Y": "-71936"}, "PickupLocationId": "244", "Result": "0", "TimeStampSinceStationStarted": "1317222.279745", "VacuumAbsolute": "-835", "VacuumRelative": "-835", "ZEndPosition": "48740500", "ZTargetPosition": "48747891"}, "Place": {"ActualPlacePosition": {"Angle": "-3", "X": "164287", "Y": "153631"}, "AirkissPressure": "71", "BoardPanelId": "2", "HoldingCircuitPressure": "2147483647", "NominalPlacePosition": {"Angle": "0", "X": "164300", "Y": "153630"}, "ReferenceDesignator": "X203_CONN_32_STECK_R", "Result": "0", "TimeStampSinceStationStarted": "1317223.579291", "VacuumAbsolute": "-834", "VacuumRelative": "103", "ZEndPosition": "30030000", "ZTargetPosition": "30056790"}, "ElectricalMeasurement": null, "Dip": null}, {"HeadSegmentId": "67588", "Measures": {"MeasureList": [{"CameraIndividualId": "4033", "MeasurementResult": "0", "PhiDeviation": "-487224", "TimeStampSinceStationStarted": "1317224.905165", "VisionDumpPath": "C:\\Sirio\\Work\\SvDumpFiles\\PartCameraDumps\\JID_403370279_OID_435680011_SEG_1_BE-Bibliothek.A5E51102635_R1317220544.svdmp", "XDeviation": "-162747", "YDeviation": "53248"}]}, "Pick": {"ActualPickPosition": {"Angle": "0", "X": "15250", "Y": "-70500"}, "MeasuredComponentHeight": "0", "NominalPickPosition": {"Angle": "0", "X": "15136", "Y": "-70498"}, "PickupLocationId": "265", "Result": "0", "TimeStampSinceStationStarted": "1317223.775405", "VacuumAbsolute": "-827", "VacuumRelative": "-827", "ZEndPosition": "47264500", "ZTargetPosition": "47223409"}, "Place": {"ActualPlacePosition": {"Angle": "180000", "X": "72051", "Y": "49982"}, "AirkissPressure": "74", "BoardPanelId": "2", "HoldingCircuitPressure": "2147483647", "NominalPlacePosition": {"Angle": "180000", "X": "72050", "Y": "49980"}, "ReferenceDesignator": "D3_BGA_63_", "Result": "0", "TimeStampSinceStationStarted": "1317225.249356", "VacuumAbsolute": "-830", "VacuumRelative": "93", "ZEndPosition": "46340500", "ZTargetPosition": "46338342"}, "ElectricalMeasurement": null, "Dip": null}, {"HeadSegmentId": "133124", "Measures": {"MeasureList": [{"CameraIndividualId": "4033", "MeasurementResult": "0", "PhiDeviation": "710466", "TimeStampSinceStationStarted": "1317224.692961", "VisionDumpPath": "C:\\Sirio\\Work\\SvDumpFiles\\PartCameraDumps\\JID_403370280_OID_435680010_SEG_2_BE-Bibliothek.A5E44859639_R1317220943.svdmp", "XDeviation": "42156", "YDeviation": "-1679"}]}, "Pick": {"ActualPickPosition": {"Angle": "0", "X": "6000", "Y": "-49500"}, "MeasuredComponentHeight": "0", "NominalPickPosition": {"Angle": "0", "X": "6015", "Y": "-49493"}, "PickupLocationId": "280", "Result": "0", "TimeStampSinceStationStarted": "1317224.175416", "VacuumAbsolute": "-846", "VacuumRelative": "-846", "ZEndPosition": "46247500", "ZTargetPosition": "46260527"}, "Place": {"ActualPlacePosition": {"Angle": "180000", "X": "32209", "Y": "160902"}, "AirkissPressure": "72", "BoardPanelId": "2", "HoldingCircuitPressure": "2147483647", "NominalPlacePosition": {"Angle": "180000", "X": "32206", "Y": "160905"}, "ReferenceDesignator": "U2006_SOP_8/SOIC_8_O", "Result": "0", "TimeStampSinceStationStarted": "1317225.579403", "VacuumAbsolute": "-848", "VacuumRelative": "97", "ZEndPosition": "43603000", "ZTargetPosition": "43586536"}, "ElectricalMeasurement": null, "Dip": null}]}, "HeadContext": {"HeadSegments": {"HeadSegment": [{"GantryId": "1", "Head": "1", "HeadName": "Twin Head 5xx", "Id": "66049", "NozzleTypeId": "517", "SegmentNumber": "1"}, {"GantryId": "4", "Head": "1", "HeadName": "Twin Head 5xx", "Id": "67588", "NozzleTypeId": "516", "SegmentNumber": "1"}, {"GantryId": "1", "Head": "1", "HeadName": "Twin Head 5xx", "Id": "131585", "NozzleTypeId": "573", "SegmentNumber": "2"}, {"GantryId": "4", "Head": "1", "HeadName": "Twin Head 5xx", "Id": "133124", "NozzleTypeId": "597", "SegmentNumber": "2"}]}}, "SetupContext": {"PickupLocations": {"PickupLocation": [{"Division": "1", "FeederId": "32FAUE900466", "FeederType": "288", "Id": "238", "Level": "0", "Location": "1", "StartTrackNumber": "7", "SubLocation": "1", "Tower": "0", "PackagingUid": "M05328016"}, {"Division": "1", "FeederId": "24KL-L205402", "FeederType": "280", "Id": "240", "Level": "0", "Location": "1", "StartTrackNumber": "14", "SubLocation": "1", "Tower": "0", "PackagingUid": "M05187748"}, {"Division": "1", "FeederId": "44KL-K305106", "FeederType": "300", "Id": "241", "Level": "0", "Location": "1", "StartTrackNumber": "17", "SubLocation": "1", "Tower": "0", "PackagingUid": "M04859334"}, {"Division": "1", "FeederId": "24KL-K305319", "FeederType": "280", "Id": "242", "Level": "0", "Location": "1", "StartTrackNumber": "22", "SubLocation": "1", "Tower": "0", "PackagingUid": "M04790496"}, {"Division": "1", "FeederId": "56FAUE300111", "FeederType": "312", "Id": "244", "Level": "0", "Location": "1", "StartTrackNumber": "27", "SubLocation": "1", "Tower": "0", "PackagingUid": "M05301313"}, {"Division": "1", "FeederId": "24FAUE900672", "FeederType": "280", "Id": "265", "Level": "0", "Location": "4", "StartTrackNumber": "1", "SubLocation": "1", "Tower": "0", "PackagingUid": "A00061487"}, {"Division": "1", "FeederId": "32FAUE000671", "FeederType": "288", "Id": "267", "Level": "0", "Location": "4", "StartTrackNumber": "16", "SubLocation": "1", "Tower": "0", "PackagingUid": "M05305955"}, {"Division": "1", "FeederId": "24KL-N300550", "FeederType": "280", "Id": "269", "Level": "0", "Location": "4", "StartTrackNumber": "22", "SubLocation": "1", "Tower": "0", "PackagingUid": "M05263329"}, {"Division": "1", "FeederId": "32FAUE900659", "FeederType": "288", "Id": "271", "Level": "0", "Location": "4", "StartTrackNumber": "28", "SubLocation": "1", "Tower": "0", "PackagingUid": "M05325464"}, {"Division": "1", "FeederId": "12KL-F105078", "FeederType": "268", "Id": "280", "Level": "0", "Location": "4", "StartTrackNumber": "14", "SubLocation": "1", "Tower": "0", "PackagingUid": "M05245896"}]}}}}, "ProductionEndedData": {"StationTime": "2021-11-30T16:25:14.9090000+08:00", "TimeStampSinceStationStarted": "1317226.029243"}}