{"name": "PDI_Line5_3890035264_20211130024611.txt", "Timestamp": "2021-11-30T02:45:58.3187795+08:00", "TxnID": "f4dcbf89-1c74-4c4b-92d9-3b44e6d879eb", "Line": "SEWC-Lines\\Line5", "Machine": "Line5\\ST3_X3 S", "ProductionStartedData": [{"ConveyorLanePosition": "2", "ConveyorStopperPosition": "1", "Pcb": {"BarcodeReaderPosition": "0", "BoardSide": "1", "IndividualGUID": "7098b25b-d5e3-49f6-8fea-e74687b50de8", "LineJobGUID": "3a5e1e40-f5b9-457f-8e3c-d7ab63795644", "Path": "STAB\\A5E50302021lt01", "PcbIndividualID": "42066", "RecipePath": "Line5\\Smart_CPU_L5_702SAF\\A5E50302021lt01", "Barcode": "", "OrderNumber": null}, "ProcessingAreaPosition": "2", "SetupPath": "Line5\\Smart_CPU_L5_702SAF", "StationTime": "2021-11-30T02:43:34.9590000+08:00", "TimeStampSinceStationStarted": "1267926.324053"}], "BoardPositionsList": {"BoardPositions": [{"ActualPosition": {"Angle": "3", "X": "458425", "Y": "16802", "Z": "-5000"}, "FiducialPositions": {"FiducialRecognitionResult": []}, "NominalPosition": {"Angle": "0", "X": "458392", "Y": "16359", "Z": "-5000"}}]}, "ProgressDataList": {"ProductionProgressData": {"BoardContext": {"BoardPanels": {"BoardPanel": [{"Id": "2", "PanelPath": "A5E50302021lt01/A1"}, {"Id": "3", "PanelPath": "A5E50302021lt01/B1"}]}}, "ComponentIndividuals": {"ComponentIndividual": [{"HeadSegmentId": "66819", "Measures": {"MeasureList": [{"CameraIndividualId": "3033", "MeasurementResult": "0", "PhiDeviation": "-920353", "TimeStampSinceStationStarted": "1267931.674761", "VisionDumpPath": "C:\\Sirio\\Work\\SvDumpFiles\\PartCameraDumps\\JID_303376029_OID_420660004_SEG_1_BE-Bibliothek.A5E01058093_R1267926257.svdmp", "XDeviation": "26108", "YDeviation": "-154914"}]}, "Pick": {"ActualPickPosition": {"Angle": "0", "X": "23950", "Y": "-70500"}, "MeasuredComponentHeight": "0", "NominalPickPosition": {"Angle": "0", "X": "23899", "Y": "-70563"}, "PickupLocationId": "263", "Result": "0", "TimeStampSinceStationStarted": "1267929.733849", "VacuumAbsolute": "-454", "VacuumRelative": "-454", "ZEndPosition": "50332000", "ZTargetPosition": "50251973"}, "Place": {"ActualPlacePosition": {"Angle": "180000", "X": "32390", "Y": "69800"}, "AirkissPressure": "71", "BoardPanelId": "2", "HoldingCircuitPressure": "2147483647", "NominalPlacePosition": {"Angle": "180000", "X": "32420", "Y": "69810"}, "ReferenceDesignator": "X102_CONN_28_STECK_R", "Result": "0", "TimeStampSinceStationStarted": "1267933.033775", "VacuumAbsolute": "-455", "VacuumRelative": "27", "ZEndPosition": "41709000", "ZTargetPosition": "41744359"}, "ElectricalMeasurement": null, "Dip": null}, {"HeadSegmentId": "132355", "Measures": {"MeasureList": [{"CameraIndividualId": "3033", "MeasurementResult": "0", "PhiDeviation": "-940188", "TimeStampSinceStationStarted": "1267932.20041", "VisionDumpPath": "C:\\Sirio\\Work\\SvDumpFiles\\PartCameraDumps\\JID_303376030_OID_420660005_SEG_2_BE-Bibliothek.A5E01058093_R1267926924.svdmp", "XDeviation": "56777", "YDeviation": "-366029"}]}, "Pick": {"ActualPickPosition": {"Angle": "0", "X": "23950", "Y": "-70500"}, "MeasuredComponentHeight": "0", "NominalPickPosition": {"Angle": "0", "X": "23899", "Y": "-70563"}, "PickupLocationId": "263", "Result": "0", "TimeStampSinceStationStarted": "1267930.400755", "VacuumAbsolute": "-442", "VacuumRelative": "-442", "ZEndPosition": "50382500", "ZTargetPosition": "50284980"}, "Place": {"ActualPlacePosition": {"Angle": "180000", "X": "152929", "Y": "69800"}, "AirkissPressure": "71", "BoardPanelId": "3", "HoldingCircuitPressure": "2147483647", "NominalPlacePosition": {"Angle": "180000", "X": "152920", "Y": "69810"}, "ReferenceDesignator": "X102_CONN_28_STECK_R", "Result": "0", "TimeStampSinceStationStarted": "1267933.499258", "VacuumAbsolute": "-492", "VacuumRelative": "41", "ZEndPosition": "41752500", "ZTargetPosition": "41770833"}, "ElectricalMeasurement": null, "Dip": null}]}, "HeadContext": {"HeadSegments": {"HeadSegment": [{"GantryId": "3", "Head": "1", "HeadName": "Twin Head 5xx", "Id": "66819", "NozzleTypeId": "573", "SegmentNumber": "1"}, {"GantryId": "3", "Head": "1", "HeadName": "Twin Head 5xx", "Id": "132355", "NozzleTypeId": "573", "SegmentNumber": "2"}]}}, "SetupContext": {"PickupLocations": {"PickupLocation": [{"Division": "1", "FeederId": "44FAUD200890", "FeederType": "300", "Id": "263", "Level": "0", "Location": "3", "StartTrackNumber": "30", "SubLocation": "1", "Tower": "0", "PackagingUid": "M05298564"}]}}}}, "ProductionEndedData": {"StationTime": "2021-11-30T02:43:42.5870000+08:00", "TimeStampSinceStationStarted": "1267933.952766"}}