{"name": "PDI_Line5_3865729428_20211130011013.txt", "Timestamp": "2021-11-30T01:09:50.6346966+08:00", "TxnID": "9df59c01-8c35-47bc-8757-6dc13b1b5ff4", "Line": "SEWC-Lines\\Line5", "Machine": "Line5\\ST1_X4 S", "ProductionStartedData": [{"ConveyorLanePosition": "1", "ConveyorStopperPosition": "1", "Pcb": {"BarcodeReaderPosition": "0", "BoardSide": "1", "IndividualGUID": "3cea8e93-1944-483b-b270-7dfe6866d32b", "LineJobGUID": "3a5e1e40-f5b9-457f-8e3c-d7ab63795644", "Path": "STAB\\A5E50302021lt01", "PcbIndividualID": "3903", "RecipePath": "Line5\\Smart_CPU_L5_702SAF\\A5E50302021lt01", "Barcode": "", "OrderNumber": null}, "ProcessingAreaPosition": "2", "SetupPath": "Line5\\Smart_CPU_L5_702SAF", "StationTime": "2021-11-30T01:08:18.2340000+08:00", "TimeStampSinceStationStarted": "108479.399781"}], "BoardPositionsList": {"BoardPositions": [{"ActualPosition": {"Angle": "-76", "X": "458061", "Y": "-233948", "Z": "-5000"}, "FiducialPositions": {"FiducialRecognitionResult": [{"ActualPosition": {"Angle": "-20", "X": "243430", "Y": "9953", "Z": null}, "CameraIndividualId": "3034", "FiducialFunction": "0", "GantryId": "3", "MeasurementResult": "0", "NominalPosition": {"Angle": "0", "X": "243420", "Y": "10530", "Z": null}, "Path": "A5E50302021lt01/1/01/1", "StationTime": "2021-11-30T01:08:18.2340000+08:00", "TimeStampSinceStationStarted": "108479.399781"}, {"ActualPosition": {"Angle": "-42", "X": "7961", "Y": "191466", "Z": null}, "CameraIndividualId": "3034", "FiducialFunction": "0", "GantryId": "3", "MeasurementResult": "0", "NominalPosition": {"Angle": "0", "X": "7970", "Y": "192030", "Z": null}, "Path": "A5E50302021lt01/1/02/1", "StationTime": "2021-11-30T01:08:18.2340000+08:00", "TimeStampSinceStationStarted": "108479.399781"}]}, "NominalPosition": {"Angle": "0", "X": "458025", "Y": "-234846", "Z": "-5000"}}]}, "ProgressDataList": {"ProductionProgressData": {"BoardContext": {"BoardPanels": {"BoardPanel": [{"Id": "2", "PanelPath": "A5E50302021lt01/A1"}, {"Id": "3", "PanelPath": "A5E50302021lt01/B1"}]}}, "ComponentIndividuals": {"ComponentIndividual": [{"HeadSegmentId": "985091", "Measures": {"MeasureList": [{"CameraIndividualId": "3023", "MeasurementResult": "0", "PhiDeviation": "-243468", "TimeStampSinceStationStarted": "108498.05328", "VisionDumpPath": "C:\\Sirio\\Work\\SvDumpFiles\\PartCameraDumps\\JID_302308801_OID_39030391_SEG_15_BE-Bibliothek.A5E00257456_R108488539.svdmp", "XDeviation": "39216", "YDeviation": "2648"}]}, "Pick": {"ActualPickPosition": {"Angle": "180000", "X": "877", "Y": "-51018"}, "MeasuredComponentHeight": "809155", "NominalPickPosition": {"Angle": "180000", "X": "902", "Y": "-50924"}, "PickupLocationId": "84", "Result": "0", "TimeStampSinceStationStarted": "108497.815389", "VacuumAbsolute": "-703", "VacuumRelative": "-703", "ZEndPosition": "9348000", "ZTargetPosition": "9322716"}, "Place": {"ActualPlacePosition": {"Angle": "-180000", "X": "101869", "Y": "18403"}, "AirkissPressure": "104", "BoardPanelId": "2", "HoldingCircuitPressure": "-691", "NominalPlacePosition": {"Angle": "180000", "X": "101870", "Y": "18980"}, "ReferenceDesignator": "C501_0603_KOND_KER_V", "Result": "0", "TimeStampSinceStationStarted": "108499.776182", "VacuumAbsolute": "-717", "VacuumRelative": "70", "ZEndPosition": "10153000", "ZTargetPosition": "10170890"}, "ElectricalMeasurement": null, "Dip": null}, {"HeadSegmentId": "1050627", "Measures": {"MeasureList": [{"CameraIndividualId": "3023", "MeasurementResult": "0", "PhiDeviation": "-251531", "TimeStampSinceStationStarted": "108498.086724", "VisionDumpPath": "C:\\Sirio\\Work\\SvDumpFiles\\PartCameraDumps\\JID_302308802_OID_39030392_SEG_16_BE-Bibliothek.A5E00257456_R108488588.svdmp", "XDeviation": "61863", "YDeviation": "9408"}]}, "Pick": {"ActualPickPosition": {"Angle": "180000", "X": "877", "Y": "-51018"}, "MeasuredComponentHeight": "801873", "NominalPickPosition": {"Angle": "180000", "X": "902", "Y": "-50924"}, "PickupLocationId": "84", "Result": "0", "TimeStampSinceStationStarted": "108497.865812", "VacuumAbsolute": "-710", "VacuumRelative": "-710", "ZEndPosition": "9325500", "ZTargetPosition": "9317537"}, "Place": {"ActualPlacePosition": {"Angle": "-180000", "X": "222379", "Y": "18404"}, "AirkissPressure": "103", "BoardPanelId": "3", "HoldingCircuitPressure": "-689", "NominalPlacePosition": {"Angle": "180000", "X": "222370", "Y": "18980"}, "ReferenceDesignator": "C501_0603_KOND_KER_V", "Result": "0", "TimeStampSinceStationStarted": "108499.902219", "VacuumAbsolute": "-731", "VacuumRelative": "63", "ZEndPosition": "10118500", "ZTargetPosition": "10144933"}, "ElectricalMeasurement": null, "Dip": null}]}, "HeadContext": {"HeadSegments": {"HeadSegment": [{"GantryId": "3", "Head": "1", "HeadName": "C&P 20 P 4xxx", "Id": "985091", "NozzleTypeId": "4004", "SegmentNumber": "15"}, {"GantryId": "3", "Head": "1", "HeadName": "C&P 20 P 4xxx", "Id": "1050627", "NozzleTypeId": "4004", "SegmentNumber": "16"}]}}, "SetupContext": {"PickupLocations": {"PickupLocation": [{"Division": "1", "FeederId": "08KL-K806307", "FeederType": "264", "Id": "84", "Level": "0", "Location": "3", "StartTrackNumber": "10", "SubLocation": "1", "Tower": "0", "PackagingUid": "M05307987"}]}}}}, "ProductionEndedData": {"StationTime": "2021-11-30T01:08:38.8280000+08:00", "TimeStampSinceStationStarted": "108499.993021"}}