{"name": "PDI_Line5_4051802984_20211130100335.txt", "Timestamp": "2021-11-30T10:03:05.8619475+08:00", "TxnID": "3d70187e-1d62-4a28-b967-4de76b305af8", "Line": "SEWC-Lines\\Line5", "Machine": "Line5\\ST3_X3 S", "ProductionStartedData": [{"ConveyorLanePosition": "1", "ConveyorStopperPosition": "1", "Pcb": {"BarcodeReaderPosition": "0", "BoardSide": "1", "IndividualGUID": "0e1fe758-93ad-4a6c-b3db-8bd262be45e7", "LineJobGUID": "fead7f33-0866-4d90-8540-e9f27c9d6bcf", "Path": "STAB\\A5E50302021bt01", "PcbIndividualID": "43805", "RecipePath": "Line5\\Smart_CPU_L5_702SAF\\A5E50302021bt01", "Barcode": "", "OrderNumber": null}, "ProcessingAreaPosition": "1", "SetupPath": "Line5\\Smart_CPU_L5_702SAF", "StationTime": "2021-11-30T10:00:41.9970000+08:00", "TimeStampSinceStationStarted": "1294153.231148"}], "BoardPositionsList": {"BoardPositions": [{"ActualPosition": {"Angle": "-20", "X": "-528558", "Y": "-232632", "Z": "-5000"}, "FiducialPositions": {"FiducialRecognitionResult": [{"ActualPosition": {"Angle": "-11", "X": "5961", "Y": "10736", "Z": null}, "CameraIndividualId": "4034", "FiducialFunction": "0", "GantryId": "4", "MeasurementResult": "0", "NominalPosition": {"Angle": "0", "X": "6480", "Y": "10530", "Z": null}, "Path": "A5E50302021bt01/1/02/1", "StationTime": "2021-11-30T10:00:41.9970000+08:00", "TimeStampSinceStationStarted": "1294153.231148"}, {"ActualPosition": {"Angle": "-22", "X": "241368", "Y": "192149", "Z": null}, "CameraIndividualId": "4034", "FiducialFunction": "0", "GantryId": "4", "MeasurementResult": "0", "NominalPosition": {"Angle": "0", "X": "241830", "Y": "192030", "Z": null}, "Path": "A5E50302021bt01/1/01/1", "StationTime": "2021-11-30T10:00:41.9970000+08:00", "TimeStampSinceStationStarted": "1294153.231148"}]}, "NominalPosition": {"Angle": "0", "X": "-528032", "Y": "-232838", "Z": "-5000"}}]}, "ProgressDataList": {"ProductionProgressData": {"BoardContext": {"BoardPanels": {"BoardPanel": [{"Id": "2", "PanelPath": "A5E50302021bt01/A1"}, {"Id": "3", "PanelPath": "A5E50302021bt01/B1"}]}}, "ComponentIndividuals": {"ComponentIndividual": [{"HeadSegmentId": "66049", "Measures": {"MeasureList": [{"CameraIndividualId": "1033", "MeasurementResult": "0", "PhiDeviation": "-264815", "TimeStampSinceStationStarted": "1294160.301702", "VisionDumpPath": "C:\\Sirio\\Work\\SvDumpFiles\\PartCameraDumps\\JID_103384276_OID_438050000_SEG_1_BE-Bibliothek.A5E01114436_R1294150405.svdmp", "XDeviation": "2828", "YDeviation": "26420"}]}, "Pick": {"ActualPickPosition": {"Angle": "180000", "X": "17950", "Y": "-70500"}, "MeasuredComponentHeight": "0", "NominalPickPosition": {"Angle": "180000", "X": "17955", "Y": "-70934"}, "PickupLocationId": "238", "Result": "0", "TimeStampSinceStationStarted": "1294153.750711", "VacuumAbsolute": "-777", "VacuumRelative": "-777", "ZEndPosition": "43478500", "ZTargetPosition": "43489247"}, "Place": {"ActualPlacePosition": {"Angle": "-180000", "X": "100447", "Y": "171755"}, "AirkissPressure": "71", "BoardPanelId": "3", "HoldingCircuitPressure": "2147483647", "NominalPlacePosition": {"Angle": "180000", "X": "100457", "Y": "171753"}, "ReferenceDesignator": "X605_CONN_8_STECK_RC", "Result": "0", "TimeStampSinceStationStarted": "1294160.786247", "VacuumAbsolute": "-809", "VacuumRelative": "97", "ZEndPosition": "40159000", "ZTargetPosition": "40152724"}, "ElectricalMeasurement": null, "Dip": null}, {"HeadSegmentId": "131585", "Measures": {"MeasureList": [{"CameraIndividualId": "1033", "MeasurementResult": "0", "PhiDeviation": "-1021041", "TimeStampSinceStationStarted": "1294160.466283", "VisionDumpPath": "C:\\Sirio\\Work\\SvDumpFiles\\PartCameraDumps\\JID_103384277_OID_438050001_SEG_2_BE-Bibliothek.A5E00189819_R1294150674.svdmp", "XDeviation": "108316", "YDeviation": "-48924"}]}, "Pick": {"ActualPickPosition": {"Angle": "0", "X": "15250", "Y": "-70500"}, "MeasuredComponentHeight": "0", "NominalPickPosition": {"Angle": "0", "X": "15027", "Y": "-70448"}, "PickupLocationId": "242", "Result": "0", "TimeStampSinceStationStarted": "1294154.020315", "VacuumAbsolute": "-840", "VacuumRelative": "-840", "ZEndPosition": "47415500", "ZTargetPosition": "47391048"}, "Place": {"ActualPlacePosition": {"Angle": "0", "X": "73569", "Y": "151033"}, "AirkissPressure": "76", "BoardPanelId": "3", "HoldingCircuitPressure": "2147483647", "NominalPlacePosition": {"Angle": "0", "X": "73580", "Y": "151030"}, "ReferenceDesignator": "T2200_EX120_TRAFO_SC", "Result": "0", "TimeStampSinceStationStarted": "1294160.953096", "VacuumAbsolute": "-840", "VacuumRelative": "99", "ZEndPosition": "41415000", "ZTargetPosition": "41375228"}, "ElectricalMeasurement": null, "Dip": null}, {"HeadSegmentId": "133124", "Measures": {"MeasureList": [{"CameraIndividualId": "4033", "MeasurementResult": "0", "PhiDeviation": "-1009269", "TimeStampSinceStationStarted": "1294161.387626", "VisionDumpPath": "C:\\Sirio\\Work\\SvDumpFiles\\PartCameraDumps\\JID_403367257_OID_438050002_SEG_2_BE-Bibliothek.A5E44859639_R1294157072.svdmp", "XDeviation": "6636", "YDeviation": "6028"}]}, "Pick": {"ActualPickPosition": {"Angle": "0", "X": "6000", "Y": "-49500"}, "MeasuredComponentHeight": "0", "NominalPickPosition": {"Angle": "0", "X": "5972", "Y": "-49470"}, "PickupLocationId": "280", "Result": "0", "TimeStampSinceStationStarted": "1294160.418576", "VacuumAbsolute": "-854", "VacuumRelative": "-854", "ZEndPosition": "46278500", "ZTargetPosition": "46275872"}, "Place": {"ActualPlacePosition": {"Angle": "180000", "X": "22583", "Y": "162628"}, "AirkissPressure": "75", "BoardPanelId": "3", "HoldingCircuitPressure": "2147483647", "NominalPlacePosition": {"Angle": "180000", "X": "22580", "Y": "162630"}, "ReferenceDesignator": "U1700_SOP_8/SOIC_8_O", "Result": "0", "TimeStampSinceStationStarted": "1294161.944775", "VacuumAbsolute": "-854", "VacuumRelative": "99", "ZEndPosition": "43825500", "ZTargetPosition": "43845890"}, "ElectricalMeasurement": null, "Dip": null}, {"HeadSegmentId": "67588", "Measures": {"MeasureList": [{"CameraIndividualId": "4033", "MeasurementResult": "0", "PhiDeviation": "76402", "TimeStampSinceStationStarted": "1294161.599704", "VisionDumpPath": "C:\\Sirio\\Work\\SvDumpFiles\\PartCameraDumps\\JID_403367258_OID_438050003_SEG_1_BE-Bibliothek.A5E45275537_R1294157392.svdmp", "XDeviation": "298011", "YDeviation": "1164"}]}, "Pick": {"ActualPickPosition": {"Angle": "0", "X": "17470", "Y": "-70910"}, "MeasuredComponentHeight": "0", "NominalPickPosition": {"Angle": "0", "X": "17534", "Y": "-70909"}, "PickupLocationId": "271", "Result": "0", "TimeStampSinceStationStarted": "1294160.736849", "VacuumAbsolute": "-804", "VacuumRelative": "-804", "ZEndPosition": "47184000", "ZTargetPosition": "46891538"}, "Place": {"ActualPlacePosition": {"Angle": "180000", "X": "51777", "Y": "74121"}, "AirkissPressure": "72", "BoardPanelId": "3", "HoldingCircuitPressure": "2147483647", "NominalPlacePosition": {"Angle": "180000", "X": "51775", "Y": "74120"}, "ReferenceDesignator": "X601_CONN_16_STECK_R", "Result": "0", "TimeStampSinceStationStarted": "1294162.266119", "VacuumAbsolute": "-828", "VacuumRelative": "93", "ZEndPosition": "39034000", "ZTargetPosition": "39047425"}, "ElectricalMeasurement": null, "Dip": null}, {"HeadSegmentId": "66049", "Measures": {"MeasureList": [{"CameraIndividualId": "1033", "MeasurementResult": "0", "PhiDeviation": "-475109", "TimeStampSinceStationStarted": "1294162.722558", "VisionDumpPath": "C:\\Sirio\\Work\\SvDumpFiles\\PartCameraDumps\\JID_103384278_OID_438050004_SEG_1_BE-Bibliothek.A5E01114436_R1294158220.svdmp", "XDeviation": "80763", "YDeviation": "53788"}]}, "Pick": {"ActualPickPosition": {"Angle": "180000", "X": "17950", "Y": "-70500"}, "MeasuredComponentHeight": "0", "NominalPickPosition": {"Angle": "180000", "X": "17955", "Y": "-70935"}, "PickupLocationId": "238", "Result": "0", "TimeStampSinceStationStarted": "1294161.565537", "VacuumAbsolute": "-777", "VacuumRelative": "-777", "ZEndPosition": "43491000", "ZTargetPosition": "43486561"}, "Place": {"ActualPlacePosition": {"Angle": "-180000", "X": "220952", "Y": "171756"}, "AirkissPressure": "75", "BoardPanelId": "2", "HoldingCircuitPressure": "2147483647", "NominalPlacePosition": {"Angle": "180000", "X": "220957", "Y": "171753"}, "ReferenceDesignator": "X605_CONN_8_STECK_RC", "Result": "0", "TimeStampSinceStationStarted": "1294163.10838", "VacuumAbsolute": "-807", "VacuumRelative": "97", "ZEndPosition": "40420000", "ZTargetPosition": "40408873"}, "ElectricalMeasurement": null, "Dip": null}, {"HeadSegmentId": "131585", "Measures": {"MeasureList": [{"CameraIndividualId": "1033", "MeasurementResult": "0", "PhiDeviation": "-266417", "TimeStampSinceStationStarted": "1294162.864211", "VisionDumpPath": "C:\\Sirio\\Work\\SvDumpFiles\\PartCameraDumps\\JID_103384279_OID_438050005_SEG_2_BE-Bibliothek.A5E00701727_R1294158514.svdmp", "XDeviation": "553", "YDeviation": "153998"}]}, "Pick": {"ActualPickPosition": {"Angle": "180000", "X": "15250", "Y": "-70500"}, "MeasuredComponentHeight": "0", "NominalPickPosition": {"Angle": "180000", "X": "15262", "Y": "-70318"}, "PickupLocationId": "240", "Result": "0", "TimeStampSinceStationStarted": "1294161.860306", "VacuumAbsolute": "-819", "VacuumRelative": "-819", "ZEndPosition": "47107000", "ZTargetPosition": "47072528"}, "Place": {"ActualPlacePosition": {"Angle": "0", "X": "88570", "Y": "151133"}, "AirkissPressure": "73", "BoardPanelId": "3", "HoldingCircuitPressure": "2147483647", "NominalPlacePosition": {"Angle": "0", "X": "88580", "Y": "151130"}, "ReferenceDesignator": "C2209_CAPA_2_22_KOND", "Result": "0", "TimeStampSinceStationStarted": "1294163.299512", "VacuumAbsolute": "-833", "VacuumRelative": "98", "ZEndPosition": "36879500", "ZTargetPosition": "36841241"}, "ElectricalMeasurement": null, "Dip": null}, {"HeadSegmentId": "133124", "Measures": {"MeasureList": [{"CameraIndividualId": "4033", "MeasurementResult": "0", "PhiDeviation": "49328", "TimeStampSinceStationStarted": "1294163.849569", "VisionDumpPath": "C:\\Sirio\\Work\\SvDumpFiles\\PartCameraDumps\\JID_403367259_OID_438050006_SEG_2_BE-Bibliothek.A5E44859639_R1294159573.svdmp", "XDeviation": "59985", "YDeviation": "-10427"}]}, "Pick": {"ActualPickPosition": {"Angle": "0", "X": "6000", "Y": "-49500"}, "MeasuredComponentHeight": "0", "NominalPickPosition": {"Angle": "0", "X": "5972", "Y": "-49469"}, "PickupLocationId": "280", "Result": "0", "TimeStampSinceStationStarted": "1294162.919067", "VacuumAbsolute": "-854", "VacuumRelative": "-854", "ZEndPosition": "46270000", "ZTargetPosition": "46276529"}, "Place": {"ActualPlacePosition": {"Angle": "180000", "X": "157479", "Y": "162628"}, "AirkissPressure": "77", "BoardPanelId": "2", "HoldingCircuitPressure": "2147483647", "NominalPlacePosition": {"Angle": "180000", "X": "157480", "Y": "162630"}, "ReferenceDesignator": "U1800_SOP_8/SOIC_8_O", "Result": "0", "TimeStampSinceStationStarted": "1294164.405551", "VacuumAbsolute": "-854", "VacuumRelative": "99", "ZEndPosition": "43694500", "ZTargetPosition": "43667093"}, "ElectricalMeasurement": null, "Dip": null}, {"HeadSegmentId": "67588", "Measures": {"MeasureList": [{"CameraIndividualId": "4033", "MeasurementResult": "0", "PhiDeviation": "-381697", "TimeStampSinceStationStarted": "1294164.061577", "VisionDumpPath": "C:\\Sirio\\Work\\SvDumpFiles\\PartCameraDumps\\JID_403367260_OID_438050007_SEG_1_BE-Bibliothek.A5E45275537_R1294159891.svdmp", "XDeviation": "612268", "YDeviation": "82621"}]}, "Pick": {"ActualPickPosition": {"Angle": "0", "X": "17470", "Y": "-70910"}, "MeasuredComponentHeight": "0", "NominalPickPosition": {"Angle": "0", "X": "17549", "Y": "-70909"}, "PickupLocationId": "271", "Result": "0", "TimeStampSinceStationStarted": "1294163.236691", "VacuumAbsolute": "-798", "VacuumRelative": "-798", "ZEndPosition": "47183000", "ZTargetPosition": "46964654"}, "Place": {"ActualPlacePosition": {"Angle": "180000", "X": "172274", "Y": "74121"}, "AirkissPressure": "73", "BoardPanelId": "2", "HoldingCircuitPressure": "2147483647", "NominalPlacePosition": {"Angle": "180000", "X": "172275", "Y": "74120"}, "ReferenceDesignator": "X601_CONN_16_STECK_R", "Result": "0", "TimeStampSinceStationStarted": "1294164.732666", "VacuumAbsolute": "-820", "VacuumRelative": "91", "ZEndPosition": "39186000", "ZTargetPosition": "39178918"}, "ElectricalMeasurement": null, "Dip": null}, {"HeadSegmentId": "66049", "Measures": {"MeasureList": [{"CameraIndividualId": "1033", "MeasurementResult": "0", "PhiDeviation": "118872", "TimeStampSinceStationStarted": "1294166.012357", "VisionDumpPath": "C:\\Sirio\\Work\\SvDumpFiles\\PartCameraDumps\\JID_103384280_OID_438050008_SEG_1_BE-Bibliothek.A5E00701727_R1294161936.svdmp", "XDeviation": "-53432", "YDeviation": "16546"}]}, "Pick": {"ActualPickPosition": {"Angle": "180000", "X": "15250", "Y": "-70500"}, "MeasuredComponentHeight": "0", "NominalPickPosition": {"Angle": "180000", "X": "15262", "Y": "-70325"}, "PickupLocationId": "240", "Result": "0", "TimeStampSinceStationStarted": "1294165.281791", "VacuumAbsolute": "-804", "VacuumRelative": "-804", "ZEndPosition": "47041500", "ZTargetPosition": "47044146"}, "Place": {"ActualPlacePosition": {"Angle": "0", "X": "209075", "Y": "151133"}, "AirkissPressure": "76", "BoardPanelId": "2", "HoldingCircuitPressure": "2147483647", "NominalPlacePosition": {"Angle": "0", "X": "209080", "Y": "151130"}, "ReferenceDesignator": "C2209_CAPA_2_22_KOND", "Result": "0", "TimeStampSinceStationStarted": "1294166.40236", "VacuumAbsolute": "-817", "VacuumRelative": "100", "ZEndPosition": "37059000", "ZTargetPosition": "37068288"}, "ElectricalMeasurement": null, "Dip": null}, {"HeadSegmentId": "131585", "Measures": {"MeasureList": [{"CameraIndividualId": "1033", "MeasurementResult": "0", "PhiDeviation": "274011", "TimeStampSinceStationStarted": "1294166.152084", "VisionDumpPath": "C:\\Sirio\\Work\\SvDumpFiles\\PartCameraDumps\\JID_103384281_OID_438050009_SEG_2_BE-Bibliothek.A5E00701727_R1294162206.svdmp", "XDeviation": "-124900", "YDeviation": "95686"}]}, "Pick": {"ActualPickPosition": {"Angle": "180000", "X": "15250", "Y": "-70500"}, "MeasuredComponentHeight": "0", "NominalPickPosition": {"Angle": "180000", "X": "15262", "Y": "-70325"}, "PickupLocationId": "240", "Result": "0", "TimeStampSinceStationStarted": "1294165.551746", "VacuumAbsolute": "-820", "VacuumRelative": "-820", "ZEndPosition": "47075500", "ZTargetPosition": "47081146"}, "Place": {"ActualPlacePosition": {"Angle": "0", "X": "102570", "Y": "151133"}, "AirkissPressure": "75", "BoardPanelId": "3", "HoldingCircuitPressure": "2147483647", "NominalPlacePosition": {"Angle": "0", "X": "102580", "Y": "151130"}, "ReferenceDesignator": "C2206_CAPA_2_22_KOND", "Result": "0", "TimeStampSinceStationStarted": "1294166.576223", "VacuumAbsolute": "-834", "VacuumRelative": "98", "ZEndPosition": "36799500", "ZTargetPosition": "36780370"}, "ElectricalMeasurement": null, "Dip": null}, {"HeadSegmentId": "133124", "Measures": {"MeasureList": [{"CameraIndividualId": "4033", "MeasurementResult": "0", "PhiDeviation": "-912335", "TimeStampSinceStationStarted": "1294166.590889", "VisionDumpPath": "C:\\Sirio\\Work\\SvDumpFiles\\PartCameraDumps\\JID_403367261_OID_438050010_SEG_2_BE-Bibliothek.A5E44859639_R1294162047.svdmp", "XDeviation": "-67346", "YDeviation": "16210"}]}, "Pick": {"ActualPickPosition": {"Angle": "0", "X": "6000", "Y": "-49500"}, "MeasuredComponentHeight": "0", "NominalPickPosition": {"Angle": "0", "X": "5975", "Y": "-49470"}, "PickupLocationId": "280", "Result": "0", "TimeStampSinceStationStarted": "1294165.392069", "VacuumAbsolute": "-854", "VacuumRelative": "-854", "ZEndPosition": "46281500", "ZTargetPosition": "46274897"}, "Place": {"ActualPlacePosition": {"Angle": "180000", "X": "34645", "Y": "25853"}, "AirkissPressure": "77", "BoardPanelId": "3", "HoldingCircuitPressure": "2147483647", "NominalPlacePosition": {"Angle": "180000", "X": "34643", "Y": "25851"}, "ReferenceDesignator": "U500_SOP_8/SOIC_8_OP", "Result": "0", "TimeStampSinceStationStarted": "1294167.418097", "VacuumAbsolute": "-854", "VacuumRelative": "99", "ZEndPosition": "43730500", "ZTargetPosition": "43731440"}, "ElectricalMeasurement": null, "Dip": null}, {"HeadSegmentId": "67588", "Measures": {"MeasureList": [{"CameraIndividualId": "4033", "MeasurementResult": "0", "PhiDeviation": "-95348", "TimeStampSinceStationStarted": "1294166.884514", "VisionDumpPath": "C:\\Sirio\\Work\\SvDumpFiles\\PartCameraDumps\\JID_403367262_OID_438050011_SEG_1_BE-Bibliothek.A5E30248076_R1294162319.svdmp", "XDeviation": "-811267", "YDeviation": "-821686"}]}, "Pick": {"ActualPickPosition": {"Angle": "180000", "X": "17020", "Y": "-69475"}, "MeasuredComponentHeight": "0", "NominalPickPosition": {"Angle": "180000", "X": "17020", "Y": "-69475"}, "PickupLocationId": "267", "Result": "0", "TimeStampSinceStationStarted": "1294165.664917", "VacuumAbsolute": "-825", "VacuumRelative": "-825", "ZEndPosition": "47281500", "ZTargetPosition": "47270747"}, "Place": {"ActualPlacePosition": {"Angle": "180000", "X": "103251", "Y": "30532"}, "AirkissPressure": "75", "BoardPanelId": "3", "HoldingCircuitPressure": "2147483647", "NominalPlacePosition": {"Angle": "180000", "X": "103250", "Y": "30530"}, "ReferenceDesignator": "X802_CONN_8_38_SONST", "Result": "0", "TimeStampSinceStationStarted": "1294167.68881", "VacuumAbsolute": "-825", "VacuumRelative": "92", "ZEndPosition": "33037500", "ZTargetPosition": "33027809"}, "ElectricalMeasurement": null, "Dip": null}, {"HeadSegmentId": "66049", "Measures": {"MeasureList": [{"CameraIndividualId": "1033", "MeasurementResult": "0", "PhiDeviation": "-1115157", "TimeStampSinceStationStarted": "1294169.05655", "VisionDumpPath": "C:\\Sirio\\Work\\SvDumpFiles\\PartCameraDumps\\JID_103384282_OID_438050013_SEG_1_BE-Bibliothek.A5E00701727_R1294164665.svdmp", "XDeviation": "123731", "YDeviation": "-138365"}]}, "Pick": {"ActualPickPosition": {"Angle": "180000", "X": "15250", "Y": "-70500"}, "MeasuredComponentHeight": "0", "NominalPickPosition": {"Angle": "180000", "X": "15271", "Y": "-70331"}, "PickupLocationId": "240", "Result": "0", "TimeStampSinceStationStarted": "1294168.010634", "VacuumAbsolute": "-804", "VacuumRelative": "-804", "ZEndPosition": "47040000", "ZTargetPosition": "47042238"}, "Place": {"ActualPlacePosition": {"Angle": "0", "X": "223075", "Y": "151133"}, "AirkissPressure": "71", "BoardPanelId": "2", "HoldingCircuitPressure": "2147483647", "NominalPlacePosition": {"Angle": "0", "X": "223080", "Y": "151130"}, "ReferenceDesignator": "C2206_CAPA_2_22_KOND", "Result": "0", "TimeStampSinceStationStarted": "1294169.693556", "VacuumAbsolute": "-818", "VacuumRelative": "100", "ZEndPosition": "37087000", "ZTargetPosition": "37110407"}, "ElectricalMeasurement": null, "Dip": null}, {"HeadSegmentId": "131585", "Measures": {"MeasureList": [{"CameraIndividualId": "1033", "MeasurementResult": "0", "PhiDeviation": "-301673", "TimeStampSinceStationStarted": "1294169.276889", "VisionDumpPath": "C:\\Sirio\\Work\\SvDumpFiles\\PartCameraDumps\\JID_103384283_OID_438050012_SEG_2_BE-Bibliothek.A5E02285215_R1294164943.svdmp", "XDeviation": "-78247", "YDeviation": "359489"}]}, "Pick": {"ActualPickPosition": {"Angle": "180000", "X": "23950", "Y": "-70500"}, "MeasuredComponentHeight": "0", "NominalPickPosition": {"Angle": "180000", "X": "23950", "Y": "-70500"}, "PickupLocationId": "241", "Result": "0", "TimeStampSinceStationStarted": "1294168.287873", "VacuumAbsolute": "-862", "VacuumRelative": "-862", "ZEndPosition": "48487500", "ZTargetPosition": "48416911"}, "Place": {"ActualPlacePosition": {"Angle": "-89999", "X": "18428", "Y": "22906"}, "AirkissPressure": "71", "BoardPanelId": "3", "HoldingCircuitPressure": "2147483647", "NominalPlacePosition": {"Angle": "-90000", "X": "18439", "Y": "22900"}, "ReferenceDesignator": "X501_CONN_DSUB_9_STE", "Result": "0", "TimeStampSinceStationStarted": "1294170.053614", "VacuumAbsolute": "-863", "VacuumRelative": "103", "ZEndPosition": "36323500", "ZTargetPosition": "36339603"}, "ElectricalMeasurement": null, "Dip": null}, {"HeadSegmentId": "133124", "Measures": {"MeasureList": [{"CameraIndividualId": "4033", "MeasurementResult": "0", "PhiDeviation": "1111398", "TimeStampSinceStationStarted": "1294169.717747", "VisionDumpPath": "C:\\Sirio\\Work\\SvDumpFiles\\PartCameraDumps\\JID_403367263_OID_438050014_SEG_2_BE-Bibliothek.A5E44859639_R1294165170.svdmp", "XDeviation": "-21611", "YDeviation": "30348"}]}, "Pick": {"ActualPickPosition": {"Angle": "0", "X": "6000", "Y": "-49500"}, "MeasuredComponentHeight": "0", "NominalPickPosition": {"Angle": "0", "X": "5972", "Y": "-49469"}, "PickupLocationId": "280", "Result": "0", "TimeStampSinceStationStarted": "1294168.515564", "VacuumAbsolute": "-853", "VacuumRelative": "-853", "ZEndPosition": "46272000", "ZTargetPosition": "46276548"}, "Place": {"ActualPlacePosition": {"Angle": "180000", "X": "155142", "Y": "25853"}, "AirkissPressure": "74", "BoardPanelId": "2", "HoldingCircuitPressure": "2147483647", "NominalPlacePosition": {"Angle": "180000", "X": "155143", "Y": "25851"}, "ReferenceDesignator": "U500_SOP_8/SOIC_8_OP", "Result": "0", "TimeStampSinceStationStarted": "1294170.684958", "VacuumAbsolute": "-854", "VacuumRelative": "99", "ZEndPosition": "43752000", "ZTargetPosition": "43738547"}, "ElectricalMeasurement": null, "Dip": null}, {"HeadSegmentId": "67588", "Measures": {"MeasureList": [{"CameraIndividualId": "4033", "MeasurementResult": "0", "PhiDeviation": "-163732", "TimeStampSinceStationStarted": "1294170.011312", "VisionDumpPath": "C:\\Sirio\\Work\\SvDumpFiles\\PartCameraDumps\\JID_403367264_OID_438050015_SEG_1_BE-Bibliothek.A5E30248076_R1294165426.svdmp", "XDeviation": "-694709", "YDeviation": "-883425"}]}, "Pick": {"ActualPickPosition": {"Angle": "180000", "X": "17020", "Y": "-69475"}, "MeasuredComponentHeight": "0", "NominalPickPosition": {"Angle": "180000", "X": "17020", "Y": "-69475"}, "PickupLocationId": "267", "Result": "0", "TimeStampSinceStationStarted": "1294168.771914", "VacuumAbsolute": "-808", "VacuumRelative": "-808", "ZEndPosition": "47270000", "ZTargetPosition": "47273435"}, "Place": {"ActualPlacePosition": {"Angle": "180000", "X": "223748", "Y": "30532"}, "AirkissPressure": "73", "BoardPanelId": "2", "HoldingCircuitPressure": "2147483647", "NominalPlacePosition": {"Angle": "180000", "X": "223750", "Y": "30530"}, "ReferenceDesignator": "X802_CONN_8_38_SONST", "Result": "0", "TimeStampSinceStationStarted": "1294170.954862", "VacuumAbsolute": "-808", "VacuumRelative": "88", "ZEndPosition": "33418500", "ZTargetPosition": "33412385"}, "ElectricalMeasurement": null, "Dip": null}, {"HeadSegmentId": "131585", "Measures": {"MeasureList": [{"CameraIndividualId": "1033", "MeasurementResult": "0", "PhiDeviation": "129841", "TimeStampSinceStationStarted": "1294171.944001", "VisionDumpPath": "C:\\Sirio\\Work\\SvDumpFiles\\PartCameraDumps\\JID_103384284_OID_438050016_SEG_2_BE-Bibliothek.A5E02285215_R1294167445.svdmp", "XDeviation": "-207304", "YDeviation": "341254"}]}, "Pick": {"ActualPickPosition": {"Angle": "180000", "X": "23950", "Y": "-70500"}, "MeasuredComponentHeight": "0", "NominalPickPosition": {"Angle": "180000", "X": "23950", "Y": "-70500"}, "PickupLocationId": "241", "Result": "0", "TimeStampSinceStationStarted": "1294170.791163", "VacuumAbsolute": "-862", "VacuumRelative": "-862", "ZEndPosition": "48430000", "ZTargetPosition": "48434558"}, "Place": {"ActualPlacePosition": {"Angle": "-89999", "X": "138933", "Y": "22906"}, "AirkissPressure": "73", "BoardPanelId": "2", "HoldingCircuitPressure": "2147483647", "NominalPlacePosition": {"Angle": "-90000", "X": "138939", "Y": "22900"}, "ReferenceDesignator": "X501_CONN_DSUB_9_STE", "Result": "0", "TimeStampSinceStationStarted": "1294172.604084", "VacuumAbsolute": "-863", "VacuumRelative": "103", "ZEndPosition": "36282500", "ZTargetPosition": "36316809"}, "ElectricalMeasurement": null, "Dip": null}, {"HeadSegmentId": "66049", "Measures": {"MeasureList": [{"CameraIndividualId": "1033", "MeasurementResult": "0", "PhiDeviation": "-1094022", "TimeStampSinceStationStarted": "1294172.241383", "VisionDumpPath": "C:\\Sirio\\Work\\SvDumpFiles\\PartCameraDumps\\JID_103384285_OID_438050017_SEG_1_BE-Bibliothek.A5E00189819_R1294167844.svdmp", "XDeviation": "208816", "YDeviation": "-116149"}]}, "Pick": {"ActualPickPosition": {"Angle": "0", "X": "15250", "Y": "-70500"}, "MeasuredComponentHeight": "0", "NominalPickPosition": {"Angle": "0", "X": "15033", "Y": "-70451"}, "PickupLocationId": "242", "Result": "0", "TimeStampSinceStationStarted": "1294171.189558", "VacuumAbsolute": "-805", "VacuumRelative": "-805", "ZEndPosition": "47396500", "ZTargetPosition": "47360161"}, "Place": {"ActualPlacePosition": {"Angle": "0", "X": "194074", "Y": "151033"}, "AirkissPressure": "74", "BoardPanelId": "2", "HoldingCircuitPressure": "2147483647", "NominalPlacePosition": {"Angle": "0", "X": "194080", "Y": "151030"}, "ReferenceDesignator": "T2200_EX120_TRAFO_SC", "Result": "0", "TimeStampSinceStationStarted": "1294172.955006", "VacuumAbsolute": "-806", "VacuumRelative": "97", "ZEndPosition": "41511000", "ZTargetPosition": "41511945"}, "ElectricalMeasurement": null, "Dip": null}, {"HeadSegmentId": "67588", "Measures": {"MeasureList": [{"CameraIndividualId": "4033", "MeasurementResult": "0", "PhiDeviation": "-320663", "TimeStampSinceStationStarted": "1294174.292284", "VisionDumpPath": "C:\\Sirio\\Work\\SvDumpFiles\\PartCameraDumps\\JID_403367265_OID_438050019_SEG_1_BE-Bibliothek.A5E51102635_R1294169825.svdmp", "XDeviation": "24820", "YDeviation": "26549"}]}, "Pick": {"ActualPickPosition": {"Angle": "0", "X": "15250", "Y": "-70500"}, "MeasuredComponentHeight": "0", "NominalPickPosition": {"Angle": "0", "X": "15126", "Y": "-70472"}, "PickupLocationId": "265", "Result": "0", "TimeStampSinceStationStarted": "1294173.170796", "VacuumAbsolute": "-824", "VacuumRelative": "-824", "ZEndPosition": "47222000", "ZTargetPosition": "47242362"}, "Place": {"ActualPlacePosition": {"Angle": "180000", "X": "69620", "Y": "48631"}, "AirkissPressure": "74", "BoardPanelId": "3", "HoldingCircuitPressure": "2147483647", "NominalPlacePosition": {"Angle": "180000", "X": "69619", "Y": "48630"}, "ReferenceDesignator": "D3_BGA_63_", "Result": "0", "TimeStampSinceStationStarted": "1294174.739648", "VacuumAbsolute": "-826", "VacuumRelative": "92", "ZEndPosition": "46275000", "ZTargetPosition": "46295041"}, "ElectricalMeasurement": null, "Dip": null}, {"HeadSegmentId": "133124", "Measures": {"MeasureList": [{"CameraIndividualId": "4033", "MeasurementResult": "0", "PhiDeviation": "-1498734", "TimeStampSinceStationStarted": "1294174.08032", "VisionDumpPath": "C:\\Sirio\\Work\\SvDumpFiles\\PartCameraDumps\\JID_403367266_OID_438050018_SEG_2_BE-Bibliothek.A5E44859639_R1294170217.svdmp", "XDeviation": "-107254", "YDeviation": "8384"}]}, "Pick": {"ActualPickPosition": {"Angle": "0", "X": "6000", "Y": "-49500"}, "MeasuredComponentHeight": "0", "NominalPickPosition": {"Angle": "0", "X": "5971", "Y": "-49468"}, "PickupLocationId": "280", "Result": "0", "TimeStampSinceStationStarted": "1294173.562572", "VacuumAbsolute": "-854", "VacuumRelative": "-854", "ZEndPosition": "46265000", "ZTargetPosition": "46275411"}, "Place": {"ActualPlacePosition": {"Angle": "180000", "X": "150279", "Y": "162628"}, "AirkissPressure": "72", "BoardPanelId": "2", "HoldingCircuitPressure": "2147483647", "NominalPlacePosition": {"Angle": "180000", "X": "150280", "Y": "162630"}, "ReferenceDesignator": "U1704_SOP_8/SOIC_8_O", "Result": "0", "TimeStampSinceStationStarted": "1294175.070147", "VacuumAbsolute": "-855", "VacuumRelative": "99", "ZEndPosition": "43677500", "ZTargetPosition": "43634728"}, "ElectricalMeasurement": null, "Dip": null}, {"HeadSegmentId": "133124", "Measures": {"MeasureList": [{"CameraIndividualId": "4033", "MeasurementResult": "0", "PhiDeviation": "-200301", "TimeStampSinceStationStarted": "1294176.621479", "VisionDumpPath": "C:\\Sirio\\Work\\SvDumpFiles\\PartCameraDumps\\JID_403367267_OID_438050020_SEG_2_BE-Bibliothek.A5E44859639_R1294172428.svdmp", "XDeviation": "-64585", "YDeviation": "-28945"}]}, "Pick": {"ActualPickPosition": {"Angle": "0", "X": "6000", "Y": "-49500"}, "MeasuredComponentHeight": "0", "NominalPickPosition": {"Angle": "0", "X": "5965", "Y": "-49467"}, "PickupLocationId": "280", "Result": "0", "TimeStampSinceStationStarted": "1294175.772979", "VacuumAbsolute": "-854", "VacuumRelative": "-854", "ZEndPosition": "46269500", "ZTargetPosition": "46272808"}, "Place": {"ActualPlacePosition": {"Angle": "180000", "X": "29782", "Y": "162628"}, "AirkissPressure": "74", "BoardPanelId": "3", "HoldingCircuitPressure": "2147483647", "NominalPlacePosition": {"Angle": "180000", "X": "29780", "Y": "162630"}, "ReferenceDesignator": "U1704_SOP_8/SOIC_8_O", "Result": "0", "TimeStampSinceStationStarted": "1294177.178529", "VacuumAbsolute": "-854", "VacuumRelative": "99", "ZEndPosition": "43808500", "ZTargetPosition": "43823421"}, "ElectricalMeasurement": null, "Dip": null}, {"HeadSegmentId": "67588", "Measures": {"MeasureList": [{"CameraIndividualId": "4033", "MeasurementResult": "0", "PhiDeviation": "-366165", "TimeStampSinceStationStarted": "1294176.833591", "VisionDumpPath": "C:\\Sirio\\Work\\SvDumpFiles\\PartCameraDumps\\JID_403367268_OID_438050021_SEG_1_BE-Bibliothek.A5E51102635_R1294172664.svdmp", "XDeviation": "-96479", "YDeviation": "-19721"}]}, "Pick": {"ActualPickPosition": {"Angle": "0", "X": "15250", "Y": "-70500"}, "MeasuredComponentHeight": "0", "NominalPickPosition": {"Angle": "0", "X": "15128", "Y": "-70470"}, "PickupLocationId": "265", "Result": "0", "TimeStampSinceStationStarted": "1294176.008982", "VacuumAbsolute": "-834", "VacuumRelative": "-834", "ZEndPosition": "47299500", "ZTargetPosition": "47237271"}, "Place": {"ActualPlacePosition": {"Angle": "180000", "X": "190117", "Y": "48631"}, "AirkissPressure": "73", "BoardPanelId": "2", "HoldingCircuitPressure": "2147483647", "NominalPlacePosition": {"Angle": "180000", "X": "190119", "Y": "48630"}, "ReferenceDesignator": "D3_BGA_63_", "Result": "0", "TimeStampSinceStationStarted": "1294177.564377", "VacuumAbsolute": "-835", "VacuumRelative": "95", "ZEndPosition": "46503000", "ZTargetPosition": "46468552"}, "ElectricalMeasurement": null, "Dip": null}, {"HeadSegmentId": "67588", "Measures": {"MeasureList": [{"CameraIndividualId": "4033", "MeasurementResult": "0", "PhiDeviation": "-324037", "TimeStampSinceStationStarted": "1294180.359317", "VisionDumpPath": "C:\\Sirio\\Work\\SvDumpFiles\\PartCameraDumps\\JID_403367269_OID_438050022_SEG_1_BE-Bibliothek.A5E44859639_R1294175981.svdmp", "XDeviation": "275131", "YDeviation": "80660"}]}, "Pick": {"ActualPickPosition": {"Angle": "0", "X": "6000", "Y": "-49500"}, "MeasuredComponentHeight": "0", "NominalPickPosition": {"Angle": "0", "X": "5962", "Y": "-49469"}, "PickupLocationId": "280", "Result": "0", "TimeStampSinceStationStarted": "1294179.32624", "VacuumAbsolute": "-840", "VacuumRelative": "-840", "ZEndPosition": "46259500", "ZTargetPosition": "46274981"}, "Place": {"ActualPlacePosition": {"Angle": "180000", "X": "143080", "Y": "162628"}, "AirkissPressure": "72", "BoardPanelId": "2", "HoldingCircuitPressure": "2147483647", "NominalPlacePosition": {"Angle": "180000", "X": "143080", "Y": "162630"}, "ReferenceDesignator": "U1700_SOP_8/SOIC_8_O", "Result": "0", "TimeStampSinceStationStarted": "1294180.774248", "VacuumAbsolute": "-841", "VacuumRelative": "96", "ZEndPosition": "43626500", "ZTargetPosition": "43592060"}, "ElectricalMeasurement": null, "Dip": null}, {"HeadSegmentId": "133124", "Measures": {"MeasureList": [{"CameraIndividualId": "4033", "MeasurementResult": "0", "PhiDeviation": "235027", "TimeStampSinceStationStarted": "1294180.129048", "VisionDumpPath": "C:\\Sirio\\Work\\SvDumpFiles\\PartCameraDumps\\JID_403367270_OID_438050023_SEG_2_BE-Bibliothek.A5E44859639_R1294176264.svdmp", "XDeviation": "-14070", "YDeviation": "11199"}]}, "Pick": {"ActualPickPosition": {"Angle": "0", "X": "6000", "Y": "-49500"}, "MeasuredComponentHeight": "0", "NominalPickPosition": {"Angle": "0", "X": "5962", "Y": "-49469"}, "PickupLocationId": "280", "Result": "0", "TimeStampSinceStationStarted": "1294179.610092", "VacuumAbsolute": "-853", "VacuumRelative": "-853", "ZEndPosition": "46276500", "ZTargetPosition": "46271981"}, "Place": {"ActualPlacePosition": {"Angle": "180000", "X": "36982", "Y": "162628"}, "AirkissPressure": "71", "BoardPanelId": "3", "HoldingCircuitPressure": "2147483647", "NominalPlacePosition": {"Angle": "180000", "X": "36980", "Y": "162630"}, "ReferenceDesignator": "U1800_SOP_8/SOIC_8_O", "Result": "0", "TimeStampSinceStationStarted": "1294181.075812", "VacuumAbsolute": "-854", "VacuumRelative": "99", "ZEndPosition": "43792500", "ZTargetPosition": "43808328"}, "ElectricalMeasurement": null, "Dip": null}]}, "HeadContext": {"HeadSegments": {"HeadSegment": [{"GantryId": "1", "Head": "1", "HeadName": "Twin Head 5xx", "Id": "66049", "NozzleTypeId": "581", "SegmentNumber": "1"}, {"GantryId": "4", "Head": "1", "HeadName": "Twin Head 5xx", "Id": "67588", "NozzleTypeId": "516", "SegmentNumber": "1"}, {"GantryId": "1", "Head": "1", "HeadName": "Twin Head 5xx", "Id": "131585", "NozzleTypeId": "517", "SegmentNumber": "2"}, {"GantryId": "4", "Head": "1", "HeadName": "Twin Head 5xx", "Id": "133124", "NozzleTypeId": "597", "SegmentNumber": "2"}]}}, "SetupContext": {"PickupLocations": {"PickupLocation": [{"Division": "1", "FeederId": "32FAUE900466", "FeederType": "288", "Id": "238", "Level": "0", "Location": "1", "StartTrackNumber": "7", "SubLocation": "1", "Tower": "0", "PackagingUid": "M05328016"}, {"Division": "1", "FeederId": "24KL-L205402", "FeederType": "280", "Id": "240", "Level": "0", "Location": "1", "StartTrackNumber": "14", "SubLocation": "1", "Tower": "0", "PackagingUid": "M05187760"}, {"Division": "1", "FeederId": "44KL-K305106", "FeederType": "300", "Id": "241", "Level": "0", "Location": "1", "StartTrackNumber": "17", "SubLocation": "1", "Tower": "0", "PackagingUid": "M04859550"}, {"Division": "1", "FeederId": "24KL-K305319", "FeederType": "280", "Id": "242", "Level": "0", "Location": "1", "StartTrackNumber": "22", "SubLocation": "1", "Tower": "0", "PackagingUid": "M04790496"}, {"Division": "1", "FeederId": "24FAUE900672", "FeederType": "280", "Id": "265", "Level": "0", "Location": "4", "StartTrackNumber": "1", "SubLocation": "1", "Tower": "0", "PackagingUid": "A00061487"}, {"Division": "1", "FeederId": "32FAUE000671", "FeederType": "288", "Id": "267", "Level": "0", "Location": "4", "StartTrackNumber": "16", "SubLocation": "1", "Tower": "0", "PackagingUid": "M05305950"}, {"Division": "1", "FeederId": "32FAUE900659", "FeederType": "288", "Id": "271", "Level": "0", "Location": "4", "StartTrackNumber": "28", "SubLocation": "1", "Tower": "0", "PackagingUid": "M05325464"}, {"Division": "1", "FeederId": "12KL-F105078", "FeederType": "268", "Id": "280", "Level": "0", "Location": "4", "StartTrackNumber": "14", "SubLocation": "1", "Tower": "0", "PackagingUid": "M05245907"}]}}}}, "ProductionEndedData": {"StationTime": "2021-11-30T10:01:10.1250000+08:00", "TimeStampSinceStationStarted": "1294181.357839"}}