{"name": "PDI_Line5_3874977227_20211130144847.txt", "Timestamp": "2021-11-30T14:48:38.8321694+08:00", "TxnID": "6a663969-586b-41e8-bcaf-efccbc813050", "Line": "SEWC-Lines\\Line5", "Machine": "Line5\\ST3_X3 S", "ProductionStartedData": [{"ConveyorLanePosition": "2", "ConveyorStopperPosition": "1", "Pcb": {"BarcodeReaderPosition": "0", "BoardSide": "1", "IndividualGUID": "fb15a4e6-ac36-4b19-a258-d7dd06305d8d", "LineJobGUID": "3f68c8d2-071f-4795-8aa5-1d45806eb923", "Path": "STAB\\A5E50302024lt02", "PcbIndividualID": "43392", "RecipePath": "Line5\\Smart_CPU_L5_702SAF\\A5E50302024lt02", "Barcode": "", "OrderNumber": null}, "ProcessingAreaPosition": "1", "SetupPath": "Line5\\Smart_CPU_L5_702SAF", "StationTime": "2021-11-30T14:46:14.5390000+08:00", "TimeStampSinceStationStarted": "1311285.687747"}], "BoardPositionsList": {"BoardPositions": [{"ActualPosition": {"Angle": "114", "X": "-475856", "Y": "16483", "Z": "-5000"}, "FiducialPositions": {"FiducialRecognitionResult": [{"ActualPosition": {"Angle": "90", "X": "194198", "Y": "12163", "Z": null}, "CameraIndividualId": "4034", "FiducialFunction": "0", "GantryId": "4", "MeasurementResult": "0", "NominalPosition": {"Angle": "0", "X": "194170", "Y": "11990", "Z": null}, "Path": "A5E50302024lt02/1/01/1", "StationTime": "2021-11-30T14:46:17.1630000+08:00", "TimeStampSinceStationStarted": "1311288.312514"}, {"ActualPosition": {"Angle": "75", "X": "4718", "Y": "184028", "Z": null}, "CameraIndividualId": "4034", "FiducialFunction": "0", "GantryId": "4", "MeasurementResult": "0", "NominalPosition": {"Angle": "0", "X": "5040", "Y": "184226", "Z": null}, "Path": "A5E50302024lt02/1/02/1", "StationTime": "2021-11-30T14:46:17.1630000+08:00", "TimeStampSinceStationStarted": "1311288.312514"}]}, "NominalPosition": {"Angle": "0", "X": "-475904", "Y": "16695", "Z": "-5000"}}]}, "ProgressDataList": {"ProductionProgressData": {"BoardContext": {"BoardPanels": {"BoardPanel": [{"Id": "2", "PanelPath": "A5E50302024lt02/A1"}]}}, "ComponentIndividuals": {"ComponentIndividual": [{"HeadSegmentId": "67588", "Measures": {"MeasureList": [{"CameraIndividualId": "4033", "MeasurementResult": "0", "PhiDeviation": "757308", "TimeStampSinceStationStarted": "1311288.866958", "VisionDumpPath": "C:\\Sirio\\Work\\SvDumpFiles\\PartCameraDumps\\JID_403369218_OID_433920000_SEG_1_BE-Bibliothek.A5E00277754_R1311282616.svdmp", "XDeviation": "-97926", "YDeviation": "-14150"}]}, "Pick": {"ActualPickPosition": {"Angle": "0", "X": "18028", "Y": "-70606"}, "MeasuredComponentHeight": "0", "NominalPickPosition": {"Angle": "0", "X": "17727", "Y": "-70447"}, "PickupLocationId": "272", "Result": "0", "TimeStampSinceStationStarted": "1311285.87815", "VacuumAbsolute": "-821", "VacuumRelative": "-821", "ZEndPosition": "47280000", "ZTargetPosition": "47290438"}, "Place": {"ActualPlacePosition": {"Angle": "180000", "X": "172153", "Y": "50423"}, "AirkissPressure": "72", "BoardPanelId": "2", "HoldingCircuitPressure": "2147483647", "NominalPlacePosition": {"Angle": "180000", "X": "172150", "Y": "50425"}, "ReferenceDesignator": "X101_EXSOP_14_STECK_", "Result": "0", "TimeStampSinceStationStarted": "1311289.161806", "VacuumAbsolute": "-841", "VacuumRelative": "96", "ZEndPosition": "38939000", "ZTargetPosition": "39004368"}, "ElectricalMeasurement": null, "Dip": null}, {"HeadSegmentId": "67588", "Measures": {"MeasureList": [{"CameraIndividualId": "4033", "MeasurementResult": "0", "PhiDeviation": "-358182", "TimeStampSinceStationStarted": "1311290.419225", "VisionDumpPath": "C:\\Sirio\\Work\\SvDumpFiles\\PartCameraDumps\\JID_403369219_OID_433920001_SEG_1_BE-Bibliothek.A5E50179091_R1311286719.svdmp", "XDeviation": "30789", "YDeviation": "25107"}]}, "Pick": {"ActualPickPosition": {"Angle": "0", "X": "15126", "Y": "-71150"}, "MeasuredComponentHeight": "0", "NominalPickPosition": {"Angle": "0", "X": "15191", "Y": "-71312"}, "PickupLocationId": "266", "Result": "0", "TimeStampSinceStationStarted": "1311289.98008", "VacuumAbsolute": "-776", "VacuumRelative": "-776", "ZEndPosition": "47620000", "ZTargetPosition": "47674946"}, "Place": {"ActualPlacePosition": {"Angle": "0", "X": "146302", "Y": "29328"}, "AirkissPressure": "78", "BoardPanelId": "2", "HoldingCircuitPressure": "2147483647", "NominalPlacePosition": {"Angle": "0", "X": "146300", "Y": "29330"}, "ReferenceDesignator": "D2_BGA_90_IC_DRAM_51", "Result": "0", "TimeStampSinceStationStarted": "1311290.722303", "VacuumAbsolute": "-834", "VacuumRelative": "94", "ZEndPosition": "46591500", "ZTargetPosition": "46646457"}, "ElectricalMeasurement": null, "Dip": null}]}, "HeadContext": {"HeadSegments": {"HeadSegment": [{"GantryId": "4", "Head": "1", "HeadName": "Twin Head 5xx", "Id": "67588", "NozzleTypeId": "516", "SegmentNumber": "1"}]}}, "SetupContext": {"PickupLocations": {"PickupLocation": [{"Division": "1", "FeederId": "24FAUE600590", "FeederType": "280", "Id": "266", "Level": "0", "Location": "4", "StartTrackNumber": "4", "SubLocation": "1", "Tower": "0", "PackagingUid": "A00055530"}, {"Division": "1", "FeederId": "32KL-K405124", "FeederType": "288", "Id": "272", "Level": "0", "Location": "4", "StartTrackNumber": "32", "SubLocation": "1", "Tower": "0", "PackagingUid": "M05323063"}]}}}}, "ProductionEndedData": {"StationTime": "2021-11-30T14:46:19.9400000+08:00", "TimeStampSinceStationStarted": "1311291.089543"}}